receipt_id,line_no,sku,product_name,category,unit_price,qty,line_total
RCPT-20260101-00001,1,P-0060,TP-Link AC750 Wi-Fi Range Extender,wi_fi_routers,59.00,1,59.00
RCPT-20260101-00001,2,P-0060,TP-Link AC750 Wi-Fi Range Extender,wi_fi_routers,59.00,1,59.00
RCPT-20260101-00002,1,P-0052,"Samsung Galaxy Tab A11+ 11"" 5G 128GB (Grey)",monitors,529.00,1,529.00
RCPT-20260101-00002,2,P-0048,"Samsung Galaxy Tab A11+ 11"" Wi-Fi 128GB (Grey)",monitors,379.00,1,379.00
RCPT-20260101-00002,3,P-0075,Samsung Portable T7 Shield SSD 4TB (Black),hard_drive,999.00,1,999.00
RCPT-20260101-00002,4,P-0010,"Dell DB16255 16"" WUXGA Copilot+ PC Laptop (Ryzen AI 5)[512GB]",laptops,1259.00,1,1259.00
RCPT-20260101-00003,1,P-0040,"AOC C27G4Z 27"" FHD 280Hz Curved Gaming Monitor",monitors,339.00,2,678.00
RCPT-20260101-00003,2,P-0009,"Dell 15 DC15250 15.6"" Full HD Laptop (Intel Core i5)[512GB]",laptops,1199.00,1,1199.00
RCPT-20260101-00003,3,P-0006,"HP OmniBook 5 NG AI PC 14-he0013QU 14"" WUXGA OLED Copilot+ PC Laptop (Snapdragon X1)[512GB/16GB]",laptops,1099.00,1,1099.00
RCPT-20260101-00004,1,P-0060,TP-Link AC750 Wi-Fi Range Extender,wi_fi_routers,59.00,1,59.00
RCPT-20260101-00004,2,P-0060,TP-Link AC750 Wi-Fi Range Extender,wi_fi_routers,59.00,2,118.00
RCPT-20260101-00005,1,P-0034,"Generation Earth 14.1"" Recycled Berlin Laptop Backpack (Black)",bags,79.00,1,79.00
RCPT-20260101-00006,1,P-0060,TP-Link AC750 Wi-Fi Range Extender,wi_fi_routers,59.00,4,236.00
RCPT-20260101-00007,1,P-0011,"Lenovo Ideapad 5 14"" WUXGA OLED 2-in-1 Laptop (Snapdragon X Plus)[1TB]",laptops,1274.00,1,1274.00
RCPT-20260101-00007,2,P-0063,Corsair VOID Wireless V2 Gaming Headset (Pink),gaming_headsets,199.00,1,199.00
RCPT-20260101-00007,3,P-0005,"Asus VivoBook 15.6"" Full HD Thin & Light Laptop (1TB)[Intel Core i5",laptops,959.00,2,1918.00
RCPT-20260101-00008,1,P-0045,"ASUS ROG Strix XG32UCWMG 32"" 4K 240Hz OLED Gaming Monitor",monitors,1999.00,1,1999.00
RCPT-20260101-00009,1,P-0034,"Generation Earth 14.1"" Recycled Berlin Laptop Backpack (Black)",bags,79.00,1,79.00
RCPT-20260101-00010,1,P-0042,"LG UltraGear 34G600A 34"" WQHD",monitors,699.00,1,699.00
RCPT-20260101-00010,2,P-0048,"Samsung Galaxy Tab A11+ 11"" Wi-Fi 128GB (Grey)",monitors,379.00,1,379.00
RCPT-20260101-00010,3,P-0009,"Dell 15 DC15250 15.6"" Full HD Laptop (Intel Core i5)[512GB]",laptops,1199.00,1,1199.00
RCPT-20260101-00011,1,P-0042,"LG UltraGear 34G600A 34"" WQHD",monitors,699.00,1,699.00
RCPT-20260101-00011,2,P-0074,Samsung Portable SSD T7 Shield 1TB (Black),hard_drive,369.00,1,369.00
RCPT-20260101-00011,3,P-0069,WD My Book 16TB External Hard Drive,hard_drive,679.00,2,1358.00
RCPT-20260102-00012,1,P-0042,"LG UltraGear 34G600A 34"" WQHD",monitors,699.00,1,699.00
RCPT-20260102-00012,2,P-0052,"Samsung Galaxy Tab A11+ 11"" 5G 128GB (Grey)",monitors,529.00,1,529.00
RCPT-20260102-00013,1,P-0022,"Asus TUF Gaming F16 16"" FHD+ 144Hz Gaming Laptop (Intel Core i7)[GeForce RTX 4050]",laptops,1919.00,1,1919.00
RCPT-20260102-00014,1,P-0060,TP-Link AC750 Wi-Fi Range Extender,wi_fi_routers,59.00,1,59.00
RCPT-20260102-00015,1,P-0058,ASUS DSL-AX82U AX5400 Wi-Fi 6 Modem Router,wi_fi_routers,449.00,1,449.00
RCPT-20260102-00015,2,P-0061,Logitech G Astro A20X PLAYSYNC Wireless Headset (Black),gaming_headsets,349.00,1,349.00
RCPT-20260102-00015,3,P-0060,TP-Link AC750 Wi-Fi Range Extender,wi_fi_routers,59.00,1,59.00
RCPT-20260102-00015,4,P-0036,"STM Tower View Folio 18"" Laptop Brief (Black)",bags,69.95,1,69.95
RCPT-20260102-00016,1,P-0072,Sandisk E30 Portable SSD Drive (1TB),hard_drive,169.00,1,169.00
RCPT-20260102-00016,2,P-0057,Starlink Standard Kit (Latest Generation),wi_fi_routers,549.00,2,1098.00
RCPT-20260102-00017,1,P-0036,"STM Tower View Folio 18"" Laptop Brief (Black)",bags,69.95,2,139.90
RCPT-20260102-00017,2,P-0001,"Dell 15 DC15255 15.6"" FHD 120Hz Laptop (Ryzen 3)[512GB]",laptops,629.00,1,629.00
RCPT-20260102-00017,3,P-0064,Logitech G325 LIGHTSPEED Wireless Gaming Headset (White),gaming_headsets,199.00,2,398.00
RCPT-20260102-00017,4,P-0005,"Asus VivoBook 15.6"" Full HD Thin & Light Laptop (1TB)[Intel Core i5",laptops,959.00,1,959.00
RCPT-20260102-00018,1,P-0060,TP-Link AC750 Wi-Fi Range Extender,wi_fi_routers,59.00,1,59.00
RCPT-20260102-00019,1,P-0020,"MSI Thin A15 15"" FHD 144Hz Gaming Laptop (Ryzen 5) [GeForce RTX 3050]",laptops,1799.00,1,1799.00
RCPT-20260102-00019,2,P-0018,"MSI Modern 15 H AI 15.6"" FHD 60Hz Laptop (Intel Core Ultra 7) [1TB]",laptops,1499.00,1,1499.00
RCPT-20260103-00020,1,P-0012,"ASUS Vivobook S16 16"" WQXGA Laptop (Copilot+ PC)[512GB]",laptops,1278.00,1,1278.00
RCPT-20260103-00020,2,P-0057,Starlink Standard Kit (Latest Generation),wi_fi_routers,549.00,1,549.00
RCPT-20260103-00020,3,P-0018,"MSI Modern 15 H AI 15.6"" FHD 60Hz Laptop (Intel Core Ultra 7) [1TB]",laptops,1499.00,1,1499.00
RCPT-20260103-00021,1,P-0043,"Lenovo Legion R34w-30 34"" WQHD 180Hz Curved Gaming Monitor",monitors,499.00,1,499.00
RCPT-20260103-00021,2,P-0008,"Lenovo IdeaPad 5 14"" 2K OLED 2-in-1 Laptop (Copilot+ PC)[512GB]",laptops,1124.00,1,1124.00
RCPT-20260103-00022,1,P-0058,ASUS DSL-AX82U AX5400 Wi-Fi 6 Modem Router,wi_fi_routers,449.00,1,449.00
RCPT-20260103-00022,2,P-0035,"Thule Gauntlet Macbook Pro Attache 14"" (Black)",bags,179.95,1,179.95
RCPT-20260103-00022,3,P-0049,"Lenovo Tab 10"" WUXGA 128GB Tablet with Clear Case",monitors,299.00,1,299.00
RCPT-20260103-00023,1,P-0034,"Generation Earth 14.1"" Recycled Berlin Laptop Backpack (Black)",bags,79.00,2,158.00
RCPT-20260103-00023,2,P-0034,"Generation Earth 14.1"" Recycled Berlin Laptop Backpack (Black)",bags,79.00,3,237.00
RCPT-20260103-00023,3,P-0064,Logitech G325 LIGHTSPEED Wireless Gaming Headset (White),gaming_headsets,199.00,2,398.00
RCPT-20260103-00023,4,P-0068,Canon TS7760 Pixma Home Printer,gaming_headsets,139.00,1,139.00
RCPT-20260103-00024,1,P-0036,"STM Tower View Folio 18"" Laptop Brief (Black)",bags,69.95,1,69.95
RCPT-20260103-00024,2,P-0034,"Generation Earth 14.1"" Recycled Berlin Laptop Backpack (Black)",bags,79.00,1,79.00
RCPT-20260103-00025,1,P-0036,"STM Tower View Folio 18"" Laptop Brief (Black)",bags,69.95,2,139.90
RCPT-20260103-00025,2,P-0074,Samsung Portable SSD T7 Shield 1TB (Black),hard_drive,369.00,2,738.00
RCPT-20260103-00025,3,P-0036,"STM Tower View Folio 18"" Laptop Brief (Black)",bags,69.95,1,69.95
RCPT-20260103-00025,4,P-0041,"LG UltraGear 24G411A 24"" FHD 144Hz Gaming Monitor",monitors,189.00,1,189.00
RCPT-20260103-00026,1,P-0006,"HP OmniBook 5 NG AI PC 14-he0013QU 14"" WUXGA OLED Copilot+ PC Laptop (Snapdragon X1)[512GB/16GB]",laptops,1099.00,1,1099.00
RCPT-20260103-00026,2,P-0001,"Dell 15 DC15255 15.6"" FHD 120Hz Laptop (Ryzen 3)[512GB]",laptops,629.00,1,629.00
RCPT-20260103-00026,3,P-0068,Canon TS7760 Pixma Home Printer,gaming_headsets,139.00,1,139.00
RCPT-20260103-00026,4,P-0063,Corsair VOID Wireless V2 Gaming Headset (Pink),gaming_headsets,199.00,2,398.00
RCPT-20260103-00027,1,P-0035,"Thule Gauntlet Macbook Pro Attache 14"" (Black)",bags,179.95,1,179.95
RCPT-20260103-00027,2,P-0041,"LG UltraGear 24G411A 24"" FHD 144Hz Gaming Monitor",monitors,189.00,1,189.00
RCPT-20260103-00027,3,P-0043,"Lenovo Legion R34w-30 34"" WQHD 180Hz Curved Gaming Monitor",monitors,499.00,1,499.00
RCPT-20260103-00027,4,P-0037,"Lenovo Legion GB800 17"" Laptop Backpack (Black)",bags,199.00,1,199.00
RCPT-20260103-00028,1,P-0060,TP-Link AC750 Wi-Fi Range Extender,wi_fi_routers,59.00,1,59.00
RCPT-20260103-00028,2,P-0036,"STM Tower View Folio 18"" Laptop Brief (Black)",bags,69.95,1,69.95
RCPT-20260104-00029,1,P-0006,"HP OmniBook 5 NG AI PC 14-he0013QU 14"" WUXGA OLED Copilot+ PC Laptop (Snapdragon X1)[512GB/16GB]",laptops,1099.00,1,1099.00
RCPT-20260104-00029,2,P-0076,SanDisk® Creator Phone SSD with Magsafe 2TB,hard_drive,399.00,1,399.00
RCPT-20260104-00030,1,P-0010,"Dell DB16255 16"" WUXGA Copilot+ PC Laptop (Ryzen AI 5)[512GB]",laptops,1259.00,1,1259.00
RCPT-20260104-00030,2,P-0064,Logitech G325 LIGHTSPEED Wireless Gaming Headset (White),gaming_headsets,199.00,1,199.00
RCPT-20260104-00030,3,P-0025,"Asus TUF F16 16"" FHD+ 165Hz Gaming Laptop (Intel Core i7)[GeForce RTX 5060]",laptops,2899.00,1,2899.00
RCPT-20260104-00030,4,P-0055,ASUS RT-AX54HP V2 AX1800 Wi-Fi 6 Router,wi_fi_routers,179.00,1,179.00
RCPT-20260104-00031,1,P-0060,TP-Link AC750 Wi-Fi Range Extender,wi_fi_routers,59.00,1,59.00
RCPT-20260104-00032,1,P-0066,AceZone A-Blaze Hybrid ANC Bluetooth Wireless PC Gaming Headset Black,gaming_headsets,356.15,1,356.15
RCPT-20260104-00032,2,P-0072,Sandisk E30 Portable SSD Drive (1TB),hard_drive,169.00,1,169.00
RCPT-20260104-00032,3,P-0021,"HP Victus 15-fa2364TX 15.6"" Full HD Gaming Laptop (Intel Core i7)[GeForce RTX 4050]",laptops,1899.00,1,1899.00
RCPT-20260104-00032,4,P-0066,AceZone A-Blaze Hybrid ANC Bluetooth Wireless PC Gaming Headset Black,gaming_headsets,356.15,1,356.15
RCPT-20260104-00033,1,P-0048,"Samsung Galaxy Tab A11+ 11"" Wi-Fi 128GB (Grey)",monitors,379.00,1,379.00
RCPT-20260104-00033,2,P-0058,ASUS DSL-AX82U AX5400 Wi-Fi 6 Modem Router,wi_fi_routers,449.00,1,449.00
RCPT-20260104-00034,1,P-0036,"STM Tower View Folio 18"" Laptop Brief (Black)",bags,69.95,1,69.95
RCPT-20260104-00034,2,P-0034,"Generation Earth 14.1"" Recycled Berlin Laptop Backpack (Black)",bags,79.00,3,237.00
RCPT-20260104-00035,1,P-0073,Samsung T7 Portable SSD Drive [1TB](Titan Gray),hard_drive,329.00,1,329.00
RCPT-20260104-00035,2,P-0071,Seagate Expansion Desktop 16TB Hard Drive,hard_drive,499.00,1,499.00
RCPT-20260104-00036,1,P-0004,"HP Laptop 15-fc0474AU 15.6"" FHD laptop (Ryzen 7)[512GB]",laptops,899.00,2,1798.00
RCPT-20260104-00036,2,P-0054,TP-Link AX3000 Gigabit Wi-Fi 6 Router,wi_fi_routers,159.00,1,159.00
RCPT-20260104-00036,3,P-0002,"HP Laptop 15-fc0433AU 15.6"" FHD Laptop (Ryzen 5)[512GB]",laptops,649.00,1,649.00
RCPT-20260104-00037,1,P-0036,"STM Tower View Folio 18"" Laptop Brief (Black)",bags,69.95,3,209.85
RCPT-20260105-00038,1,P-0060,TP-Link AC750 Wi-Fi Range Extender,wi_fi_routers,59.00,1,59.00
RCPT-20260105-00038,2,P-0034,"Generation Earth 14.1"" Recycled Berlin Laptop Backpack (Black)",bags,79.00,2,158.00
RCPT-20260105-00039,1,P-0011,"Lenovo Ideapad 5 14"" WUXGA OLED 2-in-1 Laptop (Snapdragon X Plus)[1TB]",laptops,1274.00,1,1274.00
RCPT-20260105-00039,2,P-0066,AceZone A-Blaze Hybrid ANC Bluetooth Wireless PC Gaming Headset Black,gaming_headsets,356.15,1,356.15
RCPT-20260105-00040,1,P-0060,TP-Link AC750 Wi-Fi Range Extender,wi_fi_routers,59.00,1,59.00
RCPT-20260105-00040,2,P-0037,"Lenovo Legion GB800 17"" Laptop Backpack (Black)",bags,199.00,1,199.00
RCPT-20260105-00040,3,P-0058,ASUS DSL-AX82U AX5400 Wi-Fi 6 Modem Router,wi_fi_routers,449.00,1,449.00
RCPT-20260105-00040,4,P-0016,"Lenovo Yoga Slim 7i Aura Edition 14"" 2.8K OLED Laptop (Intel Core Ultra 5)[1TB]",laptops,1499.00,1,1499.00
RCPT-20260105-00041,1,P-0036,"STM Tower View Folio 18"" Laptop Brief (Black)",bags,69.95,1,69.95
RCPT-20260105-00041,2,P-0060,TP-Link AC750 Wi-Fi Range Extender,wi_fi_routers,59.00,1,59.00
RCPT-20260105-00042,1,P-0060,TP-Link AC750 Wi-Fi Range Extender,wi_fi_routers,59.00,1,59.00
RCPT-20260105-00043,1,P-0060,TP-Link AC750 Wi-Fi Range Extender,wi_fi_routers,59.00,1,59.00
RCPT-20260105-00043,2,P-0036,"STM Tower View Folio 18"" Laptop Brief (Black)",bags,69.95,1,69.95
RCPT-20260105-00044,1,P-0043,"Lenovo Legion R34w-30 34"" WQHD 180Hz Curved Gaming Monitor",monitors,499.00,1,499.00
RCPT-20260105-00044,2,P-0064,Logitech G325 LIGHTSPEED Wireless Gaming Headset (White),gaming_headsets,199.00,1,199.00
RCPT-20260105-00044,3,P-0052,"Samsung Galaxy Tab A11+ 11"" 5G 128GB (Grey)",monitors,529.00,1,529.00
RCPT-20260105-00045,1,P-0055,ASUS RT-AX54HP V2 AX1800 Wi-Fi 6 Router,wi_fi_routers,179.00,1,179.00
RCPT-20260105-00045,2,P-0059,TP-Link AX3000 Mesh Wi-Fi 6 Range Extender,wi_fi_routers,149.00,1,149.00
RCPT-20260105-00045,3,P-0055,ASUS RT-AX54HP V2 AX1800 Wi-Fi 6 Router,wi_fi_routers,179.00,2,358.00
RCPT-20260105-00045,4,P-0063,Corsair VOID Wireless V2 Gaming Headset (Pink),gaming_headsets,199.00,1,199.00
RCPT-20260105-00046,1,P-0036,"STM Tower View Folio 18"" Laptop Brief (Black)",bags,69.95,4,279.80
RCPT-20260105-00047,1,P-0060,TP-Link AC750 Wi-Fi Range Extender,wi_fi_routers,59.00,1,59.00
RCPT-20260105-00047,2,P-0034,"Generation Earth 14.1"" Recycled Berlin Laptop Backpack (Black)",bags,79.00,1,79.00
RCPT-20260105-00048,1,P-0036,"STM Tower View Folio 18"" Laptop Brief (Black)",bags,69.95,1,69.95
RCPT-20260105-00048,2,P-0034,"Generation Earth 14.1"" Recycled Berlin Laptop Backpack (Black)",bags,79.00,1,79.00
RCPT-20260106-00049,1,P-0073,Samsung T7 Portable SSD Drive [1TB](Titan Gray),hard_drive,329.00,1,329.00
RCPT-20260106-00049,2,P-0050,Apple iPad 11-inch A16 128GB Wi-Fi (Blue),monitors,499.00,1,499.00
RCPT-20260106-00050,1,P-0046,"LG 31.5"" QHD 100Hz IPS Super Slim Stand Monitor with USB-C",monitors,389.00,1,389.00
RCPT-20260106-00050,2,P-0054,TP-Link AX3000 Gigabit Wi-Fi 6 Router,wi_fi_routers,159.00,1,159.00
RCPT-20260106-00050,3,P-0046,"LG 31.5"" QHD 100Hz IPS Super Slim Stand Monitor with USB-C",monitors,389.00,1,389.00
RCPT-20260106-00051,1,P-0060,TP-Link AC750 Wi-Fi Range Extender,wi_fi_routers,59.00,2,118.00
RCPT-20260106-00052,1,P-0069,WD My Book 16TB External Hard Drive,hard_drive,679.00,1,679.00
RCPT-20260106-00052,2,P-0004,"HP Laptop 15-fc0474AU 15.6"" FHD laptop (Ryzen 7)[512GB]",laptops,899.00,1,899.00
RCPT-20260106-00053,1,P-0060,TP-Link AC750 Wi-Fi Range Extender,wi_fi_routers,59.00,4,236.00
RCPT-20260106-00053,2,P-0074,Samsung Portable SSD T7 Shield 1TB (Black),hard_drive,369.00,1,369.00
RCPT-20260106-00053,3,P-0038,"Blaupunkt BP27GM240 27"" FHD 240Hz Curved Gaming Monitor",monitors,399.00,1,399.00
RCPT-20260106-00054,1,P-0036,"STM Tower View Folio 18"" Laptop Brief (Black)",bags,69.95,1,69.95
RCPT-20260106-00054,2,P-0023,"Apple MacBook Pro 14-inch with M4 Chip, 1TB/24GB (Silver)[2024]",laptops,2887.00,1,2887.00
RCPT-20260106-00054,3,P-0066,AceZone A-Blaze Hybrid ANC Bluetooth Wireless PC Gaming Headset Black,gaming_headsets,356.15,1,356.15
RCPT-20260106-00054,4,P-0062,RIG R5 SPEAR PRO HS Gaming Headset (Black),gaming_headsets,179.00,2,358.00
RCPT-20260106-00055,1,P-0034,"Generation Earth 14.1"" Recycled Berlin Laptop Backpack (Black)",bags,79.00,3,237.00
RCPT-20260106-00056,1,P-0036,"STM Tower View Folio 18"" Laptop Brief (Black)",bags,69.95,2,139.90
RCPT-20260106-00057,1,P-0036,"STM Tower View Folio 18"" Laptop Brief (Black)",bags,69.95,1,69.95
RCPT-20260106-00057,2,P-0060,TP-Link AC750 Wi-Fi Range Extender,wi_fi_routers,59.00,1,59.00
RCPT-20260106-00058,1,P-0038,"Blaupunkt BP27GM240 27"" FHD 240Hz Curved Gaming Monitor",monitors,399.00,1,399.00
RCPT-20260106-00058,2,P-0040,"AOC C27G4Z 27"" FHD 280Hz Curved Gaming Monitor",monitors,339.00,1,339.00
RCPT-20260106-00059,1,P-0036,"STM Tower View Folio 18"" Laptop Brief (Black)",bags,69.95,1,69.95
RCPT-20260106-00059,2,P-0060,TP-Link AC750 Wi-Fi Range Extender,wi_fi_routers,59.00,1,59.00
RCPT-20260107-00060,1,P-0060,TP-Link AC750 Wi-Fi Range Extender,wi_fi_routers,59.00,1,59.00
RCPT-20260107-00060,2,P-0060,TP-Link AC750 Wi-Fi Range Extender,wi_fi_routers,59.00,1,59.00
RCPT-20260107-00061,1,P-0042,"LG UltraGear 34G600A 34"" WQHD",monitors,699.00,1,699.00
RCPT-20260107-00061,2,P-0015,"Dell DB16255 16"" WUXGA Copilot+ PC Laptop (Ryzen AI 7)[1TB]",laptops,1399.00,1,1399.00
RCPT-20260107-00061,3,P-0071,Seagate Expansion Desktop 16TB Hard Drive,hard_drive,499.00,1,499.00
RCPT-20260107-00062,1,P-0045,"ASUS ROG Strix XG32UCWMG 32"" 4K 240Hz OLED Gaming Monitor",monitors,1999.00,1,1999.00
RCPT-20260107-00062,2,P-0013,"HP Envy x360 14-fc0189TU 14"" WUXGA 2-in-1 Laptop (Intel Core Ultra 5)[512GB]",laptops,1299.00,1,1299.00
RCPT-20260107-00062,3,P-0062,RIG R5 SPEAR PRO HS Gaming Headset (Black),gaming_headsets,179.00,1,179.00
RCPT-20260107-00062,4,P-0064,Logitech G325 LIGHTSPEED Wireless Gaming Headset (White),gaming_headsets,199.00,1,199.00
RCPT-20260107-00063,1,P-0060,TP-Link AC750 Wi-Fi Range Extender,wi_fi_routers,59.00,1,59.00
RCPT-20260107-00063,2,P-0036,"STM Tower View Folio 18"" Laptop Brief (Black)",bags,69.95,4,279.80
RCPT-20260107-00064,1,P-0036,"STM Tower View Folio 18"" Laptop Brief (Black)",bags,69.95,4,279.80
RCPT-20260107-00065,1,P-0008,"Lenovo IdeaPad 5 14"" 2K OLED 2-in-1 Laptop (Copilot+ PC)[512GB]",laptops,1124.00,1,1124.00
RCPT-20260107-00065,2,P-0038,"Blaupunkt BP27GM240 27"" FHD 240Hz Curved Gaming Monitor",monitors,399.00,1,399.00
RCPT-20260107-00065,3,P-0016,"Lenovo Yoga Slim 7i Aura Edition 14"" 2.8K OLED Laptop (Intel Core Ultra 5)[1TB]",laptops,1499.00,1,1499.00
RCPT-20260107-00066,1,P-0048,"Samsung Galaxy Tab A11+ 11"" Wi-Fi 128GB (Grey)",monitors,379.00,1,379.00
RCPT-20260107-00066,2,P-0043,"Lenovo Legion R34w-30 34"" WQHD 180Hz Curved Gaming Monitor",monitors,499.00,1,499.00
RCPT-20260107-00067,1,P-0060,TP-Link AC750 Wi-Fi Range Extender,wi_fi_routers,59.00,1,59.00
RCPT-20260107-00068,1,P-0036,"STM Tower View Folio 18"" Laptop Brief (Black)",bags,69.95,3,209.85
RCPT-20260107-00069,1,P-0041,"LG UltraGear 24G411A 24"" FHD 144Hz Gaming Monitor",monitors,189.00,1,189.00
RCPT-20260107-00069,2,P-0057,Starlink Standard Kit (Latest Generation),wi_fi_routers,549.00,1,549.00
RCPT-20260107-00069,3,P-0013,"HP Envy x360 14-fc0189TU 14"" WUXGA 2-in-1 Laptop (Intel Core Ultra 5)[512GB]",laptops,1299.00,1,1299.00
RCPT-20260107-00069,4,P-0056,Netgear Nighthawk® Wi-Fi 6 AX1800 Router RAX9,wi_fi_routers,149.00,1,149.00
RCPT-20260107-00070,1,P-0036,"STM Tower View Folio 18"" Laptop Brief (Black)",bags,69.95,3,209.85
RCPT-20260107-00070,2,P-0063,Corsair VOID Wireless V2 Gaming Headset (Pink),gaming_headsets,199.00,1,199.00
RCPT-20260107-00070,3,P-0041,"LG UltraGear 24G411A 24"" FHD 144Hz Gaming Monitor",monitors,189.00,1,189.00
RCPT-20260107-00070,4,P-0061,Logitech G Astro A20X PLAYSYNC Wireless Headset (Black),gaming_headsets,349.00,1,349.00
RCPT-20260107-00071,1,P-0047,"AOC 16T20 15.6"" FHD USB-C Portable Monitor",monitors,179.00,1,179.00
RCPT-20260107-00071,2,P-0063,Corsair VOID Wireless V2 Gaming Headset (Pink),gaming_headsets,199.00,2,398.00
RCPT-20260107-00071,3,P-0076,SanDisk® Creator Phone SSD with Magsafe 2TB,hard_drive,399.00,1,399.00
RCPT-20260108-00072,1,P-0030,"Apple MacBook Pro 14-inch with M4 Pro Chip, 1TB/24GB (Space Black)[2024]",laptops,3899.00,1,3899.00
RCPT-20260108-00072,2,P-0066,AceZone A-Blaze Hybrid ANC Bluetooth Wireless PC Gaming Headset Black,gaming_headsets,356.15,1,356.15
RCPT-20260108-00073,1,P-0003,"Lenovo IdeaPad S3i 15.6"" FHD Laptop (Intel Core i3)[512GB]",laptops,699.00,2,1398.00
RCPT-20260108-00074,1,P-0069,WD My Book 16TB External Hard Drive,hard_drive,679.00,1,679.00
RCPT-20260108-00074,2,P-0043,"Lenovo Legion R34w-30 34"" WQHD 180Hz Curved Gaming Monitor",monitors,499.00,1,499.00
RCPT-20260108-00075,1,P-0013,"HP Envy x360 14-fc0189TU 14"" WUXGA 2-in-1 Laptop (Intel Core Ultra 5)[512GB]",laptops,1299.00,1,1299.00
RCPT-20260108-00075,2,P-0053,Apple iPad Air 13-inch M3 128GB Wi-Fi (Space Grey),monitors,1347.00,1,1347.00
RCPT-20260108-00075,3,P-0051,"Samsung Galaxy Tab S10 FE+ 13.1"" Wi-Fi 128GB (Grey)",monitors,1099.00,1,1099.00
RCPT-20260108-00076,1,P-0060,TP-Link AC750 Wi-Fi Range Extender,wi_fi_routers,59.00,2,118.00
RCPT-20260108-00077,1,P-0034,"Generation Earth 14.1"" Recycled Berlin Laptop Backpack (Black)",bags,79.00,1,79.00
RCPT-20260108-00077,2,P-0034,"Generation Earth 14.1"" Recycled Berlin Laptop Backpack (Black)",bags,79.00,1,79.00
RCPT-20260108-00078,1,P-0054,TP-Link AX3000 Gigabit Wi-Fi 6 Router,wi_fi_routers,159.00,1,159.00
RCPT-20260108-00079,1,P-0003,"Lenovo IdeaPad S3i 15.6"" FHD Laptop (Intel Core i3)[512GB]",laptops,699.00,1,699.00
RCPT-20260108-00079,2,P-0073,Samsung T7 Portable SSD Drive [1TB](Titan Gray),hard_drive,329.00,1,329.00
RCPT-20260109-00080,1,P-0019,"Lenovo IdeaPad Slim 3i 15.3"" 2K Laptop (Intel Core i7)[1TB]",laptops,1599.00,1,1599.00
RCPT-20260109-00081,1,P-0060,TP-Link AC750 Wi-Fi Range Extender,wi_fi_routers,59.00,1,59.00
RCPT-20260109-00081,2,P-0057,Starlink Standard Kit (Latest Generation),wi_fi_routers,549.00,1,549.00
RCPT-20260109-00081,3,P-0015,"Dell DB16255 16"" WUXGA Copilot+ PC Laptop (Ryzen AI 7)[1TB]",laptops,1399.00,1,1399.00
RCPT-20260109-00081,4,P-0076,SanDisk® Creator Phone SSD with Magsafe 2TB,hard_drive,399.00,1,399.00
RCPT-20260109-00082,1,P-0036,"STM Tower View Folio 18"" Laptop Brief (Black)",bags,69.95,1,69.95
RCPT-20260109-00082,2,P-0060,TP-Link AC750 Wi-Fi Range Extender,wi_fi_routers,59.00,1,59.00
RCPT-20260109-00083,1,P-0009,"Dell 15 DC15250 15.6"" Full HD Laptop (Intel Core i5)[512GB]",laptops,1199.00,1,1199.00
RCPT-20260109-00083,2,P-0065,HyperX Cloud Flight 2 Wire,gaming_headsets,219.00,2,438.00
RCPT-20260109-00084,1,P-0047,"AOC 16T20 15.6"" FHD USB-C Portable Monitor",monitors,179.00,1,179.00
RCPT-20260109-00084,2,P-0066,AceZone A-Blaze Hybrid ANC Bluetooth Wireless PC Gaming Headset Black,gaming_headsets,356.15,1,356.15
RCPT-20260109-00084,3,P-0064,Logitech G325 LIGHTSPEED Wireless Gaming Headset (White),gaming_headsets,199.00,1,199.00
RCPT-20260109-00084,4,P-0014,"Microsoft Surface Pro Copilot+ PC 12"" Snapdragon X Plus 8 core/16GB/512GB (Violet)",laptops,1399.00,1,1399.00
RCPT-20260109-00085,1,P-0066,AceZone A-Blaze Hybrid ANC Bluetooth Wireless PC Gaming Headset Black,gaming_headsets,356.15,1,356.15
RCPT-20260109-00085,2,P-0064,Logitech G325 LIGHTSPEED Wireless Gaming Headset (White),gaming_headsets,199.00,1,199.00
RCPT-20260109-00085,3,P-0063,Corsair VOID Wireless V2 Gaming Headset (Pink),gaming_headsets,199.00,1,199.00
RCPT-20260109-00085,4,P-0070,Seagate Expansion Desktop 26TB Hard Drive,hard_drive,749.00,1,749.00
RCPT-20260109-00086,1,P-0060,TP-Link AC750 Wi-Fi Range Extender,wi_fi_routers,59.00,1,59.00
RCPT-20260109-00086,2,P-0034,"Generation Earth 14.1"" Recycled Berlin Laptop Backpack (Black)",bags,79.00,2,158.00
RCPT-20260109-00087,1,P-0053,Apple iPad Air 13-inch M3 128GB Wi-Fi (Space Grey),monitors,1347.00,1,1347.00
RCPT-20260109-00087,2,P-0066,AceZone A-Blaze Hybrid ANC Bluetooth Wireless PC Gaming Headset Black,gaming_headsets,356.15,1,356.15
RCPT-20260109-00088,1,P-0073,Samsung T7 Portable SSD Drive [1TB](Titan Gray),hard_drive,329.00,1,329.00
RCPT-20260109-00088,2,P-0055,ASUS RT-AX54HP V2 AX1800 Wi-Fi 6 Router,wi_fi_routers,179.00,1,179.00
RCPT-20260109-00088,3,P-0072,Sandisk E30 Portable SSD Drive (1TB),hard_drive,169.00,1,169.00
RCPT-20260109-00088,4,P-0065,HyperX Cloud Flight 2 Wire,gaming_headsets,219.00,1,219.00
RCPT-20260109-00089,1,P-0034,"Generation Earth 14.1"" Recycled Berlin Laptop Backpack (Black)",bags,79.00,3,237.00
RCPT-20260110-00090,1,P-0057,Starlink Standard Kit (Latest Generation),wi_fi_routers,549.00,1,549.00
RCPT-20260110-00090,2,P-0035,"Thule Gauntlet Macbook Pro Attache 14"" (Black)",bags,179.95,1,179.95
RCPT-20260110-00090,3,P-0067,Epson WorkForce Pro WF-3825 Multifunction Printer,gaming_headsets,169.00,2,338.00
RCPT-20260110-00091,1,P-0060,TP-Link AC750 Wi-Fi Range Extender,wi_fi_routers,59.00,3,177.00
RCPT-20260110-00092,1,P-0040,"AOC C27G4Z 27"" FHD 280Hz Curved Gaming Monitor",monitors,339.00,1,339.00
RCPT-20260110-00092,2,P-0011,"Lenovo Ideapad 5 14"" WUXGA OLED 2-in-1 Laptop (Snapdragon X Plus)[1TB]",laptops,1274.00,1,1274.00
RCPT-20260110-00092,3,P-0005,"Asus VivoBook 15.6"" Full HD Thin & Light Laptop (1TB)[Intel Core i5",laptops,959.00,1,959.00
RCPT-20260110-00093,1,P-0060,TP-Link AC750 Wi-Fi Range Extender,wi_fi_routers,59.00,1,59.00
RCPT-20260110-00094,1,P-0058,ASUS DSL-AX82U AX5400 Wi-Fi 6 Modem Router,wi_fi_routers,449.00,1,449.00
RCPT-20260110-00094,2,P-0067,Epson WorkForce Pro WF-3825 Multifunction Printer,gaming_headsets,169.00,1,169.00
RCPT-20260110-00094,3,P-0068,Canon TS7760 Pixma Home Printer,gaming_headsets,139.00,1,139.00
RCPT-20260110-00094,4,P-0056,Netgear Nighthawk® Wi-Fi 6 AX1800 Router RAX9,wi_fi_routers,149.00,1,149.00
RCPT-20260110-00095,1,P-0052,"Samsung Galaxy Tab A11+ 11"" 5G 128GB (Grey)",monitors,529.00,1,529.00
RCPT-20260110-00095,2,P-0038,"Blaupunkt BP27GM240 27"" FHD 240Hz Curved Gaming Monitor",monitors,399.00,1,399.00
RCPT-20260110-00096,1,P-0034,"Generation Earth 14.1"" Recycled Berlin Laptop Backpack (Black)",bags,79.00,3,237.00
RCPT-20260110-00097,1,P-0021,"HP Victus 15-fa2364TX 15.6"" Full HD Gaming Laptop (Intel Core i7)[GeForce RTX 4050]",laptops,1899.00,1,1899.00
RCPT-20260110-00097,2,P-0052,"Samsung Galaxy Tab A11+ 11"" 5G 128GB (Grey)",monitors,529.00,1,529.00
RCPT-20260110-00097,3,P-0042,"LG UltraGear 34G600A 34"" WQHD",monitors,699.00,1,699.00
RCPT-20260110-00097,4,P-0049,"Lenovo Tab 10"" WUXGA 128GB Tablet with Clear Case",monitors,299.00,1,299.00
RCPT-20260111-00098,1,P-0064,Logitech G325 LIGHTSPEED Wireless Gaming Headset (White),gaming_headsets,199.00,1,199.00
RCPT-20260111-00098,2,P-0062,RIG R5 SPEAR PRO HS Gaming Headset (Black),gaming_headsets,179.00,1,179.00
RCPT-20260111-00098,3,P-0048,"Samsung Galaxy Tab A11+ 11"" Wi-Fi 128GB (Grey)",monitors,379.00,1,379.00
RCPT-20260111-00098,4,P-0070,Seagate Expansion Desktop 26TB Hard Drive,hard_drive,749.00,1,749.00
RCPT-20260111-00099,1,P-0036,"STM Tower View Folio 18"" Laptop Brief (Black)",bags,69.95,4,279.80
RCPT-20260111-00100,1,P-0034,"Generation Earth 14.1"" Recycled Berlin Laptop Backpack (Black)",bags,79.00,1,79.00
RCPT-20260111-00100,2,P-0034,"Generation Earth 14.1"" Recycled Berlin Laptop Backpack (Black)",bags,79.00,1,79.00
RCPT-20260111-00101,1,P-0042,"LG UltraGear 34G600A 34"" WQHD",monitors,699.00,1,699.00
RCPT-20260111-00101,2,P-0046,"LG 31.5"" QHD 100Hz IPS Super Slim Stand Monitor with USB-C",monitors,389.00,1,389.00
RCPT-20260111-00102,1,P-0065,HyperX Cloud Flight 2 Wire,gaming_headsets,219.00,2,438.00
RCPT-20260111-00102,2,P-0048,"Samsung Galaxy Tab A11+ 11"" Wi-Fi 128GB (Grey)",monitors,379.00,1,379.00
RCPT-20260111-00103,1,P-0035,"Thule Gauntlet Macbook Pro Attache 14"" (Black)",bags,179.95,1,179.95
RCPT-20260111-00103,2,P-0055,ASUS RT-AX54HP V2 AX1800 Wi-Fi 6 Router,wi_fi_routers,179.00,1,179.00
RCPT-20260111-00103,3,P-0063,Corsair VOID Wireless V2 Gaming Headset (Pink),gaming_headsets,199.00,2,398.00
RCPT-20260111-00103,4,P-0073,Samsung T7 Portable SSD Drive [1TB](Titan Gray),hard_drive,329.00,1,329.00
RCPT-20260111-00104,1,P-0060,TP-Link AC750 Wi-Fi Range Extender,wi_fi_routers,59.00,2,118.00
RCPT-20260111-00105,1,P-0060,TP-Link AC750 Wi-Fi Range Extender,wi_fi_routers,59.00,2,118.00
RCPT-20260111-00106,1,P-0002,"HP Laptop 15-fc0433AU 15.6"" FHD Laptop (Ryzen 5)[512GB]",laptops,649.00,1,649.00
RCPT-20260111-00106,2,P-0043,"Lenovo Legion R34w-30 34"" WQHD 180Hz Curved Gaming Monitor",monitors,499.00,1,499.00
RCPT-20260112-00107,1,P-0008,"Lenovo IdeaPad 5 14"" 2K OLED 2-in-1 Laptop (Copilot+ PC)[512GB]",laptops,1124.00,1,1124.00
RCPT-20260112-00107,2,P-0059,TP-Link AX3000 Mesh Wi-Fi 6 Range Extender,wi_fi_routers,149.00,1,149.00
RCPT-20260112-00107,3,P-0002,"HP Laptop 15-fc0433AU 15.6"" FHD Laptop (Ryzen 5)[512GB]",laptops,649.00,1,649.00
RCPT-20260112-00108,1,P-0060,TP-Link AC750 Wi-Fi Range Extender,wi_fi_routers,59.00,1,59.00
RCPT-20260112-00108,2,P-0060,TP-Link AC750 Wi-Fi Range Extender,wi_fi_routers,59.00,2,118.00
RCPT-20260112-00109,1,P-0064,Logitech G325 LIGHTSPEED Wireless Gaming Headset (White),gaming_headsets,199.00,1,199.00
RCPT-20260112-00109,2,P-0007,"Dell Inspiron 14 7440 14"" WQXGA 2-in-1 Laptop (Intel Core i5)[512GB/16GB]",laptops,1199.00,1,1199.00
RCPT-20260112-00110,1,P-0018,"MSI Modern 15 H AI 15.6"" FHD 60Hz Laptop (Intel Core Ultra 7) [1TB]",laptops,1499.00,1,1499.00
RCPT-20260112-00110,2,P-0009,"Dell 15 DC15250 15.6"" Full HD Laptop (Intel Core i5)[512GB]",laptops,1199.00,1,1199.00
RCPT-20260112-00111,1,P-0072,Sandisk E30 Portable SSD Drive (1TB),hard_drive,169.00,1,169.00
RCPT-20260112-00111,2,P-0036,"STM Tower View Folio 18"" Laptop Brief (Black)",bags,69.95,1,69.95
RCPT-20260112-00111,3,P-0069,WD My Book 16TB External Hard Drive,hard_drive,679.00,1,679.00
RCPT-20260112-00111,4,P-0072,Sandisk E30 Portable SSD Drive (1TB),hard_drive,169.00,1,169.00
RCPT-20260112-00112,1,P-0060,TP-Link AC750 Wi-Fi Range Extender,wi_fi_routers,59.00,1,59.00
RCPT-20260112-00112,2,P-0060,TP-Link AC750 Wi-Fi Range Extender,wi_fi_routers,59.00,1,59.00
RCPT-20260112-00113,1,P-0060,TP-Link AC750 Wi-Fi Range Extender,wi_fi_routers,59.00,1,59.00
RCPT-20260112-00114,1,P-0034,"Generation Earth 14.1"" Recycled Berlin Laptop Backpack (Black)",bags,79.00,1,79.00
RCPT-20260112-00114,2,P-0060,TP-Link AC750 Wi-Fi Range Extender,wi_fi_routers,59.00,1,59.00
RCPT-20260112-00115,1,P-0036,"STM Tower View Folio 18"" Laptop Brief (Black)",bags,69.95,1,69.95
RCPT-20260112-00115,2,P-0060,TP-Link AC750 Wi-Fi Range Extender,wi_fi_routers,59.00,1,59.00
RCPT-20260112-00116,1,P-0034,"Generation Earth 14.1"" Recycled Berlin Laptop Backpack (Black)",bags,79.00,2,158.00
RCPT-20260113-00117,1,P-0036,"STM Tower View Folio 18"" Laptop Brief (Black)",bags,69.95,1,69.95
RCPT-20260113-00117,2,P-0034,"Generation Earth 14.1"" Recycled Berlin Laptop Backpack (Black)",bags,79.00,3,237.00
RCPT-20260113-00118,1,P-0054,TP-Link AX3000 Gigabit Wi-Fi 6 Router,wi_fi_routers,159.00,1,159.00
RCPT-20260113-00118,2,P-0047,"AOC 16T20 15.6"" FHD USB-C Portable Monitor",monitors,179.00,1,179.00
RCPT-20260113-00118,3,P-0072,Sandisk E30 Portable SSD Drive (1TB),hard_drive,169.00,1,169.00
RCPT-20260113-00118,4,P-0048,"Samsung Galaxy Tab A11+ 11"" Wi-Fi 128GB (Grey)",monitors,379.00,1,379.00
RCPT-20260113-00119,1,P-0054,TP-Link AX3000 Gigabit Wi-Fi 6 Router,wi_fi_routers,159.00,1,159.00
RCPT-20260113-00119,2,P-0068,Canon TS7760 Pixma Home Printer,gaming_headsets,139.00,1,139.00
RCPT-20260113-00119,3,P-0064,Logitech G325 LIGHTSPEED Wireless Gaming Headset (White),gaming_headsets,199.00,1,199.00
RCPT-20260113-00119,4,P-0037,"Lenovo Legion GB800 17"" Laptop Backpack (Black)",bags,199.00,1,199.00
RCPT-20260113-00120,1,P-0053,Apple iPad Air 13-inch M3 128GB Wi-Fi (Space Grey),monitors,1347.00,1,1347.00
RCPT-20260113-00120,2,P-0004,"HP Laptop 15-fc0474AU 15.6"" FHD laptop (Ryzen 7)[512GB]",laptops,899.00,1,899.00
RCPT-20260113-00121,1,P-0038,"Blaupunkt BP27GM240 27"" FHD 240Hz Curved Gaming Monitor",monitors,399.00,1,399.00
RCPT-20260113-00121,2,P-0035,"Thule Gauntlet Macbook Pro Attache 14"" (Black)",bags,179.95,1,179.95
RCPT-20260113-00121,3,P-0073,Samsung T7 Portable SSD Drive [1TB](Titan Gray),hard_drive,329.00,1,329.00
RCPT-20260113-00121,4,P-0043,"Lenovo Legion R34w-30 34"" WQHD 180Hz Curved Gaming Monitor",monitors,499.00,1,499.00
RCPT-20260113-00122,1,P-0055,ASUS RT-AX54HP V2 AX1800 Wi-Fi 6 Router,wi_fi_routers,179.00,1,179.00
RCPT-20260113-00122,2,P-0057,Starlink Standard Kit (Latest Generation),wi_fi_routers,549.00,1,549.00
RCPT-20260113-00122,3,P-0002,"HP Laptop 15-fc0433AU 15.6"" FHD Laptop (Ryzen 5)[512GB]",laptops,649.00,1,649.00
RCPT-20260113-00122,4,P-0069,WD My Book 16TB External Hard Drive,hard_drive,679.00,1,679.00
RCPT-20260113-00123,1,P-0052,"Samsung Galaxy Tab A11+ 11"" 5G 128GB (Grey)",monitors,529.00,1,529.00
RCPT-20260113-00123,2,P-0057,Starlink Standard Kit (Latest Generation),wi_fi_routers,549.00,1,549.00
RCPT-20260113-00124,1,P-0040,"AOC C27G4Z 27"" FHD 280Hz Curved Gaming Monitor",monitors,339.00,1,339.00
RCPT-20260113-00124,2,P-0058,ASUS DSL-AX82U AX5400 Wi-Fi 6 Modem Router,wi_fi_routers,449.00,1,449.00
RCPT-20260114-00125,1,P-0060,TP-Link AC750 Wi-Fi Range Extender,wi_fi_routers,59.00,1,59.00
RCPT-20260114-00126,1,P-0060,TP-Link AC750 Wi-Fi Range Extender,wi_fi_routers,59.00,1,59.00
RCPT-20260114-00126,2,P-0036,"STM Tower View Folio 18"" Laptop Brief (Black)",bags,69.95,1,69.95
RCPT-20260114-00127,1,P-0060,TP-Link AC750 Wi-Fi Range Extender,wi_fi_routers,59.00,1,59.00
RCPT-20260114-00127,2,P-0036,"STM Tower View Folio 18"" Laptop Brief (Black)",bags,69.95,1,69.95
RCPT-20260114-00128,1,P-0060,TP-Link AC750 Wi-Fi Range Extender,wi_fi_routers,59.00,1,59.00
RCPT-20260114-00129,1,P-0048,"Samsung Galaxy Tab A11+ 11"" Wi-Fi 128GB (Grey)",monitors,379.00,1,379.00
RCPT-20260114-00130,1,P-0060,TP-Link AC750 Wi-Fi Range Extender,wi_fi_routers,59.00,4,236.00
RCPT-20260114-00131,1,P-0036,"STM Tower View Folio 18"" Laptop Brief (Black)",bags,69.95,1,69.95
RCPT-20260114-00131,2,P-0060,TP-Link AC750 Wi-Fi Range Extender,wi_fi_routers,59.00,4,236.00
RCPT-20260114-00132,1,P-0076,SanDisk® Creator Phone SSD with Magsafe 2TB,hard_drive,399.00,1,399.00
RCPT-20260114-00132,2,P-0068,Canon TS7760 Pixma Home Printer,gaming_headsets,139.00,1,139.00
RCPT-20260114-00132,3,P-0050,Apple iPad 11-inch A16 128GB Wi-Fi (Blue),monitors,499.00,1,499.00
RCPT-20260115-00133,1,P-0003,"Lenovo IdeaPad S3i 15.6"" FHD Laptop (Intel Core i3)[512GB]",laptops,699.00,1,699.00
RCPT-20260115-00133,2,P-0059,TP-Link AX3000 Mesh Wi-Fi 6 Range Extender,wi_fi_routers,149.00,1,149.00
RCPT-20260115-00133,3,P-0027,"MSI Prestige A16 AI+ 16"" UHD+ OLED Laptop (Ryzen 9) [1TB]",laptops,3099.00,1,3099.00
RCPT-20260115-00133,4,P-0058,ASUS DSL-AX82U AX5400 Wi-Fi 6 Modem Router,wi_fi_routers,449.00,1,449.00
RCPT-20260115-00134,1,P-0064,Logitech G325 LIGHTSPEED Wireless Gaming Headset (White),gaming_headsets,199.00,1,199.00
RCPT-20260115-00134,2,P-0057,Starlink Standard Kit (Latest Generation),wi_fi_routers,549.00,2,1098.00
RCPT-20260115-00135,1,P-0060,TP-Link AC750 Wi-Fi Range Extender,wi_fi_routers,59.00,1,59.00
RCPT-20260115-00135,2,P-0036,"STM Tower View Folio 18"" Laptop Brief (Black)",bags,69.95,4,279.80
RCPT-20260115-00136,1,P-0060,TP-Link AC750 Wi-Fi Range Extender,wi_fi_routers,59.00,3,177.00
RCPT-20260115-00137,1,P-0070,Seagate Expansion Desktop 26TB Hard Drive,hard_drive,749.00,1,749.00
RCPT-20260115-00137,2,P-0063,Corsair VOID Wireless V2 Gaming Headset (Pink),gaming_headsets,199.00,1,199.00
RCPT-20260115-00137,3,P-0009,"Dell 15 DC15250 15.6"" Full HD Laptop (Intel Core i5)[512GB]",laptops,1199.00,1,1199.00
RCPT-20260115-00138,1,P-0060,TP-Link AC750 Wi-Fi Range Extender,wi_fi_routers,59.00,1,59.00
RCPT-20260115-00139,1,P-0019,"Lenovo IdeaPad Slim 3i 15.3"" 2K Laptop (Intel Core i7)[1TB]",laptops,1599.00,1,1599.00
RCPT-20260115-00140,1,P-0003,"Lenovo IdeaPad S3i 15.6"" FHD Laptop (Intel Core i3)[512GB]",laptops,699.00,2,1398.00
RCPT-20260115-00141,1,P-0036,"STM Tower View Folio 18"" Laptop Brief (Black)",bags,69.95,2,139.90
RCPT-20260115-00142,1,P-0076,SanDisk® Creator Phone SSD with Magsafe 2TB,hard_drive,399.00,1,399.00
RCPT-20260115-00142,2,P-0013,"HP Envy x360 14-fc0189TU 14"" WUXGA 2-in-1 Laptop (Intel Core Ultra 5)[512GB]",laptops,1299.00,1,1299.00
RCPT-20260115-00142,3,P-0068,Canon TS7760 Pixma Home Printer,gaming_headsets,139.00,1,139.00
RCPT-20260115-00142,4,P-0011,"Lenovo Ideapad 5 14"" WUXGA OLED 2-in-1 Laptop (Snapdragon X Plus)[1TB]",laptops,1274.00,1,1274.00
RCPT-20260115-00143,1,P-0042,"LG UltraGear 34G600A 34"" WQHD",monitors,699.00,1,699.00
RCPT-20260115-00143,2,P-0063,Corsair VOID Wireless V2 Gaming Headset (Pink),gaming_headsets,199.00,1,199.00
RCPT-20260116-00144,1,P-0036,"STM Tower View Folio 18"" Laptop Brief (Black)",bags,69.95,3,209.85
RCPT-20260116-00145,1,P-0060,TP-Link AC750 Wi-Fi Range Extender,wi_fi_routers,59.00,4,236.00
RCPT-20260116-00146,1,P-0073,Samsung T7 Portable SSD Drive [1TB](Titan Gray),hard_drive,329.00,1,329.00
RCPT-20260116-00146,2,P-0076,SanDisk® Creator Phone SSD with Magsafe 2TB,hard_drive,399.00,2,798.00
RCPT-20260116-00147,1,P-0060,TP-Link AC750 Wi-Fi Range Extender,wi_fi_routers,59.00,4,236.00
RCPT-20260116-00148,1,P-0075,Samsung Portable T7 Shield SSD 4TB (Black),hard_drive,999.00,1,999.00
RCPT-20260116-00148,2,P-0004,"HP Laptop 15-fc0474AU 15.6"" FHD laptop (Ryzen 7)[512GB]",laptops,899.00,1,899.00
RCPT-20260116-00149,1,P-0060,TP-Link AC750 Wi-Fi Range Extender,wi_fi_routers,59.00,1,59.00
RCPT-20260116-00149,2,P-0034,"Generation Earth 14.1"" Recycled Berlin Laptop Backpack (Black)",bags,79.00,1,79.00
RCPT-20260116-00150,1,P-0060,TP-Link AC750 Wi-Fi Range Extender,wi_fi_routers,59.00,4,236.00
RCPT-20260116-00151,1,P-0012,"ASUS Vivobook S16 16"" WQXGA Laptop (Copilot+ PC)[512GB]",laptops,1278.00,1,1278.00
RCPT-20260116-00151,2,P-0062,RIG R5 SPEAR PRO HS Gaming Headset (Black),gaming_headsets,179.00,1,179.00
RCPT-20260116-00152,1,P-0052,"Samsung Galaxy Tab A11+ 11"" 5G 128GB (Grey)",monitors,529.00,1,529.00
RCPT-20260116-00152,2,P-0039,"LG UltraGear 27G411A 27"" FHD 144Hz Gaming Monitor",monitors,229.00,1,229.00
RCPT-20260116-00152,3,P-0049,"Lenovo Tab 10"" WUXGA 128GB Tablet with Clear Case",monitors,299.00,1,299.00
RCPT-20260116-00152,4,P-0037,"Lenovo Legion GB800 17"" Laptop Backpack (Black)",bags,199.00,2,398.00
RCPT-20260116-00153,1,P-0034,"Generation Earth 14.1"" Recycled Berlin Laptop Backpack (Black)",bags,79.00,1,79.00
RCPT-20260117-00154,1,P-0071,Seagate Expansion Desktop 16TB Hard Drive,hard_drive,499.00,1,499.00
RCPT-20260117-00154,2,P-0058,ASUS DSL-AX82U AX5400 Wi-Fi 6 Modem Router,wi_fi_routers,449.00,1,449.00
RCPT-20260117-00155,1,P-0066,AceZone A-Blaze Hybrid ANC Bluetooth Wireless PC Gaming Headset Black,gaming_headsets,356.15,1,356.15
RCPT-20260117-00155,2,P-0060,TP-Link AC750 Wi-Fi Range Extender,wi_fi_routers,59.00,4,236.00
RCPT-20260117-00155,3,P-0062,RIG R5 SPEAR PRO HS Gaming Headset (Black),gaming_headsets,179.00,1,179.00
RCPT-20260117-00156,1,P-0019,"Lenovo IdeaPad Slim 3i 15.3"" 2K Laptop (Intel Core i7)[1TB]",laptops,1599.00,1,1599.00
RCPT-20260117-00156,2,P-0068,Canon TS7760 Pixma Home Printer,gaming_headsets,139.00,1,139.00
RCPT-20260117-00156,3,P-0004,"HP Laptop 15-fc0474AU 15.6"" FHD laptop (Ryzen 7)[512GB]",laptops,899.00,1,899.00
RCPT-20260117-00157,1,P-0036,"STM Tower View Folio 18"" Laptop Brief (Black)",bags,69.95,2,139.90
RCPT-20260117-00158,1,P-0060,TP-Link AC750 Wi-Fi Range Extender,wi_fi_routers,59.00,1,59.00
RCPT-20260117-00158,2,P-0048,"Samsung Galaxy Tab A11+ 11"" Wi-Fi 128GB (Grey)",monitors,379.00,1,379.00
RCPT-20260117-00158,3,P-0048,"Samsung Galaxy Tab A11+ 11"" Wi-Fi 128GB (Grey)",monitors,379.00,1,379.00
RCPT-20260117-00158,4,P-0001,"Dell 15 DC15255 15.6"" FHD 120Hz Laptop (Ryzen 3)[512GB]",laptops,629.00,1,629.00
RCPT-20260117-00159,1,P-0036,"STM Tower View Folio 18"" Laptop Brief (Black)",bags,69.95,3,209.85
RCPT-20260117-00160,1,P-0065,HyperX Cloud Flight 2 Wire,gaming_headsets,219.00,1,219.00
RCPT-20260117-00160,2,P-0014,"Microsoft Surface Pro Copilot+ PC 12"" Snapdragon X Plus 8 core/16GB/512GB (Violet)",laptops,1399.00,1,1399.00
RCPT-20260117-00161,1,P-0060,TP-Link AC750 Wi-Fi Range Extender,wi_fi_routers,59.00,3,177.00
RCPT-20260117-00162,1,P-0060,TP-Link AC750 Wi-Fi Range Extender,wi_fi_routers,59.00,1,59.00
RCPT-20260117-00162,2,P-0036,"STM Tower View Folio 18"" Laptop Brief (Black)",bags,69.95,1,69.95
RCPT-20260118-00163,1,P-0001,"Dell 15 DC15255 15.6"" FHD 120Hz Laptop (Ryzen 3)[512GB]",laptops,629.00,1,629.00
RCPT-20260118-00163,2,P-0009,"Dell 15 DC15250 15.6"" Full HD Laptop (Intel Core i5)[512GB]",laptops,1199.00,1,1199.00
RCPT-20260118-00164,1,P-0055,ASUS RT-AX54HP V2 AX1800 Wi-Fi 6 Router,wi_fi_routers,179.00,1,179.00
RCPT-20260118-00164,2,P-0001,"Dell 15 DC15255 15.6"" FHD 120Hz Laptop (Ryzen 3)[512GB]",laptops,629.00,1,629.00
RCPT-20260118-00164,3,P-0074,Samsung Portable SSD T7 Shield 1TB (Black),hard_drive,369.00,1,369.00
RCPT-20260118-00164,4,P-0043,"Lenovo Legion R34w-30 34"" WQHD 180Hz Curved Gaming Monitor",monitors,499.00,1,499.00
RCPT-20260118-00165,1,P-0036,"STM Tower View Folio 18"" Laptop Brief (Black)",bags,69.95,3,209.85
RCPT-20260118-00166,1,P-0058,ASUS DSL-AX82U AX5400 Wi-Fi 6 Modem Router,wi_fi_routers,449.00,2,898.00
RCPT-20260118-00166,2,P-0069,WD My Book 16TB External Hard Drive,hard_drive,679.00,1,679.00
RCPT-20260118-00167,1,P-0075,Samsung Portable T7 Shield SSD 4TB (Black),hard_drive,999.00,1,999.00
RCPT-20260118-00167,2,P-0048,"Samsung Galaxy Tab A11+ 11"" Wi-Fi 128GB (Grey)",monitors,379.00,1,379.00
RCPT-20260118-00168,1,P-0060,TP-Link AC750 Wi-Fi Range Extender,wi_fi_routers,59.00,4,236.00
RCPT-20260118-00169,1,P-0042,"LG UltraGear 34G600A 34"" WQHD",monitors,699.00,1,699.00
RCPT-20260118-00169,2,P-0071,Seagate Expansion Desktop 16TB Hard Drive,hard_drive,499.00,1,499.00
RCPT-20260118-00169,3,P-0074,Samsung Portable SSD T7 Shield 1TB (Black),hard_drive,369.00,1,369.00
RCPT-20260118-00169,4,P-0039,"LG UltraGear 27G411A 27"" FHD 144Hz Gaming Monitor",monitors,229.00,1,229.00
RCPT-20260118-00170,1,P-0060,TP-Link AC750 Wi-Fi Range Extender,wi_fi_routers,59.00,1,59.00
RCPT-20260118-00171,1,P-0042,"LG UltraGear 34G600A 34"" WQHD",monitors,699.00,1,699.00
RCPT-20260118-00171,2,P-0062,RIG R5 SPEAR PRO HS Gaming Headset (Black),gaming_headsets,179.00,1,179.00
RCPT-20260118-00172,1,P-0034,"Generation Earth 14.1"" Recycled Berlin Laptop Backpack (Black)",bags,79.00,3,237.00
RCPT-20260119-00173,1,P-0060,TP-Link AC750 Wi-Fi Range Extender,wi_fi_routers,59.00,1,59.00
RCPT-20260119-00174,1,P-0059,TP-Link AX3000 Mesh Wi-Fi 6 Range Extender,wi_fi_routers,149.00,1,149.00
RCPT-20260119-00174,2,P-0055,ASUS RT-AX54HP V2 AX1800 Wi-Fi 6 Router,wi_fi_routers,179.00,1,179.00
RCPT-20260119-00174,3,P-0071,Seagate Expansion Desktop 16TB Hard Drive,hard_drive,499.00,1,499.00
RCPT-20260119-00175,1,P-0057,Starlink Standard Kit (Latest Generation),wi_fi_routers,549.00,1,549.00
RCPT-20260119-00175,2,P-0007,"Dell Inspiron 14 7440 14"" WQXGA 2-in-1 Laptop (Intel Core i5)[512GB/16GB]",laptops,1199.00,1,1199.00
RCPT-20260119-00176,1,P-0060,TP-Link AC750 Wi-Fi Range Extender,wi_fi_routers,59.00,2,118.00
RCPT-20260119-00177,1,P-0036,"STM Tower View Folio 18"" Laptop Brief (Black)",bags,69.95,2,139.90
RCPT-20260119-00178,1,P-0064,Logitech G325 LIGHTSPEED Wireless Gaming Headset (White),gaming_headsets,199.00,1,199.00
RCPT-20260119-00178,2,P-0068,Canon TS7760 Pixma Home Printer,gaming_headsets,139.00,1,139.00
RCPT-20260119-00178,3,P-0043,"Lenovo Legion R34w-30 34"" WQHD 180Hz Curved Gaming Monitor",monitors,499.00,1,499.00
RCPT-20260119-00178,4,P-0005,"Asus VivoBook 15.6"" Full HD Thin & Light Laptop (1TB)[Intel Core i5",laptops,959.00,1,959.00
RCPT-20260119-00179,1,P-0005,"Asus VivoBook 15.6"" Full HD Thin & Light Laptop (1TB)[Intel Core i5",laptops,959.00,1,959.00
RCPT-20260119-00179,2,P-0066,AceZone A-Blaze Hybrid ANC Bluetooth Wireless PC Gaming Headset Black,gaming_headsets,356.15,1,356.15
RCPT-20260119-00179,3,P-0052,"Samsung Galaxy Tab A11+ 11"" 5G 128GB (Grey)",monitors,529.00,1,529.00
RCPT-20260119-00180,1,P-0060,TP-Link AC750 Wi-Fi Range Extender,wi_fi_routers,59.00,1,59.00
RCPT-20260119-00181,1,P-0060,TP-Link AC750 Wi-Fi Range Extender,wi_fi_routers,59.00,1,59.00
RCPT-20260119-00182,1,P-0060,TP-Link AC750 Wi-Fi Range Extender,wi_fi_routers,59.00,1,59.00
RCPT-20260119-00183,1,P-0063,Corsair VOID Wireless V2 Gaming Headset (Pink),gaming_headsets,199.00,1,199.00
RCPT-20260119-00183,2,P-0057,Starlink Standard Kit (Latest Generation),wi_fi_routers,549.00,1,549.00
RCPT-20260120-00184,1,P-0036,"STM Tower View Folio 18"" Laptop Brief (Black)",bags,69.95,1,69.95
RCPT-20260120-00184,2,P-0036,"STM Tower View Folio 18"" Laptop Brief (Black)",bags,69.95,1,69.95
RCPT-20260120-00185,1,P-0046,"LG 31.5"" QHD 100Hz IPS Super Slim Stand Monitor with USB-C",monitors,389.00,1,389.00
RCPT-20260120-00185,2,P-0037,"Lenovo Legion GB800 17"" Laptop Backpack (Black)",bags,199.00,1,199.00
RCPT-20260120-00185,3,P-0074,Samsung Portable SSD T7 Shield 1TB (Black),hard_drive,369.00,1,369.00
RCPT-20260120-00186,1,P-0038,"Blaupunkt BP27GM240 27"" FHD 240Hz Curved Gaming Monitor",monitors,399.00,1,399.00
RCPT-20260120-00186,2,P-0057,Starlink Standard Kit (Latest Generation),wi_fi_routers,549.00,1,549.00
RCPT-20260120-00186,3,P-0071,Seagate Expansion Desktop 16TB Hard Drive,hard_drive,499.00,1,499.00
RCPT-20260120-00187,1,P-0034,"Generation Earth 14.1"" Recycled Berlin Laptop Backpack (Black)",bags,79.00,1,79.00
RCPT-20260120-00188,1,P-0058,ASUS DSL-AX82U AX5400 Wi-Fi 6 Modem Router,wi_fi_routers,449.00,2,898.00
RCPT-20260120-00188,2,P-0036,"STM Tower View Folio 18"" Laptop Brief (Black)",bags,69.95,1,69.95
RCPT-20260120-00188,3,P-0059,TP-Link AX3000 Mesh Wi-Fi 6 Range Extender,wi_fi_routers,149.00,1,149.00
RCPT-20260120-00188,4,P-0036,"STM Tower View Folio 18"" Laptop Brief (Black)",bags,69.95,1,69.95
RCPT-20260120-00189,1,P-0063,Corsair VOID Wireless V2 Gaming Headset (Pink),gaming_headsets,199.00,1,199.00
RCPT-20260120-00189,2,P-0038,"Blaupunkt BP27GM240 27"" FHD 240Hz Curved Gaming Monitor",monitors,399.00,1,399.00
RCPT-20260120-00189,3,P-0050,Apple iPad 11-inch A16 128GB Wi-Fi (Blue),monitors,499.00,1,499.00
RCPT-20260120-00190,1,P-0052,"Samsung Galaxy Tab A11+ 11"" 5G 128GB (Grey)",monitors,529.00,1,529.00
RCPT-20260120-00190,2,P-0050,Apple iPad 11-inch A16 128GB Wi-Fi (Blue),monitors,499.00,1,499.00
RCPT-20260120-00190,3,P-0076,SanDisk® Creator Phone SSD with Magsafe 2TB,hard_drive,399.00,1,399.00
RCPT-20260120-00191,1,P-0045,"ASUS ROG Strix XG32UCWMG 32"" 4K 240Hz OLED Gaming Monitor",monitors,1999.00,1,1999.00
RCPT-20260121-00192,1,P-0056,Netgear Nighthawk® Wi-Fi 6 AX1800 Router RAX9,wi_fi_routers,149.00,1,149.00
RCPT-20260121-00192,2,P-0011,"Lenovo Ideapad 5 14"" WUXGA OLED 2-in-1 Laptop (Snapdragon X Plus)[1TB]",laptops,1274.00,1,1274.00
RCPT-20260121-00192,3,P-0067,Epson WorkForce Pro WF-3825 Multifunction Printer,gaming_headsets,169.00,1,169.00
RCPT-20260121-00193,1,P-0066,AceZone A-Blaze Hybrid ANC Bluetooth Wireless PC Gaming Headset Black,gaming_headsets,356.15,1,356.15
RCPT-20260121-00193,2,P-0064,Logitech G325 LIGHTSPEED Wireless Gaming Headset (White),gaming_headsets,199.00,1,199.00
RCPT-20260121-00193,3,P-0060,TP-Link AC750 Wi-Fi Range Extender,wi_fi_routers,59.00,4,236.00
RCPT-20260121-00193,4,P-0007,"Dell Inspiron 14 7440 14"" WQXGA 2-in-1 Laptop (Intel Core i5)[512GB/16GB]",laptops,1199.00,1,1199.00
RCPT-20260121-00194,1,P-0034,"Generation Earth 14.1"" Recycled Berlin Laptop Backpack (Black)",bags,79.00,4,316.00
RCPT-20260121-00195,1,P-0006,"HP OmniBook 5 NG AI PC 14-he0013QU 14"" WUXGA OLED Copilot+ PC Laptop (Snapdragon X1)[512GB/16GB]",laptops,1099.00,1,1099.00
RCPT-20260121-00195,2,P-0075,Samsung Portable T7 Shield SSD 4TB (Black),hard_drive,999.00,1,999.00
RCPT-20260121-00196,1,P-0071,Seagate Expansion Desktop 16TB Hard Drive,hard_drive,499.00,1,499.00
RCPT-20260121-00196,2,P-0062,RIG R5 SPEAR PRO HS Gaming Headset (Black),gaming_headsets,179.00,1,179.00
RCPT-20260121-00196,3,P-0055,ASUS RT-AX54HP V2 AX1800 Wi-Fi 6 Router,wi_fi_routers,179.00,1,179.00
RCPT-20260121-00196,4,P-0059,TP-Link AX3000 Mesh Wi-Fi 6 Range Extender,wi_fi_routers,149.00,1,149.00
RCPT-20260121-00197,1,P-0036,"STM Tower View Folio 18"" Laptop Brief (Black)",bags,69.95,1,69.95
RCPT-20260121-00197,2,P-0034,"Generation Earth 14.1"" Recycled Berlin Laptop Backpack (Black)",bags,79.00,1,79.00
RCPT-20260121-00198,1,P-0012,"ASUS Vivobook S16 16"" WQXGA Laptop (Copilot+ PC)[512GB]",laptops,1278.00,1,1278.00
RCPT-20260121-00198,2,P-0058,ASUS DSL-AX82U AX5400 Wi-Fi 6 Modem Router,wi_fi_routers,449.00,1,449.00
RCPT-20260121-00198,3,P-0006,"HP OmniBook 5 NG AI PC 14-he0013QU 14"" WUXGA OLED Copilot+ PC Laptop (Snapdragon X1)[512GB/16GB]",laptops,1099.00,1,1099.00
RCPT-20260121-00199,1,P-0001,"Dell 15 DC15255 15.6"" FHD 120Hz Laptop (Ryzen 3)[512GB]",laptops,629.00,1,629.00
RCPT-20260121-00199,2,P-0005,"Asus VivoBook 15.6"" Full HD Thin & Light Laptop (1TB)[Intel Core i5",laptops,959.00,1,959.00
RCPT-20260121-00200,1,P-0017,"MSI Modern 15 H AI 15.6"" FHD 60Hz Laptop (Intel Core Ultra 9) [1TB]",laptops,1499.00,1,1499.00
RCPT-20260121-00200,2,P-0067,Epson WorkForce Pro WF-3825 Multifunction Printer,gaming_headsets,169.00,1,169.00
RCPT-20260121-00200,3,P-0055,ASUS RT-AX54HP V2 AX1800 Wi-Fi 6 Router,wi_fi_routers,179.00,1,179.00
RCPT-20260121-00200,4,P-0014,"Microsoft Surface Pro Copilot+ PC 12"" Snapdragon X Plus 8 core/16GB/512GB (Violet)",laptops,1399.00,1,1399.00
RCPT-20260121-00201,1,P-0005,"Asus VivoBook 15.6"" Full HD Thin & Light Laptop (1TB)[Intel Core i5",laptops,959.00,1,959.00
RCPT-20260121-00201,2,P-0001,"Dell 15 DC15255 15.6"" FHD 120Hz Laptop (Ryzen 3)[512GB]",laptops,629.00,1,629.00
RCPT-20260121-00202,1,P-0014,"Microsoft Surface Pro Copilot+ PC 12"" Snapdragon X Plus 8 core/16GB/512GB (Violet)",laptops,1399.00,1,1399.00
RCPT-20260121-00202,2,P-0006,"HP OmniBook 5 NG AI PC 14-he0013QU 14"" WUXGA OLED Copilot+ PC Laptop (Snapdragon X1)[512GB/16GB]",laptops,1099.00,1,1099.00
RCPT-20260122-00203,1,P-0048,"Samsung Galaxy Tab A11+ 11"" Wi-Fi 128GB (Grey)",monitors,379.00,1,379.00
RCPT-20260122-00203,2,P-0056,Netgear Nighthawk® Wi-Fi 6 AX1800 Router RAX9,wi_fi_routers,149.00,1,149.00
RCPT-20260122-00203,3,P-0034,"Generation Earth 14.1"" Recycled Berlin Laptop Backpack (Black)",bags,79.00,4,316.00
RCPT-20260122-00204,1,P-0052,"Samsung Galaxy Tab A11+ 11"" 5G 128GB (Grey)",monitors,529.00,1,529.00
RCPT-20260122-00204,2,P-0005,"Asus VivoBook 15.6"" Full HD Thin & Light Laptop (1TB)[Intel Core i5",laptops,959.00,1,959.00
RCPT-20260122-00205,1,P-0065,HyperX Cloud Flight 2 Wire,gaming_headsets,219.00,2,438.00
RCPT-20260122-00205,2,P-0037,"Lenovo Legion GB800 17"" Laptop Backpack (Black)",bags,199.00,1,199.00
RCPT-20260122-00205,3,P-0037,"Lenovo Legion GB800 17"" Laptop Backpack (Black)",bags,199.00,1,199.00
RCPT-20260122-00206,1,P-0076,SanDisk® Creator Phone SSD with Magsafe 2TB,hard_drive,399.00,1,399.00
RCPT-20260122-00206,2,P-0043,"Lenovo Legion R34w-30 34"" WQHD 180Hz Curved Gaming Monitor",monitors,499.00,1,499.00
RCPT-20260122-00207,1,P-0058,ASUS DSL-AX82U AX5400 Wi-Fi 6 Modem Router,wi_fi_routers,449.00,1,449.00
RCPT-20260122-00207,2,P-0005,"Asus VivoBook 15.6"" Full HD Thin & Light Laptop (1TB)[Intel Core i5",laptops,959.00,1,959.00
RCPT-20260122-00207,3,P-0055,ASUS RT-AX54HP V2 AX1800 Wi-Fi 6 Router,wi_fi_routers,179.00,1,179.00
RCPT-20260122-00208,1,P-0042,"LG UltraGear 34G600A 34"" WQHD",monitors,699.00,1,699.00
RCPT-20260122-00208,2,P-0041,"LG UltraGear 24G411A 24"" FHD 144Hz Gaming Monitor",monitors,189.00,1,189.00
RCPT-20260122-00209,1,P-0016,"Lenovo Yoga Slim 7i Aura Edition 14"" 2.8K OLED Laptop (Intel Core Ultra 5)[1TB]",laptops,1499.00,1,1499.00
RCPT-20260122-00209,2,P-0066,AceZone A-Blaze Hybrid ANC Bluetooth Wireless PC Gaming Headset Black,gaming_headsets,356.15,1,356.15
RCPT-20260122-00209,3,P-0036,"STM Tower View Folio 18"" Laptop Brief (Black)",bags,69.95,3,209.85
RCPT-20260122-00209,4,P-0050,Apple iPad 11-inch A16 128GB Wi-Fi (Blue),monitors,499.00,1,499.00
RCPT-20260122-00210,1,P-0037,"Lenovo Legion GB800 17"" Laptop Backpack (Black)",bags,199.00,1,199.00
RCPT-20260122-00210,2,P-0040,"AOC C27G4Z 27"" FHD 280Hz Curved Gaming Monitor",monitors,339.00,1,339.00
RCPT-20260122-00210,3,P-0072,Sandisk E30 Portable SSD Drive (1TB),hard_drive,169.00,1,169.00
RCPT-20260122-00211,1,P-0055,ASUS RT-AX54HP V2 AX1800 Wi-Fi 6 Router,wi_fi_routers,179.00,1,179.00
RCPT-20260122-00211,2,P-0037,"Lenovo Legion GB800 17"" Laptop Backpack (Black)",bags,199.00,1,199.00
RCPT-20260122-00211,3,P-0040,"AOC C27G4Z 27"" FHD 280Hz Curved Gaming Monitor",monitors,339.00,1,339.00
RCPT-20260122-00212,1,P-0012,"ASUS Vivobook S16 16"" WQXGA Laptop (Copilot+ PC)[512GB]",laptops,1278.00,1,1278.00
RCPT-20260122-00212,2,P-0052,"Samsung Galaxy Tab A11+ 11"" 5G 128GB (Grey)",monitors,529.00,1,529.00
RCPT-20260122-00212,3,P-0038,"Blaupunkt BP27GM240 27"" FHD 240Hz Curved Gaming Monitor",monitors,399.00,1,399.00
RCPT-20260122-00213,1,P-0071,Seagate Expansion Desktop 16TB Hard Drive,hard_drive,499.00,1,499.00
RCPT-20260122-00213,2,P-0034,"Generation Earth 14.1"" Recycled Berlin Laptop Backpack (Black)",bags,79.00,1,79.00
RCPT-20260122-00213,3,P-0055,ASUS RT-AX54HP V2 AX1800 Wi-Fi 6 Router,wi_fi_routers,179.00,1,179.00
RCPT-20260122-00213,4,P-0072,Sandisk E30 Portable SSD Drive (1TB),hard_drive,169.00,1,169.00
RCPT-20260123-00214,1,P-0010,"Dell DB16255 16"" WUXGA Copilot+ PC Laptop (Ryzen AI 5)[512GB]",laptops,1259.00,1,1259.00
RCPT-20260123-00214,2,P-0073,Samsung T7 Portable SSD Drive [1TB](Titan Gray),hard_drive,329.00,1,329.00
RCPT-20260123-00215,1,P-0013,"HP Envy x360 14-fc0189TU 14"" WUXGA 2-in-1 Laptop (Intel Core Ultra 5)[512GB]",laptops,1299.00,1,1299.00
RCPT-20260123-00215,2,P-0070,Seagate Expansion Desktop 26TB Hard Drive,hard_drive,749.00,1,749.00
RCPT-20260123-00215,3,P-0056,Netgear Nighthawk® Wi-Fi 6 AX1800 Router RAX9,wi_fi_routers,149.00,1,149.00
RCPT-20260123-00215,4,P-0008,"Lenovo IdeaPad 5 14"" 2K OLED 2-in-1 Laptop (Copilot+ PC)[512GB]",laptops,1124.00,1,1124.00
RCPT-20260123-00216,1,P-0043,"Lenovo Legion R34w-30 34"" WQHD 180Hz Curved Gaming Monitor",monitors,499.00,1,499.00
RCPT-20260123-00216,2,P-0039,"LG UltraGear 27G411A 27"" FHD 144Hz Gaming Monitor",monitors,229.00,1,229.00
RCPT-20260123-00217,1,P-0036,"STM Tower View Folio 18"" Laptop Brief (Black)",bags,69.95,1,69.95
RCPT-20260123-00217,2,P-0054,TP-Link AX3000 Gigabit Wi-Fi 6 Router,wi_fi_routers,159.00,1,159.00
RCPT-20260123-00217,3,P-0035,"Thule Gauntlet Macbook Pro Attache 14"" (Black)",bags,179.95,1,179.95
RCPT-20260123-00217,4,P-0058,ASUS DSL-AX82U AX5400 Wi-Fi 6 Modem Router,wi_fi_routers,449.00,1,449.00
RCPT-20260123-00218,1,P-0073,Samsung T7 Portable SSD Drive [1TB](Titan Gray),hard_drive,329.00,1,329.00
RCPT-20260123-00219,1,P-0036,"STM Tower View Folio 18"" Laptop Brief (Black)",bags,69.95,1,69.95
RCPT-20260123-00219,2,P-0049,"Lenovo Tab 10"" WUXGA 128GB Tablet with Clear Case",monitors,299.00,2,598.00
RCPT-20260123-00219,3,P-0037,"Lenovo Legion GB800 17"" Laptop Backpack (Black)",bags,199.00,1,199.00
RCPT-20260123-00220,1,P-0060,TP-Link AC750 Wi-Fi Range Extender,wi_fi_routers,59.00,3,177.00
RCPT-20260123-00221,1,P-0003,"Lenovo IdeaPad S3i 15.6"" FHD Laptop (Intel Core i3)[512GB]",laptops,699.00,1,699.00
RCPT-20260123-00221,2,P-0052,"Samsung Galaxy Tab A11+ 11"" 5G 128GB (Grey)",monitors,529.00,1,529.00
RCPT-20260123-00222,1,P-0068,Canon TS7760 Pixma Home Printer,gaming_headsets,139.00,1,139.00
RCPT-20260123-00222,2,P-0072,Sandisk E30 Portable SSD Drive (1TB),hard_drive,169.00,1,169.00
RCPT-20260123-00222,3,P-0062,RIG R5 SPEAR PRO HS Gaming Headset (Black),gaming_headsets,179.00,1,179.00
RCPT-20260123-00222,4,P-0060,TP-Link AC750 Wi-Fi Range Extender,wi_fi_routers,59.00,1,59.00
RCPT-20260124-00223,1,P-0072,Sandisk E30 Portable SSD Drive (1TB),hard_drive,169.00,1,169.00
RCPT-20260124-00223,2,P-0004,"HP Laptop 15-fc0474AU 15.6"" FHD laptop (Ryzen 7)[512GB]",laptops,899.00,1,899.00
RCPT-20260124-00223,3,P-0058,ASUS DSL-AX82U AX5400 Wi-Fi 6 Modem Router,wi_fi_routers,449.00,1,449.00
RCPT-20260124-00224,1,P-0061,Logitech G Astro A20X PLAYSYNC Wireless Headset (Black),gaming_headsets,349.00,1,349.00
RCPT-20260124-00224,2,P-0067,Epson WorkForce Pro WF-3825 Multifunction Printer,gaming_headsets,169.00,2,338.00
RCPT-20260124-00224,3,P-0012,"ASUS Vivobook S16 16"" WQXGA Laptop (Copilot+ PC)[512GB]",laptops,1278.00,1,1278.00
RCPT-20260124-00224,4,P-0012,"ASUS Vivobook S16 16"" WQXGA Laptop (Copilot+ PC)[512GB]",laptops,1278.00,1,1278.00
RCPT-20260124-00225,1,P-0074,Samsung Portable SSD T7 Shield 1TB (Black),hard_drive,369.00,2,738.00
RCPT-20260124-00225,2,P-0066,AceZone A-Blaze Hybrid ANC Bluetooth Wireless PC Gaming Headset Black,gaming_headsets,356.15,1,356.15
RCPT-20260124-00225,3,P-0023,"Apple MacBook Pro 14-inch with M4 Chip, 1TB/24GB (Silver)[2024]",laptops,2887.00,1,2887.00
RCPT-20260124-00225,4,P-0068,Canon TS7760 Pixma Home Printer,gaming_headsets,139.00,1,139.00
RCPT-20260124-00226,1,P-0039,"LG UltraGear 27G411A 27"" FHD 144Hz Gaming Monitor",monitors,229.00,1,229.00
RCPT-20260124-00226,2,P-0047,"AOC 16T20 15.6"" FHD USB-C Portable Monitor",monitors,179.00,2,358.00
RCPT-20260124-00226,3,P-0058,ASUS DSL-AX82U AX5400 Wi-Fi 6 Modem Router,wi_fi_routers,449.00,1,449.00
RCPT-20260124-00227,1,P-0054,TP-Link AX3000 Gigabit Wi-Fi 6 Router,wi_fi_routers,159.00,1,159.00
RCPT-20260124-00227,2,P-0038,"Blaupunkt BP27GM240 27"" FHD 240Hz Curved Gaming Monitor",monitors,399.00,1,399.00
RCPT-20260124-00227,3,P-0035,"Thule Gauntlet Macbook Pro Attache 14"" (Black)",bags,179.95,1,179.95
RCPT-20260124-00227,4,P-0055,ASUS RT-AX54HP V2 AX1800 Wi-Fi 6 Router,wi_fi_routers,179.00,1,179.00
RCPT-20260124-00228,1,P-0052,"Samsung Galaxy Tab A11+ 11"" 5G 128GB (Grey)",monitors,529.00,1,529.00
RCPT-20260124-00228,2,P-0001,"Dell 15 DC15255 15.6"" FHD 120Hz Laptop (Ryzen 3)[512GB]",laptops,629.00,2,1258.00
RCPT-20260124-00229,1,P-0014,"Microsoft Surface Pro Copilot+ PC 12"" Snapdragon X Plus 8 core/16GB/512GB (Violet)",laptops,1399.00,1,1399.00
RCPT-20260124-00230,1,P-0034,"Generation Earth 14.1"" Recycled Berlin Laptop Backpack (Black)",bags,79.00,4,316.00
RCPT-20260125-00231,1,P-0060,TP-Link AC750 Wi-Fi Range Extender,wi_fi_routers,59.00,3,177.00
RCPT-20260125-00232,1,P-0003,"Lenovo IdeaPad S3i 15.6"" FHD Laptop (Intel Core i3)[512GB]",laptops,699.00,1,699.00
RCPT-20260125-00232,2,P-0058,ASUS DSL-AX82U AX5400 Wi-Fi 6 Modem Router,wi_fi_routers,449.00,1,449.00
RCPT-20260125-00233,1,P-0064,Logitech G325 LIGHTSPEED Wireless Gaming Headset (White),gaming_headsets,199.00,1,199.00
RCPT-20260125-00233,2,P-0064,Logitech G325 LIGHTSPEED Wireless Gaming Headset (White),gaming_headsets,199.00,2,398.00
RCPT-20260125-00233,3,P-0046,"LG 31.5"" QHD 100Hz IPS Super Slim Stand Monitor with USB-C",monitors,389.00,1,389.00
RCPT-20260125-00234,1,P-0007,"Dell Inspiron 14 7440 14"" WQXGA 2-in-1 Laptop (Intel Core i5)[512GB/16GB]",laptops,1199.00,1,1199.00
RCPT-20260125-00234,2,P-0064,Logitech G325 LIGHTSPEED Wireless Gaming Headset (White),gaming_headsets,199.00,1,199.00
RCPT-20260125-00235,1,P-0073,Samsung T7 Portable SSD Drive [1TB](Titan Gray),hard_drive,329.00,1,329.00
RCPT-20260125-00235,2,P-0002,"HP Laptop 15-fc0433AU 15.6"" FHD Laptop (Ryzen 5)[512GB]",laptops,649.00,1,649.00
RCPT-20260125-00235,3,P-0057,Starlink Standard Kit (Latest Generation),wi_fi_routers,549.00,1,549.00
RCPT-20260125-00235,4,P-0006,"HP OmniBook 5 NG AI PC 14-he0013QU 14"" WUXGA OLED Copilot+ PC Laptop (Snapdragon X1)[512GB/16GB]",laptops,1099.00,1,1099.00
RCPT-20260125-00236,1,P-0039,"LG UltraGear 27G411A 27"" FHD 144Hz Gaming Monitor",monitors,229.00,1,229.00
RCPT-20260125-00236,2,P-0046,"LG 31.5"" QHD 100Hz IPS Super Slim Stand Monitor with USB-C",monitors,389.00,1,389.00
RCPT-20260125-00236,3,P-0003,"Lenovo IdeaPad S3i 15.6"" FHD Laptop (Intel Core i3)[512GB]",laptops,699.00,1,699.00
RCPT-20260125-00236,4,P-0057,Starlink Standard Kit (Latest Generation),wi_fi_routers,549.00,1,549.00
RCPT-20260125-00237,1,P-0072,Sandisk E30 Portable SSD Drive (1TB),hard_drive,169.00,1,169.00
RCPT-20260125-00237,2,P-0051,"Samsung Galaxy Tab S10 FE+ 13.1"" Wi-Fi 128GB (Grey)",monitors,1099.00,1,1099.00
RCPT-20260125-00237,3,P-0059,TP-Link AX3000 Mesh Wi-Fi 6 Range Extender,wi_fi_routers,149.00,2,298.00
RCPT-20260125-00237,4,P-0066,AceZone A-Blaze Hybrid ANC Bluetooth Wireless PC Gaming Headset Black,gaming_headsets,356.15,1,356.15
RCPT-20260125-00238,1,P-0034,"Generation Earth 14.1"" Recycled Berlin Laptop Backpack (Black)",bags,79.00,2,158.00
RCPT-20260125-00239,1,P-0035,"Thule Gauntlet Macbook Pro Attache 14"" (Black)",bags,179.95,1,179.95
RCPT-20260125-00239,2,P-0073,Samsung T7 Portable SSD Drive [1TB](Titan Gray),hard_drive,329.00,1,329.00
RCPT-20260125-00239,3,P-0058,ASUS DSL-AX82U AX5400 Wi-Fi 6 Modem Router,wi_fi_routers,449.00,1,449.00
RCPT-20260125-00240,1,P-0072,Sandisk E30 Portable SSD Drive (1TB),hard_drive,169.00,1,169.00
RCPT-20260125-00240,2,P-0039,"LG UltraGear 27G411A 27"" FHD 144Hz Gaming Monitor",monitors,229.00,2,458.00
RCPT-20260125-00240,3,P-0039,"LG UltraGear 27G411A 27"" FHD 144Hz Gaming Monitor",monitors,229.00,1,229.00
RCPT-20260125-00241,1,P-0060,TP-Link AC750 Wi-Fi Range Extender,wi_fi_routers,59.00,1,59.00
RCPT-20260125-00241,2,P-0060,TP-Link AC750 Wi-Fi Range Extender,wi_fi_routers,59.00,1,59.00
RCPT-20260125-00242,1,P-0054,TP-Link AX3000 Gigabit Wi-Fi 6 Router,wi_fi_routers,159.00,1,159.00
RCPT-20260125-00242,2,P-0066,AceZone A-Blaze Hybrid ANC Bluetooth Wireless PC Gaming Headset Black,gaming_headsets,356.15,1,356.15
RCPT-20260125-00242,3,P-0039,"LG UltraGear 27G411A 27"" FHD 144Hz Gaming Monitor",monitors,229.00,2,458.00
RCPT-20260126-00243,1,P-0061,Logitech G Astro A20X PLAYSYNC Wireless Headset (Black),gaming_headsets,349.00,1,349.00
RCPT-20260126-00243,2,P-0073,Samsung T7 Portable SSD Drive [1TB](Titan Gray),hard_drive,329.00,1,329.00
RCPT-20260126-00243,3,P-0036,"STM Tower View Folio 18"" Laptop Brief (Black)",bags,69.95,1,69.95
RCPT-20260126-00243,4,P-0046,"LG 31.5"" QHD 100Hz IPS Super Slim Stand Monitor with USB-C",monitors,389.00,1,389.00
RCPT-20260126-00244,1,P-0008,"Lenovo IdeaPad 5 14"" 2K OLED 2-in-1 Laptop (Copilot+ PC)[512GB]",laptops,1124.00,1,1124.00
RCPT-20260126-00244,2,P-0046,"LG 31.5"" QHD 100Hz IPS Super Slim Stand Monitor with USB-C",monitors,389.00,1,389.00
RCPT-20260126-00244,3,P-0038,"Blaupunkt BP27GM240 27"" FHD 240Hz Curved Gaming Monitor",monitors,399.00,1,399.00
RCPT-20260126-00244,4,P-0018,"MSI Modern 15 H AI 15.6"" FHD 60Hz Laptop (Intel Core Ultra 7) [1TB]",laptops,1499.00,1,1499.00
RCPT-20260126-00245,1,P-0063,Corsair VOID Wireless V2 Gaming Headset (Pink),gaming_headsets,199.00,1,199.00
RCPT-20260126-00245,2,P-0068,Canon TS7760 Pixma Home Printer,gaming_headsets,139.00,1,139.00
RCPT-20260126-00245,3,P-0060,TP-Link AC750 Wi-Fi Range Extender,wi_fi_routers,59.00,1,59.00
RCPT-20260126-00245,4,P-0054,TP-Link AX3000 Gigabit Wi-Fi 6 Router,wi_fi_routers,159.00,1,159.00
RCPT-20260126-00246,1,P-0042,"LG UltraGear 34G600A 34"" WQHD",monitors,699.00,1,699.00
RCPT-20260126-00246,2,P-0071,Seagate Expansion Desktop 16TB Hard Drive,hard_drive,499.00,1,499.00
RCPT-20260126-00246,3,P-0009,"Dell 15 DC15250 15.6"" Full HD Laptop (Intel Core i5)[512GB]",laptops,1199.00,1,1199.00
RCPT-20260126-00247,1,P-0070,Seagate Expansion Desktop 26TB Hard Drive,hard_drive,749.00,1,749.00
RCPT-20260126-00247,2,P-0046,"LG 31.5"" QHD 100Hz IPS Super Slim Stand Monitor with USB-C",monitors,389.00,1,389.00
RCPT-20260126-00247,3,P-0050,Apple iPad 11-inch A16 128GB Wi-Fi (Blue),monitors,499.00,1,499.00
RCPT-20260126-00247,4,P-0040,"AOC C27G4Z 27"" FHD 280Hz Curved Gaming Monitor",monitors,339.00,1,339.00
RCPT-20260126-00248,1,P-0035,"Thule Gauntlet Macbook Pro Attache 14"" (Black)",bags,179.95,1,179.95
RCPT-20260126-00248,2,P-0055,ASUS RT-AX54HP V2 AX1800 Wi-Fi 6 Router,wi_fi_routers,179.00,1,179.00
RCPT-20260126-00248,3,P-0055,ASUS RT-AX54HP V2 AX1800 Wi-Fi 6 Router,wi_fi_routers,179.00,1,179.00
RCPT-20260126-00248,4,P-0057,Starlink Standard Kit (Latest Generation),wi_fi_routers,549.00,1,549.00
RCPT-20260126-00249,1,P-0055,ASUS RT-AX54HP V2 AX1800 Wi-Fi 6 Router,wi_fi_routers,179.00,1,179.00
RCPT-20260126-00249,2,P-0005,"Asus VivoBook 15.6"" Full HD Thin & Light Laptop (1TB)[Intel Core i5",laptops,959.00,1,959.00
RCPT-20260126-00249,3,P-0025,"Asus TUF F16 16"" FHD+ 165Hz Gaming Laptop (Intel Core i7)[GeForce RTX 5060]",laptops,2899.00,1,2899.00
RCPT-20260126-00249,4,P-0049,"Lenovo Tab 10"" WUXGA 128GB Tablet with Clear Case",monitors,299.00,1,299.00
RCPT-20260126-00250,1,P-0035,"Thule Gauntlet Macbook Pro Attache 14"" (Black)",bags,179.95,1,179.95
RCPT-20260126-00250,2,P-0072,Sandisk E30 Portable SSD Drive (1TB),hard_drive,169.00,1,169.00
RCPT-20260126-00250,3,P-0017,"MSI Modern 15 H AI 15.6"" FHD 60Hz Laptop (Intel Core Ultra 9) [1TB]",laptops,1499.00,1,1499.00
RCPT-20260126-00250,4,P-0063,Corsair VOID Wireless V2 Gaming Headset (Pink),gaming_headsets,199.00,1,199.00
RCPT-20260126-00251,1,P-0054,TP-Link AX3000 Gigabit Wi-Fi 6 Router,wi_fi_routers,159.00,1,159.00
RCPT-20260126-00251,2,P-0051,"Samsung Galaxy Tab S10 FE+ 13.1"" Wi-Fi 128GB (Grey)",monitors,1099.00,1,1099.00
RCPT-20260126-00251,3,P-0071,Seagate Expansion Desktop 16TB Hard Drive,hard_drive,499.00,1,499.00
RCPT-20260126-00251,4,P-0004,"HP Laptop 15-fc0474AU 15.6"" FHD laptop (Ryzen 7)[512GB]",laptops,899.00,1,899.00
RCPT-20260127-00252,1,P-0060,TP-Link AC750 Wi-Fi Range Extender,wi_fi_routers,59.00,3,177.00
RCPT-20260127-00253,1,P-0061,Logitech G Astro A20X PLAYSYNC Wireless Headset (Black),gaming_headsets,349.00,1,349.00
RCPT-20260127-00253,2,P-0056,Netgear Nighthawk® Wi-Fi 6 AX1800 Router RAX9,wi_fi_routers,149.00,1,149.00
RCPT-20260127-00253,3,P-0076,SanDisk® Creator Phone SSD with Magsafe 2TB,hard_drive,399.00,1,399.00
RCPT-20260127-00253,4,P-0064,Logitech G325 LIGHTSPEED Wireless Gaming Headset (White),gaming_headsets,199.00,1,199.00
RCPT-20260127-00254,1,P-0043,"Lenovo Legion R34w-30 34"" WQHD 180Hz Curved Gaming Monitor",monitors,499.00,1,499.00
RCPT-20260127-00254,2,P-0001,"Dell 15 DC15255 15.6"" FHD 120Hz Laptop (Ryzen 3)[512GB]",laptops,629.00,1,629.00
RCPT-20260127-00255,1,P-0060,TP-Link AC750 Wi-Fi Range Extender,wi_fi_routers,59.00,1,59.00
RCPT-20260127-00255,2,P-0034,"Generation Earth 14.1"" Recycled Berlin Laptop Backpack (Black)",bags,79.00,3,237.00
RCPT-20260127-00256,1,P-0022,"Asus TUF Gaming F16 16"" FHD+ 144Hz Gaming Laptop (Intel Core i7)[GeForce RTX 4050]",laptops,1919.00,1,1919.00
RCPT-20260127-00257,1,P-0034,"Generation Earth 14.1"" Recycled Berlin Laptop Backpack (Black)",bags,79.00,1,79.00
RCPT-20260127-00257,2,P-0060,TP-Link AC750 Wi-Fi Range Extender,wi_fi_routers,59.00,1,59.00
RCPT-20260127-00258,1,P-0049,"Lenovo Tab 10"" WUXGA 128GB Tablet with Clear Case",monitors,299.00,1,299.00
RCPT-20260127-00258,2,P-0043,"Lenovo Legion R34w-30 34"" WQHD 180Hz Curved Gaming Monitor",monitors,499.00,1,499.00
RCPT-20260127-00259,1,P-0067,Epson WorkForce Pro WF-3825 Multifunction Printer,gaming_headsets,169.00,1,169.00
RCPT-20260127-00259,2,P-0038,"Blaupunkt BP27GM240 27"" FHD 240Hz Curved Gaming Monitor",monitors,399.00,1,399.00
RCPT-20260127-00259,3,P-0039,"LG UltraGear 27G411A 27"" FHD 144Hz Gaming Monitor",monitors,229.00,1,229.00
RCPT-20260128-00260,1,P-0048,"Samsung Galaxy Tab A11+ 11"" Wi-Fi 128GB (Grey)",monitors,379.00,1,379.00
RCPT-20260128-00260,2,P-0001,"Dell 15 DC15255 15.6"" FHD 120Hz Laptop (Ryzen 3)[512GB]",laptops,629.00,1,629.00
RCPT-20260128-00260,3,P-0006,"HP OmniBook 5 NG AI PC 14-he0013QU 14"" WUXGA OLED Copilot+ PC Laptop (Snapdragon X1)[512GB/16GB]",laptops,1099.00,2,2198.00
RCPT-20260128-00261,1,P-0034,"Generation Earth 14.1"" Recycled Berlin Laptop Backpack (Black)",bags,79.00,1,79.00
RCPT-20260128-00261,2,P-0004,"HP Laptop 15-fc0474AU 15.6"" FHD laptop (Ryzen 7)[512GB]",laptops,899.00,1,899.00
RCPT-20260128-00261,3,P-0036,"STM Tower View Folio 18"" Laptop Brief (Black)",bags,69.95,3,209.85
RCPT-20260128-00261,4,P-0050,Apple iPad 11-inch A16 128GB Wi-Fi (Blue),monitors,499.00,1,499.00
RCPT-20260128-00262,1,P-0041,"LG UltraGear 24G411A 24"" FHD 144Hz Gaming Monitor",monitors,189.00,1,189.00
RCPT-20260128-00262,2,P-0064,Logitech G325 LIGHTSPEED Wireless Gaming Headset (White),gaming_headsets,199.00,1,199.00
RCPT-20260128-00262,3,P-0074,Samsung Portable SSD T7 Shield 1TB (Black),hard_drive,369.00,1,369.00
RCPT-20260128-00262,4,P-0048,"Samsung Galaxy Tab A11+ 11"" Wi-Fi 128GB (Grey)",monitors,379.00,1,379.00
RCPT-20260128-00263,1,P-0034,"Generation Earth 14.1"" Recycled Berlin Laptop Backpack (Black)",bags,79.00,1,79.00
RCPT-20260128-00263,2,P-0060,TP-Link AC750 Wi-Fi Range Extender,wi_fi_routers,59.00,1,59.00
RCPT-20260128-00264,1,P-0055,ASUS RT-AX54HP V2 AX1800 Wi-Fi 6 Router,wi_fi_routers,179.00,1,179.00
RCPT-20260128-00264,2,P-0009,"Dell 15 DC15250 15.6"" Full HD Laptop (Intel Core i5)[512GB]",laptops,1199.00,1,1199.00
RCPT-20260128-00264,3,P-0046,"LG 31.5"" QHD 100Hz IPS Super Slim Stand Monitor with USB-C",monitors,389.00,1,389.00
RCPT-20260128-00264,4,P-0073,Samsung T7 Portable SSD Drive [1TB](Titan Gray),hard_drive,329.00,1,329.00
RCPT-20260128-00265,1,P-0065,HyperX Cloud Flight 2 Wire,gaming_headsets,219.00,1,219.00
RCPT-20260128-00265,2,P-0062,RIG R5 SPEAR PRO HS Gaming Headset (Black),gaming_headsets,179.00,1,179.00
RCPT-20260128-00265,3,P-0076,SanDisk® Creator Phone SSD with Magsafe 2TB,hard_drive,399.00,1,399.00
RCPT-20260128-00266,1,P-0054,TP-Link AX3000 Gigabit Wi-Fi 6 Router,wi_fi_routers,159.00,2,318.00
RCPT-20260128-00266,2,P-0004,"HP Laptop 15-fc0474AU 15.6"" FHD laptop (Ryzen 7)[512GB]",laptops,899.00,1,899.00
RCPT-20260128-00266,3,P-0052,"Samsung Galaxy Tab A11+ 11"" 5G 128GB (Grey)",monitors,529.00,1,529.00
RCPT-20260128-00266,4,P-0040,"AOC C27G4Z 27"" FHD 280Hz Curved Gaming Monitor",monitors,339.00,1,339.00
RCPT-20260128-00267,1,P-0066,AceZone A-Blaze Hybrid ANC Bluetooth Wireless PC Gaming Headset Black,gaming_headsets,356.15,1,356.15
RCPT-20260128-00267,2,P-0034,"Generation Earth 14.1"" Recycled Berlin Laptop Backpack (Black)",bags,79.00,1,79.00
RCPT-20260128-00267,3,P-0064,Logitech G325 LIGHTSPEED Wireless Gaming Headset (White),gaming_headsets,199.00,1,199.00
RCPT-20260128-00267,4,P-0076,SanDisk® Creator Phone SSD with Magsafe 2TB,hard_drive,399.00,1,399.00
RCPT-20260129-00268,1,P-0047,"AOC 16T20 15.6"" FHD USB-C Portable Monitor",monitors,179.00,1,179.00
RCPT-20260129-00268,2,P-0059,TP-Link AX3000 Mesh Wi-Fi 6 Range Extender,wi_fi_routers,149.00,1,149.00
RCPT-20260129-00268,3,P-0068,Canon TS7760 Pixma Home Printer,gaming_headsets,139.00,1,139.00
RCPT-20260129-00268,4,P-0061,Logitech G Astro A20X PLAYSYNC Wireless Headset (Black),gaming_headsets,349.00,1,349.00
RCPT-20260129-00269,1,P-0011,"Lenovo Ideapad 5 14"" WUXGA OLED 2-in-1 Laptop (Snapdragon X Plus)[1TB]",laptops,1274.00,1,1274.00
RCPT-20260129-00269,2,P-0059,TP-Link AX3000 Mesh Wi-Fi 6 Range Extender,wi_fi_routers,149.00,1,149.00
RCPT-20260129-00270,1,P-0043,"Lenovo Legion R34w-30 34"" WQHD 180Hz Curved Gaming Monitor",monitors,499.00,1,499.00
RCPT-20260129-00270,2,P-0039,"LG UltraGear 27G411A 27"" FHD 144Hz Gaming Monitor",monitors,229.00,1,229.00
RCPT-20260129-00270,3,P-0035,"Thule Gauntlet Macbook Pro Attache 14"" (Black)",bags,179.95,2,359.90
RCPT-20260129-00271,1,P-0048,"Samsung Galaxy Tab A11+ 11"" Wi-Fi 128GB (Grey)",monitors,379.00,1,379.00
RCPT-20260129-00271,2,P-0058,ASUS DSL-AX82U AX5400 Wi-Fi 6 Modem Router,wi_fi_routers,449.00,2,898.00
RCPT-20260129-00271,3,P-0036,"STM Tower View Folio 18"" Laptop Brief (Black)",bags,69.95,1,69.95
RCPT-20260129-00272,1,P-0056,Netgear Nighthawk® Wi-Fi 6 AX1800 Router RAX9,wi_fi_routers,149.00,2,298.00
RCPT-20260129-00272,2,P-0076,SanDisk® Creator Phone SSD with Magsafe 2TB,hard_drive,399.00,1,399.00
RCPT-20260129-00272,3,P-0052,"Samsung Galaxy Tab A11+ 11"" 5G 128GB (Grey)",monitors,529.00,2,1058.00
RCPT-20260129-00273,1,P-0052,"Samsung Galaxy Tab A11+ 11"" 5G 128GB (Grey)",monitors,529.00,1,529.00
RCPT-20260129-00273,2,P-0076,SanDisk® Creator Phone SSD with Magsafe 2TB,hard_drive,399.00,1,399.00
RCPT-20260129-00273,3,P-0014,"Microsoft Surface Pro Copilot+ PC 12"" Snapdragon X Plus 8 core/16GB/512GB (Violet)",laptops,1399.00,1,1399.00
RCPT-20260129-00274,1,P-0070,Seagate Expansion Desktop 26TB Hard Drive,hard_drive,749.00,1,749.00
RCPT-20260129-00274,2,P-0047,"AOC 16T20 15.6"" FHD USB-C Portable Monitor",monitors,179.00,1,179.00
RCPT-20260129-00274,3,P-0051,"Samsung Galaxy Tab S10 FE+ 13.1"" Wi-Fi 128GB (Grey)",monitors,1099.00,1,1099.00
RCPT-20260129-00275,1,P-0010,"Dell DB16255 16"" WUXGA Copilot+ PC Laptop (Ryzen AI 5)[512GB]",laptops,1259.00,1,1259.00
RCPT-20260129-00275,2,P-0004,"HP Laptop 15-fc0474AU 15.6"" FHD laptop (Ryzen 7)[512GB]",laptops,899.00,1,899.00
RCPT-20260129-00276,1,P-0049,"Lenovo Tab 10"" WUXGA 128GB Tablet with Clear Case",monitors,299.00,1,299.00
RCPT-20260129-00276,2,P-0048,"Samsung Galaxy Tab A11+ 11"" Wi-Fi 128GB (Grey)",monitors,379.00,1,379.00
RCPT-20260129-00276,3,P-0069,WD My Book 16TB External Hard Drive,hard_drive,679.00,1,679.00
RCPT-20260129-00276,4,P-0056,Netgear Nighthawk® Wi-Fi 6 AX1800 Router RAX9,wi_fi_routers,149.00,1,149.00
RCPT-20260129-00277,1,P-0043,"Lenovo Legion R34w-30 34"" WQHD 180Hz Curved Gaming Monitor",monitors,499.00,1,499.00
RCPT-20260129-00277,2,P-0071,Seagate Expansion Desktop 16TB Hard Drive,hard_drive,499.00,1,499.00
RCPT-20260129-00277,3,P-0063,Corsair VOID Wireless V2 Gaming Headset (Pink),gaming_headsets,199.00,1,199.00
RCPT-20260129-00277,4,P-0075,Samsung Portable T7 Shield SSD 4TB (Black),hard_drive,999.00,1,999.00
RCPT-20260129-00278,1,P-0049,"Lenovo Tab 10"" WUXGA 128GB Tablet with Clear Case",monitors,299.00,1,299.00
RCPT-20260129-00278,2,P-0010,"Dell DB16255 16"" WUXGA Copilot+ PC Laptop (Ryzen AI 5)[512GB]",laptops,1259.00,1,1259.00
RCPT-20260129-00278,3,P-0012,"ASUS Vivobook S16 16"" WQXGA Laptop (Copilot+ PC)[512GB]",laptops,1278.00,1,1278.00
RCPT-20260129-00279,1,P-0058,ASUS DSL-AX82U AX5400 Wi-Fi 6 Modem Router,wi_fi_routers,449.00,1,449.00
RCPT-20260129-00279,2,P-0001,"Dell 15 DC15255 15.6"" FHD 120Hz Laptop (Ryzen 3)[512GB]",laptops,629.00,1,629.00
RCPT-20260129-00279,3,P-0073,Samsung T7 Portable SSD Drive [1TB](Titan Gray),hard_drive,329.00,2,658.00
RCPT-20260130-00280,1,P-0010,"Dell DB16255 16"" WUXGA Copilot+ PC Laptop (Ryzen AI 5)[512GB]",laptops,1259.00,1,1259.00
RCPT-20260130-00280,2,P-0067,Epson WorkForce Pro WF-3825 Multifunction Printer,gaming_headsets,169.00,1,169.00
RCPT-20260130-00280,3,P-0050,Apple iPad 11-inch A16 128GB Wi-Fi (Blue),monitors,499.00,1,499.00
RCPT-20260130-00280,4,P-0012,"ASUS Vivobook S16 16"" WQXGA Laptop (Copilot+ PC)[512GB]",laptops,1278.00,1,1278.00
RCPT-20260130-00281,1,P-0034,"Generation Earth 14.1"" Recycled Berlin Laptop Backpack (Black)",bags,79.00,1,79.00
RCPT-20260130-00282,1,P-0075,Samsung Portable T7 Shield SSD 4TB (Black),hard_drive,999.00,1,999.00
RCPT-20260130-00282,2,P-0067,Epson WorkForce Pro WF-3825 Multifunction Printer,gaming_headsets,169.00,1,169.00
RCPT-20260130-00282,3,P-0003,"Lenovo IdeaPad S3i 15.6"" FHD Laptop (Intel Core i3)[512GB]",laptops,699.00,1,699.00
RCPT-20260130-00283,1,P-0060,TP-Link AC750 Wi-Fi Range Extender,wi_fi_routers,59.00,1,59.00
RCPT-20260130-00284,1,P-0060,TP-Link AC750 Wi-Fi Range Extender,wi_fi_routers,59.00,1,59.00
RCPT-20260130-00284,2,P-0060,TP-Link AC750 Wi-Fi Range Extender,wi_fi_routers,59.00,1,59.00
RCPT-20260130-00285,1,P-0070,Seagate Expansion Desktop 26TB Hard Drive,hard_drive,749.00,1,749.00
RCPT-20260130-00285,2,P-0003,"Lenovo IdeaPad S3i 15.6"" FHD Laptop (Intel Core i3)[512GB]",laptops,699.00,1,699.00
RCPT-20260130-00285,3,P-0004,"HP Laptop 15-fc0474AU 15.6"" FHD laptop (Ryzen 7)[512GB]",laptops,899.00,1,899.00
RCPT-20260130-00286,1,P-0055,ASUS RT-AX54HP V2 AX1800 Wi-Fi 6 Router,wi_fi_routers,179.00,1,179.00
RCPT-20260130-00286,2,P-0040,"AOC C27G4Z 27"" FHD 280Hz Curved Gaming Monitor",monitors,339.00,1,339.00
RCPT-20260130-00286,3,P-0037,"Lenovo Legion GB800 17"" Laptop Backpack (Black)",bags,199.00,1,199.00
RCPT-20260130-00287,1,P-0059,TP-Link AX3000 Mesh Wi-Fi 6 Range Extender,wi_fi_routers,149.00,1,149.00
RCPT-20260130-00287,2,P-0002,"HP Laptop 15-fc0433AU 15.6"" FHD Laptop (Ryzen 5)[512GB]",laptops,649.00,1,649.00
RCPT-20260130-00288,1,P-0067,Epson WorkForce Pro WF-3825 Multifunction Printer,gaming_headsets,169.00,1,169.00
RCPT-20260130-00288,2,P-0059,TP-Link AX3000 Mesh Wi-Fi 6 Range Extender,wi_fi_routers,149.00,1,149.00
RCPT-20260130-00288,3,P-0001,"Dell 15 DC15255 15.6"" FHD 120Hz Laptop (Ryzen 3)[512GB]",laptops,629.00,1,629.00
RCPT-20260130-00288,4,P-0063,Corsair VOID Wireless V2 Gaming Headset (Pink),gaming_headsets,199.00,1,199.00
RCPT-20260130-00289,1,P-0056,Netgear Nighthawk® Wi-Fi 6 AX1800 Router RAX9,wi_fi_routers,149.00,1,149.00
RCPT-20260130-00289,2,P-0019,"Lenovo IdeaPad Slim 3i 15.3"" 2K Laptop (Intel Core i7)[1TB]",laptops,1599.00,1,1599.00
RCPT-20260130-00289,3,P-0011,"Lenovo Ideapad 5 14"" WUXGA OLED 2-in-1 Laptop (Snapdragon X Plus)[1TB]",laptops,1274.00,1,1274.00
RCPT-20260131-00290,1,P-0071,Seagate Expansion Desktop 16TB Hard Drive,hard_drive,499.00,1,499.00
RCPT-20260131-00290,2,P-0005,"Asus VivoBook 15.6"" Full HD Thin & Light Laptop (1TB)[Intel Core i5",laptops,959.00,1,959.00
RCPT-20260131-00290,3,P-0005,"Asus VivoBook 15.6"" Full HD Thin & Light Laptop (1TB)[Intel Core i5",laptops,959.00,1,959.00
RCPT-20260131-00291,1,P-0034,"Generation Earth 14.1"" Recycled Berlin Laptop Backpack (Black)",bags,79.00,1,79.00
RCPT-20260131-00291,2,P-0036,"STM Tower View Folio 18"" Laptop Brief (Black)",bags,69.95,1,69.95
RCPT-20260131-00292,1,P-0062,RIG R5 SPEAR PRO HS Gaming Headset (Black),gaming_headsets,179.00,1,179.00
RCPT-20260131-00292,2,P-0060,TP-Link AC750 Wi-Fi Range Extender,wi_fi_routers,59.00,1,59.00
RCPT-20260131-00292,3,P-0059,TP-Link AX3000 Mesh Wi-Fi 6 Range Extender,wi_fi_routers,149.00,1,149.00
RCPT-20260131-00292,4,P-0067,Epson WorkForce Pro WF-3825 Multifunction Printer,gaming_headsets,169.00,1,169.00
RCPT-20260131-00293,1,P-0035,"Thule Gauntlet Macbook Pro Attache 14"" (Black)",bags,179.95,1,179.95
RCPT-20260131-00293,2,P-0002,"HP Laptop 15-fc0433AU 15.6"" FHD Laptop (Ryzen 5)[512GB]",laptops,649.00,1,649.00
RCPT-20260131-00294,1,P-0047,"AOC 16T20 15.6"" FHD USB-C Portable Monitor",monitors,179.00,1,179.00
RCPT-20260131-00294,2,P-0010,"Dell DB16255 16"" WUXGA Copilot+ PC Laptop (Ryzen AI 5)[512GB]",laptops,1259.00,1,1259.00
RCPT-20260131-00294,3,P-0050,Apple iPad 11-inch A16 128GB Wi-Fi (Blue),monitors,499.00,1,499.00
RCPT-20260131-00295,1,P-0071,Seagate Expansion Desktop 16TB Hard Drive,hard_drive,499.00,2,998.00
RCPT-20260131-00295,2,P-0067,Epson WorkForce Pro WF-3825 Multifunction Printer,gaming_headsets,169.00,1,169.00
RCPT-20260131-00295,3,P-0076,SanDisk® Creator Phone SSD with Magsafe 2TB,hard_drive,399.00,1,399.00
RCPT-20260131-00296,1,P-0065,HyperX Cloud Flight 2 Wire,gaming_headsets,219.00,1,219.00
RCPT-20260131-00296,2,P-0036,"STM Tower View Folio 18"" Laptop Brief (Black)",bags,69.95,1,69.95
RCPT-20260131-00296,3,P-0006,"HP OmniBook 5 NG AI PC 14-he0013QU 14"" WUXGA OLED Copilot+ PC Laptop (Snapdragon X1)[512GB/16GB]",laptops,1099.00,1,1099.00
RCPT-20260131-00296,4,P-0072,Sandisk E30 Portable SSD Drive (1TB),hard_drive,169.00,2,338.00
RCPT-20260131-00297,1,P-0060,TP-Link AC750 Wi-Fi Range Extender,wi_fi_routers,59.00,4,236.00
RCPT-20260131-00298,1,P-0076,SanDisk® Creator Phone SSD with Magsafe 2TB,hard_drive,399.00,1,399.00
RCPT-20260131-00298,2,P-0052,"Samsung Galaxy Tab A11+ 11"" 5G 128GB (Grey)",monitors,529.00,1,529.00
RCPT-20260131-00298,3,P-0049,"Lenovo Tab 10"" WUXGA 128GB Tablet with Clear Case",monitors,299.00,1,299.00
RCPT-20260131-00298,4,P-0058,ASUS DSL-AX82U AX5400 Wi-Fi 6 Modem Router,wi_fi_routers,449.00,1,449.00
RCPT-20260131-00299,1,P-0010,"Dell DB16255 16"" WUXGA Copilot+ PC Laptop (Ryzen AI 5)[512GB]",laptops,1259.00,1,1259.00
RCPT-20260131-00299,2,P-0036,"STM Tower View Folio 18"" Laptop Brief (Black)",bags,69.95,1,69.95
RCPT-20260131-00299,3,P-0066,AceZone A-Blaze Hybrid ANC Bluetooth Wireless PC Gaming Headset Black,gaming_headsets,356.15,1,356.15
RCPT-20260131-00300,1,P-0055,ASUS RT-AX54HP V2 AX1800 Wi-Fi 6 Router,wi_fi_routers,179.00,1,179.00
RCPT-20260131-00300,2,P-0076,SanDisk® Creator Phone SSD with Magsafe 2TB,hard_drive,399.00,1,399.00
RCPT-20260131-00300,3,P-0040,"AOC C27G4Z 27"" FHD 280Hz Curved Gaming Monitor",monitors,339.00,1,339.00
RCPT-20260131-00300,4,P-0064,Logitech G325 LIGHTSPEED Wireless Gaming Headset (White),gaming_headsets,199.00,1,199.00
RCPT-20260201-00301,1,P-0074,Samsung Portable SSD T7 Shield 1TB (Black),hard_drive,369.00,1,369.00
RCPT-20260201-00301,2,P-0039,"LG UltraGear 27G411A 27"" FHD 144Hz Gaming Monitor",monitors,229.00,2,458.00
RCPT-20260201-00301,3,P-0028,"Alienware 16 Aurora 16"" WQXGA 120Hz Gaming Laptop (Intel Core 7)[GeForce RTX 5060]",laptops,3499.00,1,3499.00
RCPT-20260201-00301,4,P-0063,Corsair VOID Wireless V2 Gaming Headset (Pink),gaming_headsets,199.00,1,199.00
RCPT-20260201-00302,1,P-0035,"Thule Gauntlet Macbook Pro Attache 14"" (Black)",bags,179.95,1,179.95
RCPT-20260201-00302,2,P-0045,"ASUS ROG Strix XG32UCWMG 32"" 4K 240Hz OLED Gaming Monitor",monitors,1999.00,1,1999.00
RCPT-20260201-00303,1,P-0037,"Lenovo Legion GB800 17"" Laptop Backpack (Black)",bags,199.00,1,199.00
RCPT-20260201-00303,2,P-0073,Samsung T7 Portable SSD Drive [1TB](Titan Gray),hard_drive,329.00,1,329.00
RCPT-20260201-00303,3,P-0072,Sandisk E30 Portable SSD Drive (1TB),hard_drive,169.00,1,169.00
RCPT-20260201-00303,4,P-0043,"Lenovo Legion R34w-30 34"" WQHD 180Hz Curved Gaming Monitor",monitors,499.00,1,499.00
RCPT-20260201-00304,1,P-0059,TP-Link AX3000 Mesh Wi-Fi 6 Range Extender,wi_fi_routers,149.00,1,149.00
RCPT-20260201-00304,2,P-0001,"Dell 15 DC15255 15.6"" FHD 120Hz Laptop (Ryzen 3)[512GB]",laptops,629.00,1,629.00
RCPT-20260201-00304,3,P-0071,Seagate Expansion Desktop 16TB Hard Drive,hard_drive,499.00,1,499.00
RCPT-20260201-00304,4,P-0061,Logitech G Astro A20X PLAYSYNC Wireless Headset (Black),gaming_headsets,349.00,1,349.00
RCPT-20260201-00305,1,P-0065,HyperX Cloud Flight 2 Wire,gaming_headsets,219.00,1,219.00
RCPT-20260201-00305,2,P-0057,Starlink Standard Kit (Latest Generation),wi_fi_routers,549.00,1,549.00
RCPT-20260201-00305,3,P-0009,"Dell 15 DC15250 15.6"" Full HD Laptop (Intel Core i5)[512GB]",laptops,1199.00,1,1199.00
RCPT-20260201-00306,1,P-0001,"Dell 15 DC15255 15.6"" FHD 120Hz Laptop (Ryzen 3)[512GB]",laptops,629.00,1,629.00
RCPT-20260201-00306,2,P-0040,"AOC C27G4Z 27"" FHD 280Hz Curved Gaming Monitor",monitors,339.00,1,339.00
RCPT-20260201-00307,1,P-0072,Sandisk E30 Portable SSD Drive (1TB),hard_drive,169.00,1,169.00
RCPT-20260201-00307,2,P-0060,TP-Link AC750 Wi-Fi Range Extender,wi_fi_routers,59.00,1,59.00
RCPT-20260201-00307,3,P-0041,"LG UltraGear 24G411A 24"" FHD 144Hz Gaming Monitor",monitors,189.00,2,378.00
RCPT-20260201-00307,4,P-0052,"Samsung Galaxy Tab A11+ 11"" 5G 128GB (Grey)",monitors,529.00,1,529.00
RCPT-20260201-00308,1,P-0052,"Samsung Galaxy Tab A11+ 11"" 5G 128GB (Grey)",monitors,529.00,1,529.00
RCPT-20260201-00308,2,P-0016,"Lenovo Yoga Slim 7i Aura Edition 14"" 2.8K OLED Laptop (Intel Core Ultra 5)[1TB]",laptops,1499.00,1,1499.00
RCPT-20260201-00308,3,P-0035,"Thule Gauntlet Macbook Pro Attache 14"" (Black)",bags,179.95,1,179.95
RCPT-20260201-00308,4,P-0021,"HP Victus 15-fa2364TX 15.6"" Full HD Gaming Laptop (Intel Core i7)[GeForce RTX 4050]",laptops,1899.00,1,1899.00
RCPT-20260201-00309,1,P-0034,"Generation Earth 14.1"" Recycled Berlin Laptop Backpack (Black)",bags,79.00,2,158.00
RCPT-20260201-00310,1,P-0040,"AOC C27G4Z 27"" FHD 280Hz Curved Gaming Monitor",monitors,339.00,1,339.00
RCPT-20260201-00310,2,P-0057,Starlink Standard Kit (Latest Generation),wi_fi_routers,549.00,1,549.00
RCPT-20260201-00310,3,P-0066,AceZone A-Blaze Hybrid ANC Bluetooth Wireless PC Gaming Headset Black,gaming_headsets,356.15,1,356.15
RCPT-20260201-00310,4,P-0036,"STM Tower View Folio 18"" Laptop Brief (Black)",bags,69.95,1,69.95
RCPT-20260201-00311,1,P-0041,"LG UltraGear 24G411A 24"" FHD 144Hz Gaming Monitor",monitors,189.00,1,189.00
RCPT-20260201-00311,2,P-0005,"Asus VivoBook 15.6"" Full HD Thin & Light Laptop (1TB)[Intel Core i5",laptops,959.00,1,959.00
RCPT-20260201-00311,3,P-0058,ASUS DSL-AX82U AX5400 Wi-Fi 6 Modem Router,wi_fi_routers,449.00,1,449.00
RCPT-20260201-00311,4,P-0011,"Lenovo Ideapad 5 14"" WUXGA OLED 2-in-1 Laptop (Snapdragon X Plus)[1TB]",laptops,1274.00,1,1274.00
RCPT-20260201-00312,1,P-0065,HyperX Cloud Flight 2 Wire,gaming_headsets,219.00,1,219.00
RCPT-20260201-00312,2,P-0006,"HP OmniBook 5 NG AI PC 14-he0013QU 14"" WUXGA OLED Copilot+ PC Laptop (Snapdragon X1)[512GB/16GB]",laptops,1099.00,1,1099.00
RCPT-20260201-00312,3,P-0074,Samsung Portable SSD T7 Shield 1TB (Black),hard_drive,369.00,1,369.00
RCPT-20260201-00313,1,P-0035,"Thule Gauntlet Macbook Pro Attache 14"" (Black)",bags,179.95,1,179.95
RCPT-20260201-00313,2,P-0066,AceZone A-Blaze Hybrid ANC Bluetooth Wireless PC Gaming Headset Black,gaming_headsets,356.15,1,356.15
RCPT-20260201-00313,3,P-0010,"Dell DB16255 16"" WUXGA Copilot+ PC Laptop (Ryzen AI 5)[512GB]",laptops,1259.00,1,1259.00
RCPT-20260201-00313,4,P-0070,Seagate Expansion Desktop 26TB Hard Drive,hard_drive,749.00,1,749.00
RCPT-20260201-00314,1,P-0049,"Lenovo Tab 10"" WUXGA 128GB Tablet with Clear Case",monitors,299.00,2,598.00
RCPT-20260201-00315,1,P-0060,TP-Link AC750 Wi-Fi Range Extender,wi_fi_routers,59.00,3,177.00
RCPT-20260201-00315,2,P-0042,"LG UltraGear 34G600A 34"" WQHD",monitors,699.00,2,1398.00
RCPT-20260201-00316,1,P-0005,"Asus VivoBook 15.6"" Full HD Thin & Light Laptop (1TB)[Intel Core i5",laptops,959.00,1,959.00
RCPT-20260201-00316,2,P-0036,"STM Tower View Folio 18"" Laptop Brief (Black)",bags,69.95,1,69.95
RCPT-20260201-00316,3,P-0049,"Lenovo Tab 10"" WUXGA 128GB Tablet with Clear Case",monitors,299.00,1,299.00
RCPT-20260201-00316,4,P-0064,Logitech G325 LIGHTSPEED Wireless Gaming Headset (White),gaming_headsets,199.00,1,199.00
RCPT-20260201-00317,1,P-0048,"Samsung Galaxy Tab A11+ 11"" Wi-Fi 128GB (Grey)",monitors,379.00,1,379.00
RCPT-20260201-00317,2,P-0060,TP-Link AC750 Wi-Fi Range Extender,wi_fi_routers,59.00,1,59.00
RCPT-20260201-00317,3,P-0039,"LG UltraGear 27G411A 27"" FHD 144Hz Gaming Monitor",monitors,229.00,1,229.00
RCPT-20260201-00317,4,P-0038,"Blaupunkt BP27GM240 27"" FHD 240Hz Curved Gaming Monitor",monitors,399.00,1,399.00
RCPT-20260202-00318,1,P-0047,"AOC 16T20 15.6"" FHD USB-C Portable Monitor",monitors,179.00,1,179.00
RCPT-20260202-00318,2,P-0017,"MSI Modern 15 H AI 15.6"" FHD 60Hz Laptop (Intel Core Ultra 9) [1TB]",laptops,1499.00,1,1499.00
RCPT-20260202-00318,3,P-0004,"HP Laptop 15-fc0474AU 15.6"" FHD laptop (Ryzen 7)[512GB]",laptops,899.00,1,899.00
RCPT-20260202-00319,1,P-0068,Canon TS7760 Pixma Home Printer,gaming_headsets,139.00,1,139.00
RCPT-20260202-00319,2,P-0001,"Dell 15 DC15255 15.6"" FHD 120Hz Laptop (Ryzen 3)[512GB]",laptops,629.00,1,629.00
RCPT-20260202-00320,1,P-0074,Samsung Portable SSD T7 Shield 1TB (Black),hard_drive,369.00,1,369.00
RCPT-20260202-00320,2,P-0047,"AOC 16T20 15.6"" FHD USB-C Portable Monitor",monitors,179.00,1,179.00
RCPT-20260202-00320,3,P-0049,"Lenovo Tab 10"" WUXGA 128GB Tablet with Clear Case",monitors,299.00,1,299.00
RCPT-20260202-00321,1,P-0042,"LG UltraGear 34G600A 34"" WQHD",monitors,699.00,1,699.00
RCPT-20260202-00321,2,P-0071,Seagate Expansion Desktop 16TB Hard Drive,hard_drive,499.00,1,499.00
RCPT-20260202-00321,3,P-0010,"Dell DB16255 16"" WUXGA Copilot+ PC Laptop (Ryzen AI 5)[512GB]",laptops,1259.00,1,1259.00
RCPT-20260202-00322,1,P-0068,Canon TS7760 Pixma Home Printer,gaming_headsets,139.00,1,139.00
RCPT-20260202-00322,2,P-0042,"LG UltraGear 34G600A 34"" WQHD",monitors,699.00,1,699.00
RCPT-20260202-00322,3,P-0041,"LG UltraGear 24G411A 24"" FHD 144Hz Gaming Monitor",monitors,189.00,1,189.00
RCPT-20260202-00322,4,P-0075,Samsung Portable T7 Shield SSD 4TB (Black),hard_drive,999.00,1,999.00
RCPT-20260202-00323,1,P-0058,ASUS DSL-AX82U AX5400 Wi-Fi 6 Modem Router,wi_fi_routers,449.00,1,449.00
RCPT-20260202-00323,2,P-0076,SanDisk® Creator Phone SSD with Magsafe 2TB,hard_drive,399.00,2,798.00
RCPT-20260202-00324,1,P-0051,"Samsung Galaxy Tab S10 FE+ 13.1"" Wi-Fi 128GB (Grey)",monitors,1099.00,1,1099.00
RCPT-20260202-00324,2,P-0043,"Lenovo Legion R34w-30 34"" WQHD 180Hz Curved Gaming Monitor",monitors,499.00,1,499.00
RCPT-20260202-00325,1,P-0040,"AOC C27G4Z 27"" FHD 280Hz Curved Gaming Monitor",monitors,339.00,1,339.00
RCPT-20260202-00325,2,P-0059,TP-Link AX3000 Mesh Wi-Fi 6 Range Extender,wi_fi_routers,149.00,1,149.00
RCPT-20260202-00325,3,P-0063,Corsair VOID Wireless V2 Gaming Headset (Pink),gaming_headsets,199.00,1,199.00
RCPT-20260202-00325,4,P-0037,"Lenovo Legion GB800 17"" Laptop Backpack (Black)",bags,199.00,1,199.00
RCPT-20260202-00326,1,P-0058,ASUS DSL-AX82U AX5400 Wi-Fi 6 Modem Router,wi_fi_routers,449.00,1,449.00
RCPT-20260202-00326,2,P-0049,"Lenovo Tab 10"" WUXGA 128GB Tablet with Clear Case",monitors,299.00,2,598.00
RCPT-20260202-00326,3,P-0041,"LG UltraGear 24G411A 24"" FHD 144Hz Gaming Monitor",monitors,189.00,1,189.00
RCPT-20260202-00326,4,P-0071,Seagate Expansion Desktop 16TB Hard Drive,hard_drive,499.00,1,499.00
RCPT-20260202-00327,1,P-0036,"STM Tower View Folio 18"" Laptop Brief (Black)",bags,69.95,1,69.95
RCPT-20260202-00327,2,P-0034,"Generation Earth 14.1"" Recycled Berlin Laptop Backpack (Black)",bags,79.00,4,316.00
RCPT-20260202-00328,1,P-0017,"MSI Modern 15 H AI 15.6"" FHD 60Hz Laptop (Intel Core Ultra 9) [1TB]",laptops,1499.00,1,1499.00
RCPT-20260202-00328,2,P-0009,"Dell 15 DC15250 15.6"" Full HD Laptop (Intel Core i5)[512GB]",laptops,1199.00,1,1199.00
RCPT-20260202-00329,1,P-0036,"STM Tower View Folio 18"" Laptop Brief (Black)",bags,69.95,1,69.95
RCPT-20260202-00329,2,P-0018,"MSI Modern 15 H AI 15.6"" FHD 60Hz Laptop (Intel Core Ultra 7) [1TB]",laptops,1499.00,1,1499.00
RCPT-20260202-00329,3,P-0075,Samsung Portable T7 Shield SSD 4TB (Black),hard_drive,999.00,1,999.00
RCPT-20260202-00329,4,P-0064,Logitech G325 LIGHTSPEED Wireless Gaming Headset (White),gaming_headsets,199.00,1,199.00
RCPT-20260202-00330,1,P-0043,"Lenovo Legion R34w-30 34"" WQHD 180Hz Curved Gaming Monitor",monitors,499.00,1,499.00
RCPT-20260202-00330,2,P-0054,TP-Link AX3000 Gigabit Wi-Fi 6 Router,wi_fi_routers,159.00,1,159.00
RCPT-20260202-00330,3,P-0046,"LG 31.5"" QHD 100Hz IPS Super Slim Stand Monitor with USB-C",monitors,389.00,1,389.00
RCPT-20260202-00330,4,P-0061,Logitech G Astro A20X PLAYSYNC Wireless Headset (Black),gaming_headsets,349.00,1,349.00
RCPT-20260202-00331,1,P-0052,"Samsung Galaxy Tab A11+ 11"" 5G 128GB (Grey)",monitors,529.00,1,529.00
RCPT-20260202-00331,2,P-0001,"Dell 15 DC15255 15.6"" FHD 120Hz Laptop (Ryzen 3)[512GB]",laptops,629.00,1,629.00
RCPT-20260202-00332,1,P-0076,SanDisk® Creator Phone SSD with Magsafe 2TB,hard_drive,399.00,1,399.00
RCPT-20260202-00332,2,P-0055,ASUS RT-AX54HP V2 AX1800 Wi-Fi 6 Router,wi_fi_routers,179.00,1,179.00
RCPT-20260202-00332,3,P-0074,Samsung Portable SSD T7 Shield 1TB (Black),hard_drive,369.00,1,369.00
RCPT-20260203-00333,1,P-0036,"STM Tower View Folio 18"" Laptop Brief (Black)",bags,69.95,1,69.95
RCPT-20260203-00333,2,P-0004,"HP Laptop 15-fc0474AU 15.6"" FHD laptop (Ryzen 7)[512GB]",laptops,899.00,2,1798.00
RCPT-20260203-00334,1,P-0066,AceZone A-Blaze Hybrid ANC Bluetooth Wireless PC Gaming Headset Black,gaming_headsets,356.15,1,356.15
RCPT-20260203-00334,2,P-0064,Logitech G325 LIGHTSPEED Wireless Gaming Headset (White),gaming_headsets,199.00,1,199.00
RCPT-20260203-00334,3,P-0071,Seagate Expansion Desktop 16TB Hard Drive,hard_drive,499.00,2,998.00
RCPT-20260203-00335,1,P-0069,WD My Book 16TB External Hard Drive,hard_drive,679.00,1,679.00
RCPT-20260203-00335,2,P-0048,"Samsung Galaxy Tab A11+ 11"" Wi-Fi 128GB (Grey)",monitors,379.00,1,379.00
RCPT-20260203-00336,1,P-0070,Seagate Expansion Desktop 26TB Hard Drive,hard_drive,749.00,1,749.00
RCPT-20260203-00336,2,P-0007,"Dell Inspiron 14 7440 14"" WQXGA 2-in-1 Laptop (Intel Core i5)[512GB/16GB]",laptops,1199.00,1,1199.00
RCPT-20260203-00337,1,P-0016,"Lenovo Yoga Slim 7i Aura Edition 14"" 2.8K OLED Laptop (Intel Core Ultra 5)[1TB]",laptops,1499.00,1,1499.00
RCPT-20260203-00337,2,P-0017,"MSI Modern 15 H AI 15.6"" FHD 60Hz Laptop (Intel Core Ultra 9) [1TB]",laptops,1499.00,1,1499.00
RCPT-20260203-00338,1,P-0001,"Dell 15 DC15255 15.6"" FHD 120Hz Laptop (Ryzen 3)[512GB]",laptops,629.00,1,629.00
RCPT-20260203-00338,2,P-0055,ASUS RT-AX54HP V2 AX1800 Wi-Fi 6 Router,wi_fi_routers,179.00,1,179.00
RCPT-20260203-00339,1,P-0041,"LG UltraGear 24G411A 24"" FHD 144Hz Gaming Monitor",monitors,189.00,1,189.00
RCPT-20260203-00339,2,P-0059,TP-Link AX3000 Mesh Wi-Fi 6 Range Extender,wi_fi_routers,149.00,2,298.00
RCPT-20260203-00339,3,P-0036,"STM Tower View Folio 18"" Laptop Brief (Black)",bags,69.95,1,69.95
RCPT-20260203-00339,4,P-0043,"Lenovo Legion R34w-30 34"" WQHD 180Hz Curved Gaming Monitor",monitors,499.00,1,499.00
RCPT-20260203-00340,1,P-0009,"Dell 15 DC15250 15.6"" Full HD Laptop (Intel Core i5)[512GB]",laptops,1199.00,1,1199.00
RCPT-20260203-00340,2,P-0003,"Lenovo IdeaPad S3i 15.6"" FHD Laptop (Intel Core i3)[512GB]",laptops,699.00,1,699.00
RCPT-20260203-00341,1,P-0047,"AOC 16T20 15.6"" FHD USB-C Portable Monitor",monitors,179.00,1,179.00
RCPT-20260203-00341,2,P-0062,RIG R5 SPEAR PRO HS Gaming Headset (Black),gaming_headsets,179.00,2,358.00
RCPT-20260203-00341,3,P-0063,Corsair VOID Wireless V2 Gaming Headset (Pink),gaming_headsets,199.00,1,199.00
RCPT-20260203-00341,4,P-0061,Logitech G Astro A20X PLAYSYNC Wireless Headset (Black),gaming_headsets,349.00,1,349.00
RCPT-20260203-00342,1,P-0057,Starlink Standard Kit (Latest Generation),wi_fi_routers,549.00,1,549.00
RCPT-20260203-00342,2,P-0074,Samsung Portable SSD T7 Shield 1TB (Black),hard_drive,369.00,1,369.00
RCPT-20260203-00342,3,P-0062,RIG R5 SPEAR PRO HS Gaming Headset (Black),gaming_headsets,179.00,1,179.00
RCPT-20260203-00342,4,P-0037,"Lenovo Legion GB800 17"" Laptop Backpack (Black)",bags,199.00,1,199.00
RCPT-20260203-00343,1,P-0054,TP-Link AX3000 Gigabit Wi-Fi 6 Router,wi_fi_routers,159.00,1,159.00
RCPT-20260203-00343,2,P-0003,"Lenovo IdeaPad S3i 15.6"" FHD Laptop (Intel Core i3)[512GB]",laptops,699.00,1,699.00
RCPT-20260203-00343,3,P-0009,"Dell 15 DC15250 15.6"" Full HD Laptop (Intel Core i5)[512GB]",laptops,1199.00,1,1199.00
RCPT-20260203-00344,1,P-0062,RIG R5 SPEAR PRO HS Gaming Headset (Black),gaming_headsets,179.00,1,179.00
RCPT-20260203-00344,2,P-0004,"HP Laptop 15-fc0474AU 15.6"" FHD laptop (Ryzen 7)[512GB]",laptops,899.00,1,899.00
RCPT-20260203-00344,3,P-0066,AceZone A-Blaze Hybrid ANC Bluetooth Wireless PC Gaming Headset Black,gaming_headsets,356.15,1,356.15
RCPT-20260203-00345,1,P-0061,Logitech G Astro A20X PLAYSYNC Wireless Headset (Black),gaming_headsets,349.00,1,349.00
RCPT-20260203-00345,2,P-0036,"STM Tower View Folio 18"" Laptop Brief (Black)",bags,69.95,3,209.85
RCPT-20260203-00345,3,P-0073,Samsung T7 Portable SSD Drive [1TB](Titan Gray),hard_drive,329.00,1,329.00
RCPT-20260203-00346,1,P-0048,"Samsung Galaxy Tab A11+ 11"" Wi-Fi 128GB (Grey)",monitors,379.00,1,379.00
RCPT-20260203-00346,2,P-0047,"AOC 16T20 15.6"" FHD USB-C Portable Monitor",monitors,179.00,1,179.00
RCPT-20260203-00346,3,P-0076,SanDisk® Creator Phone SSD with Magsafe 2TB,hard_drive,399.00,1,399.00
RCPT-20260203-00347,1,P-0060,TP-Link AC750 Wi-Fi Range Extender,wi_fi_routers,59.00,1,59.00
RCPT-20260203-00347,2,P-0056,Netgear Nighthawk® Wi-Fi 6 AX1800 Router RAX9,wi_fi_routers,149.00,1,149.00
RCPT-20260203-00347,3,P-0043,"Lenovo Legion R34w-30 34"" WQHD 180Hz Curved Gaming Monitor",monitors,499.00,2,998.00
RCPT-20260203-00347,4,P-0063,Corsair VOID Wireless V2 Gaming Headset (Pink),gaming_headsets,199.00,2,398.00
RCPT-20260203-00348,1,P-0067,Epson WorkForce Pro WF-3825 Multifunction Printer,gaming_headsets,169.00,1,169.00
RCPT-20260203-00348,2,P-0071,Seagate Expansion Desktop 16TB Hard Drive,hard_drive,499.00,1,499.00
RCPT-20260203-00348,3,P-0056,Netgear Nighthawk® Wi-Fi 6 AX1800 Router RAX9,wi_fi_routers,149.00,1,149.00
RCPT-20260203-00348,4,P-0052,"Samsung Galaxy Tab A11+ 11"" 5G 128GB (Grey)",monitors,529.00,1,529.00
RCPT-20260203-00349,1,P-0055,ASUS RT-AX54HP V2 AX1800 Wi-Fi 6 Router,wi_fi_routers,179.00,1,179.00
RCPT-20260203-00349,2,P-0055,ASUS RT-AX54HP V2 AX1800 Wi-Fi 6 Router,wi_fi_routers,179.00,2,358.00
RCPT-20260203-00349,3,P-0072,Sandisk E30 Portable SSD Drive (1TB),hard_drive,169.00,1,169.00
RCPT-20260203-00350,1,P-0036,"STM Tower View Folio 18"" Laptop Brief (Black)",bags,69.95,1,69.95
RCPT-20260203-00350,2,P-0071,Seagate Expansion Desktop 16TB Hard Drive,hard_drive,499.00,2,998.00
RCPT-20260203-00351,1,P-0060,TP-Link AC750 Wi-Fi Range Extender,wi_fi_routers,59.00,1,59.00
RCPT-20260204-00352,1,P-0060,TP-Link AC750 Wi-Fi Range Extender,wi_fi_routers,59.00,1,59.00
RCPT-20260204-00352,2,P-0006,"HP OmniBook 5 NG AI PC 14-he0013QU 14"" WUXGA OLED Copilot+ PC Laptop (Snapdragon X1)[512GB/16GB]",laptops,1099.00,1,1099.00
RCPT-20260204-00352,3,P-0053,Apple iPad Air 13-inch M3 128GB Wi-Fi (Space Grey),monitors,1347.00,1,1347.00
RCPT-20260204-00353,1,P-0075,Samsung Portable T7 Shield SSD 4TB (Black),hard_drive,999.00,1,999.00
RCPT-20260204-00353,2,P-0029,"HP OmniBook Ultra 14"" 2.2K Laptop (Ryzen 9 AI HX 375)[1TB]",laptops,3699.00,1,3699.00
RCPT-20260204-00354,1,P-0070,Seagate Expansion Desktop 26TB Hard Drive,hard_drive,749.00,1,749.00
RCPT-20260204-00354,2,P-0038,"Blaupunkt BP27GM240 27"" FHD 240Hz Curved Gaming Monitor",monitors,399.00,1,399.00
RCPT-20260204-00355,1,P-0060,TP-Link AC750 Wi-Fi Range Extender,wi_fi_routers,59.00,4,236.00
RCPT-20260204-00355,2,P-0040,"AOC C27G4Z 27"" FHD 280Hz Curved Gaming Monitor",monitors,339.00,1,339.00
RCPT-20260204-00355,3,P-0042,"LG UltraGear 34G600A 34"" WQHD",monitors,699.00,1,699.00
RCPT-20260204-00355,4,P-0047,"AOC 16T20 15.6"" FHD USB-C Portable Monitor",monitors,179.00,1,179.00
RCPT-20260204-00356,1,P-0002,"HP Laptop 15-fc0433AU 15.6"" FHD Laptop (Ryzen 5)[512GB]",laptops,649.00,1,649.00
RCPT-20260204-00356,2,P-0046,"LG 31.5"" QHD 100Hz IPS Super Slim Stand Monitor with USB-C",monitors,389.00,2,778.00
RCPT-20260204-00357,1,P-0034,"Generation Earth 14.1"" Recycled Berlin Laptop Backpack (Black)",bags,79.00,1,79.00
RCPT-20260204-00357,2,P-0034,"Generation Earth 14.1"" Recycled Berlin Laptop Backpack (Black)",bags,79.00,1,79.00
RCPT-20260204-00358,1,P-0060,TP-Link AC750 Wi-Fi Range Extender,wi_fi_routers,59.00,1,59.00
RCPT-20260204-00359,1,P-0043,"Lenovo Legion R34w-30 34"" WQHD 180Hz Curved Gaming Monitor",monitors,499.00,1,499.00
RCPT-20260204-00359,2,P-0055,ASUS RT-AX54HP V2 AX1800 Wi-Fi 6 Router,wi_fi_routers,179.00,1,179.00
RCPT-20260204-00360,1,P-0041,"LG UltraGear 24G411A 24"" FHD 144Hz Gaming Monitor",monitors,189.00,2,378.00
RCPT-20260204-00360,2,P-0048,"Samsung Galaxy Tab A11+ 11"" Wi-Fi 128GB (Grey)",monitors,379.00,2,758.00
RCPT-20260204-00360,3,P-0007,"Dell Inspiron 14 7440 14"" WQXGA 2-in-1 Laptop (Intel Core i5)[512GB/16GB]",laptops,1199.00,2,2398.00
RCPT-20260204-00361,1,P-0003,"Lenovo IdeaPad S3i 15.6"" FHD Laptop (Intel Core i3)[512GB]",laptops,699.00,1,699.00
RCPT-20260204-00361,2,P-0061,Logitech G Astro A20X PLAYSYNC Wireless Headset (Black),gaming_headsets,349.00,1,349.00
RCPT-20260204-00361,3,P-0059,TP-Link AX3000 Mesh Wi-Fi 6 Range Extender,wi_fi_routers,149.00,1,149.00
RCPT-20260204-00361,4,P-0035,"Thule Gauntlet Macbook Pro Attache 14"" (Black)",bags,179.95,1,179.95
RCPT-20260204-00362,1,P-0073,Samsung T7 Portable SSD Drive [1TB](Titan Gray),hard_drive,329.00,2,658.00
RCPT-20260204-00362,2,P-0002,"HP Laptop 15-fc0433AU 15.6"" FHD Laptop (Ryzen 5)[512GB]",laptops,649.00,2,1298.00
RCPT-20260204-00363,1,P-0061,Logitech G Astro A20X PLAYSYNC Wireless Headset (Black),gaming_headsets,349.00,1,349.00
RCPT-20260204-00363,2,P-0068,Canon TS7760 Pixma Home Printer,gaming_headsets,139.00,1,139.00
RCPT-20260204-00363,3,P-0054,TP-Link AX3000 Gigabit Wi-Fi 6 Router,wi_fi_routers,159.00,1,159.00
RCPT-20260204-00363,4,P-0034,"Generation Earth 14.1"" Recycled Berlin Laptop Backpack (Black)",bags,79.00,1,79.00
RCPT-20260204-00364,1,P-0018,"MSI Modern 15 H AI 15.6"" FHD 60Hz Laptop (Intel Core Ultra 7) [1TB]",laptops,1499.00,1,1499.00
RCPT-20260204-00364,2,P-0042,"LG UltraGear 34G600A 34"" WQHD",monitors,699.00,2,1398.00
RCPT-20260204-00365,1,P-0040,"AOC C27G4Z 27"" FHD 280Hz Curved Gaming Monitor",monitors,339.00,1,339.00
RCPT-20260204-00365,2,P-0058,ASUS DSL-AX82U AX5400 Wi-Fi 6 Modem Router,wi_fi_routers,449.00,1,449.00
RCPT-20260205-00366,1,P-0074,Samsung Portable SSD T7 Shield 1TB (Black),hard_drive,369.00,1,369.00
RCPT-20260205-00366,2,P-0050,Apple iPad 11-inch A16 128GB Wi-Fi (Blue),monitors,499.00,1,499.00
RCPT-20260205-00367,1,P-0072,Sandisk E30 Portable SSD Drive (1TB),hard_drive,169.00,1,169.00
RCPT-20260205-00367,2,P-0053,Apple iPad Air 13-inch M3 128GB Wi-Fi (Space Grey),monitors,1347.00,1,1347.00
RCPT-20260205-00368,1,P-0027,"MSI Prestige A16 AI+ 16"" UHD+ OLED Laptop (Ryzen 9) [1TB]",laptops,3099.00,1,3099.00
RCPT-20260205-00369,1,P-0006,"HP OmniBook 5 NG AI PC 14-he0013QU 14"" WUXGA OLED Copilot+ PC Laptop (Snapdragon X1)[512GB/16GB]",laptops,1099.00,1,1099.00
RCPT-20260205-00369,2,P-0069,WD My Book 16TB External Hard Drive,hard_drive,679.00,1,679.00
RCPT-20260205-00369,3,P-0035,"Thule Gauntlet Macbook Pro Attache 14"" (Black)",bags,179.95,1,179.95
RCPT-20260205-00369,4,P-0064,Logitech G325 LIGHTSPEED Wireless Gaming Headset (White),gaming_headsets,199.00,1,199.00
RCPT-20260205-00370,1,P-0052,"Samsung Galaxy Tab A11+ 11"" 5G 128GB (Grey)",monitors,529.00,1,529.00
RCPT-20260205-00370,2,P-0007,"Dell Inspiron 14 7440 14"" WQXGA 2-in-1 Laptop (Intel Core i5)[512GB/16GB]",laptops,1199.00,1,1199.00
RCPT-20260205-00370,3,P-0062,RIG R5 SPEAR PRO HS Gaming Headset (Black),gaming_headsets,179.00,1,179.00
RCPT-20260205-00370,4,P-0044,"Samsung Odyssey G91SD 49"" DQHD 144Hz OLED Curved Gaming Monitor",monitors,1999.00,1,1999.00
RCPT-20260205-00371,1,P-0036,"STM Tower View Folio 18"" Laptop Brief (Black)",bags,69.95,2,139.90
RCPT-20260205-00371,2,P-0042,"LG UltraGear 34G600A 34"" WQHD",monitors,699.00,1,699.00
RCPT-20260205-00372,1,P-0060,TP-Link AC750 Wi-Fi Range Extender,wi_fi_routers,59.00,2,118.00
RCPT-20260205-00373,1,P-0056,Netgear Nighthawk® Wi-Fi 6 AX1800 Router RAX9,wi_fi_routers,149.00,2,298.00
RCPT-20260205-00373,2,P-0047,"AOC 16T20 15.6"" FHD USB-C Portable Monitor",monitors,179.00,1,179.00
RCPT-20260205-00373,3,P-0003,"Lenovo IdeaPad S3i 15.6"" FHD Laptop (Intel Core i3)[512GB]",laptops,699.00,1,699.00
RCPT-20260205-00373,4,P-0048,"Samsung Galaxy Tab A11+ 11"" Wi-Fi 128GB (Grey)",monitors,379.00,1,379.00
RCPT-20260205-00374,1,P-0063,Corsair VOID Wireless V2 Gaming Headset (Pink),gaming_headsets,199.00,1,199.00
RCPT-20260205-00374,2,P-0046,"LG 31.5"" QHD 100Hz IPS Super Slim Stand Monitor with USB-C",monitors,389.00,1,389.00
RCPT-20260205-00374,3,P-0041,"LG UltraGear 24G411A 24"" FHD 144Hz Gaming Monitor",monitors,189.00,2,378.00
RCPT-20260205-00375,1,P-0065,HyperX Cloud Flight 2 Wire,gaming_headsets,219.00,1,219.00
RCPT-20260205-00375,2,P-0066,AceZone A-Blaze Hybrid ANC Bluetooth Wireless PC Gaming Headset Black,gaming_headsets,356.15,1,356.15
RCPT-20260205-00375,3,P-0001,"Dell 15 DC15255 15.6"" FHD 120Hz Laptop (Ryzen 3)[512GB]",laptops,629.00,1,629.00
RCPT-20260205-00376,1,P-0060,TP-Link AC750 Wi-Fi Range Extender,wi_fi_routers,59.00,4,236.00
RCPT-20260205-00377,1,P-0055,ASUS RT-AX54HP V2 AX1800 Wi-Fi 6 Router,wi_fi_routers,179.00,1,179.00
RCPT-20260205-00377,2,P-0056,Netgear Nighthawk® Wi-Fi 6 AX1800 Router RAX9,wi_fi_routers,149.00,1,149.00
RCPT-20260205-00377,3,P-0054,TP-Link AX3000 Gigabit Wi-Fi 6 Router,wi_fi_routers,159.00,1,159.00
RCPT-20260205-00377,4,P-0050,Apple iPad 11-inch A16 128GB Wi-Fi (Blue),monitors,499.00,2,998.00
RCPT-20260205-00378,1,P-0072,Sandisk E30 Portable SSD Drive (1TB),hard_drive,169.00,1,169.00
RCPT-20260205-00378,2,P-0060,TP-Link AC750 Wi-Fi Range Extender,wi_fi_routers,59.00,3,177.00
RCPT-20260205-00378,3,P-0050,Apple iPad 11-inch A16 128GB Wi-Fi (Blue),monitors,499.00,1,499.00
RCPT-20260205-00378,4,P-0014,"Microsoft Surface Pro Copilot+ PC 12"" Snapdragon X Plus 8 core/16GB/512GB (Violet)",laptops,1399.00,1,1399.00
RCPT-20260205-00379,1,P-0076,SanDisk® Creator Phone SSD with Magsafe 2TB,hard_drive,399.00,1,399.00
RCPT-20260205-00379,2,P-0073,Samsung T7 Portable SSD Drive [1TB](Titan Gray),hard_drive,329.00,1,329.00
RCPT-20260205-00379,3,P-0066,AceZone A-Blaze Hybrid ANC Bluetooth Wireless PC Gaming Headset Black,gaming_headsets,356.15,1,356.15
RCPT-20260205-00379,4,P-0041,"LG UltraGear 24G411A 24"" FHD 144Hz Gaming Monitor",monitors,189.00,1,189.00
RCPT-20260205-00380,1,P-0060,TP-Link AC750 Wi-Fi Range Extender,wi_fi_routers,59.00,1,59.00
RCPT-20260205-00380,2,P-0037,"Lenovo Legion GB800 17"" Laptop Backpack (Black)",bags,199.00,2,398.00
RCPT-20260205-00380,3,P-0001,"Dell 15 DC15255 15.6"" FHD 120Hz Laptop (Ryzen 3)[512GB]",laptops,629.00,1,629.00
RCPT-20260205-00380,4,P-0057,Starlink Standard Kit (Latest Generation),wi_fi_routers,549.00,1,549.00
RCPT-20260205-00381,1,P-0076,SanDisk® Creator Phone SSD with Magsafe 2TB,hard_drive,399.00,1,399.00
RCPT-20260205-00381,2,P-0048,"Samsung Galaxy Tab A11+ 11"" Wi-Fi 128GB (Grey)",monitors,379.00,1,379.00
RCPT-20260206-00382,1,P-0002,"HP Laptop 15-fc0433AU 15.6"" FHD Laptop (Ryzen 5)[512GB]",laptops,649.00,1,649.00
RCPT-20260206-00382,2,P-0048,"Samsung Galaxy Tab A11+ 11"" Wi-Fi 128GB (Grey)",monitors,379.00,1,379.00
RCPT-20260206-00383,1,P-0060,TP-Link AC750 Wi-Fi Range Extender,wi_fi_routers,59.00,3,177.00
RCPT-20260206-00384,1,P-0057,Starlink Standard Kit (Latest Generation),wi_fi_routers,549.00,1,549.00
RCPT-20260206-00384,2,P-0043,"Lenovo Legion R34w-30 34"" WQHD 180Hz Curved Gaming Monitor",monitors,499.00,1,499.00
RCPT-20260206-00385,1,P-0054,TP-Link AX3000 Gigabit Wi-Fi 6 Router,wi_fi_routers,159.00,1,159.00
RCPT-20260206-00385,2,P-0058,ASUS DSL-AX82U AX5400 Wi-Fi 6 Modem Router,wi_fi_routers,449.00,1,449.00
RCPT-20260206-00385,3,P-0055,ASUS RT-AX54HP V2 AX1800 Wi-Fi 6 Router,wi_fi_routers,179.00,1,179.00
RCPT-20260206-00386,1,P-0034,"Generation Earth 14.1"" Recycled Berlin Laptop Backpack (Black)",bags,79.00,3,237.00
RCPT-20260206-00387,1,P-0013,"HP Envy x360 14-fc0189TU 14"" WUXGA 2-in-1 Laptop (Intel Core Ultra 5)[512GB]",laptops,1299.00,1,1299.00
RCPT-20260206-00387,2,P-0069,WD My Book 16TB External Hard Drive,hard_drive,679.00,2,1358.00
RCPT-20260206-00388,1,P-0060,TP-Link AC750 Wi-Fi Range Extender,wi_fi_routers,59.00,1,59.00
RCPT-20260206-00389,1,P-0013,"HP Envy x360 14-fc0189TU 14"" WUXGA 2-in-1 Laptop (Intel Core Ultra 5)[512GB]",laptops,1299.00,1,1299.00
RCPT-20260206-00389,2,P-0037,"Lenovo Legion GB800 17"" Laptop Backpack (Black)",bags,199.00,1,199.00
RCPT-20260206-00390,1,P-0074,Samsung Portable SSD T7 Shield 1TB (Black),hard_drive,369.00,1,369.00
RCPT-20260206-00390,2,P-0039,"LG UltraGear 27G411A 27"" FHD 144Hz Gaming Monitor",monitors,229.00,1,229.00
RCPT-20260206-00390,3,P-0060,TP-Link AC750 Wi-Fi Range Extender,wi_fi_routers,59.00,1,59.00
RCPT-20260206-00390,4,P-0055,ASUS RT-AX54HP V2 AX1800 Wi-Fi 6 Router,wi_fi_routers,179.00,1,179.00
RCPT-20260206-00391,1,P-0060,TP-Link AC750 Wi-Fi Range Extender,wi_fi_routers,59.00,1,59.00
RCPT-20260206-00391,2,P-0036,"STM Tower View Folio 18"" Laptop Brief (Black)",bags,69.95,1,69.95
RCPT-20260206-00392,1,P-0069,WD My Book 16TB External Hard Drive,hard_drive,679.00,1,679.00
RCPT-20260206-00392,2,P-0067,Epson WorkForce Pro WF-3825 Multifunction Printer,gaming_headsets,169.00,1,169.00
RCPT-20260206-00393,1,P-0074,Samsung Portable SSD T7 Shield 1TB (Black),hard_drive,369.00,1,369.00
RCPT-20260206-00393,2,P-0061,Logitech G Astro A20X PLAYSYNC Wireless Headset (Black),gaming_headsets,349.00,1,349.00
RCPT-20260206-00394,1,P-0052,"Samsung Galaxy Tab A11+ 11"" 5G 128GB (Grey)",monitors,529.00,1,529.00
RCPT-20260206-00394,2,P-0041,"LG UltraGear 24G411A 24"" FHD 144Hz Gaming Monitor",monitors,189.00,1,189.00
RCPT-20260206-00394,3,P-0063,Corsair VOID Wireless V2 Gaming Headset (Pink),gaming_headsets,199.00,1,199.00
RCPT-20260206-00395,1,P-0016,"Lenovo Yoga Slim 7i Aura Edition 14"" 2.8K OLED Laptop (Intel Core Ultra 5)[1TB]",laptops,1499.00,1,1499.00
RCPT-20260206-00396,1,P-0055,ASUS RT-AX54HP V2 AX1800 Wi-Fi 6 Router,wi_fi_routers,179.00,1,179.00
RCPT-20260206-00396,2,P-0016,"Lenovo Yoga Slim 7i Aura Edition 14"" 2.8K OLED Laptop (Intel Core Ultra 5)[1TB]",laptops,1499.00,1,1499.00
RCPT-20260206-00396,3,P-0012,"ASUS Vivobook S16 16"" WQXGA Laptop (Copilot+ PC)[512GB]",laptops,1278.00,1,1278.00
RCPT-20260206-00397,1,P-0063,Corsair VOID Wireless V2 Gaming Headset (Pink),gaming_headsets,199.00,1,199.00
RCPT-20260206-00397,2,P-0063,Corsair VOID Wireless V2 Gaming Headset (Pink),gaming_headsets,199.00,1,199.00
RCPT-20260206-00397,3,P-0039,"LG UltraGear 27G411A 27"" FHD 144Hz Gaming Monitor",monitors,229.00,1,229.00
RCPT-20260206-00397,4,P-0062,RIG R5 SPEAR PRO HS Gaming Headset (Black),gaming_headsets,179.00,1,179.00
RCPT-20260206-00398,1,P-0034,"Generation Earth 14.1"" Recycled Berlin Laptop Backpack (Black)",bags,79.00,1,79.00
RCPT-20260206-00398,2,P-0057,Starlink Standard Kit (Latest Generation),wi_fi_routers,549.00,1,549.00
RCPT-20260206-00398,3,P-0038,"Blaupunkt BP27GM240 27"" FHD 240Hz Curved Gaming Monitor",monitors,399.00,1,399.00
RCPT-20260206-00398,4,P-0047,"AOC 16T20 15.6"" FHD USB-C Portable Monitor",monitors,179.00,1,179.00
RCPT-20260206-00399,1,P-0072,Sandisk E30 Portable SSD Drive (1TB),hard_drive,169.00,1,169.00
RCPT-20260206-00399,2,P-0037,"Lenovo Legion GB800 17"" Laptop Backpack (Black)",bags,199.00,1,199.00
RCPT-20260206-00399,3,P-0063,Corsair VOID Wireless V2 Gaming Headset (Pink),gaming_headsets,199.00,2,398.00
RCPT-20260206-00399,4,P-0001,"Dell 15 DC15255 15.6"" FHD 120Hz Laptop (Ryzen 3)[512GB]",laptops,629.00,1,629.00
RCPT-20260207-00400,1,P-0059,TP-Link AX3000 Mesh Wi-Fi 6 Range Extender,wi_fi_routers,149.00,1,149.00
RCPT-20260207-00400,2,P-0048,"Samsung Galaxy Tab A11+ 11"" Wi-Fi 128GB (Grey)",monitors,379.00,1,379.00
RCPT-20260207-00400,3,P-0068,Canon TS7760 Pixma Home Printer,gaming_headsets,139.00,1,139.00
RCPT-20260207-00400,4,P-0076,SanDisk® Creator Phone SSD with Magsafe 2TB,hard_drive,399.00,1,399.00
RCPT-20260207-00401,1,P-0052,"Samsung Galaxy Tab A11+ 11"" 5G 128GB (Grey)",monitors,529.00,1,529.00
RCPT-20260207-00401,2,P-0009,"Dell 15 DC15250 15.6"" Full HD Laptop (Intel Core i5)[512GB]",laptops,1199.00,1,1199.00
RCPT-20260207-00402,1,P-0063,Corsair VOID Wireless V2 Gaming Headset (Pink),gaming_headsets,199.00,1,199.00
RCPT-20260207-00402,2,P-0050,Apple iPad 11-inch A16 128GB Wi-Fi (Blue),monitors,499.00,1,499.00
RCPT-20260207-00402,3,P-0001,"Dell 15 DC15255 15.6"" FHD 120Hz Laptop (Ryzen 3)[512GB]",laptops,629.00,1,629.00
RCPT-20260207-00403,1,P-0062,RIG R5 SPEAR PRO HS Gaming Headset (Black),gaming_headsets,179.00,1,179.00
RCPT-20260207-00404,1,P-0074,Samsung Portable SSD T7 Shield 1TB (Black),hard_drive,369.00,1,369.00
RCPT-20260207-00404,2,P-0068,Canon TS7760 Pixma Home Printer,gaming_headsets,139.00,1,139.00
RCPT-20260207-00404,3,P-0037,"Lenovo Legion GB800 17"" Laptop Backpack (Black)",bags,199.00,1,199.00
RCPT-20260207-00405,1,P-0038,"Blaupunkt BP27GM240 27"" FHD 240Hz Curved Gaming Monitor",monitors,399.00,2,798.00
RCPT-20260207-00405,2,P-0043,"Lenovo Legion R34w-30 34"" WQHD 180Hz Curved Gaming Monitor",monitors,499.00,1,499.00
RCPT-20260207-00405,3,P-0003,"Lenovo IdeaPad S3i 15.6"" FHD Laptop (Intel Core i3)[512GB]",laptops,699.00,1,699.00
RCPT-20260207-00406,1,P-0019,"Lenovo IdeaPad Slim 3i 15.3"" 2K Laptop (Intel Core i7)[1TB]",laptops,1599.00,1,1599.00
RCPT-20260207-00407,1,P-0050,Apple iPad 11-inch A16 128GB Wi-Fi (Blue),monitors,499.00,1,499.00
RCPT-20260207-00407,2,P-0001,"Dell 15 DC15255 15.6"" FHD 120Hz Laptop (Ryzen 3)[512GB]",laptops,629.00,1,629.00
RCPT-20260207-00408,1,P-0072,Sandisk E30 Portable SSD Drive (1TB),hard_drive,169.00,1,169.00
RCPT-20260207-00408,2,P-0006,"HP OmniBook 5 NG AI PC 14-he0013QU 14"" WUXGA OLED Copilot+ PC Laptop (Snapdragon X1)[512GB/16GB]",laptops,1099.00,2,2198.00
RCPT-20260207-00409,1,P-0057,Starlink Standard Kit (Latest Generation),wi_fi_routers,549.00,1,549.00
RCPT-20260207-00409,2,P-0049,"Lenovo Tab 10"" WUXGA 128GB Tablet with Clear Case",monitors,299.00,1,299.00
RCPT-20260207-00409,3,P-0041,"LG UltraGear 24G411A 24"" FHD 144Hz Gaming Monitor",monitors,189.00,1,189.00
RCPT-20260207-00409,4,P-0008,"Lenovo IdeaPad 5 14"" 2K OLED 2-in-1 Laptop (Copilot+ PC)[512GB]",laptops,1124.00,1,1124.00
RCPT-20260207-00410,1,P-0065,HyperX Cloud Flight 2 Wire,gaming_headsets,219.00,1,219.00
RCPT-20260207-00410,2,P-0073,Samsung T7 Portable SSD Drive [1TB](Titan Gray),hard_drive,329.00,1,329.00
RCPT-20260207-00410,3,P-0001,"Dell 15 DC15255 15.6"" FHD 120Hz Laptop (Ryzen 3)[512GB]",laptops,629.00,1,629.00
RCPT-20260207-00411,1,P-0018,"MSI Modern 15 H AI 15.6"" FHD 60Hz Laptop (Intel Core Ultra 7) [1TB]",laptops,1499.00,1,1499.00
RCPT-20260207-00411,2,P-0048,"Samsung Galaxy Tab A11+ 11"" Wi-Fi 128GB (Grey)",monitors,379.00,1,379.00
RCPT-20260207-00412,1,P-0012,"ASUS Vivobook S16 16"" WQXGA Laptop (Copilot+ PC)[512GB]",laptops,1278.00,1,1278.00
RCPT-20260207-00412,2,P-0047,"AOC 16T20 15.6"" FHD USB-C Portable Monitor",monitors,179.00,1,179.00
RCPT-20260207-00412,3,P-0071,Seagate Expansion Desktop 16TB Hard Drive,hard_drive,499.00,1,499.00
RCPT-20260207-00413,1,P-0043,"Lenovo Legion R34w-30 34"" WQHD 180Hz Curved Gaming Monitor",monitors,499.00,1,499.00
RCPT-20260207-00413,2,P-0038,"Blaupunkt BP27GM240 27"" FHD 240Hz Curved Gaming Monitor",monitors,399.00,1,399.00
RCPT-20260207-00414,1,P-0053,Apple iPad Air 13-inch M3 128GB Wi-Fi (Space Grey),monitors,1347.00,1,1347.00
RCPT-20260207-00414,2,P-0036,"STM Tower View Folio 18"" Laptop Brief (Black)",bags,69.95,4,279.80
RCPT-20260207-00415,1,P-0053,Apple iPad Air 13-inch M3 128GB Wi-Fi (Space Grey),monitors,1347.00,1,1347.00
RCPT-20260207-00415,2,P-0017,"MSI Modern 15 H AI 15.6"" FHD 60Hz Laptop (Intel Core Ultra 9) [1TB]",laptops,1499.00,1,1499.00
RCPT-20260208-00416,1,P-0042,"LG UltraGear 34G600A 34"" WQHD",monitors,699.00,1,699.00
RCPT-20260208-00416,2,P-0071,Seagate Expansion Desktop 16TB Hard Drive,hard_drive,499.00,2,998.00
RCPT-20260208-00417,1,P-0063,Corsair VOID Wireless V2 Gaming Headset (Pink),gaming_headsets,199.00,1,199.00
RCPT-20260208-00417,2,P-0038,"Blaupunkt BP27GM240 27"" FHD 240Hz Curved Gaming Monitor",monitors,399.00,1,399.00
RCPT-20260208-00417,3,P-0037,"Lenovo Legion GB800 17"" Laptop Backpack (Black)",bags,199.00,1,199.00
RCPT-20260208-00418,1,P-0060,TP-Link AC750 Wi-Fi Range Extender,wi_fi_routers,59.00,1,59.00
RCPT-20260208-00418,2,P-0067,Epson WorkForce Pro WF-3825 Multifunction Printer,gaming_headsets,169.00,1,169.00
RCPT-20260208-00418,3,P-0071,Seagate Expansion Desktop 16TB Hard Drive,hard_drive,499.00,1,499.00
RCPT-20260208-00419,1,P-0037,"Lenovo Legion GB800 17"" Laptop Backpack (Black)",bags,199.00,1,199.00
RCPT-20260208-00419,2,P-0038,"Blaupunkt BP27GM240 27"" FHD 240Hz Curved Gaming Monitor",monitors,399.00,1,399.00
RCPT-20260208-00419,3,P-0068,Canon TS7760 Pixma Home Printer,gaming_headsets,139.00,2,278.00
RCPT-20260208-00419,4,P-0069,WD My Book 16TB External Hard Drive,hard_drive,679.00,1,679.00
RCPT-20260208-00420,1,P-0059,TP-Link AX3000 Mesh Wi-Fi 6 Range Extender,wi_fi_routers,149.00,1,149.00
RCPT-20260208-00420,2,P-0062,RIG R5 SPEAR PRO HS Gaming Headset (Black),gaming_headsets,179.00,1,179.00
RCPT-20260208-00420,3,P-0007,"Dell Inspiron 14 7440 14"" WQXGA 2-in-1 Laptop (Intel Core i5)[512GB/16GB]",laptops,1199.00,1,1199.00
RCPT-20260208-00420,4,P-0049,"Lenovo Tab 10"" WUXGA 128GB Tablet with Clear Case",monitors,299.00,1,299.00
RCPT-20260208-00421,1,P-0055,ASUS RT-AX54HP V2 AX1800 Wi-Fi 6 Router,wi_fi_routers,179.00,1,179.00
RCPT-20260208-00421,2,P-0057,Starlink Standard Kit (Latest Generation),wi_fi_routers,549.00,1,549.00
RCPT-20260208-00421,3,P-0056,Netgear Nighthawk® Wi-Fi 6 AX1800 Router RAX9,wi_fi_routers,149.00,2,298.00
RCPT-20260208-00421,4,P-0002,"HP Laptop 15-fc0433AU 15.6"" FHD Laptop (Ryzen 5)[512GB]",laptops,649.00,1,649.00
RCPT-20260208-00422,1,P-0060,TP-Link AC750 Wi-Fi Range Extender,wi_fi_routers,59.00,4,236.00
RCPT-20260208-00422,2,P-0020,"MSI Thin A15 15"" FHD 144Hz Gaming Laptop (Ryzen 5) [GeForce RTX 3050]",laptops,1799.00,1,1799.00
RCPT-20260208-00422,3,P-0035,"Thule Gauntlet Macbook Pro Attache 14"" (Black)",bags,179.95,2,359.90
RCPT-20260208-00422,4,P-0005,"Asus VivoBook 15.6"" Full HD Thin & Light Laptop (1TB)[Intel Core i5",laptops,959.00,1,959.00
RCPT-20260208-00423,1,P-0060,TP-Link AC750 Wi-Fi Range Extender,wi_fi_routers,59.00,2,118.00
RCPT-20260208-00424,1,P-0036,"STM Tower View Folio 18"" Laptop Brief (Black)",bags,69.95,4,279.80
RCPT-20260208-00425,1,P-0016,"Lenovo Yoga Slim 7i Aura Edition 14"" 2.8K OLED Laptop (Intel Core Ultra 5)[1TB]",laptops,1499.00,1,1499.00
RCPT-20260208-00425,2,P-0018,"MSI Modern 15 H AI 15.6"" FHD 60Hz Laptop (Intel Core Ultra 7) [1TB]",laptops,1499.00,1,1499.00
RCPT-20260208-00426,1,P-0039,"LG UltraGear 27G411A 27"" FHD 144Hz Gaming Monitor",monitors,229.00,1,229.00
RCPT-20260208-00426,2,P-0062,RIG R5 SPEAR PRO HS Gaming Headset (Black),gaming_headsets,179.00,1,179.00
RCPT-20260208-00426,3,P-0034,"Generation Earth 14.1"" Recycled Berlin Laptop Backpack (Black)",bags,79.00,2,158.00
RCPT-20260208-00426,4,P-0001,"Dell 15 DC15255 15.6"" FHD 120Hz Laptop (Ryzen 3)[512GB]",laptops,629.00,1,629.00
RCPT-20260208-00427,1,P-0063,Corsair VOID Wireless V2 Gaming Headset (Pink),gaming_headsets,199.00,1,199.00
RCPT-20260208-00427,2,P-0047,"AOC 16T20 15.6"" FHD USB-C Portable Monitor",monitors,179.00,1,179.00
RCPT-20260208-00427,3,P-0035,"Thule Gauntlet Macbook Pro Attache 14"" (Black)",bags,179.95,1,179.95
RCPT-20260208-00427,4,P-0071,Seagate Expansion Desktop 16TB Hard Drive,hard_drive,499.00,1,499.00
RCPT-20260208-00428,1,P-0048,"Samsung Galaxy Tab A11+ 11"" Wi-Fi 128GB (Grey)",monitors,379.00,1,379.00
RCPT-20260208-00428,2,P-0071,Seagate Expansion Desktop 16TB Hard Drive,hard_drive,499.00,1,499.00
RCPT-20260208-00428,3,P-0062,RIG R5 SPEAR PRO HS Gaming Headset (Black),gaming_headsets,179.00,1,179.00
RCPT-20260208-00428,4,P-0027,"MSI Prestige A16 AI+ 16"" UHD+ OLED Laptop (Ryzen 9) [1TB]",laptops,3099.00,1,3099.00
RCPT-20260208-00429,1,P-0003,"Lenovo IdeaPad S3i 15.6"" FHD Laptop (Intel Core i3)[512GB]",laptops,699.00,1,699.00
RCPT-20260208-00429,2,P-0061,Logitech G Astro A20X PLAYSYNC Wireless Headset (Black),gaming_headsets,349.00,1,349.00
RCPT-20260208-00430,1,P-0004,"HP Laptop 15-fc0474AU 15.6"" FHD laptop (Ryzen 7)[512GB]",laptops,899.00,1,899.00
RCPT-20260208-00430,2,P-0015,"Dell DB16255 16"" WUXGA Copilot+ PC Laptop (Ryzen AI 7)[1TB]",laptops,1399.00,1,1399.00
RCPT-20260208-00430,3,P-0010,"Dell DB16255 16"" WUXGA Copilot+ PC Laptop (Ryzen AI 5)[512GB]",laptops,1259.00,1,1259.00
RCPT-20260208-00430,4,P-0036,"STM Tower View Folio 18"" Laptop Brief (Black)",bags,69.95,4,279.80
RCPT-20260208-00431,1,P-0061,Logitech G Astro A20X PLAYSYNC Wireless Headset (Black),gaming_headsets,349.00,1,349.00
RCPT-20260208-00431,2,P-0062,RIG R5 SPEAR PRO HS Gaming Headset (Black),gaming_headsets,179.00,1,179.00
RCPT-20260208-00431,3,P-0037,"Lenovo Legion GB800 17"" Laptop Backpack (Black)",bags,199.00,1,199.00
RCPT-20260208-00432,1,P-0013,"HP Envy x360 14-fc0189TU 14"" WUXGA 2-in-1 Laptop (Intel Core Ultra 5)[512GB]",laptops,1299.00,1,1299.00
RCPT-20260208-00432,2,P-0068,Canon TS7760 Pixma Home Printer,gaming_headsets,139.00,1,139.00
RCPT-20260208-00433,1,P-0064,Logitech G325 LIGHTSPEED Wireless Gaming Headset (White),gaming_headsets,199.00,1,199.00
RCPT-20260208-00433,2,P-0046,"LG 31.5"" QHD 100Hz IPS Super Slim Stand Monitor with USB-C",monitors,389.00,1,389.00
RCPT-20260208-00433,3,P-0050,Apple iPad 11-inch A16 128GB Wi-Fi (Blue),monitors,499.00,1,499.00
RCPT-20260209-00434,1,P-0028,"Alienware 16 Aurora 16"" WQXGA 120Hz Gaming Laptop (Intel Core 7)[GeForce RTX 5060]",laptops,3499.00,1,3499.00
RCPT-20260209-00434,2,P-0066,AceZone A-Blaze Hybrid ANC Bluetooth Wireless PC Gaming Headset Black,gaming_headsets,356.15,1,356.15
RCPT-20260209-00434,3,P-0041,"LG UltraGear 24G411A 24"" FHD 144Hz Gaming Monitor",monitors,189.00,1,189.00
RCPT-20260209-00434,4,P-0060,TP-Link AC750 Wi-Fi Range Extender,wi_fi_routers,59.00,2,118.00
RCPT-20260209-00435,1,P-0051,"Samsung Galaxy Tab S10 FE+ 13.1"" Wi-Fi 128GB (Grey)",monitors,1099.00,1,1099.00
RCPT-20260209-00435,2,P-0060,TP-Link AC750 Wi-Fi Range Extender,wi_fi_routers,59.00,1,59.00
RCPT-20260209-00435,3,P-0061,Logitech G Astro A20X PLAYSYNC Wireless Headset (Black),gaming_headsets,349.00,1,349.00
RCPT-20260209-00436,1,P-0040,"AOC C27G4Z 27"" FHD 280Hz Curved Gaming Monitor",monitors,339.00,1,339.00
RCPT-20260209-00436,2,P-0012,"ASUS Vivobook S16 16"" WQXGA Laptop (Copilot+ PC)[512GB]",laptops,1278.00,1,1278.00
RCPT-20260209-00436,3,P-0003,"Lenovo IdeaPad S3i 15.6"" FHD Laptop (Intel Core i3)[512GB]",laptops,699.00,1,699.00
RCPT-20260209-00436,4,P-0045,"ASUS ROG Strix XG32UCWMG 32"" 4K 240Hz OLED Gaming Monitor",monitors,1999.00,1,1999.00
RCPT-20260209-00437,1,P-0018,"MSI Modern 15 H AI 15.6"" FHD 60Hz Laptop (Intel Core Ultra 7) [1TB]",laptops,1499.00,1,1499.00
RCPT-20260209-00437,2,P-0057,Starlink Standard Kit (Latest Generation),wi_fi_routers,549.00,1,549.00
RCPT-20260209-00437,3,P-0053,Apple iPad Air 13-inch M3 128GB Wi-Fi (Space Grey),monitors,1347.00,1,1347.00
RCPT-20260209-00437,4,P-0065,HyperX Cloud Flight 2 Wire,gaming_headsets,219.00,1,219.00
RCPT-20260209-00438,1,P-0074,Samsung Portable SSD T7 Shield 1TB (Black),hard_drive,369.00,1,369.00
RCPT-20260209-00438,2,P-0049,"Lenovo Tab 10"" WUXGA 128GB Tablet with Clear Case",monitors,299.00,1,299.00
RCPT-20260209-00438,3,P-0038,"Blaupunkt BP27GM240 27"" FHD 240Hz Curved Gaming Monitor",monitors,399.00,1,399.00
RCPT-20260209-00439,1,P-0038,"Blaupunkt BP27GM240 27"" FHD 240Hz Curved Gaming Monitor",monitors,399.00,1,399.00
RCPT-20260209-00439,2,P-0069,WD My Book 16TB External Hard Drive,hard_drive,679.00,1,679.00
RCPT-20260209-00439,3,P-0005,"Asus VivoBook 15.6"" Full HD Thin & Light Laptop (1TB)[Intel Core i5",laptops,959.00,1,959.00
RCPT-20260209-00440,1,P-0053,Apple iPad Air 13-inch M3 128GB Wi-Fi (Space Grey),monitors,1347.00,1,1347.00
RCPT-20260209-00440,2,P-0037,"Lenovo Legion GB800 17"" Laptop Backpack (Black)",bags,199.00,1,199.00
RCPT-20260209-00440,3,P-0049,"Lenovo Tab 10"" WUXGA 128GB Tablet with Clear Case",monitors,299.00,1,299.00
RCPT-20260209-00440,4,P-0018,"MSI Modern 15 H AI 15.6"" FHD 60Hz Laptop (Intel Core Ultra 7) [1TB]",laptops,1499.00,1,1499.00
RCPT-20260209-00441,1,P-0070,Seagate Expansion Desktop 26TB Hard Drive,hard_drive,749.00,1,749.00
RCPT-20260209-00441,2,P-0043,"Lenovo Legion R34w-30 34"" WQHD 180Hz Curved Gaming Monitor",monitors,499.00,1,499.00
RCPT-20260209-00441,3,P-0050,Apple iPad 11-inch A16 128GB Wi-Fi (Blue),monitors,499.00,1,499.00
RCPT-20260209-00442,1,P-0010,"Dell DB16255 16"" WUXGA Copilot+ PC Laptop (Ryzen AI 5)[512GB]",laptops,1259.00,1,1259.00
RCPT-20260209-00442,2,P-0014,"Microsoft Surface Pro Copilot+ PC 12"" Snapdragon X Plus 8 core/16GB/512GB (Violet)",laptops,1399.00,1,1399.00
RCPT-20260209-00442,3,P-0022,"Asus TUF Gaming F16 16"" FHD+ 144Hz Gaming Laptop (Intel Core i7)[GeForce RTX 4050]",laptops,1919.00,1,1919.00
RCPT-20260209-00443,1,P-0068,Canon TS7760 Pixma Home Printer,gaming_headsets,139.00,2,278.00
RCPT-20260209-00443,2,P-0068,Canon TS7760 Pixma Home Printer,gaming_headsets,139.00,1,139.00
RCPT-20260209-00443,3,P-0066,AceZone A-Blaze Hybrid ANC Bluetooth Wireless PC Gaming Headset Black,gaming_headsets,356.15,1,356.15
RCPT-20260209-00443,4,P-0034,"Generation Earth 14.1"" Recycled Berlin Laptop Backpack (Black)",bags,79.00,1,79.00
RCPT-20260209-00444,1,P-0067,Epson WorkForce Pro WF-3825 Multifunction Printer,gaming_headsets,169.00,1,169.00
RCPT-20260209-00444,2,P-0058,ASUS DSL-AX82U AX5400 Wi-Fi 6 Modem Router,wi_fi_routers,449.00,1,449.00
RCPT-20260209-00444,3,P-0061,Logitech G Astro A20X PLAYSYNC Wireless Headset (Black),gaming_headsets,349.00,1,349.00
RCPT-20260209-00444,4,P-0056,Netgear Nighthawk® Wi-Fi 6 AX1800 Router RAX9,wi_fi_routers,149.00,1,149.00
RCPT-20260209-00445,1,P-0057,Starlink Standard Kit (Latest Generation),wi_fi_routers,549.00,1,549.00
RCPT-20260209-00445,2,P-0011,"Lenovo Ideapad 5 14"" WUXGA OLED 2-in-1 Laptop (Snapdragon X Plus)[1TB]",laptops,1274.00,1,1274.00
RCPT-20260209-00445,3,P-0056,Netgear Nighthawk® Wi-Fi 6 AX1800 Router RAX9,wi_fi_routers,149.00,2,298.00
RCPT-20260209-00446,1,P-0060,TP-Link AC750 Wi-Fi Range Extender,wi_fi_routers,59.00,1,59.00
RCPT-20260209-00447,1,P-0051,"Samsung Galaxy Tab S10 FE+ 13.1"" Wi-Fi 128GB (Grey)",monitors,1099.00,1,1099.00
RCPT-20260209-00447,2,P-0002,"HP Laptop 15-fc0433AU 15.6"" FHD Laptop (Ryzen 5)[512GB]",laptops,649.00,1,649.00
RCPT-20260209-00448,1,P-0049,"Lenovo Tab 10"" WUXGA 128GB Tablet with Clear Case",monitors,299.00,2,598.00
RCPT-20260209-00448,2,P-0065,HyperX Cloud Flight 2 Wire,gaming_headsets,219.00,2,438.00
RCPT-20260209-00448,3,P-0053,Apple iPad Air 13-inch M3 128GB Wi-Fi (Space Grey),monitors,1347.00,1,1347.00
RCPT-20260209-00449,1,P-0073,Samsung T7 Portable SSD Drive [1TB](Titan Gray),hard_drive,329.00,1,329.00
RCPT-20260209-00449,2,P-0004,"HP Laptop 15-fc0474AU 15.6"" FHD laptop (Ryzen 7)[512GB]",laptops,899.00,1,899.00
RCPT-20260209-00449,3,P-0034,"Generation Earth 14.1"" Recycled Berlin Laptop Backpack (Black)",bags,79.00,1,79.00
RCPT-20260209-00449,4,P-0012,"ASUS Vivobook S16 16"" WQXGA Laptop (Copilot+ PC)[512GB]",laptops,1278.00,1,1278.00
RCPT-20260210-00450,1,P-0063,Corsair VOID Wireless V2 Gaming Headset (Pink),gaming_headsets,199.00,1,199.00
RCPT-20260210-00450,2,P-0038,"Blaupunkt BP27GM240 27"" FHD 240Hz Curved Gaming Monitor",monitors,399.00,2,798.00
RCPT-20260210-00451,1,P-0058,ASUS DSL-AX82U AX5400 Wi-Fi 6 Modem Router,wi_fi_routers,449.00,1,449.00
RCPT-20260210-00451,2,P-0001,"Dell 15 DC15255 15.6"" FHD 120Hz Laptop (Ryzen 3)[512GB]",laptops,629.00,1,629.00
RCPT-20260210-00452,1,P-0056,Netgear Nighthawk® Wi-Fi 6 AX1800 Router RAX9,wi_fi_routers,149.00,1,149.00
RCPT-20260210-00452,2,P-0056,Netgear Nighthawk® Wi-Fi 6 AX1800 Router RAX9,wi_fi_routers,149.00,1,149.00
RCPT-20260210-00452,3,P-0012,"ASUS Vivobook S16 16"" WQXGA Laptop (Copilot+ PC)[512GB]",laptops,1278.00,1,1278.00
RCPT-20260210-00452,4,P-0019,"Lenovo IdeaPad Slim 3i 15.3"" 2K Laptop (Intel Core i7)[1TB]",laptops,1599.00,1,1599.00
RCPT-20260210-00453,1,P-0036,"STM Tower View Folio 18"" Laptop Brief (Black)",bags,69.95,1,69.95
RCPT-20260210-00453,2,P-0060,TP-Link AC750 Wi-Fi Range Extender,wi_fi_routers,59.00,1,59.00
RCPT-20260210-00454,1,P-0073,Samsung T7 Portable SSD Drive [1TB](Titan Gray),hard_drive,329.00,1,329.00
RCPT-20260210-00454,2,P-0004,"HP Laptop 15-fc0474AU 15.6"" FHD laptop (Ryzen 7)[512GB]",laptops,899.00,1,899.00
RCPT-20260210-00455,1,P-0048,"Samsung Galaxy Tab A11+ 11"" Wi-Fi 128GB (Grey)",monitors,379.00,1,379.00
RCPT-20260210-00455,2,P-0055,ASUS RT-AX54HP V2 AX1800 Wi-Fi 6 Router,wi_fi_routers,179.00,1,179.00
RCPT-20260210-00455,3,P-0037,"Lenovo Legion GB800 17"" Laptop Backpack (Black)",bags,199.00,1,199.00
RCPT-20260210-00455,4,P-0061,Logitech G Astro A20X PLAYSYNC Wireless Headset (Black),gaming_headsets,349.00,1,349.00
RCPT-20260210-00456,1,P-0008,"Lenovo IdeaPad 5 14"" 2K OLED 2-in-1 Laptop (Copilot+ PC)[512GB]",laptops,1124.00,1,1124.00
RCPT-20260210-00456,2,P-0065,HyperX Cloud Flight 2 Wire,gaming_headsets,219.00,1,219.00
RCPT-20260210-00456,3,P-0018,"MSI Modern 15 H AI 15.6"" FHD 60Hz Laptop (Intel Core Ultra 7) [1TB]",laptops,1499.00,1,1499.00
RCPT-20260210-00456,4,P-0051,"Samsung Galaxy Tab S10 FE+ 13.1"" Wi-Fi 128GB (Grey)",monitors,1099.00,1,1099.00
RCPT-20260210-00457,1,P-0049,"Lenovo Tab 10"" WUXGA 128GB Tablet with Clear Case",monitors,299.00,1,299.00
RCPT-20260210-00457,2,P-0063,Corsair VOID Wireless V2 Gaming Headset (Pink),gaming_headsets,199.00,1,199.00
RCPT-20260210-00457,3,P-0007,"Dell Inspiron 14 7440 14"" WQXGA 2-in-1 Laptop (Intel Core i5)[512GB/16GB]",laptops,1199.00,1,1199.00
RCPT-20260210-00458,1,P-0013,"HP Envy x360 14-fc0189TU 14"" WUXGA 2-in-1 Laptop (Intel Core Ultra 5)[512GB]",laptops,1299.00,1,1299.00
RCPT-20260210-00458,2,P-0051,"Samsung Galaxy Tab S10 FE+ 13.1"" Wi-Fi 128GB (Grey)",monitors,1099.00,1,1099.00
RCPT-20260210-00459,1,P-0007,"Dell Inspiron 14 7440 14"" WQXGA 2-in-1 Laptop (Intel Core i5)[512GB/16GB]",laptops,1199.00,1,1199.00
RCPT-20260210-00459,2,P-0060,TP-Link AC750 Wi-Fi Range Extender,wi_fi_routers,59.00,1,59.00
RCPT-20260210-00459,3,P-0037,"Lenovo Legion GB800 17"" Laptop Backpack (Black)",bags,199.00,1,199.00
RCPT-20260210-00459,4,P-0063,Corsair VOID Wireless V2 Gaming Headset (Pink),gaming_headsets,199.00,1,199.00
RCPT-20260210-00460,1,P-0039,"LG UltraGear 27G411A 27"" FHD 144Hz Gaming Monitor",monitors,229.00,1,229.00
RCPT-20260210-00460,2,P-0052,"Samsung Galaxy Tab A11+ 11"" 5G 128GB (Grey)",monitors,529.00,1,529.00
RCPT-20260210-00460,3,P-0066,AceZone A-Blaze Hybrid ANC Bluetooth Wireless PC Gaming Headset Black,gaming_headsets,356.15,1,356.15
RCPT-20260210-00460,4,P-0048,"Samsung Galaxy Tab A11+ 11"" Wi-Fi 128GB (Grey)",monitors,379.00,1,379.00
RCPT-20260210-00461,1,P-0038,"Blaupunkt BP27GM240 27"" FHD 240Hz Curved Gaming Monitor",monitors,399.00,1,399.00
RCPT-20260210-00461,2,P-0006,"HP OmniBook 5 NG AI PC 14-he0013QU 14"" WUXGA OLED Copilot+ PC Laptop (Snapdragon X1)[512GB/16GB]",laptops,1099.00,1,1099.00
RCPT-20260210-00461,3,P-0065,HyperX Cloud Flight 2 Wire,gaming_headsets,219.00,1,219.00
RCPT-20260210-00461,4,P-0005,"Asus VivoBook 15.6"" Full HD Thin & Light Laptop (1TB)[Intel Core i5",laptops,959.00,1,959.00
RCPT-20260210-00462,1,P-0003,"Lenovo IdeaPad S3i 15.6"" FHD Laptop (Intel Core i3)[512GB]",laptops,699.00,1,699.00
RCPT-20260210-00462,2,P-0070,Seagate Expansion Desktop 26TB Hard Drive,hard_drive,749.00,1,749.00
RCPT-20260210-00462,3,P-0007,"Dell Inspiron 14 7440 14"" WQXGA 2-in-1 Laptop (Intel Core i5)[512GB/16GB]",laptops,1199.00,1,1199.00
RCPT-20260210-00463,1,P-0036,"STM Tower View Folio 18"" Laptop Brief (Black)",bags,69.95,3,209.85
RCPT-20260210-00464,1,P-0034,"Generation Earth 14.1"" Recycled Berlin Laptop Backpack (Black)",bags,79.00,1,79.00
RCPT-20260210-00464,2,P-0060,TP-Link AC750 Wi-Fi Range Extender,wi_fi_routers,59.00,1,59.00
RCPT-20260210-00465,1,P-0046,"LG 31.5"" QHD 100Hz IPS Super Slim Stand Monitor with USB-C",monitors,389.00,1,389.00
RCPT-20260210-00465,2,P-0007,"Dell Inspiron 14 7440 14"" WQXGA 2-in-1 Laptop (Intel Core i5)[512GB/16GB]",laptops,1199.00,1,1199.00
RCPT-20260210-00466,1,P-0071,Seagate Expansion Desktop 16TB Hard Drive,hard_drive,499.00,1,499.00
RCPT-20260210-00466,2,P-0009,"Dell 15 DC15250 15.6"" Full HD Laptop (Intel Core i5)[512GB]",laptops,1199.00,1,1199.00
RCPT-20260210-00466,3,P-0038,"Blaupunkt BP27GM240 27"" FHD 240Hz Curved Gaming Monitor",monitors,399.00,1,399.00
RCPT-20260211-00467,1,P-0068,Canon TS7760 Pixma Home Printer,gaming_headsets,139.00,1,139.00
RCPT-20260211-00467,2,P-0064,Logitech G325 LIGHTSPEED Wireless Gaming Headset (White),gaming_headsets,199.00,1,199.00
RCPT-20260211-00467,3,P-0069,WD My Book 16TB External Hard Drive,hard_drive,679.00,1,679.00
RCPT-20260211-00467,4,P-0071,Seagate Expansion Desktop 16TB Hard Drive,hard_drive,499.00,1,499.00
RCPT-20260211-00468,1,P-0061,Logitech G Astro A20X PLAYSYNC Wireless Headset (Black),gaming_headsets,349.00,1,349.00
RCPT-20260211-00468,2,P-0034,"Generation Earth 14.1"" Recycled Berlin Laptop Backpack (Black)",bags,79.00,1,79.00
RCPT-20260211-00468,3,P-0072,Sandisk E30 Portable SSD Drive (1TB),hard_drive,169.00,1,169.00
RCPT-20260211-00468,4,P-0007,"Dell Inspiron 14 7440 14"" WQXGA 2-in-1 Laptop (Intel Core i5)[512GB/16GB]",laptops,1199.00,1,1199.00
RCPT-20260211-00469,1,P-0060,TP-Link AC750 Wi-Fi Range Extender,wi_fi_routers,59.00,1,59.00
RCPT-20260211-00469,2,P-0060,TP-Link AC750 Wi-Fi Range Extender,wi_fi_routers,59.00,4,236.00
RCPT-20260211-00470,1,P-0038,"Blaupunkt BP27GM240 27"" FHD 240Hz Curved Gaming Monitor",monitors,399.00,1,399.00
RCPT-20260211-00470,2,P-0071,Seagate Expansion Desktop 16TB Hard Drive,hard_drive,499.00,1,499.00
RCPT-20260211-00471,1,P-0010,"Dell DB16255 16"" WUXGA Copilot+ PC Laptop (Ryzen AI 5)[512GB]",laptops,1259.00,1,1259.00
RCPT-20260211-00471,2,P-0046,"LG 31.5"" QHD 100Hz IPS Super Slim Stand Monitor with USB-C",monitors,389.00,1,389.00
RCPT-20260211-00472,1,P-0067,Epson WorkForce Pro WF-3825 Multifunction Printer,gaming_headsets,169.00,1,169.00
RCPT-20260211-00472,2,P-0058,ASUS DSL-AX82U AX5400 Wi-Fi 6 Modem Router,wi_fi_routers,449.00,1,449.00
RCPT-20260211-00472,3,P-0074,Samsung Portable SSD T7 Shield 1TB (Black),hard_drive,369.00,1,369.00
RCPT-20260211-00473,1,P-0060,TP-Link AC750 Wi-Fi Range Extender,wi_fi_routers,59.00,2,118.00
RCPT-20260211-00474,1,P-0049,"Lenovo Tab 10"" WUXGA 128GB Tablet with Clear Case",monitors,299.00,1,299.00
RCPT-20260211-00474,2,P-0037,"Lenovo Legion GB800 17"" Laptop Backpack (Black)",bags,199.00,1,199.00
RCPT-20260211-00474,3,P-0051,"Samsung Galaxy Tab S10 FE+ 13.1"" Wi-Fi 128GB (Grey)",monitors,1099.00,1,1099.00
RCPT-20260211-00475,1,P-0060,TP-Link AC750 Wi-Fi Range Extender,wi_fi_routers,59.00,1,59.00
RCPT-20260211-00475,2,P-0060,TP-Link AC750 Wi-Fi Range Extender,wi_fi_routers,59.00,1,59.00
RCPT-20260211-00476,1,P-0009,"Dell 15 DC15250 15.6"" Full HD Laptop (Intel Core i5)[512GB]",laptops,1199.00,1,1199.00
RCPT-20260211-00476,2,P-0008,"Lenovo IdeaPad 5 14"" 2K OLED 2-in-1 Laptop (Copilot+ PC)[512GB]",laptops,1124.00,1,1124.00
RCPT-20260211-00477,1,P-0072,Sandisk E30 Portable SSD Drive (1TB),hard_drive,169.00,1,169.00
RCPT-20260211-00477,2,P-0057,Starlink Standard Kit (Latest Generation),wi_fi_routers,549.00,1,549.00
RCPT-20260211-00477,3,P-0062,RIG R5 SPEAR PRO HS Gaming Headset (Black),gaming_headsets,179.00,1,179.00
RCPT-20260211-00478,1,P-0062,RIG R5 SPEAR PRO HS Gaming Headset (Black),gaming_headsets,179.00,1,179.00
RCPT-20260211-00478,2,P-0037,"Lenovo Legion GB800 17"" Laptop Backpack (Black)",bags,199.00,1,199.00
RCPT-20260211-00478,3,P-0074,Samsung Portable SSD T7 Shield 1TB (Black),hard_drive,369.00,1,369.00
RCPT-20260212-00479,1,P-0068,Canon TS7760 Pixma Home Printer,gaming_headsets,139.00,1,139.00
RCPT-20260212-00479,2,P-0049,"Lenovo Tab 10"" WUXGA 128GB Tablet with Clear Case",monitors,299.00,1,299.00
RCPT-20260212-00479,3,P-0037,"Lenovo Legion GB800 17"" Laptop Backpack (Black)",bags,199.00,1,199.00
RCPT-20260212-00479,4,P-0057,Starlink Standard Kit (Latest Generation),wi_fi_routers,549.00,1,549.00
RCPT-20260212-00480,1,P-0003,"Lenovo IdeaPad S3i 15.6"" FHD Laptop (Intel Core i3)[512GB]",laptops,699.00,1,699.00
RCPT-20260212-00480,2,P-0050,Apple iPad 11-inch A16 128GB Wi-Fi (Blue),monitors,499.00,1,499.00
RCPT-20260212-00480,3,P-0053,Apple iPad Air 13-inch M3 128GB Wi-Fi (Space Grey),monitors,1347.00,1,1347.00
RCPT-20260212-00481,1,P-0008,"Lenovo IdeaPad 5 14"" 2K OLED 2-in-1 Laptop (Copilot+ PC)[512GB]",laptops,1124.00,1,1124.00
RCPT-20260212-00481,2,P-0051,"Samsung Galaxy Tab S10 FE+ 13.1"" Wi-Fi 128GB (Grey)",monitors,1099.00,1,1099.00
RCPT-20260212-00481,3,P-0036,"STM Tower View Folio 18"" Laptop Brief (Black)",bags,69.95,1,69.95
RCPT-20260212-00481,4,P-0044,"Samsung Odyssey G91SD 49"" DQHD 144Hz OLED Curved Gaming Monitor",monitors,1999.00,1,1999.00
RCPT-20260212-00482,1,P-0041,"LG UltraGear 24G411A 24"" FHD 144Hz Gaming Monitor",monitors,189.00,1,189.00
RCPT-20260212-00482,2,P-0052,"Samsung Galaxy Tab A11+ 11"" 5G 128GB (Grey)",monitors,529.00,1,529.00
RCPT-20260212-00483,1,P-0013,"HP Envy x360 14-fc0189TU 14"" WUXGA 2-in-1 Laptop (Intel Core Ultra 5)[512GB]",laptops,1299.00,1,1299.00
RCPT-20260212-00483,2,P-0035,"Thule Gauntlet Macbook Pro Attache 14"" (Black)",bags,179.95,1,179.95
RCPT-20260212-00483,3,P-0002,"HP Laptop 15-fc0433AU 15.6"" FHD Laptop (Ryzen 5)[512GB]",laptops,649.00,1,649.00
RCPT-20260212-00484,1,P-0060,TP-Link AC750 Wi-Fi Range Extender,wi_fi_routers,59.00,1,59.00
RCPT-20260212-00485,1,P-0034,"Generation Earth 14.1"" Recycled Berlin Laptop Backpack (Black)",bags,79.00,1,79.00
RCPT-20260212-00485,2,P-0060,TP-Link AC750 Wi-Fi Range Extender,wi_fi_routers,59.00,4,236.00
RCPT-20260212-00486,1,P-0056,Netgear Nighthawk® Wi-Fi 6 AX1800 Router RAX9,wi_fi_routers,149.00,1,149.00
RCPT-20260212-00486,2,P-0014,"Microsoft Surface Pro Copilot+ PC 12"" Snapdragon X Plus 8 core/16GB/512GB (Violet)",laptops,1399.00,1,1399.00
RCPT-20260212-00486,3,P-0023,"Apple MacBook Pro 14-inch with M4 Chip, 1TB/24GB (Silver)[2024]",laptops,2887.00,1,2887.00
RCPT-20260212-00487,1,P-0066,AceZone A-Blaze Hybrid ANC Bluetooth Wireless PC Gaming Headset Black,gaming_headsets,356.15,1,356.15
RCPT-20260212-00487,2,P-0016,"Lenovo Yoga Slim 7i Aura Edition 14"" 2.8K OLED Laptop (Intel Core Ultra 5)[1TB]",laptops,1499.00,1,1499.00
RCPT-20260212-00487,3,P-0018,"MSI Modern 15 H AI 15.6"" FHD 60Hz Laptop (Intel Core Ultra 7) [1TB]",laptops,1499.00,1,1499.00
RCPT-20260212-00488,1,P-0007,"Dell Inspiron 14 7440 14"" WQXGA 2-in-1 Laptop (Intel Core i5)[512GB/16GB]",laptops,1199.00,1,1199.00
RCPT-20260212-00488,2,P-0036,"STM Tower View Folio 18"" Laptop Brief (Black)",bags,69.95,1,69.95
RCPT-20260212-00488,3,P-0055,ASUS RT-AX54HP V2 AX1800 Wi-Fi 6 Router,wi_fi_routers,179.00,1,179.00
RCPT-20260212-00488,4,P-0052,"Samsung Galaxy Tab A11+ 11"" 5G 128GB (Grey)",monitors,529.00,2,1058.00
RCPT-20260212-00489,1,P-0040,"AOC C27G4Z 27"" FHD 280Hz Curved Gaming Monitor",monitors,339.00,1,339.00
RCPT-20260212-00489,2,P-0044,"Samsung Odyssey G91SD 49"" DQHD 144Hz OLED Curved Gaming Monitor",monitors,1999.00,1,1999.00
RCPT-20260212-00490,1,P-0011,"Lenovo Ideapad 5 14"" WUXGA OLED 2-in-1 Laptop (Snapdragon X Plus)[1TB]",laptops,1274.00,1,1274.00
RCPT-20260212-00490,2,P-0069,WD My Book 16TB External Hard Drive,hard_drive,679.00,1,679.00
RCPT-20260212-00491,1,P-0066,AceZone A-Blaze Hybrid ANC Bluetooth Wireless PC Gaming Headset Black,gaming_headsets,356.15,1,356.15
RCPT-20260212-00491,2,P-0055,ASUS RT-AX54HP V2 AX1800 Wi-Fi 6 Router,wi_fi_routers,179.00,1,179.00
RCPT-20260212-00491,3,P-0073,Samsung T7 Portable SSD Drive [1TB](Titan Gray),hard_drive,329.00,1,329.00
RCPT-20260212-00491,4,P-0061,Logitech G Astro A20X PLAYSYNC Wireless Headset (Black),gaming_headsets,349.00,1,349.00
RCPT-20260213-00492,1,P-0071,Seagate Expansion Desktop 16TB Hard Drive,hard_drive,499.00,1,499.00
RCPT-20260213-00492,2,P-0046,"LG 31.5"" QHD 100Hz IPS Super Slim Stand Monitor with USB-C",monitors,389.00,1,389.00
RCPT-20260213-00493,1,P-0055,ASUS RT-AX54HP V2 AX1800 Wi-Fi 6 Router,wi_fi_routers,179.00,1,179.00
RCPT-20260213-00493,2,P-0047,"AOC 16T20 15.6"" FHD USB-C Portable Monitor",monitors,179.00,1,179.00
RCPT-20260213-00493,3,P-0061,Logitech G Astro A20X PLAYSYNC Wireless Headset (Black),gaming_headsets,349.00,1,349.00
RCPT-20260213-00493,4,P-0062,RIG R5 SPEAR PRO HS Gaming Headset (Black),gaming_headsets,179.00,2,358.00
RCPT-20260213-00494,1,P-0007,"Dell Inspiron 14 7440 14"" WQXGA 2-in-1 Laptop (Intel Core i5)[512GB/16GB]",laptops,1199.00,1,1199.00
RCPT-20260213-00494,2,P-0060,TP-Link AC750 Wi-Fi Range Extender,wi_fi_routers,59.00,1,59.00
RCPT-20260213-00494,3,P-0020,"MSI Thin A15 15"" FHD 144Hz Gaming Laptop (Ryzen 5) [GeForce RTX 3050]",laptops,1799.00,1,1799.00
RCPT-20260213-00495,1,P-0075,Samsung Portable T7 Shield SSD 4TB (Black),hard_drive,999.00,1,999.00
RCPT-20260213-00495,2,P-0062,RIG R5 SPEAR PRO HS Gaming Headset (Black),gaming_headsets,179.00,1,179.00
RCPT-20260213-00495,3,P-0072,Sandisk E30 Portable SSD Drive (1TB),hard_drive,169.00,1,169.00
RCPT-20260213-00495,4,P-0018,"MSI Modern 15 H AI 15.6"" FHD 60Hz Laptop (Intel Core Ultra 7) [1TB]",laptops,1499.00,1,1499.00
RCPT-20260213-00496,1,P-0025,"Asus TUF F16 16"" FHD+ 165Hz Gaming Laptop (Intel Core i7)[GeForce RTX 5060]",laptops,2899.00,1,2899.00
RCPT-20260213-00496,2,P-0059,TP-Link AX3000 Mesh Wi-Fi 6 Range Extender,wi_fi_routers,149.00,1,149.00
RCPT-20260213-00496,3,P-0019,"Lenovo IdeaPad Slim 3i 15.3"" 2K Laptop (Intel Core i7)[1TB]",laptops,1599.00,1,1599.00
RCPT-20260213-00497,1,P-0011,"Lenovo Ideapad 5 14"" WUXGA OLED 2-in-1 Laptop (Snapdragon X Plus)[1TB]",laptops,1274.00,1,1274.00
RCPT-20260213-00497,2,P-0001,"Dell 15 DC15255 15.6"" FHD 120Hz Laptop (Ryzen 3)[512GB]",laptops,629.00,1,629.00
RCPT-20260213-00497,3,P-0072,Sandisk E30 Portable SSD Drive (1TB),hard_drive,169.00,1,169.00
RCPT-20260213-00498,1,P-0034,"Generation Earth 14.1"" Recycled Berlin Laptop Backpack (Black)",bags,79.00,1,79.00
RCPT-20260213-00498,2,P-0034,"Generation Earth 14.1"" Recycled Berlin Laptop Backpack (Black)",bags,79.00,1,79.00
RCPT-20260213-00499,1,P-0058,ASUS DSL-AX82U AX5400 Wi-Fi 6 Modem Router,wi_fi_routers,449.00,1,449.00
RCPT-20260213-00499,2,P-0076,SanDisk® Creator Phone SSD with Magsafe 2TB,hard_drive,399.00,1,399.00
RCPT-20260213-00500,1,P-0040,"AOC C27G4Z 27"" FHD 280Hz Curved Gaming Monitor",monitors,339.00,1,339.00
RCPT-20260213-00500,2,P-0058,ASUS DSL-AX82U AX5400 Wi-Fi 6 Modem Router,wi_fi_routers,449.00,1,449.00
RCPT-20260213-00501,1,P-0011,"Lenovo Ideapad 5 14"" WUXGA OLED 2-in-1 Laptop (Snapdragon X Plus)[1TB]",laptops,1274.00,1,1274.00
RCPT-20260213-00501,2,P-0047,"AOC 16T20 15.6"" FHD USB-C Portable Monitor",monitors,179.00,1,179.00
RCPT-20260213-00502,1,P-0060,TP-Link AC750 Wi-Fi Range Extender,wi_fi_routers,59.00,1,59.00
RCPT-20260213-00503,1,P-0034,"Generation Earth 14.1"" Recycled Berlin Laptop Backpack (Black)",bags,79.00,1,79.00
RCPT-20260213-00503,2,P-0034,"Generation Earth 14.1"" Recycled Berlin Laptop Backpack (Black)",bags,79.00,1,79.00
RCPT-20260213-00504,1,P-0035,"Thule Gauntlet Macbook Pro Attache 14"" (Black)",bags,179.95,1,179.95
RCPT-20260213-00504,2,P-0010,"Dell DB16255 16"" WUXGA Copilot+ PC Laptop (Ryzen AI 5)[512GB]",laptops,1259.00,1,1259.00
RCPT-20260213-00504,3,P-0016,"Lenovo Yoga Slim 7i Aura Edition 14"" 2.8K OLED Laptop (Intel Core Ultra 5)[1TB]",laptops,1499.00,1,1499.00
RCPT-20260213-00505,1,P-0007,"Dell Inspiron 14 7440 14"" WQXGA 2-in-1 Laptop (Intel Core i5)[512GB/16GB]",laptops,1199.00,1,1199.00
RCPT-20260213-00505,2,P-0034,"Generation Earth 14.1"" Recycled Berlin Laptop Backpack (Black)",bags,79.00,1,79.00
RCPT-20260213-00505,3,P-0057,Starlink Standard Kit (Latest Generation),wi_fi_routers,549.00,1,549.00
RCPT-20260214-00506,1,P-0053,Apple iPad Air 13-inch M3 128GB Wi-Fi (Space Grey),monitors,1347.00,1,1347.00
RCPT-20260214-00506,2,P-0063,Corsair VOID Wireless V2 Gaming Headset (Pink),gaming_headsets,199.00,2,398.00
RCPT-20260214-00506,3,P-0075,Samsung Portable T7 Shield SSD 4TB (Black),hard_drive,999.00,2,1998.00
RCPT-20260214-00507,1,P-0006,"HP OmniBook 5 NG AI PC 14-he0013QU 14"" WUXGA OLED Copilot+ PC Laptop (Snapdragon X1)[512GB/16GB]",laptops,1099.00,1,1099.00
RCPT-20260214-00507,2,P-0036,"STM Tower View Folio 18"" Laptop Brief (Black)",bags,69.95,1,69.95
RCPT-20260214-00507,3,P-0052,"Samsung Galaxy Tab A11+ 11"" 5G 128GB (Grey)",monitors,529.00,1,529.00
RCPT-20260214-00508,1,P-0054,TP-Link AX3000 Gigabit Wi-Fi 6 Router,wi_fi_routers,159.00,2,318.00
RCPT-20260214-00508,2,P-0041,"LG UltraGear 24G411A 24"" FHD 144Hz Gaming Monitor",monitors,189.00,1,189.00
RCPT-20260214-00508,3,P-0039,"LG UltraGear 27G411A 27"" FHD 144Hz Gaming Monitor",monitors,229.00,1,229.00
RCPT-20260214-00508,4,P-0072,Sandisk E30 Portable SSD Drive (1TB),hard_drive,169.00,1,169.00
RCPT-20260214-00509,1,P-0066,AceZone A-Blaze Hybrid ANC Bluetooth Wireless PC Gaming Headset Black,gaming_headsets,356.15,1,356.15
RCPT-20260214-00509,2,P-0048,"Samsung Galaxy Tab A11+ 11"" Wi-Fi 128GB (Grey)",monitors,379.00,1,379.00
RCPT-20260214-00509,3,P-0046,"LG 31.5"" QHD 100Hz IPS Super Slim Stand Monitor with USB-C",monitors,389.00,1,389.00
RCPT-20260214-00509,4,P-0058,ASUS DSL-AX82U AX5400 Wi-Fi 6 Modem Router,wi_fi_routers,449.00,1,449.00
RCPT-20260214-00510,1,P-0047,"AOC 16T20 15.6"" FHD USB-C Portable Monitor",monitors,179.00,1,179.00
RCPT-20260214-00510,2,P-0009,"Dell 15 DC15250 15.6"" Full HD Laptop (Intel Core i5)[512GB]",laptops,1199.00,1,1199.00
RCPT-20260214-00510,3,P-0046,"LG 31.5"" QHD 100Hz IPS Super Slim Stand Monitor with USB-C",monitors,389.00,1,389.00
RCPT-20260214-00511,1,P-0047,"AOC 16T20 15.6"" FHD USB-C Portable Monitor",monitors,179.00,1,179.00
RCPT-20260214-00511,2,P-0059,TP-Link AX3000 Mesh Wi-Fi 6 Range Extender,wi_fi_routers,149.00,1,149.00
RCPT-20260214-00511,3,P-0049,"Lenovo Tab 10"" WUXGA 128GB Tablet with Clear Case",monitors,299.00,1,299.00
RCPT-20260214-00511,4,P-0006,"HP OmniBook 5 NG AI PC 14-he0013QU 14"" WUXGA OLED Copilot+ PC Laptop (Snapdragon X1)[512GB/16GB]",laptops,1099.00,1,1099.00
RCPT-20260214-00512,1,P-0060,TP-Link AC750 Wi-Fi Range Extender,wi_fi_routers,59.00,1,59.00
RCPT-20260214-00513,1,P-0036,"STM Tower View Folio 18"" Laptop Brief (Black)",bags,69.95,2,139.90
RCPT-20260214-00514,1,P-0074,Samsung Portable SSD T7 Shield 1TB (Black),hard_drive,369.00,1,369.00
RCPT-20260214-00514,2,P-0066,AceZone A-Blaze Hybrid ANC Bluetooth Wireless PC Gaming Headset Black,gaming_headsets,356.15,2,712.30
RCPT-20260214-00514,3,P-0038,"Blaupunkt BP27GM240 27"" FHD 240Hz Curved Gaming Monitor",monitors,399.00,1,399.00
RCPT-20260214-00514,4,P-0061,Logitech G Astro A20X PLAYSYNC Wireless Headset (Black),gaming_headsets,349.00,1,349.00
RCPT-20260214-00515,1,P-0004,"HP Laptop 15-fc0474AU 15.6"" FHD laptop (Ryzen 7)[512GB]",laptops,899.00,1,899.00
RCPT-20260214-00515,2,P-0058,ASUS DSL-AX82U AX5400 Wi-Fi 6 Modem Router,wi_fi_routers,449.00,1,449.00
RCPT-20260214-00515,3,P-0016,"Lenovo Yoga Slim 7i Aura Edition 14"" 2.8K OLED Laptop (Intel Core Ultra 5)[1TB]",laptops,1499.00,1,1499.00
RCPT-20260214-00516,1,P-0066,AceZone A-Blaze Hybrid ANC Bluetooth Wireless PC Gaming Headset Black,gaming_headsets,356.15,1,356.15
RCPT-20260214-00516,2,P-0011,"Lenovo Ideapad 5 14"" WUXGA OLED 2-in-1 Laptop (Snapdragon X Plus)[1TB]",laptops,1274.00,1,1274.00
RCPT-20260214-00516,3,P-0074,Samsung Portable SSD T7 Shield 1TB (Black),hard_drive,369.00,1,369.00
RCPT-20260214-00517,1,P-0060,TP-Link AC750 Wi-Fi Range Extender,wi_fi_routers,59.00,1,59.00
RCPT-20260214-00517,2,P-0001,"Dell 15 DC15255 15.6"" FHD 120Hz Laptop (Ryzen 3)[512GB]",laptops,629.00,1,629.00
RCPT-20260214-00517,3,P-0065,HyperX Cloud Flight 2 Wire,gaming_headsets,219.00,2,438.00
RCPT-20260215-00518,1,P-0074,Samsung Portable SSD T7 Shield 1TB (Black),hard_drive,369.00,1,369.00
RCPT-20260215-00518,2,P-0004,"HP Laptop 15-fc0474AU 15.6"" FHD laptop (Ryzen 7)[512GB]",laptops,899.00,1,899.00
RCPT-20260215-00518,3,P-0042,"LG UltraGear 34G600A 34"" WQHD",monitors,699.00,1,699.00
RCPT-20260215-00518,4,P-0052,"Samsung Galaxy Tab A11+ 11"" 5G 128GB (Grey)",monitors,529.00,1,529.00
RCPT-20260215-00519,1,P-0048,"Samsung Galaxy Tab A11+ 11"" Wi-Fi 128GB (Grey)",monitors,379.00,1,379.00
RCPT-20260215-00519,2,P-0047,"AOC 16T20 15.6"" FHD USB-C Portable Monitor",monitors,179.00,1,179.00
RCPT-20260215-00519,3,P-0015,"Dell DB16255 16"" WUXGA Copilot+ PC Laptop (Ryzen AI 7)[1TB]",laptops,1399.00,1,1399.00
RCPT-20260215-00520,1,P-0051,"Samsung Galaxy Tab S10 FE+ 13.1"" Wi-Fi 128GB (Grey)",monitors,1099.00,2,2198.00
RCPT-20260215-00520,2,P-0052,"Samsung Galaxy Tab A11+ 11"" 5G 128GB (Grey)",monitors,529.00,1,529.00
RCPT-20260215-00520,3,P-0021,"HP Victus 15-fa2364TX 15.6"" Full HD Gaming Laptop (Intel Core i7)[GeForce RTX 4050]",laptops,1899.00,1,1899.00
RCPT-20260215-00521,1,P-0066,AceZone A-Blaze Hybrid ANC Bluetooth Wireless PC Gaming Headset Black,gaming_headsets,356.15,1,356.15
RCPT-20260215-00521,2,P-0064,Logitech G325 LIGHTSPEED Wireless Gaming Headset (White),gaming_headsets,199.00,2,398.00
RCPT-20260215-00522,1,P-0076,SanDisk® Creator Phone SSD with Magsafe 2TB,hard_drive,399.00,1,399.00
RCPT-20260215-00522,2,P-0005,"Asus VivoBook 15.6"" Full HD Thin & Light Laptop (1TB)[Intel Core i5",laptops,959.00,1,959.00
RCPT-20260215-00522,3,P-0008,"Lenovo IdeaPad 5 14"" 2K OLED 2-in-1 Laptop (Copilot+ PC)[512GB]",laptops,1124.00,1,1124.00
RCPT-20260215-00523,1,P-0020,"MSI Thin A15 15"" FHD 144Hz Gaming Laptop (Ryzen 5) [GeForce RTX 3050]",laptops,1799.00,1,1799.00
RCPT-20260215-00523,2,P-0071,Seagate Expansion Desktop 16TB Hard Drive,hard_drive,499.00,1,499.00
RCPT-20260215-00524,1,P-0014,"Microsoft Surface Pro Copilot+ PC 12"" Snapdragon X Plus 8 core/16GB/512GB (Violet)",laptops,1399.00,1,1399.00
RCPT-20260215-00524,2,P-0069,WD My Book 16TB External Hard Drive,hard_drive,679.00,1,679.00
RCPT-20260215-00525,1,P-0075,Samsung Portable T7 Shield SSD 4TB (Black),hard_drive,999.00,1,999.00
RCPT-20260215-00525,2,P-0007,"Dell Inspiron 14 7440 14"" WQXGA 2-in-1 Laptop (Intel Core i5)[512GB/16GB]",laptops,1199.00,1,1199.00
RCPT-20260215-00526,1,P-0072,Sandisk E30 Portable SSD Drive (1TB),hard_drive,169.00,1,169.00
RCPT-20260215-00526,2,P-0048,"Samsung Galaxy Tab A11+ 11"" Wi-Fi 128GB (Grey)",monitors,379.00,1,379.00
RCPT-20260215-00526,3,P-0018,"MSI Modern 15 H AI 15.6"" FHD 60Hz Laptop (Intel Core Ultra 7) [1TB]",laptops,1499.00,1,1499.00
RCPT-20260215-00527,1,P-0041,"LG UltraGear 24G411A 24"" FHD 144Hz Gaming Monitor",monitors,189.00,1,189.00
RCPT-20260215-00527,2,P-0066,AceZone A-Blaze Hybrid ANC Bluetooth Wireless PC Gaming Headset Black,gaming_headsets,356.15,1,356.15
RCPT-20260215-00527,3,P-0041,"LG UltraGear 24G411A 24"" FHD 144Hz Gaming Monitor",monitors,189.00,1,189.00
RCPT-20260215-00527,4,P-0071,Seagate Expansion Desktop 16TB Hard Drive,hard_drive,499.00,1,499.00
RCPT-20260215-00528,1,P-0034,"Generation Earth 14.1"" Recycled Berlin Laptop Backpack (Black)",bags,79.00,1,79.00
RCPT-20260215-00529,1,P-0061,Logitech G Astro A20X PLAYSYNC Wireless Headset (Black),gaming_headsets,349.00,1,349.00
RCPT-20260215-00529,2,P-0040,"AOC C27G4Z 27"" FHD 280Hz Curved Gaming Monitor",monitors,339.00,1,339.00
RCPT-20260215-00529,3,P-0047,"AOC 16T20 15.6"" FHD USB-C Portable Monitor",monitors,179.00,2,358.00
RCPT-20260215-00529,4,P-0001,"Dell 15 DC15255 15.6"" FHD 120Hz Laptop (Ryzen 3)[512GB]",laptops,629.00,1,629.00
RCPT-20260215-00530,1,P-0063,Corsair VOID Wireless V2 Gaming Headset (Pink),gaming_headsets,199.00,1,199.00
RCPT-20260215-00530,2,P-0050,Apple iPad 11-inch A16 128GB Wi-Fi (Blue),monitors,499.00,1,499.00
RCPT-20260215-00530,3,P-0051,"Samsung Galaxy Tab S10 FE+ 13.1"" Wi-Fi 128GB (Grey)",monitors,1099.00,1,1099.00
RCPT-20260215-00530,4,P-0063,Corsair VOID Wireless V2 Gaming Headset (Pink),gaming_headsets,199.00,1,199.00
RCPT-20260216-00531,1,P-0002,"HP Laptop 15-fc0433AU 15.6"" FHD Laptop (Ryzen 5)[512GB]",laptops,649.00,1,649.00
RCPT-20260216-00531,2,P-0062,RIG R5 SPEAR PRO HS Gaming Headset (Black),gaming_headsets,179.00,1,179.00
RCPT-20260216-00531,3,P-0040,"AOC C27G4Z 27"" FHD 280Hz Curved Gaming Monitor",monitors,339.00,1,339.00
RCPT-20260216-00531,4,P-0046,"LG 31.5"" QHD 100Hz IPS Super Slim Stand Monitor with USB-C",monitors,389.00,1,389.00
RCPT-20260216-00532,1,P-0034,"Generation Earth 14.1"" Recycled Berlin Laptop Backpack (Black)",bags,79.00,1,79.00
RCPT-20260216-00532,2,P-0060,TP-Link AC750 Wi-Fi Range Extender,wi_fi_routers,59.00,3,177.00
RCPT-20260216-00533,1,P-0071,Seagate Expansion Desktop 16TB Hard Drive,hard_drive,499.00,1,499.00
RCPT-20260216-00533,2,P-0062,RIG R5 SPEAR PRO HS Gaming Headset (Black),gaming_headsets,179.00,1,179.00
RCPT-20260216-00533,3,P-0052,"Samsung Galaxy Tab A11+ 11"" 5G 128GB (Grey)",monitors,529.00,1,529.00
RCPT-20260216-00534,1,P-0008,"Lenovo IdeaPad 5 14"" 2K OLED 2-in-1 Laptop (Copilot+ PC)[512GB]",laptops,1124.00,1,1124.00
RCPT-20260216-00534,2,P-0017,"MSI Modern 15 H AI 15.6"" FHD 60Hz Laptop (Intel Core Ultra 9) [1TB]",laptops,1499.00,1,1499.00
RCPT-20260216-00534,3,P-0066,AceZone A-Blaze Hybrid ANC Bluetooth Wireless PC Gaming Headset Black,gaming_headsets,356.15,1,356.15
RCPT-20260216-00534,4,P-0010,"Dell DB16255 16"" WUXGA Copilot+ PC Laptop (Ryzen AI 5)[512GB]",laptops,1259.00,1,1259.00
RCPT-20260216-00535,1,P-0056,Netgear Nighthawk® Wi-Fi 6 AX1800 Router RAX9,wi_fi_routers,149.00,2,298.00
RCPT-20260216-00535,2,P-0065,HyperX Cloud Flight 2 Wire,gaming_headsets,219.00,1,219.00
RCPT-20260216-00535,3,P-0056,Netgear Nighthawk® Wi-Fi 6 AX1800 Router RAX9,wi_fi_routers,149.00,1,149.00
RCPT-20260216-00535,4,P-0019,"Lenovo IdeaPad Slim 3i 15.3"" 2K Laptop (Intel Core i7)[1TB]",laptops,1599.00,1,1599.00
RCPT-20260216-00536,1,P-0005,"Asus VivoBook 15.6"" Full HD Thin & Light Laptop (1TB)[Intel Core i5",laptops,959.00,1,959.00
RCPT-20260216-00536,2,P-0052,"Samsung Galaxy Tab A11+ 11"" 5G 128GB (Grey)",monitors,529.00,1,529.00
RCPT-20260216-00536,3,P-0008,"Lenovo IdeaPad 5 14"" 2K OLED 2-in-1 Laptop (Copilot+ PC)[512GB]",laptops,1124.00,1,1124.00
RCPT-20260216-00537,1,P-0036,"STM Tower View Folio 18"" Laptop Brief (Black)",bags,69.95,1,69.95
RCPT-20260216-00537,2,P-0036,"STM Tower View Folio 18"" Laptop Brief (Black)",bags,69.95,1,69.95
RCPT-20260216-00538,1,P-0016,"Lenovo Yoga Slim 7i Aura Edition 14"" 2.8K OLED Laptop (Intel Core Ultra 5)[1TB]",laptops,1499.00,1,1499.00
RCPT-20260216-00538,2,P-0076,SanDisk® Creator Phone SSD with Magsafe 2TB,hard_drive,399.00,1,399.00
RCPT-20260216-00538,3,P-0006,"HP OmniBook 5 NG AI PC 14-he0013QU 14"" WUXGA OLED Copilot+ PC Laptop (Snapdragon X1)[512GB/16GB]",laptops,1099.00,1,1099.00
RCPT-20260216-00539,1,P-0070,Seagate Expansion Desktop 26TB Hard Drive,hard_drive,749.00,1,749.00
RCPT-20260216-00539,2,P-0059,TP-Link AX3000 Mesh Wi-Fi 6 Range Extender,wi_fi_routers,149.00,1,149.00
RCPT-20260216-00539,3,P-0072,Sandisk E30 Portable SSD Drive (1TB),hard_drive,169.00,1,169.00
RCPT-20260216-00539,4,P-0006,"HP OmniBook 5 NG AI PC 14-he0013QU 14"" WUXGA OLED Copilot+ PC Laptop (Snapdragon X1)[512GB/16GB]",laptops,1099.00,1,1099.00
RCPT-20260216-00540,1,P-0037,"Lenovo Legion GB800 17"" Laptop Backpack (Black)",bags,199.00,1,199.00
RCPT-20260216-00540,2,P-0022,"Asus TUF Gaming F16 16"" FHD+ 144Hz Gaming Laptop (Intel Core i7)[GeForce RTX 4050]",laptops,1919.00,1,1919.00
RCPT-20260216-00540,3,P-0004,"HP Laptop 15-fc0474AU 15.6"" FHD laptop (Ryzen 7)[512GB]",laptops,899.00,1,899.00
RCPT-20260216-00541,1,P-0062,RIG R5 SPEAR PRO HS Gaming Headset (Black),gaming_headsets,179.00,1,179.00
RCPT-20260216-00541,2,P-0003,"Lenovo IdeaPad S3i 15.6"" FHD Laptop (Intel Core i3)[512GB]",laptops,699.00,1,699.00
RCPT-20260216-00541,3,P-0073,Samsung T7 Portable SSD Drive [1TB](Titan Gray),hard_drive,329.00,1,329.00
RCPT-20260216-00541,4,P-0003,"Lenovo IdeaPad S3i 15.6"" FHD Laptop (Intel Core i3)[512GB]",laptops,699.00,1,699.00
RCPT-20260216-00542,1,P-0076,SanDisk® Creator Phone SSD with Magsafe 2TB,hard_drive,399.00,2,798.00
RCPT-20260216-00542,2,P-0048,"Samsung Galaxy Tab A11+ 11"" Wi-Fi 128GB (Grey)",monitors,379.00,1,379.00
RCPT-20260216-00542,3,P-0054,TP-Link AX3000 Gigabit Wi-Fi 6 Router,wi_fi_routers,159.00,1,159.00
RCPT-20260217-00543,1,P-0036,"STM Tower View Folio 18"" Laptop Brief (Black)",bags,69.95,1,69.95
RCPT-20260217-00543,2,P-0061,Logitech G Astro A20X PLAYSYNC Wireless Headset (Black),gaming_headsets,349.00,1,349.00
RCPT-20260217-00543,3,P-0036,"STM Tower View Folio 18"" Laptop Brief (Black)",bags,69.95,1,69.95
RCPT-20260217-00543,4,P-0058,ASUS DSL-AX82U AX5400 Wi-Fi 6 Modem Router,wi_fi_routers,449.00,1,449.00
RCPT-20260217-00544,1,P-0007,"Dell Inspiron 14 7440 14"" WQXGA 2-in-1 Laptop (Intel Core i5)[512GB/16GB]",laptops,1199.00,1,1199.00
RCPT-20260217-00544,2,P-0035,"Thule Gauntlet Macbook Pro Attache 14"" (Black)",bags,179.95,1,179.95
RCPT-20260217-00544,3,P-0070,Seagate Expansion Desktop 26TB Hard Drive,hard_drive,749.00,1,749.00
RCPT-20260217-00544,4,P-0015,"Dell DB16255 16"" WUXGA Copilot+ PC Laptop (Ryzen AI 7)[1TB]",laptops,1399.00,1,1399.00
RCPT-20260217-00545,1,P-0060,TP-Link AC750 Wi-Fi Range Extender,wi_fi_routers,59.00,1,59.00
RCPT-20260217-00546,1,P-0049,"Lenovo Tab 10"" WUXGA 128GB Tablet with Clear Case",monitors,299.00,1,299.00
RCPT-20260217-00546,2,P-0010,"Dell DB16255 16"" WUXGA Copilot+ PC Laptop (Ryzen AI 5)[512GB]",laptops,1259.00,1,1259.00
RCPT-20260217-00547,1,P-0060,TP-Link AC750 Wi-Fi Range Extender,wi_fi_routers,59.00,1,59.00
RCPT-20260217-00548,1,P-0071,Seagate Expansion Desktop 16TB Hard Drive,hard_drive,499.00,1,499.00
RCPT-20260217-00548,2,P-0021,"HP Victus 15-fa2364TX 15.6"" Full HD Gaming Laptop (Intel Core i7)[GeForce RTX 4050]",laptops,1899.00,1,1899.00
RCPT-20260217-00549,1,P-0066,AceZone A-Blaze Hybrid ANC Bluetooth Wireless PC Gaming Headset Black,gaming_headsets,356.15,2,712.30
RCPT-20260217-00549,2,P-0045,"ASUS ROG Strix XG32UCWMG 32"" 4K 240Hz OLED Gaming Monitor",monitors,1999.00,1,1999.00
RCPT-20260217-00549,3,P-0049,"Lenovo Tab 10"" WUXGA 128GB Tablet with Clear Case",monitors,299.00,1,299.00
RCPT-20260217-00549,4,P-0063,Corsair VOID Wireless V2 Gaming Headset (Pink),gaming_headsets,199.00,1,199.00
RCPT-20260217-00550,1,P-0072,Sandisk E30 Portable SSD Drive (1TB),hard_drive,169.00,1,169.00
RCPT-20260217-00550,2,P-0001,"Dell 15 DC15255 15.6"" FHD 120Hz Laptop (Ryzen 3)[512GB]",laptops,629.00,1,629.00
RCPT-20260217-00550,3,P-0041,"LG UltraGear 24G411A 24"" FHD 144Hz Gaming Monitor",monitors,189.00,1,189.00
RCPT-20260217-00550,4,P-0061,Logitech G Astro A20X PLAYSYNC Wireless Headset (Black),gaming_headsets,349.00,1,349.00
RCPT-20260217-00551,1,P-0060,TP-Link AC750 Wi-Fi Range Extender,wi_fi_routers,59.00,3,177.00
RCPT-20260217-00551,2,P-0036,"STM Tower View Folio 18"" Laptop Brief (Black)",bags,69.95,1,69.95
RCPT-20260217-00551,3,P-0065,HyperX Cloud Flight 2 Wire,gaming_headsets,219.00,1,219.00
RCPT-20260217-00551,4,P-0001,"Dell 15 DC15255 15.6"" FHD 120Hz Laptop (Ryzen 3)[512GB]",laptops,629.00,1,629.00
RCPT-20260217-00552,1,P-0036,"STM Tower View Folio 18"" Laptop Brief (Black)",bags,69.95,2,139.90
RCPT-20260217-00553,1,P-0015,"Dell DB16255 16"" WUXGA Copilot+ PC Laptop (Ryzen AI 7)[1TB]",laptops,1399.00,1,1399.00
RCPT-20260217-00553,2,P-0041,"LG UltraGear 24G411A 24"" FHD 144Hz Gaming Monitor",monitors,189.00,1,189.00
RCPT-20260217-00553,3,P-0069,WD My Book 16TB External Hard Drive,hard_drive,679.00,1,679.00
RCPT-20260217-00554,1,P-0037,"Lenovo Legion GB800 17"" Laptop Backpack (Black)",bags,199.00,1,199.00
RCPT-20260217-00554,2,P-0003,"Lenovo IdeaPad S3i 15.6"" FHD Laptop (Intel Core i3)[512GB]",laptops,699.00,2,1398.00
RCPT-20260217-00554,3,P-0074,Samsung Portable SSD T7 Shield 1TB (Black),hard_drive,369.00,1,369.00
RCPT-20260217-00554,4,P-0064,Logitech G325 LIGHTSPEED Wireless Gaming Headset (White),gaming_headsets,199.00,1,199.00
RCPT-20260217-00555,1,P-0064,Logitech G325 LIGHTSPEED Wireless Gaming Headset (White),gaming_headsets,199.00,1,199.00
RCPT-20260217-00555,2,P-0072,Sandisk E30 Portable SSD Drive (1TB),hard_drive,169.00,1,169.00
RCPT-20260217-00555,3,P-0050,Apple iPad 11-inch A16 128GB Wi-Fi (Blue),monitors,499.00,1,499.00
RCPT-20260217-00556,1,P-0056,Netgear Nighthawk® Wi-Fi 6 AX1800 Router RAX9,wi_fi_routers,149.00,2,298.00
RCPT-20260217-00556,2,P-0034,"Generation Earth 14.1"" Recycled Berlin Laptop Backpack (Black)",bags,79.00,1,79.00
RCPT-20260217-00556,3,P-0045,"ASUS ROG Strix XG32UCWMG 32"" 4K 240Hz OLED Gaming Monitor",monitors,1999.00,1,1999.00
RCPT-20260217-00556,4,P-0045,"ASUS ROG Strix XG32UCWMG 32"" 4K 240Hz OLED Gaming Monitor",monitors,1999.00,1,1999.00
RCPT-20260218-00557,1,P-0044,"Samsung Odyssey G91SD 49"" DQHD 144Hz OLED Curved Gaming Monitor",monitors,1999.00,1,1999.00
RCPT-20260218-00557,2,P-0016,"Lenovo Yoga Slim 7i Aura Edition 14"" 2.8K OLED Laptop (Intel Core Ultra 5)[1TB]",laptops,1499.00,1,1499.00
RCPT-20260218-00558,1,P-0058,ASUS DSL-AX82U AX5400 Wi-Fi 6 Modem Router,wi_fi_routers,449.00,1,449.00
RCPT-20260218-00558,2,P-0060,TP-Link AC750 Wi-Fi Range Extender,wi_fi_routers,59.00,1,59.00
RCPT-20260218-00558,3,P-0011,"Lenovo Ideapad 5 14"" WUXGA OLED 2-in-1 Laptop (Snapdragon X Plus)[1TB]",laptops,1274.00,1,1274.00
RCPT-20260218-00558,4,P-0008,"Lenovo IdeaPad 5 14"" 2K OLED 2-in-1 Laptop (Copilot+ PC)[512GB]",laptops,1124.00,2,2248.00
RCPT-20260218-00559,1,P-0060,TP-Link AC750 Wi-Fi Range Extender,wi_fi_routers,59.00,1,59.00
RCPT-20260218-00560,1,P-0002,"HP Laptop 15-fc0433AU 15.6"" FHD Laptop (Ryzen 5)[512GB]",laptops,649.00,1,649.00
RCPT-20260218-00560,2,P-0062,RIG R5 SPEAR PRO HS Gaming Headset (Black),gaming_headsets,179.00,1,179.00
RCPT-20260218-00560,3,P-0013,"HP Envy x360 14-fc0189TU 14"" WUXGA 2-in-1 Laptop (Intel Core Ultra 5)[512GB]",laptops,1299.00,1,1299.00
RCPT-20260218-00560,4,P-0049,"Lenovo Tab 10"" WUXGA 128GB Tablet with Clear Case",monitors,299.00,1,299.00
RCPT-20260218-00561,1,P-0060,TP-Link AC750 Wi-Fi Range Extender,wi_fi_routers,59.00,2,118.00
RCPT-20260218-00562,1,P-0036,"STM Tower View Folio 18"" Laptop Brief (Black)",bags,69.95,1,69.95
RCPT-20260218-00562,2,P-0060,TP-Link AC750 Wi-Fi Range Extender,wi_fi_routers,59.00,3,177.00
RCPT-20260218-00563,1,P-0060,TP-Link AC750 Wi-Fi Range Extender,wi_fi_routers,59.00,1,59.00
RCPT-20260218-00564,1,P-0054,TP-Link AX3000 Gigabit Wi-Fi 6 Router,wi_fi_routers,159.00,1,159.00
RCPT-20260218-00564,2,P-0054,TP-Link AX3000 Gigabit Wi-Fi 6 Router,wi_fi_routers,159.00,1,159.00
RCPT-20260218-00564,3,P-0065,HyperX Cloud Flight 2 Wire,gaming_headsets,219.00,1,219.00
RCPT-20260218-00564,4,P-0007,"Dell Inspiron 14 7440 14"" WQXGA 2-in-1 Laptop (Intel Core i5)[512GB/16GB]",laptops,1199.00,1,1199.00
RCPT-20260218-00565,1,P-0048,"Samsung Galaxy Tab A11+ 11"" Wi-Fi 128GB (Grey)",monitors,379.00,1,379.00
RCPT-20260218-00565,2,P-0048,"Samsung Galaxy Tab A11+ 11"" Wi-Fi 128GB (Grey)",monitors,379.00,1,379.00
RCPT-20260218-00565,3,P-0051,"Samsung Galaxy Tab S10 FE+ 13.1"" Wi-Fi 128GB (Grey)",monitors,1099.00,1,1099.00
RCPT-20260218-00566,1,P-0049,"Lenovo Tab 10"" WUXGA 128GB Tablet with Clear Case",monitors,299.00,1,299.00
RCPT-20260218-00566,2,P-0065,HyperX Cloud Flight 2 Wire,gaming_headsets,219.00,2,438.00
RCPT-20260218-00566,3,P-0050,Apple iPad 11-inch A16 128GB Wi-Fi (Blue),monitors,499.00,1,499.00
RCPT-20260218-00566,4,P-0002,"HP Laptop 15-fc0433AU 15.6"" FHD Laptop (Ryzen 5)[512GB]",laptops,649.00,1,649.00
RCPT-20260218-00567,1,P-0026,"Apple MacBook Pro 14-inch with M5 Chip, 1TB/24GB (Space Black)",laptops,3099.00,1,3099.00
RCPT-20260218-00567,2,P-0003,"Lenovo IdeaPad S3i 15.6"" FHD Laptop (Intel Core i3)[512GB]",laptops,699.00,1,699.00
RCPT-20260218-00567,3,P-0039,"LG UltraGear 27G411A 27"" FHD 144Hz Gaming Monitor",monitors,229.00,2,458.00
RCPT-20260218-00568,1,P-0053,Apple iPad Air 13-inch M3 128GB Wi-Fi (Space Grey),monitors,1347.00,1,1347.00
RCPT-20260218-00569,1,P-0043,"Lenovo Legion R34w-30 34"" WQHD 180Hz Curved Gaming Monitor",monitors,499.00,1,499.00
RCPT-20260218-00569,2,P-0062,RIG R5 SPEAR PRO HS Gaming Headset (Black),gaming_headsets,179.00,1,179.00
RCPT-20260218-00569,3,P-0058,ASUS DSL-AX82U AX5400 Wi-Fi 6 Modem Router,wi_fi_routers,449.00,1,449.00
RCPT-20260218-00570,1,P-0050,Apple iPad 11-inch A16 128GB Wi-Fi (Blue),monitors,499.00,1,499.00
RCPT-20260218-00570,2,P-0072,Sandisk E30 Portable SSD Drive (1TB),hard_drive,169.00,2,338.00
RCPT-20260218-00571,1,P-0059,TP-Link AX3000 Mesh Wi-Fi 6 Range Extender,wi_fi_routers,149.00,1,149.00
RCPT-20260218-00571,2,P-0071,Seagate Expansion Desktop 16TB Hard Drive,hard_drive,499.00,1,499.00
RCPT-20260218-00571,3,P-0062,RIG R5 SPEAR PRO HS Gaming Headset (Black),gaming_headsets,179.00,1,179.00
RCPT-20260218-00571,4,P-0061,Logitech G Astro A20X PLAYSYNC Wireless Headset (Black),gaming_headsets,349.00,1,349.00
RCPT-20260218-00572,1,P-0048,"Samsung Galaxy Tab A11+ 11"" Wi-Fi 128GB (Grey)",monitors,379.00,1,379.00
RCPT-20260218-00572,2,P-0057,Starlink Standard Kit (Latest Generation),wi_fi_routers,549.00,1,549.00
RCPT-20260219-00573,1,P-0047,"AOC 16T20 15.6"" FHD USB-C Portable Monitor",monitors,179.00,1,179.00
RCPT-20260219-00573,2,P-0040,"AOC C27G4Z 27"" FHD 280Hz Curved Gaming Monitor",monitors,339.00,1,339.00
RCPT-20260219-00573,3,P-0057,Starlink Standard Kit (Latest Generation),wi_fi_routers,549.00,1,549.00
RCPT-20260219-00573,4,P-0050,Apple iPad 11-inch A16 128GB Wi-Fi (Blue),monitors,499.00,1,499.00
RCPT-20260219-00574,1,P-0011,"Lenovo Ideapad 5 14"" WUXGA OLED 2-in-1 Laptop (Snapdragon X Plus)[1TB]",laptops,1274.00,1,1274.00
RCPT-20260219-00574,2,P-0019,"Lenovo IdeaPad Slim 3i 15.3"" 2K Laptop (Intel Core i7)[1TB]",laptops,1599.00,1,1599.00
RCPT-20260219-00575,1,P-0037,"Lenovo Legion GB800 17"" Laptop Backpack (Black)",bags,199.00,1,199.00
RCPT-20260219-00575,2,P-0042,"LG UltraGear 34G600A 34"" WQHD",monitors,699.00,1,699.00
RCPT-20260219-00575,3,P-0075,Samsung Portable T7 Shield SSD 4TB (Black),hard_drive,999.00,1,999.00
RCPT-20260219-00576,1,P-0060,TP-Link AC750 Wi-Fi Range Extender,wi_fi_routers,59.00,3,177.00
RCPT-20260219-00577,1,P-0065,HyperX Cloud Flight 2 Wire,gaming_headsets,219.00,1,219.00
RCPT-20260219-00577,2,P-0076,SanDisk® Creator Phone SSD with Magsafe 2TB,hard_drive,399.00,1,399.00
RCPT-20260219-00577,3,P-0067,Epson WorkForce Pro WF-3825 Multifunction Printer,gaming_headsets,169.00,1,169.00
RCPT-20260219-00578,1,P-0018,"MSI Modern 15 H AI 15.6"" FHD 60Hz Laptop (Intel Core Ultra 7) [1TB]",laptops,1499.00,1,1499.00
RCPT-20260219-00578,2,P-0017,"MSI Modern 15 H AI 15.6"" FHD 60Hz Laptop (Intel Core Ultra 9) [1TB]",laptops,1499.00,1,1499.00
RCPT-20260219-00579,1,P-0065,HyperX Cloud Flight 2 Wire,gaming_headsets,219.00,1,219.00
RCPT-20260219-00579,2,P-0055,ASUS RT-AX54HP V2 AX1800 Wi-Fi 6 Router,wi_fi_routers,179.00,1,179.00
RCPT-20260219-00579,3,P-0065,HyperX Cloud Flight 2 Wire,gaming_headsets,219.00,1,219.00
RCPT-20260219-00579,4,P-0003,"Lenovo IdeaPad S3i 15.6"" FHD Laptop (Intel Core i3)[512GB]",laptops,699.00,2,1398.00
RCPT-20260219-00580,1,P-0052,"Samsung Galaxy Tab A11+ 11"" 5G 128GB (Grey)",monitors,529.00,1,529.00
RCPT-20260219-00580,2,P-0052,"Samsung Galaxy Tab A11+ 11"" 5G 128GB (Grey)",monitors,529.00,1,529.00
RCPT-20260219-00580,3,P-0014,"Microsoft Surface Pro Copilot+ PC 12"" Snapdragon X Plus 8 core/16GB/512GB (Violet)",laptops,1399.00,1,1399.00
RCPT-20260219-00580,4,P-0048,"Samsung Galaxy Tab A11+ 11"" Wi-Fi 128GB (Grey)",monitors,379.00,1,379.00
RCPT-20260219-00581,1,P-0060,TP-Link AC750 Wi-Fi Range Extender,wi_fi_routers,59.00,1,59.00
RCPT-20260219-00582,1,P-0001,"Dell 15 DC15255 15.6"" FHD 120Hz Laptop (Ryzen 3)[512GB]",laptops,629.00,1,629.00
RCPT-20260219-00582,2,P-0054,TP-Link AX3000 Gigabit Wi-Fi 6 Router,wi_fi_routers,159.00,1,159.00
RCPT-20260219-00582,3,P-0008,"Lenovo IdeaPad 5 14"" 2K OLED 2-in-1 Laptop (Copilot+ PC)[512GB]",laptops,1124.00,1,1124.00
RCPT-20260219-00583,1,P-0065,HyperX Cloud Flight 2 Wire,gaming_headsets,219.00,1,219.00
RCPT-20260219-00583,2,P-0076,SanDisk® Creator Phone SSD with Magsafe 2TB,hard_drive,399.00,2,798.00
RCPT-20260219-00584,1,P-0073,Samsung T7 Portable SSD Drive [1TB](Titan Gray),hard_drive,329.00,1,329.00
RCPT-20260219-00585,1,P-0050,Apple iPad 11-inch A16 128GB Wi-Fi (Blue),monitors,499.00,1,499.00
RCPT-20260219-00585,2,P-0069,WD My Book 16TB External Hard Drive,hard_drive,679.00,1,679.00
RCPT-20260219-00585,3,P-0012,"ASUS Vivobook S16 16"" WQXGA Laptop (Copilot+ PC)[512GB]",laptops,1278.00,1,1278.00
RCPT-20260219-00586,1,P-0061,Logitech G Astro A20X PLAYSYNC Wireless Headset (Black),gaming_headsets,349.00,1,349.00
RCPT-20260219-00586,2,P-0052,"Samsung Galaxy Tab A11+ 11"" 5G 128GB (Grey)",monitors,529.00,1,529.00
RCPT-20260219-00586,3,P-0003,"Lenovo IdeaPad S3i 15.6"" FHD Laptop (Intel Core i3)[512GB]",laptops,699.00,1,699.00
RCPT-20260220-00587,1,P-0008,"Lenovo IdeaPad 5 14"" 2K OLED 2-in-1 Laptop (Copilot+ PC)[512GB]",laptops,1124.00,2,2248.00
RCPT-20260220-00588,1,P-0064,Logitech G325 LIGHTSPEED Wireless Gaming Headset (White),gaming_headsets,199.00,1,199.00
RCPT-20260220-00588,2,P-0067,Epson WorkForce Pro WF-3825 Multifunction Printer,gaming_headsets,169.00,1,169.00
RCPT-20260220-00588,3,P-0063,Corsair VOID Wireless V2 Gaming Headset (Pink),gaming_headsets,199.00,1,199.00
RCPT-20260220-00588,4,P-0063,Corsair VOID Wireless V2 Gaming Headset (Pink),gaming_headsets,199.00,1,199.00
RCPT-20260220-00589,1,P-0060,TP-Link AC750 Wi-Fi Range Extender,wi_fi_routers,59.00,2,118.00
RCPT-20260220-00590,1,P-0034,"Generation Earth 14.1"" Recycled Berlin Laptop Backpack (Black)",bags,79.00,1,79.00
RCPT-20260220-00590,2,P-0034,"Generation Earth 14.1"" Recycled Berlin Laptop Backpack (Black)",bags,79.00,1,79.00
RCPT-20260220-00591,1,P-0014,"Microsoft Surface Pro Copilot+ PC 12"" Snapdragon X Plus 8 core/16GB/512GB (Violet)",laptops,1399.00,1,1399.00
RCPT-20260220-00591,2,P-0055,ASUS RT-AX54HP V2 AX1800 Wi-Fi 6 Router,wi_fi_routers,179.00,1,179.00
RCPT-20260220-00591,3,P-0062,RIG R5 SPEAR PRO HS Gaming Headset (Black),gaming_headsets,179.00,1,179.00
RCPT-20260220-00591,4,P-0001,"Dell 15 DC15255 15.6"" FHD 120Hz Laptop (Ryzen 3)[512GB]",laptops,629.00,1,629.00
RCPT-20260220-00592,1,P-0034,"Generation Earth 14.1"" Recycled Berlin Laptop Backpack (Black)",bags,79.00,1,79.00
RCPT-20260220-00593,1,P-0039,"LG UltraGear 27G411A 27"" FHD 144Hz Gaming Monitor",monitors,229.00,1,229.00
RCPT-20260220-00593,2,P-0068,Canon TS7760 Pixma Home Printer,gaming_headsets,139.00,1,139.00
RCPT-20260220-00593,3,P-0038,"Blaupunkt BP27GM240 27"" FHD 240Hz Curved Gaming Monitor",monitors,399.00,2,798.00
RCPT-20260220-00593,4,P-0052,"Samsung Galaxy Tab A11+ 11"" 5G 128GB (Grey)",monitors,529.00,2,1058.00
RCPT-20260220-00594,1,P-0040,"AOC C27G4Z 27"" FHD 280Hz Curved Gaming Monitor",monitors,339.00,1,339.00
RCPT-20260220-00594,2,P-0039,"LG UltraGear 27G411A 27"" FHD 144Hz Gaming Monitor",monitors,229.00,1,229.00
RCPT-20260220-00594,3,P-0042,"LG UltraGear 34G600A 34"" WQHD",monitors,699.00,1,699.00
RCPT-20260220-00594,4,P-0050,Apple iPad 11-inch A16 128GB Wi-Fi (Blue),monitors,499.00,1,499.00
RCPT-20260220-00595,1,P-0055,ASUS RT-AX54HP V2 AX1800 Wi-Fi 6 Router,wi_fi_routers,179.00,2,358.00
RCPT-20260220-00595,2,P-0062,RIG R5 SPEAR PRO HS Gaming Headset (Black),gaming_headsets,179.00,1,179.00
RCPT-20260220-00595,3,P-0041,"LG UltraGear 24G411A 24"" FHD 144Hz Gaming Monitor",monitors,189.00,1,189.00
RCPT-20260220-00596,1,P-0015,"Dell DB16255 16"" WUXGA Copilot+ PC Laptop (Ryzen AI 7)[1TB]",laptops,1399.00,1,1399.00
RCPT-20260220-00596,2,P-0060,TP-Link AC750 Wi-Fi Range Extender,wi_fi_routers,59.00,1,59.00
RCPT-20260220-00597,1,P-0008,"Lenovo IdeaPad 5 14"" 2K OLED 2-in-1 Laptop (Copilot+ PC)[512GB]",laptops,1124.00,1,1124.00
RCPT-20260220-00597,2,P-0048,"Samsung Galaxy Tab A11+ 11"" Wi-Fi 128GB (Grey)",monitors,379.00,1,379.00
RCPT-20260220-00597,3,P-0010,"Dell DB16255 16"" WUXGA Copilot+ PC Laptop (Ryzen AI 5)[512GB]",laptops,1259.00,1,1259.00
RCPT-20260220-00598,1,P-0047,"AOC 16T20 15.6"" FHD USB-C Portable Monitor",monitors,179.00,1,179.00
RCPT-20260220-00598,2,P-0064,Logitech G325 LIGHTSPEED Wireless Gaming Headset (White),gaming_headsets,199.00,1,199.00
RCPT-20260220-00598,3,P-0050,Apple iPad 11-inch A16 128GB Wi-Fi (Blue),monitors,499.00,1,499.00
RCPT-20260220-00598,4,P-0041,"LG UltraGear 24G411A 24"" FHD 144Hz Gaming Monitor",monitors,189.00,1,189.00
RCPT-20260220-00599,1,P-0032,"HP OMEN MAX 16"" UWVA 2.5K 240Hz OLED Gaming Laptop (Intel Core Ultra 9)[GeForce RTX 5080]",laptops,4499.00,1,4499.00
RCPT-20260220-00599,2,P-0034,"Generation Earth 14.1"" Recycled Berlin Laptop Backpack (Black)",bags,79.00,1,79.00
RCPT-20260220-00600,1,P-0007,"Dell Inspiron 14 7440 14"" WQXGA 2-in-1 Laptop (Intel Core i5)[512GB/16GB]",laptops,1199.00,1,1199.00
RCPT-20260220-00600,2,P-0019,"Lenovo IdeaPad Slim 3i 15.3"" 2K Laptop (Intel Core i7)[1TB]",laptops,1599.00,1,1599.00
RCPT-20260221-00601,1,P-0036,"STM Tower View Folio 18"" Laptop Brief (Black)",bags,69.95,1,69.95
RCPT-20260221-00601,2,P-0034,"Generation Earth 14.1"" Recycled Berlin Laptop Backpack (Black)",bags,79.00,1,79.00
RCPT-20260221-00602,1,P-0050,Apple iPad 11-inch A16 128GB Wi-Fi (Blue),monitors,499.00,1,499.00
RCPT-20260221-00602,2,P-0059,TP-Link AX3000 Mesh Wi-Fi 6 Range Extender,wi_fi_routers,149.00,1,149.00
RCPT-20260221-00602,3,P-0058,ASUS DSL-AX82U AX5400 Wi-Fi 6 Modem Router,wi_fi_routers,449.00,1,449.00
RCPT-20260221-00602,4,P-0067,Epson WorkForce Pro WF-3825 Multifunction Printer,gaming_headsets,169.00,1,169.00
RCPT-20260221-00603,1,P-0043,"Lenovo Legion R34w-30 34"" WQHD 180Hz Curved Gaming Monitor",monitors,499.00,1,499.00
RCPT-20260221-00603,2,P-0057,Starlink Standard Kit (Latest Generation),wi_fi_routers,549.00,1,549.00
RCPT-20260221-00603,3,P-0063,Corsair VOID Wireless V2 Gaming Headset (Pink),gaming_headsets,199.00,1,199.00
RCPT-20260221-00603,4,P-0005,"Asus VivoBook 15.6"" Full HD Thin & Light Laptop (1TB)[Intel Core i5",laptops,959.00,1,959.00
RCPT-20260221-00604,1,P-0040,"AOC C27G4Z 27"" FHD 280Hz Curved Gaming Monitor",monitors,339.00,2,678.00
RCPT-20260221-00604,2,P-0050,Apple iPad 11-inch A16 128GB Wi-Fi (Blue),monitors,499.00,1,499.00
RCPT-20260221-00604,3,P-0046,"LG 31.5"" QHD 100Hz IPS Super Slim Stand Monitor with USB-C",monitors,389.00,1,389.00
RCPT-20260221-00605,1,P-0049,"Lenovo Tab 10"" WUXGA 128GB Tablet with Clear Case",monitors,299.00,1,299.00
RCPT-20260221-00605,2,P-0060,TP-Link AC750 Wi-Fi Range Extender,wi_fi_routers,59.00,1,59.00
RCPT-20260221-00605,3,P-0071,Seagate Expansion Desktop 16TB Hard Drive,hard_drive,499.00,1,499.00
RCPT-20260221-00606,1,P-0004,"HP Laptop 15-fc0474AU 15.6"" FHD laptop (Ryzen 7)[512GB]",laptops,899.00,1,899.00
RCPT-20260221-00606,2,P-0019,"Lenovo IdeaPad Slim 3i 15.3"" 2K Laptop (Intel Core i7)[1TB]",laptops,1599.00,1,1599.00
RCPT-20260221-00606,3,P-0039,"LG UltraGear 27G411A 27"" FHD 144Hz Gaming Monitor",monitors,229.00,1,229.00
RCPT-20260221-00606,4,P-0019,"Lenovo IdeaPad Slim 3i 15.3"" 2K Laptop (Intel Core i7)[1TB]",laptops,1599.00,1,1599.00
RCPT-20260221-00607,1,P-0062,RIG R5 SPEAR PRO HS Gaming Headset (Black),gaming_headsets,179.00,1,179.00
RCPT-20260221-00607,2,P-0011,"Lenovo Ideapad 5 14"" WUXGA OLED 2-in-1 Laptop (Snapdragon X Plus)[1TB]",laptops,1274.00,1,1274.00
RCPT-20260221-00607,3,P-0050,Apple iPad 11-inch A16 128GB Wi-Fi (Blue),monitors,499.00,2,998.00
RCPT-20260221-00608,1,P-0012,"ASUS Vivobook S16 16"" WQXGA Laptop (Copilot+ PC)[512GB]",laptops,1278.00,1,1278.00
RCPT-20260221-00608,2,P-0007,"Dell Inspiron 14 7440 14"" WQXGA 2-in-1 Laptop (Intel Core i5)[512GB/16GB]",laptops,1199.00,1,1199.00
RCPT-20260221-00609,1,P-0060,TP-Link AC750 Wi-Fi Range Extender,wi_fi_routers,59.00,1,59.00
RCPT-20260221-00610,1,P-0039,"LG UltraGear 27G411A 27"" FHD 144Hz Gaming Monitor",monitors,229.00,1,229.00
RCPT-20260221-00610,2,P-0047,"AOC 16T20 15.6"" FHD USB-C Portable Monitor",monitors,179.00,1,179.00
RCPT-20260221-00610,3,P-0040,"AOC C27G4Z 27"" FHD 280Hz Curved Gaming Monitor",monitors,339.00,1,339.00
RCPT-20260221-00611,1,P-0022,"Asus TUF Gaming F16 16"" FHD+ 144Hz Gaming Laptop (Intel Core i7)[GeForce RTX 4050]",laptops,1919.00,1,1919.00
RCPT-20260221-00611,2,P-0006,"HP OmniBook 5 NG AI PC 14-he0013QU 14"" WUXGA OLED Copilot+ PC Laptop (Snapdragon X1)[512GB/16GB]",laptops,1099.00,1,1099.00
RCPT-20260221-00612,1,P-0007,"Dell Inspiron 14 7440 14"" WQXGA 2-in-1 Laptop (Intel Core i5)[512GB/16GB]",laptops,1199.00,1,1199.00
RCPT-20260221-00612,2,P-0042,"LG UltraGear 34G600A 34"" WQHD",monitors,699.00,1,699.00
RCPT-20260221-00613,1,P-0066,AceZone A-Blaze Hybrid ANC Bluetooth Wireless PC Gaming Headset Black,gaming_headsets,356.15,1,356.15
RCPT-20260221-00613,2,P-0059,TP-Link AX3000 Mesh Wi-Fi 6 Range Extender,wi_fi_routers,149.00,1,149.00
RCPT-20260221-00613,3,P-0048,"Samsung Galaxy Tab A11+ 11"" Wi-Fi 128GB (Grey)",monitors,379.00,1,379.00
RCPT-20260221-00613,4,P-0048,"Samsung Galaxy Tab A11+ 11"" Wi-Fi 128GB (Grey)",monitors,379.00,1,379.00
RCPT-20260222-00614,1,P-0060,TP-Link AC750 Wi-Fi Range Extender,wi_fi_routers,59.00,2,118.00
RCPT-20260222-00615,1,P-0032,"HP OMEN MAX 16"" UWVA 2.5K 240Hz OLED Gaming Laptop (Intel Core Ultra 9)[GeForce RTX 5080]",laptops,4499.00,1,4499.00
RCPT-20260222-00616,1,P-0060,TP-Link AC750 Wi-Fi Range Extender,wi_fi_routers,59.00,1,59.00
RCPT-20260222-00617,1,P-0056,Netgear Nighthawk® Wi-Fi 6 AX1800 Router RAX9,wi_fi_routers,149.00,1,149.00
RCPT-20260222-00617,2,P-0072,Sandisk E30 Portable SSD Drive (1TB),hard_drive,169.00,2,338.00
RCPT-20260222-00617,3,P-0071,Seagate Expansion Desktop 16TB Hard Drive,hard_drive,499.00,1,499.00
RCPT-20260222-00617,4,P-0007,"Dell Inspiron 14 7440 14"" WQXGA 2-in-1 Laptop (Intel Core i5)[512GB/16GB]",laptops,1199.00,1,1199.00
RCPT-20260222-00618,1,P-0036,"STM Tower View Folio 18"" Laptop Brief (Black)",bags,69.95,4,279.80
RCPT-20260222-00619,1,P-0035,"Thule Gauntlet Macbook Pro Attache 14"" (Black)",bags,179.95,1,179.95
RCPT-20260222-00619,2,P-0002,"HP Laptop 15-fc0433AU 15.6"" FHD Laptop (Ryzen 5)[512GB]",laptops,649.00,1,649.00
RCPT-20260222-00620,1,P-0064,Logitech G325 LIGHTSPEED Wireless Gaming Headset (White),gaming_headsets,199.00,1,199.00
RCPT-20260222-00620,2,P-0044,"Samsung Odyssey G91SD 49"" DQHD 144Hz OLED Curved Gaming Monitor",monitors,1999.00,1,1999.00
RCPT-20260222-00620,3,P-0034,"Generation Earth 14.1"" Recycled Berlin Laptop Backpack (Black)",bags,79.00,4,316.00
RCPT-20260222-00620,4,P-0009,"Dell 15 DC15250 15.6"" Full HD Laptop (Intel Core i5)[512GB]",laptops,1199.00,1,1199.00
RCPT-20260222-00621,1,P-0015,"Dell DB16255 16"" WUXGA Copilot+ PC Laptop (Ryzen AI 7)[1TB]",laptops,1399.00,1,1399.00
RCPT-20260222-00621,2,P-0043,"Lenovo Legion R34w-30 34"" WQHD 180Hz Curved Gaming Monitor",monitors,499.00,1,499.00
RCPT-20260222-00621,3,P-0012,"ASUS Vivobook S16 16"" WQXGA Laptop (Copilot+ PC)[512GB]",laptops,1278.00,1,1278.00
RCPT-20260222-00621,4,P-0049,"Lenovo Tab 10"" WUXGA 128GB Tablet with Clear Case",monitors,299.00,1,299.00
RCPT-20260222-00622,1,P-0004,"HP Laptop 15-fc0474AU 15.6"" FHD laptop (Ryzen 7)[512GB]",laptops,899.00,1,899.00
RCPT-20260222-00622,2,P-0037,"Lenovo Legion GB800 17"" Laptop Backpack (Black)",bags,199.00,1,199.00
RCPT-20260222-00622,3,P-0055,ASUS RT-AX54HP V2 AX1800 Wi-Fi 6 Router,wi_fi_routers,179.00,1,179.00
RCPT-20260222-00622,4,P-0050,Apple iPad 11-inch A16 128GB Wi-Fi (Blue),monitors,499.00,1,499.00
RCPT-20260222-00623,1,P-0060,TP-Link AC750 Wi-Fi Range Extender,wi_fi_routers,59.00,1,59.00
RCPT-20260222-00624,1,P-0016,"Lenovo Yoga Slim 7i Aura Edition 14"" 2.8K OLED Laptop (Intel Core Ultra 5)[1TB]",laptops,1499.00,1,1499.00
RCPT-20260222-00624,2,P-0018,"MSI Modern 15 H AI 15.6"" FHD 60Hz Laptop (Intel Core Ultra 7) [1TB]",laptops,1499.00,1,1499.00
RCPT-20260222-00625,1,P-0034,"Generation Earth 14.1"" Recycled Berlin Laptop Backpack (Black)",bags,79.00,2,158.00
RCPT-20260222-00625,2,P-0023,"Apple MacBook Pro 14-inch with M4 Chip, 1TB/24GB (Silver)[2024]",laptops,2887.00,1,2887.00
RCPT-20260222-00626,1,P-0057,Starlink Standard Kit (Latest Generation),wi_fi_routers,549.00,1,549.00
RCPT-20260222-00626,2,P-0063,Corsair VOID Wireless V2 Gaming Headset (Pink),gaming_headsets,199.00,1,199.00
RCPT-20260222-00627,1,P-0034,"Generation Earth 14.1"" Recycled Berlin Laptop Backpack (Black)",bags,79.00,4,316.00
RCPT-20260222-00627,2,P-0057,Starlink Standard Kit (Latest Generation),wi_fi_routers,549.00,1,549.00
RCPT-20260223-00628,1,P-0060,TP-Link AC750 Wi-Fi Range Extender,wi_fi_routers,59.00,1,59.00
RCPT-20260223-00629,1,P-0067,Epson WorkForce Pro WF-3825 Multifunction Printer,gaming_headsets,169.00,1,169.00
RCPT-20260223-00629,2,P-0065,HyperX Cloud Flight 2 Wire,gaming_headsets,219.00,2,438.00
RCPT-20260223-00629,3,P-0063,Corsair VOID Wireless V2 Gaming Headset (Pink),gaming_headsets,199.00,1,199.00
RCPT-20260223-00630,1,P-0060,TP-Link AC750 Wi-Fi Range Extender,wi_fi_routers,59.00,1,59.00
RCPT-20260223-00630,2,P-0068,Canon TS7760 Pixma Home Printer,gaming_headsets,139.00,1,139.00
RCPT-20260223-00630,3,P-0016,"Lenovo Yoga Slim 7i Aura Edition 14"" 2.8K OLED Laptop (Intel Core Ultra 5)[1TB]",laptops,1499.00,1,1499.00
RCPT-20260223-00630,4,P-0008,"Lenovo IdeaPad 5 14"" 2K OLED 2-in-1 Laptop (Copilot+ PC)[512GB]",laptops,1124.00,1,1124.00
RCPT-20260223-00631,1,P-0072,Sandisk E30 Portable SSD Drive (1TB),hard_drive,169.00,1,169.00
RCPT-20260223-00631,2,P-0067,Epson WorkForce Pro WF-3825 Multifunction Printer,gaming_headsets,169.00,2,338.00
RCPT-20260223-00631,3,P-0065,HyperX Cloud Flight 2 Wire,gaming_headsets,219.00,1,219.00
RCPT-20260223-00631,4,P-0041,"LG UltraGear 24G411A 24"" FHD 144Hz Gaming Monitor",monitors,189.00,1,189.00
RCPT-20260223-00632,1,P-0060,TP-Link AC750 Wi-Fi Range Extender,wi_fi_routers,59.00,4,236.00
RCPT-20260223-00633,1,P-0008,"Lenovo IdeaPad 5 14"" 2K OLED 2-in-1 Laptop (Copilot+ PC)[512GB]",laptops,1124.00,1,1124.00
RCPT-20260223-00633,2,P-0064,Logitech G325 LIGHTSPEED Wireless Gaming Headset (White),gaming_headsets,199.00,1,199.00
RCPT-20260223-00633,3,P-0035,"Thule Gauntlet Macbook Pro Attache 14"" (Black)",bags,179.95,1,179.95
RCPT-20260223-00634,1,P-0043,"Lenovo Legion R34w-30 34"" WQHD 180Hz Curved Gaming Monitor",monitors,499.00,2,998.00
RCPT-20260223-00634,2,P-0070,Seagate Expansion Desktop 26TB Hard Drive,hard_drive,749.00,1,749.00
RCPT-20260223-00635,1,P-0036,"STM Tower View Folio 18"" Laptop Brief (Black)",bags,69.95,1,69.95
RCPT-20260223-00635,2,P-0036,"STM Tower View Folio 18"" Laptop Brief (Black)",bags,69.95,1,69.95
RCPT-20260223-00636,1,P-0018,"MSI Modern 15 H AI 15.6"" FHD 60Hz Laptop (Intel Core Ultra 7) [1TB]",laptops,1499.00,1,1499.00
RCPT-20260223-00636,2,P-0076,SanDisk® Creator Phone SSD with Magsafe 2TB,hard_drive,399.00,1,399.00
RCPT-20260223-00636,3,P-0051,"Samsung Galaxy Tab S10 FE+ 13.1"" Wi-Fi 128GB (Grey)",monitors,1099.00,1,1099.00
RCPT-20260223-00636,4,P-0060,TP-Link AC750 Wi-Fi Range Extender,wi_fi_routers,59.00,1,59.00
RCPT-20260223-00637,1,P-0019,"Lenovo IdeaPad Slim 3i 15.3"" 2K Laptop (Intel Core i7)[1TB]",laptops,1599.00,1,1599.00
RCPT-20260223-00637,2,P-0074,Samsung Portable SSD T7 Shield 1TB (Black),hard_drive,369.00,1,369.00
RCPT-20260223-00637,3,P-0040,"AOC C27G4Z 27"" FHD 280Hz Curved Gaming Monitor",monitors,339.00,2,678.00
RCPT-20260223-00638,1,P-0057,Starlink Standard Kit (Latest Generation),wi_fi_routers,549.00,1,549.00
RCPT-20260223-00638,2,P-0034,"Generation Earth 14.1"" Recycled Berlin Laptop Backpack (Black)",bags,79.00,1,79.00
RCPT-20260223-00638,3,P-0016,"Lenovo Yoga Slim 7i Aura Edition 14"" 2.8K OLED Laptop (Intel Core Ultra 5)[1TB]",laptops,1499.00,1,1499.00
RCPT-20260223-00638,4,P-0074,Samsung Portable SSD T7 Shield 1TB (Black),hard_drive,369.00,1,369.00
RCPT-20260223-00639,1,P-0050,Apple iPad 11-inch A16 128GB Wi-Fi (Blue),monitors,499.00,1,499.00
RCPT-20260223-00639,2,P-0062,RIG R5 SPEAR PRO HS Gaming Headset (Black),gaming_headsets,179.00,2,358.00
RCPT-20260223-00640,1,P-0060,TP-Link AC750 Wi-Fi Range Extender,wi_fi_routers,59.00,4,236.00
RCPT-20260223-00641,1,P-0001,"Dell 15 DC15255 15.6"" FHD 120Hz Laptop (Ryzen 3)[512GB]",laptops,629.00,1,629.00
RCPT-20260223-00641,2,P-0073,Samsung T7 Portable SSD Drive [1TB](Titan Gray),hard_drive,329.00,1,329.00
RCPT-20260223-00641,3,P-0009,"Dell 15 DC15250 15.6"" Full HD Laptop (Intel Core i5)[512GB]",laptops,1199.00,1,1199.00
RCPT-20260223-00642,1,P-0057,Starlink Standard Kit (Latest Generation),wi_fi_routers,549.00,1,549.00
RCPT-20260223-00642,2,P-0049,"Lenovo Tab 10"" WUXGA 128GB Tablet with Clear Case",monitors,299.00,1,299.00
RCPT-20260223-00642,3,P-0042,"LG UltraGear 34G600A 34"" WQHD",monitors,699.00,1,699.00
RCPT-20260223-00642,4,P-0062,RIG R5 SPEAR PRO HS Gaming Headset (Black),gaming_headsets,179.00,1,179.00
RCPT-20260223-00643,1,P-0010,"Dell DB16255 16"" WUXGA Copilot+ PC Laptop (Ryzen AI 5)[512GB]",laptops,1259.00,1,1259.00
RCPT-20260223-00643,2,P-0036,"STM Tower View Folio 18"" Laptop Brief (Black)",bags,69.95,2,139.90
RCPT-20260223-00643,3,P-0008,"Lenovo IdeaPad 5 14"" 2K OLED 2-in-1 Laptop (Copilot+ PC)[512GB]",laptops,1124.00,1,1124.00
RCPT-20260223-00643,4,P-0042,"LG UltraGear 34G600A 34"" WQHD",monitors,699.00,1,699.00
RCPT-20260223-00644,1,P-0061,Logitech G Astro A20X PLAYSYNC Wireless Headset (Black),gaming_headsets,349.00,1,349.00
RCPT-20260223-00644,2,P-0072,Sandisk E30 Portable SSD Drive (1TB),hard_drive,169.00,1,169.00
RCPT-20260223-00644,3,P-0001,"Dell 15 DC15255 15.6"" FHD 120Hz Laptop (Ryzen 3)[512GB]",laptops,629.00,1,629.00
RCPT-20260223-00644,4,P-0075,Samsung Portable T7 Shield SSD 4TB (Black),hard_drive,999.00,1,999.00
RCPT-20260223-00645,1,P-0040,"AOC C27G4Z 27"" FHD 280Hz Curved Gaming Monitor",monitors,339.00,1,339.00
RCPT-20260223-00645,2,P-0058,ASUS DSL-AX82U AX5400 Wi-Fi 6 Modem Router,wi_fi_routers,449.00,1,449.00
RCPT-20260223-00645,3,P-0049,"Lenovo Tab 10"" WUXGA 128GB Tablet with Clear Case",monitors,299.00,1,299.00
RCPT-20260223-00645,4,P-0004,"HP Laptop 15-fc0474AU 15.6"" FHD laptop (Ryzen 7)[512GB]",laptops,899.00,1,899.00
RCPT-20260224-00646,1,P-0046,"LG 31.5"" QHD 100Hz IPS Super Slim Stand Monitor with USB-C",monitors,389.00,1,389.00
RCPT-20260224-00646,2,P-0063,Corsair VOID Wireless V2 Gaming Headset (Pink),gaming_headsets,199.00,1,199.00
RCPT-20260224-00646,3,P-0057,Starlink Standard Kit (Latest Generation),wi_fi_routers,549.00,2,1098.00
RCPT-20260224-00647,1,P-0060,TP-Link AC750 Wi-Fi Range Extender,wi_fi_routers,59.00,1,59.00
RCPT-20260224-00648,1,P-0053,Apple iPad Air 13-inch M3 128GB Wi-Fi (Space Grey),monitors,1347.00,1,1347.00
RCPT-20260224-00648,2,P-0034,"Generation Earth 14.1"" Recycled Berlin Laptop Backpack (Black)",bags,79.00,1,79.00
RCPT-20260224-00649,1,P-0075,Samsung Portable T7 Shield SSD 4TB (Black),hard_drive,999.00,1,999.00
RCPT-20260224-00649,2,P-0042,"LG UltraGear 34G600A 34"" WQHD",monitors,699.00,1,699.00
RCPT-20260224-00650,1,P-0060,TP-Link AC750 Wi-Fi Range Extender,wi_fi_routers,59.00,1,59.00
RCPT-20260224-00651,1,P-0036,"STM Tower View Folio 18"" Laptop Brief (Black)",bags,69.95,1,69.95
RCPT-20260224-00651,2,P-0064,Logitech G325 LIGHTSPEED Wireless Gaming Headset (White),gaming_headsets,199.00,1,199.00
RCPT-20260224-00651,3,P-0017,"MSI Modern 15 H AI 15.6"" FHD 60Hz Laptop (Intel Core Ultra 9) [1TB]",laptops,1499.00,1,1499.00
RCPT-20260224-00651,4,P-0047,"AOC 16T20 15.6"" FHD USB-C Portable Monitor",monitors,179.00,1,179.00
RCPT-20260224-00652,1,P-0056,Netgear Nighthawk® Wi-Fi 6 AX1800 Router RAX9,wi_fi_routers,149.00,1,149.00
RCPT-20260224-00652,2,P-0064,Logitech G325 LIGHTSPEED Wireless Gaming Headset (White),gaming_headsets,199.00,1,199.00
RCPT-20260224-00652,3,P-0004,"HP Laptop 15-fc0474AU 15.6"" FHD laptop (Ryzen 7)[512GB]",laptops,899.00,1,899.00
RCPT-20260224-00652,4,P-0036,"STM Tower View Folio 18"" Laptop Brief (Black)",bags,69.95,1,69.95
RCPT-20260224-00653,1,P-0067,Epson WorkForce Pro WF-3825 Multifunction Printer,gaming_headsets,169.00,1,169.00
RCPT-20260224-00653,2,P-0055,ASUS RT-AX54HP V2 AX1800 Wi-Fi 6 Router,wi_fi_routers,179.00,1,179.00
RCPT-20260224-00653,3,P-0054,TP-Link AX3000 Gigabit Wi-Fi 6 Router,wi_fi_routers,159.00,2,318.00
RCPT-20260224-00653,4,P-0052,"Samsung Galaxy Tab A11+ 11"" 5G 128GB (Grey)",monitors,529.00,1,529.00
RCPT-20260224-00654,1,P-0076,SanDisk® Creator Phone SSD with Magsafe 2TB,hard_drive,399.00,1,399.00
RCPT-20260224-00654,2,P-0050,Apple iPad 11-inch A16 128GB Wi-Fi (Blue),monitors,499.00,1,499.00
RCPT-20260224-00655,1,P-0036,"STM Tower View Folio 18"" Laptop Brief (Black)",bags,69.95,1,69.95
RCPT-20260224-00655,2,P-0060,TP-Link AC750 Wi-Fi Range Extender,wi_fi_routers,59.00,1,59.00
RCPT-20260224-00656,1,P-0036,"STM Tower View Folio 18"" Laptop Brief (Black)",bags,69.95,2,139.90
RCPT-20260224-00657,1,P-0062,RIG R5 SPEAR PRO HS Gaming Headset (Black),gaming_headsets,179.00,1,179.00
RCPT-20260224-00657,2,P-0068,Canon TS7760 Pixma Home Printer,gaming_headsets,139.00,1,139.00
RCPT-20260224-00657,3,P-0057,Starlink Standard Kit (Latest Generation),wi_fi_routers,549.00,1,549.00
RCPT-20260224-00658,1,P-0072,Sandisk E30 Portable SSD Drive (1TB),hard_drive,169.00,1,169.00
RCPT-20260224-00658,2,P-0039,"LG UltraGear 27G411A 27"" FHD 144Hz Gaming Monitor",monitors,229.00,1,229.00
RCPT-20260224-00658,3,P-0040,"AOC C27G4Z 27"" FHD 280Hz Curved Gaming Monitor",monitors,339.00,1,339.00
RCPT-20260224-00659,1,P-0043,"Lenovo Legion R34w-30 34"" WQHD 180Hz Curved Gaming Monitor",monitors,499.00,1,499.00
RCPT-20260224-00659,2,P-0043,"Lenovo Legion R34w-30 34"" WQHD 180Hz Curved Gaming Monitor",monitors,499.00,1,499.00
RCPT-20260224-00660,1,P-0067,Epson WorkForce Pro WF-3825 Multifunction Printer,gaming_headsets,169.00,1,169.00
RCPT-20260224-00660,2,P-0040,"AOC C27G4Z 27"" FHD 280Hz Curved Gaming Monitor",monitors,339.00,1,339.00
RCPT-20260224-00660,3,P-0049,"Lenovo Tab 10"" WUXGA 128GB Tablet with Clear Case",monitors,299.00,1,299.00
RCPT-20260224-00660,4,P-0011,"Lenovo Ideapad 5 14"" WUXGA OLED 2-in-1 Laptop (Snapdragon X Plus)[1TB]",laptops,1274.00,1,1274.00
RCPT-20260224-00661,1,P-0010,"Dell DB16255 16"" WUXGA Copilot+ PC Laptop (Ryzen AI 5)[512GB]",laptops,1259.00,1,1259.00
RCPT-20260224-00661,2,P-0011,"Lenovo Ideapad 5 14"" WUXGA OLED 2-in-1 Laptop (Snapdragon X Plus)[1TB]",laptops,1274.00,1,1274.00
RCPT-20260225-00662,1,P-0046,"LG 31.5"" QHD 100Hz IPS Super Slim Stand Monitor with USB-C",monitors,389.00,1,389.00
RCPT-20260225-00662,2,P-0001,"Dell 15 DC15255 15.6"" FHD 120Hz Laptop (Ryzen 3)[512GB]",laptops,629.00,1,629.00
RCPT-20260225-00663,1,P-0048,"Samsung Galaxy Tab A11+ 11"" Wi-Fi 128GB (Grey)",monitors,379.00,1,379.00
RCPT-20260225-00663,2,P-0043,"Lenovo Legion R34w-30 34"" WQHD 180Hz Curved Gaming Monitor",monitors,499.00,2,998.00
RCPT-20260225-00664,1,P-0041,"LG UltraGear 24G411A 24"" FHD 144Hz Gaming Monitor",monitors,189.00,1,189.00
RCPT-20260225-00664,2,P-0050,Apple iPad 11-inch A16 128GB Wi-Fi (Blue),monitors,499.00,1,499.00
RCPT-20260225-00664,3,P-0073,Samsung T7 Portable SSD Drive [1TB](Titan Gray),hard_drive,329.00,1,329.00
RCPT-20260225-00664,4,P-0041,"LG UltraGear 24G411A 24"" FHD 144Hz Gaming Monitor",monitors,189.00,1,189.00
RCPT-20260225-00665,1,P-0041,"LG UltraGear 24G411A 24"" FHD 144Hz Gaming Monitor",monitors,189.00,1,189.00
RCPT-20260225-00665,2,P-0002,"HP Laptop 15-fc0433AU 15.6"" FHD Laptop (Ryzen 5)[512GB]",laptops,649.00,1,649.00
RCPT-20260225-00666,1,P-0072,Sandisk E30 Portable SSD Drive (1TB),hard_drive,169.00,1,169.00
RCPT-20260225-00666,2,P-0063,Corsair VOID Wireless V2 Gaming Headset (Pink),gaming_headsets,199.00,1,199.00
RCPT-20260225-00666,3,P-0050,Apple iPad 11-inch A16 128GB Wi-Fi (Blue),monitors,499.00,1,499.00
RCPT-20260225-00667,1,P-0012,"ASUS Vivobook S16 16"" WQXGA Laptop (Copilot+ PC)[512GB]",laptops,1278.00,1,1278.00
RCPT-20260225-00667,2,P-0069,WD My Book 16TB External Hard Drive,hard_drive,679.00,1,679.00
RCPT-20260225-00668,1,P-0034,"Generation Earth 14.1"" Recycled Berlin Laptop Backpack (Black)",bags,79.00,1,79.00
RCPT-20260225-00669,1,P-0001,"Dell 15 DC15255 15.6"" FHD 120Hz Laptop (Ryzen 3)[512GB]",laptops,629.00,1,629.00
RCPT-20260225-00669,2,P-0069,WD My Book 16TB External Hard Drive,hard_drive,679.00,2,1358.00
RCPT-20260225-00670,1,P-0014,"Microsoft Surface Pro Copilot+ PC 12"" Snapdragon X Plus 8 core/16GB/512GB (Violet)",laptops,1399.00,1,1399.00
RCPT-20260225-00670,2,P-0051,"Samsung Galaxy Tab S10 FE+ 13.1"" Wi-Fi 128GB (Grey)",monitors,1099.00,1,1099.00
RCPT-20260225-00671,1,P-0063,Corsair VOID Wireless V2 Gaming Headset (Pink),gaming_headsets,199.00,1,199.00
RCPT-20260225-00671,2,P-0008,"Lenovo IdeaPad 5 14"" 2K OLED 2-in-1 Laptop (Copilot+ PC)[512GB]",laptops,1124.00,1,1124.00
RCPT-20260225-00671,3,P-0040,"AOC C27G4Z 27"" FHD 280Hz Curved Gaming Monitor",monitors,339.00,1,339.00
RCPT-20260225-00671,4,P-0016,"Lenovo Yoga Slim 7i Aura Edition 14"" 2.8K OLED Laptop (Intel Core Ultra 5)[1TB]",laptops,1499.00,1,1499.00
RCPT-20260225-00672,1,P-0002,"HP Laptop 15-fc0433AU 15.6"" FHD Laptop (Ryzen 5)[512GB]",laptops,649.00,1,649.00
RCPT-20260225-00672,2,P-0062,RIG R5 SPEAR PRO HS Gaming Headset (Black),gaming_headsets,179.00,1,179.00
RCPT-20260225-00673,1,P-0050,Apple iPad 11-inch A16 128GB Wi-Fi (Blue),monitors,499.00,1,499.00
RCPT-20260225-00673,2,P-0059,TP-Link AX3000 Mesh Wi-Fi 6 Range Extender,wi_fi_routers,149.00,1,149.00
RCPT-20260225-00673,3,P-0038,"Blaupunkt BP27GM240 27"" FHD 240Hz Curved Gaming Monitor",monitors,399.00,1,399.00
RCPT-20260225-00674,1,P-0038,"Blaupunkt BP27GM240 27"" FHD 240Hz Curved Gaming Monitor",monitors,399.00,1,399.00
RCPT-20260225-00674,2,P-0014,"Microsoft Surface Pro Copilot+ PC 12"" Snapdragon X Plus 8 core/16GB/512GB (Violet)",laptops,1399.00,1,1399.00
RCPT-20260225-00674,3,P-0040,"AOC C27G4Z 27"" FHD 280Hz Curved Gaming Monitor",monitors,339.00,2,678.00
RCPT-20260225-00674,4,P-0053,Apple iPad Air 13-inch M3 128GB Wi-Fi (Space Grey),monitors,1347.00,1,1347.00
RCPT-20260225-00675,1,P-0065,HyperX Cloud Flight 2 Wire,gaming_headsets,219.00,1,219.00
RCPT-20260225-00675,2,P-0040,"AOC C27G4Z 27"" FHD 280Hz Curved Gaming Monitor",monitors,339.00,1,339.00
RCPT-20260225-00675,3,P-0055,ASUS RT-AX54HP V2 AX1800 Wi-Fi 6 Router,wi_fi_routers,179.00,1,179.00
RCPT-20260225-00676,1,P-0054,TP-Link AX3000 Gigabit Wi-Fi 6 Router,wi_fi_routers,159.00,1,159.00
RCPT-20260225-00676,2,P-0043,"Lenovo Legion R34w-30 34"" WQHD 180Hz Curved Gaming Monitor",monitors,499.00,1,499.00
RCPT-20260225-00676,3,P-0052,"Samsung Galaxy Tab A11+ 11"" 5G 128GB (Grey)",monitors,529.00,1,529.00
RCPT-20260225-00676,4,P-0051,"Samsung Galaxy Tab S10 FE+ 13.1"" Wi-Fi 128GB (Grey)",monitors,1099.00,1,1099.00
RCPT-20260225-00677,1,P-0001,"Dell 15 DC15255 15.6"" FHD 120Hz Laptop (Ryzen 3)[512GB]",laptops,629.00,1,629.00
RCPT-20260225-00677,2,P-0071,Seagate Expansion Desktop 16TB Hard Drive,hard_drive,499.00,1,499.00
RCPT-20260225-00677,3,P-0052,"Samsung Galaxy Tab A11+ 11"" 5G 128GB (Grey)",monitors,529.00,1,529.00
RCPT-20260225-00677,4,P-0009,"Dell 15 DC15250 15.6"" Full HD Laptop (Intel Core i5)[512GB]",laptops,1199.00,2,2398.00
RCPT-20260226-00678,1,P-0027,"MSI Prestige A16 AI+ 16"" UHD+ OLED Laptop (Ryzen 9) [1TB]",laptops,3099.00,1,3099.00
RCPT-20260226-00679,1,P-0066,AceZone A-Blaze Hybrid ANC Bluetooth Wireless PC Gaming Headset Black,gaming_headsets,356.15,1,356.15
RCPT-20260226-00679,2,P-0059,TP-Link AX3000 Mesh Wi-Fi 6 Range Extender,wi_fi_routers,149.00,1,149.00
RCPT-20260226-00679,3,P-0054,TP-Link AX3000 Gigabit Wi-Fi 6 Router,wi_fi_routers,159.00,1,159.00
RCPT-20260226-00679,4,P-0070,Seagate Expansion Desktop 26TB Hard Drive,hard_drive,749.00,1,749.00
RCPT-20260226-00680,1,P-0060,TP-Link AC750 Wi-Fi Range Extender,wi_fi_routers,59.00,1,59.00
RCPT-20260226-00681,1,P-0001,"Dell 15 DC15255 15.6"" FHD 120Hz Laptop (Ryzen 3)[512GB]",laptops,629.00,1,629.00
RCPT-20260226-00681,2,P-0034,"Generation Earth 14.1"" Recycled Berlin Laptop Backpack (Black)",bags,79.00,1,79.00
RCPT-20260226-00681,3,P-0069,WD My Book 16TB External Hard Drive,hard_drive,679.00,1,679.00
RCPT-20260226-00681,4,P-0076,SanDisk® Creator Phone SSD with Magsafe 2TB,hard_drive,399.00,1,399.00
RCPT-20260226-00682,1,P-0060,TP-Link AC750 Wi-Fi Range Extender,wi_fi_routers,59.00,3,177.00
RCPT-20260226-00682,2,P-0012,"ASUS Vivobook S16 16"" WQXGA Laptop (Copilot+ PC)[512GB]",laptops,1278.00,1,1278.00
RCPT-20260226-00683,1,P-0052,"Samsung Galaxy Tab A11+ 11"" 5G 128GB (Grey)",monitors,529.00,1,529.00
RCPT-20260226-00683,2,P-0005,"Asus VivoBook 15.6"" Full HD Thin & Light Laptop (1TB)[Intel Core i5",laptops,959.00,1,959.00
RCPT-20260226-00683,3,P-0057,Starlink Standard Kit (Latest Generation),wi_fi_routers,549.00,1,549.00
RCPT-20260226-00684,1,P-0058,ASUS DSL-AX82U AX5400 Wi-Fi 6 Modem Router,wi_fi_routers,449.00,1,449.00
RCPT-20260226-00684,2,P-0059,TP-Link AX3000 Mesh Wi-Fi 6 Range Extender,wi_fi_routers,149.00,1,149.00
RCPT-20260226-00684,3,P-0056,Netgear Nighthawk® Wi-Fi 6 AX1800 Router RAX9,wi_fi_routers,149.00,1,149.00
RCPT-20260226-00685,1,P-0046,"LG 31.5"" QHD 100Hz IPS Super Slim Stand Monitor with USB-C",monitors,389.00,1,389.00
RCPT-20260226-00685,2,P-0053,Apple iPad Air 13-inch M3 128GB Wi-Fi (Space Grey),monitors,1347.00,1,1347.00
RCPT-20260226-00685,3,P-0053,Apple iPad Air 13-inch M3 128GB Wi-Fi (Space Grey),monitors,1347.00,1,1347.00
RCPT-20260226-00686,1,P-0048,"Samsung Galaxy Tab A11+ 11"" Wi-Fi 128GB (Grey)",monitors,379.00,1,379.00
RCPT-20260226-00686,2,P-0053,Apple iPad Air 13-inch M3 128GB Wi-Fi (Space Grey),monitors,1347.00,1,1347.00
RCPT-20260226-00686,3,P-0070,Seagate Expansion Desktop 26TB Hard Drive,hard_drive,749.00,1,749.00
RCPT-20260226-00686,4,P-0056,Netgear Nighthawk® Wi-Fi 6 AX1800 Router RAX9,wi_fi_routers,149.00,1,149.00
RCPT-20260226-00687,1,P-0002,"HP Laptop 15-fc0433AU 15.6"" FHD Laptop (Ryzen 5)[512GB]",laptops,649.00,1,649.00
RCPT-20260226-00687,2,P-0051,"Samsung Galaxy Tab S10 FE+ 13.1"" Wi-Fi 128GB (Grey)",monitors,1099.00,1,1099.00
RCPT-20260226-00688,1,P-0019,"Lenovo IdeaPad Slim 3i 15.3"" 2K Laptop (Intel Core i7)[1TB]",laptops,1599.00,1,1599.00
RCPT-20260226-00688,2,P-0021,"HP Victus 15-fa2364TX 15.6"" Full HD Gaming Laptop (Intel Core i7)[GeForce RTX 4050]",laptops,1899.00,1,1899.00
RCPT-20260226-00688,3,P-0070,Seagate Expansion Desktop 26TB Hard Drive,hard_drive,749.00,1,749.00
RCPT-20260226-00688,4,P-0072,Sandisk E30 Portable SSD Drive (1TB),hard_drive,169.00,2,338.00
RCPT-20260226-00689,1,P-0060,TP-Link AC750 Wi-Fi Range Extender,wi_fi_routers,59.00,1,59.00
RCPT-20260226-00690,1,P-0011,"Lenovo Ideapad 5 14"" WUXGA OLED 2-in-1 Laptop (Snapdragon X Plus)[1TB]",laptops,1274.00,1,1274.00
RCPT-20260226-00690,2,P-0043,"Lenovo Legion R34w-30 34"" WQHD 180Hz Curved Gaming Monitor",monitors,499.00,1,499.00
RCPT-20260227-00691,1,P-0058,ASUS DSL-AX82U AX5400 Wi-Fi 6 Modem Router,wi_fi_routers,449.00,1,449.00
RCPT-20260227-00691,2,P-0018,"MSI Modern 15 H AI 15.6"" FHD 60Hz Laptop (Intel Core Ultra 7) [1TB]",laptops,1499.00,1,1499.00
RCPT-20260227-00691,3,P-0016,"Lenovo Yoga Slim 7i Aura Edition 14"" 2.8K OLED Laptop (Intel Core Ultra 5)[1TB]",laptops,1499.00,1,1499.00
RCPT-20260227-00691,4,P-0068,Canon TS7760 Pixma Home Printer,gaming_headsets,139.00,1,139.00
RCPT-20260227-00692,1,P-0035,"Thule Gauntlet Macbook Pro Attache 14"" (Black)",bags,179.95,1,179.95
RCPT-20260227-00692,2,P-0064,Logitech G325 LIGHTSPEED Wireless Gaming Headset (White),gaming_headsets,199.00,1,199.00
RCPT-20260227-00692,3,P-0055,ASUS RT-AX54HP V2 AX1800 Wi-Fi 6 Router,wi_fi_routers,179.00,1,179.00
RCPT-20260227-00692,4,P-0071,Seagate Expansion Desktop 16TB Hard Drive,hard_drive,499.00,1,499.00
RCPT-20260227-00693,1,P-0072,Sandisk E30 Portable SSD Drive (1TB),hard_drive,169.00,1,169.00
RCPT-20260227-00693,2,P-0043,"Lenovo Legion R34w-30 34"" WQHD 180Hz Curved Gaming Monitor",monitors,499.00,1,499.00
RCPT-20260227-00693,3,P-0070,Seagate Expansion Desktop 26TB Hard Drive,hard_drive,749.00,1,749.00
RCPT-20260227-00693,4,P-0057,Starlink Standard Kit (Latest Generation),wi_fi_routers,549.00,1,549.00
RCPT-20260227-00694,1,P-0040,"AOC C27G4Z 27"" FHD 280Hz Curved Gaming Monitor",monitors,339.00,2,678.00
RCPT-20260227-00694,2,P-0059,TP-Link AX3000 Mesh Wi-Fi 6 Range Extender,wi_fi_routers,149.00,1,149.00
RCPT-20260227-00694,3,P-0075,Samsung Portable T7 Shield SSD 4TB (Black),hard_drive,999.00,1,999.00
RCPT-20260227-00695,1,P-0073,Samsung T7 Portable SSD Drive [1TB](Titan Gray),hard_drive,329.00,1,329.00
RCPT-20260227-00695,2,P-0036,"STM Tower View Folio 18"" Laptop Brief (Black)",bags,69.95,3,209.85
RCPT-20260227-00695,3,P-0065,HyperX Cloud Flight 2 Wire,gaming_headsets,219.00,2,438.00
RCPT-20260227-00696,1,P-0036,"STM Tower View Folio 18"" Laptop Brief (Black)",bags,69.95,1,69.95
RCPT-20260227-00696,2,P-0060,TP-Link AC750 Wi-Fi Range Extender,wi_fi_routers,59.00,1,59.00
RCPT-20260227-00697,1,P-0050,Apple iPad 11-inch A16 128GB Wi-Fi (Blue),monitors,499.00,2,998.00
RCPT-20260227-00697,2,P-0067,Epson WorkForce Pro WF-3825 Multifunction Printer,gaming_headsets,169.00,1,169.00
RCPT-20260227-00697,3,P-0021,"HP Victus 15-fa2364TX 15.6"" Full HD Gaming Laptop (Intel Core i7)[GeForce RTX 4050]",laptops,1899.00,1,1899.00
RCPT-20260227-00698,1,P-0060,TP-Link AC750 Wi-Fi Range Extender,wi_fi_routers,59.00,1,59.00
RCPT-20260227-00698,2,P-0060,TP-Link AC750 Wi-Fi Range Extender,wi_fi_routers,59.00,4,236.00
RCPT-20260227-00699,1,P-0045,"ASUS ROG Strix XG32UCWMG 32"" 4K 240Hz OLED Gaming Monitor",monitors,1999.00,1,1999.00
RCPT-20260227-00699,2,P-0050,Apple iPad 11-inch A16 128GB Wi-Fi (Blue),monitors,499.00,1,499.00
RCPT-20260227-00700,1,P-0060,TP-Link AC750 Wi-Fi Range Extender,wi_fi_routers,59.00,1,59.00
RCPT-20260227-00701,1,P-0060,TP-Link AC750 Wi-Fi Range Extender,wi_fi_routers,59.00,1,59.00
RCPT-20260227-00702,1,P-0049,"Lenovo Tab 10"" WUXGA 128GB Tablet with Clear Case",monitors,299.00,1,299.00
RCPT-20260227-00702,2,P-0021,"HP Victus 15-fa2364TX 15.6"" Full HD Gaming Laptop (Intel Core i7)[GeForce RTX 4050]",laptops,1899.00,1,1899.00
RCPT-20260227-00702,3,P-0075,Samsung Portable T7 Shield SSD 4TB (Black),hard_drive,999.00,1,999.00
RCPT-20260227-00702,4,P-0042,"LG UltraGear 34G600A 34"" WQHD",monitors,699.00,1,699.00
RCPT-20260227-00703,1,P-0036,"STM Tower View Folio 18"" Laptop Brief (Black)",bags,69.95,1,69.95
RCPT-20260227-00703,2,P-0060,TP-Link AC750 Wi-Fi Range Extender,wi_fi_routers,59.00,4,236.00
RCPT-20260227-00704,1,P-0015,"Dell DB16255 16"" WUXGA Copilot+ PC Laptop (Ryzen AI 7)[1TB]",laptops,1399.00,1,1399.00
RCPT-20260227-00704,2,P-0013,"HP Envy x360 14-fc0189TU 14"" WUXGA 2-in-1 Laptop (Intel Core Ultra 5)[512GB]",laptops,1299.00,1,1299.00
RCPT-20260227-00705,1,P-0066,AceZone A-Blaze Hybrid ANC Bluetooth Wireless PC Gaming Headset Black,gaming_headsets,356.15,1,356.15
RCPT-20260227-00705,2,P-0035,"Thule Gauntlet Macbook Pro Attache 14"" (Black)",bags,179.95,1,179.95
RCPT-20260227-00705,3,P-0056,Netgear Nighthawk® Wi-Fi 6 AX1800 Router RAX9,wi_fi_routers,149.00,1,149.00
RCPT-20260227-00705,4,P-0001,"Dell 15 DC15255 15.6"" FHD 120Hz Laptop (Ryzen 3)[512GB]",laptops,629.00,2,1258.00
RCPT-20260227-00706,1,P-0061,Logitech G Astro A20X PLAYSYNC Wireless Headset (Black),gaming_headsets,349.00,1,349.00
RCPT-20260227-00706,2,P-0063,Corsair VOID Wireless V2 Gaming Headset (Pink),gaming_headsets,199.00,1,199.00
RCPT-20260227-00706,3,P-0063,Corsair VOID Wireless V2 Gaming Headset (Pink),gaming_headsets,199.00,1,199.00
RCPT-20260227-00706,4,P-0065,HyperX Cloud Flight 2 Wire,gaming_headsets,219.00,1,219.00
RCPT-20260227-00707,1,P-0060,TP-Link AC750 Wi-Fi Range Extender,wi_fi_routers,59.00,1,59.00
RCPT-20260227-00707,2,P-0060,TP-Link AC750 Wi-Fi Range Extender,wi_fi_routers,59.00,4,236.00
RCPT-20260228-00708,1,P-0011,"Lenovo Ideapad 5 14"" WUXGA OLED 2-in-1 Laptop (Snapdragon X Plus)[1TB]",laptops,1274.00,1,1274.00
RCPT-20260228-00708,2,P-0053,Apple iPad Air 13-inch M3 128GB Wi-Fi (Space Grey),monitors,1347.00,1,1347.00
RCPT-20260228-00709,1,P-0054,TP-Link AX3000 Gigabit Wi-Fi 6 Router,wi_fi_routers,159.00,1,159.00
RCPT-20260228-00709,2,P-0048,"Samsung Galaxy Tab A11+ 11"" Wi-Fi 128GB (Grey)",monitors,379.00,1,379.00
RCPT-20260228-00709,3,P-0062,RIG R5 SPEAR PRO HS Gaming Headset (Black),gaming_headsets,179.00,1,179.00
RCPT-20260228-00709,4,P-0036,"STM Tower View Folio 18"" Laptop Brief (Black)",bags,69.95,1,69.95
RCPT-20260228-00710,1,P-0034,"Generation Earth 14.1"" Recycled Berlin Laptop Backpack (Black)",bags,79.00,1,79.00
RCPT-20260228-00711,1,P-0056,Netgear Nighthawk® Wi-Fi 6 AX1800 Router RAX9,wi_fi_routers,149.00,1,149.00
RCPT-20260228-00711,2,P-0043,"Lenovo Legion R34w-30 34"" WQHD 180Hz Curved Gaming Monitor",monitors,499.00,1,499.00
RCPT-20260228-00711,3,P-0062,RIG R5 SPEAR PRO HS Gaming Headset (Black),gaming_headsets,179.00,1,179.00
RCPT-20260228-00711,4,P-0024,"Apple iMac with Retina 4.5K Display 24-inch, M4 Chip 10-core 512GB/24GB (Silver)[2024]",laptops,2887.00,1,2887.00
RCPT-20260228-00712,1,P-0036,"STM Tower View Folio 18"" Laptop Brief (Black)",bags,69.95,1,69.95
RCPT-20260228-00712,2,P-0060,TP-Link AC750 Wi-Fi Range Extender,wi_fi_routers,59.00,1,59.00
RCPT-20260228-00713,1,P-0066,AceZone A-Blaze Hybrid ANC Bluetooth Wireless PC Gaming Headset Black,gaming_headsets,356.15,1,356.15
RCPT-20260228-00713,2,P-0050,Apple iPad 11-inch A16 128GB Wi-Fi (Blue),monitors,499.00,1,499.00
RCPT-20260228-00713,3,P-0038,"Blaupunkt BP27GM240 27"" FHD 240Hz Curved Gaming Monitor",monitors,399.00,1,399.00
RCPT-20260228-00713,4,P-0009,"Dell 15 DC15250 15.6"" Full HD Laptop (Intel Core i5)[512GB]",laptops,1199.00,1,1199.00
RCPT-20260228-00714,1,P-0042,"LG UltraGear 34G600A 34"" WQHD",monitors,699.00,1,699.00
RCPT-20260228-00714,2,P-0052,"Samsung Galaxy Tab A11+ 11"" 5G 128GB (Grey)",monitors,529.00,2,1058.00
RCPT-20260228-00715,1,P-0066,AceZone A-Blaze Hybrid ANC Bluetooth Wireless PC Gaming Headset Black,gaming_headsets,356.15,1,356.15
RCPT-20260228-00715,2,P-0066,AceZone A-Blaze Hybrid ANC Bluetooth Wireless PC Gaming Headset Black,gaming_headsets,356.15,1,356.15
RCPT-20260228-00716,1,P-0005,"Asus VivoBook 15.6"" Full HD Thin & Light Laptop (1TB)[Intel Core i5",laptops,959.00,1,959.00
RCPT-20260228-00716,2,P-0003,"Lenovo IdeaPad S3i 15.6"" FHD Laptop (Intel Core i3)[512GB]",laptops,699.00,2,1398.00
RCPT-20260228-00717,1,P-0072,Sandisk E30 Portable SSD Drive (1TB),hard_drive,169.00,1,169.00
RCPT-20260228-00717,2,P-0074,Samsung Portable SSD T7 Shield 1TB (Black),hard_drive,369.00,1,369.00
RCPT-20260228-00717,3,P-0040,"AOC C27G4Z 27"" FHD 280Hz Curved Gaming Monitor",monitors,339.00,1,339.00
RCPT-20260228-00717,4,P-0070,Seagate Expansion Desktop 26TB Hard Drive,hard_drive,749.00,1,749.00
RCPT-20260228-00718,1,P-0055,ASUS RT-AX54HP V2 AX1800 Wi-Fi 6 Router,wi_fi_routers,179.00,1,179.00
RCPT-20260228-00718,2,P-0074,Samsung Portable SSD T7 Shield 1TB (Black),hard_drive,369.00,1,369.00
RCPT-20260228-00718,3,P-0056,Netgear Nighthawk® Wi-Fi 6 AX1800 Router RAX9,wi_fi_routers,149.00,1,149.00
RCPT-20260228-00718,4,P-0073,Samsung T7 Portable SSD Drive [1TB](Titan Gray),hard_drive,329.00,1,329.00
RCPT-20260228-00719,1,P-0007,"Dell Inspiron 14 7440 14"" WQXGA 2-in-1 Laptop (Intel Core i5)[512GB/16GB]",laptops,1199.00,1,1199.00
RCPT-20260228-00719,2,P-0069,WD My Book 16TB External Hard Drive,hard_drive,679.00,1,679.00
RCPT-20260228-00719,3,P-0041,"LG UltraGear 24G411A 24"" FHD 144Hz Gaming Monitor",monitors,189.00,1,189.00
RCPT-20260228-00719,4,P-0016,"Lenovo Yoga Slim 7i Aura Edition 14"" 2.8K OLED Laptop (Intel Core Ultra 5)[1TB]",laptops,1499.00,1,1499.00
RCPT-20260228-00720,1,P-0071,Seagate Expansion Desktop 16TB Hard Drive,hard_drive,499.00,2,998.00
