event_id,timestamp,receipt_id,sku,event_type,surface,metadata
INT-0000001,2026-01-01T08:51:20,RCPT-20260101-00001,P-0060,view,checkout_upsell,synthetic
INT-0000002,2026-01-01T08:51:20,RCPT-20260101-00001,P-0035,view,checkout_upsell,synthetic
INT-0000003,2026-01-01T08:51:20,RCPT-20260101-00001,P-0035,hover,checkout_upsell,synthetic
INT-0000004,2026-01-01T08:51:20,RCPT-20260101-00001,P-0059,view,checkout_upsell,synthetic
INT-0000005,2026-01-01T08:51:20,RCPT-20260101-00001,P-0059,hover,checkout_upsell,synthetic
INT-0000006,2026-01-01T08:51:20,RCPT-20260101-00001,P-0027,view,checkout_upsell,synthetic
INT-0000007,2026-01-01T08:51:20,RCPT-20260101-00001,P-0027,hover,checkout_upsell,synthetic
INT-0000008,2026-01-01T08:51:20,RCPT-20260101-00001,P-0010,view,checkout_upsell,synthetic
INT-0000009,2026-01-01T08:51:20,RCPT-20260101-00001,P-0010,hover,checkout_upsell,synthetic
INT-0000010,2026-01-01T08:51:20,RCPT-20260101-00001,P-0009,view,checkout_upsell,synthetic
INT-0000011,2026-01-01T08:51:20,RCPT-20260101-00001,P-0009,hover,checkout_upsell,synthetic
INT-0000012,2026-01-01T10:15:47,RCPT-20260101-00002,P-0048,view,checkout_upsell,synthetic
INT-0000013,2026-01-01T10:15:47,RCPT-20260101-00002,P-0060,view,checkout_upsell,synthetic
INT-0000014,2026-01-01T10:15:47,RCPT-20260101-00002,P-0060,hover,checkout_upsell,synthetic
INT-0000015,2026-01-01T10:15:47,RCPT-20260101-00002,P-0010,view,checkout_upsell,synthetic
INT-0000016,2026-01-01T10:15:47,RCPT-20260101-00002,P-0005,view,checkout_upsell,synthetic
INT-0000017,2026-01-01T10:15:47,RCPT-20260101-00002,P-0005,hover,checkout_upsell,synthetic
INT-0000018,2026-01-01T10:15:47,RCPT-20260101-00002,P-0075,view,checkout_upsell,synthetic
INT-0000019,2026-01-01T10:15:47,RCPT-20260101-00002,P-0075,click,checkout_upsell,synthetic
INT-0000020,2026-01-01T10:15:47,RCPT-20260101-00002,P-0052,view,checkout_upsell,synthetic
INT-0000021,2026-01-01T10:15:47,RCPT-20260101-00002,P-0052,hover,checkout_upsell,synthetic
INT-0000022,2026-01-01T10:15:47,RCPT-20260101-00002,P-0052,click,checkout_upsell,synthetic
INT-0000023,2026-01-01T10:40:10,RCPT-20260101-00003,P-0040,view,checkout_upsell,synthetic
INT-0000024,2026-01-01T10:40:10,RCPT-20260101-00003,P-0069,view,checkout_upsell,synthetic
INT-0000025,2026-01-01T10:40:10,RCPT-20260101-00003,P-0069,click,checkout_upsell,synthetic
INT-0000026,2026-01-01T10:40:10,RCPT-20260101-00003,P-0006,view,checkout_upsell,synthetic
INT-0000027,2026-01-01T10:40:10,RCPT-20260101-00003,P-0006,click,checkout_upsell,synthetic
INT-0000028,2026-01-01T10:40:10,RCPT-20260101-00003,P-0003,view,checkout_upsell,synthetic
INT-0000029,2026-01-01T10:40:10,RCPT-20260101-00003,P-0046,view,checkout_upsell,synthetic
INT-0000030,2026-01-01T10:40:10,RCPT-20260101-00003,P-0046,hover,checkout_upsell,synthetic
INT-0000031,2026-01-01T10:40:10,RCPT-20260101-00003,P-0009,view,checkout_upsell,synthetic
INT-0000032,2026-01-01T10:40:10,RCPT-20260101-00003,P-0009,hover,checkout_upsell,synthetic
INT-0000033,2026-01-01T20:17:49,RCPT-20260101-00004,P-0060,view,checkout_upsell,synthetic
INT-0000034,2026-01-01T20:17:49,RCPT-20260101-00004,P-0056,view,checkout_upsell,synthetic
INT-0000035,2026-01-01T20:17:49,RCPT-20260101-00004,P-0056,hover,checkout_upsell,synthetic
INT-0000036,2026-01-01T20:17:49,RCPT-20260101-00004,P-0042,view,checkout_upsell,synthetic
INT-0000037,2026-01-01T20:17:49,RCPT-20260101-00004,P-0042,hover,checkout_upsell,synthetic
INT-0000038,2026-01-01T20:17:49,RCPT-20260101-00004,P-0058,view,checkout_upsell,synthetic
INT-0000039,2026-01-01T20:17:49,RCPT-20260101-00004,P-0076,view,checkout_upsell,synthetic
INT-0000040,2026-01-01T20:17:49,RCPT-20260101-00004,P-0024,view,checkout_upsell,synthetic
INT-0000041,2026-01-01T20:17:49,RCPT-20260101-00004,P-0024,hover,checkout_upsell,synthetic
INT-0000042,2026-01-01T21:40:19,RCPT-20260101-00005,P-0034,view,checkout_upsell,synthetic
INT-0000043,2026-01-01T21:40:19,RCPT-20260101-00005,P-0034,hover,checkout_upsell,synthetic
INT-0000044,2026-01-01T21:40:19,RCPT-20260101-00005,P-0034,click,checkout_upsell,synthetic
INT-0000045,2026-01-01T21:40:19,RCPT-20260101-00005,P-0036,view,checkout_upsell,synthetic
INT-0000046,2026-01-01T21:40:19,RCPT-20260101-00005,P-0036,hover,checkout_upsell,synthetic
INT-0000047,2026-01-01T21:40:19,RCPT-20260101-00005,P-0043,view,checkout_upsell,synthetic
INT-0000048,2026-01-01T21:40:19,RCPT-20260101-00005,P-0043,click,checkout_upsell,synthetic
INT-0000049,2026-01-01T21:40:19,RCPT-20260101-00005,P-0037,view,checkout_upsell,synthetic
INT-0000050,2026-01-01T21:40:19,RCPT-20260101-00005,P-0037,hover,checkout_upsell,synthetic
INT-0000051,2026-01-01T21:40:19,RCPT-20260101-00005,P-0020,view,checkout_upsell,synthetic
INT-0000052,2026-01-01T21:40:19,RCPT-20260101-00005,P-0020,hover,checkout_upsell,synthetic
INT-0000053,2026-01-01T21:40:19,RCPT-20260101-00005,P-0002,view,checkout_upsell,synthetic
INT-0000054,2026-01-01T22:23:56,RCPT-20260101-00006,P-0060,view,checkout_upsell,synthetic
INT-0000055,2026-01-01T22:23:56,RCPT-20260101-00006,P-0060,click,checkout_upsell,synthetic
INT-0000056,2026-01-01T22:23:56,RCPT-20260101-00006,P-0029,view,checkout_upsell,synthetic
INT-0000057,2026-01-01T22:23:56,RCPT-20260101-00006,P-0029,hover,checkout_upsell,synthetic
INT-0000058,2026-01-01T22:23:56,RCPT-20260101-00006,P-0032,view,checkout_upsell,synthetic
INT-0000059,2026-01-01T22:23:56,RCPT-20260101-00006,P-0032,hover,checkout_upsell,synthetic
INT-0000060,2026-01-01T22:23:56,RCPT-20260101-00006,P-0031,view,checkout_upsell,synthetic
INT-0000061,2026-01-01T22:23:56,RCPT-20260101-00006,P-0031,hover,checkout_upsell,synthetic
INT-0000062,2026-01-01T22:23:56,RCPT-20260101-00006,P-0049,view,checkout_upsell,synthetic
INT-0000063,2026-01-01T22:23:56,RCPT-20260101-00006,P-0049,hover,checkout_upsell,synthetic
INT-0000064,2026-01-01T22:23:56,RCPT-20260101-00006,P-0062,view,checkout_upsell,synthetic
INT-0000065,2026-01-01T10:42:30,RCPT-20260101-00007,P-0008,view,checkout_upsell,synthetic
INT-0000066,2026-01-01T10:42:30,RCPT-20260101-00007,P-0011,view,checkout_upsell,synthetic
INT-0000067,2026-01-01T10:42:30,RCPT-20260101-00007,P-0011,hover,checkout_upsell,synthetic
INT-0000068,2026-01-01T10:42:30,RCPT-20260101-00007,P-0020,view,checkout_upsell,synthetic
INT-0000069,2026-01-01T10:42:30,RCPT-20260101-00007,P-0020,hover,checkout_upsell,synthetic
INT-0000070,2026-01-01T10:42:30,RCPT-20260101-00007,P-0070,view,checkout_upsell,synthetic
INT-0000071,2026-01-01T10:42:30,RCPT-20260101-00007,P-0070,hover,checkout_upsell,synthetic
INT-0000072,2026-01-01T10:42:30,RCPT-20260101-00007,P-0005,view,checkout_upsell,synthetic
INT-0000073,2026-01-01T10:42:30,RCPT-20260101-00007,P-0063,view,checkout_upsell,synthetic
INT-0000074,2026-01-01T10:42:30,RCPT-20260101-00007,P-0063,hover,checkout_upsell,synthetic
INT-0000075,2026-01-01T18:41:23,RCPT-20260101-00008,P-0034,view,checkout_upsell,synthetic
INT-0000076,2026-01-01T18:41:23,RCPT-20260101-00008,P-0030,view,checkout_upsell,synthetic
INT-0000077,2026-01-01T18:41:23,RCPT-20260101-00008,P-0054,view,checkout_upsell,synthetic
INT-0000078,2026-01-01T18:41:23,RCPT-20260101-00008,P-0029,view,checkout_upsell,synthetic
INT-0000079,2026-01-01T18:41:23,RCPT-20260101-00008,P-0073,view,checkout_upsell,synthetic
INT-0000080,2026-01-01T18:41:23,RCPT-20260101-00008,P-0073,hover,checkout_upsell,synthetic
INT-0000081,2026-01-01T18:41:23,RCPT-20260101-00008,P-0045,view,checkout_upsell,synthetic
INT-0000082,2026-01-01T18:41:23,RCPT-20260101-00008,P-0045,hover,checkout_upsell,synthetic
INT-0000083,2026-01-01T09:45:40,RCPT-20260101-00009,P-0034,view,checkout_upsell,synthetic
INT-0000084,2026-01-01T09:45:40,RCPT-20260101-00009,P-0051,view,checkout_upsell,synthetic
INT-0000085,2026-01-01T09:45:40,RCPT-20260101-00009,P-0056,view,checkout_upsell,synthetic
INT-0000086,2026-01-01T09:45:40,RCPT-20260101-00009,P-0056,hover,checkout_upsell,synthetic
INT-0000087,2026-01-01T09:45:40,RCPT-20260101-00009,P-0004,view,checkout_upsell,synthetic
INT-0000088,2026-01-01T09:45:40,RCPT-20260101-00009,P-0062,view,checkout_upsell,synthetic
INT-0000089,2026-01-01T09:45:40,RCPT-20260101-00009,P-0062,hover,checkout_upsell,synthetic
INT-0000090,2026-01-01T09:45:40,RCPT-20260101-00009,P-0024,view,checkout_upsell,synthetic
INT-0000091,2026-01-01T09:45:40,RCPT-20260101-00009,P-0024,hover,checkout_upsell,synthetic
INT-0000092,2026-01-01T11:50:30,RCPT-20260101-00010,P-0048,view,checkout_upsell,synthetic
INT-0000093,2026-01-01T11:50:30,RCPT-20260101-00010,P-0048,hover,checkout_upsell,synthetic
INT-0000094,2026-01-01T11:50:30,RCPT-20260101-00010,P-0048,click,checkout_upsell,synthetic
INT-0000095,2026-01-01T11:50:30,RCPT-20260101-00010,P-0056,view,checkout_upsell,synthetic
INT-0000096,2026-01-01T11:50:30,RCPT-20260101-00010,P-0056,hover,checkout_upsell,synthetic
INT-0000097,2026-01-01T11:50:30,RCPT-20260101-00010,P-0056,click,checkout_upsell,synthetic
INT-0000098,2026-01-01T11:50:30,RCPT-20260101-00010,P-0002,view,checkout_upsell,synthetic
INT-0000099,2026-01-01T11:50:30,RCPT-20260101-00010,P-0002,hover,checkout_upsell,synthetic
INT-0000100,2026-01-01T11:50:30,RCPT-20260101-00010,P-0042,view,checkout_upsell,synthetic
INT-0000101,2026-01-01T11:50:30,RCPT-20260101-00010,P-0042,hover,checkout_upsell,synthetic
INT-0000102,2026-01-01T11:50:30,RCPT-20260101-00010,P-0053,view,checkout_upsell,synthetic
INT-0000103,2026-01-01T11:50:30,RCPT-20260101-00010,P-0009,view,checkout_upsell,synthetic
INT-0000104,2026-01-01T08:25:46,RCPT-20260101-00011,P-0069,view,checkout_upsell,synthetic
INT-0000105,2026-01-01T08:25:46,RCPT-20260101-00011,P-0074,view,checkout_upsell,synthetic
INT-0000106,2026-01-01T08:25:46,RCPT-20260101-00011,P-0074,hover,checkout_upsell,synthetic
INT-0000107,2026-01-01T08:25:46,RCPT-20260101-00011,P-0010,view,checkout_upsell,synthetic
INT-0000108,2026-01-01T08:25:46,RCPT-20260101-00011,P-0010,hover,checkout_upsell,synthetic
INT-0000109,2026-01-01T08:25:46,RCPT-20260101-00011,P-0013,view,checkout_upsell,synthetic
INT-0000110,2026-01-01T08:25:46,RCPT-20260101-00011,P-0013,hover,checkout_upsell,synthetic
INT-0000111,2026-01-01T08:25:46,RCPT-20260101-00011,P-0045,view,checkout_upsell,synthetic
INT-0000112,2026-01-01T08:25:46,RCPT-20260101-00011,P-0045,hover,checkout_upsell,synthetic
INT-0000113,2026-01-01T08:25:46,RCPT-20260101-00011,P-0045,click,checkout_upsell,synthetic
INT-0000114,2026-01-01T08:25:46,RCPT-20260101-00011,P-0042,view,checkout_upsell,synthetic
INT-0000115,2026-01-01T08:25:46,RCPT-20260101-00011,P-0042,hover,checkout_upsell,synthetic
INT-0000116,2026-01-02T15:51:55,RCPT-20260102-00012,P-0030,view,checkout_upsell,synthetic
INT-0000117,2026-01-02T15:51:55,RCPT-20260102-00012,P-0028,view,checkout_upsell,synthetic
INT-0000118,2026-01-02T15:51:55,RCPT-20260102-00012,P-0028,hover,checkout_upsell,synthetic
INT-0000119,2026-01-02T15:51:55,RCPT-20260102-00012,P-0010,view,checkout_upsell,synthetic
INT-0000120,2026-01-02T15:51:55,RCPT-20260102-00012,P-0026,view,checkout_upsell,synthetic
INT-0000121,2026-01-02T15:51:55,RCPT-20260102-00012,P-0026,hover,checkout_upsell,synthetic
INT-0000122,2026-01-02T15:51:55,RCPT-20260102-00012,P-0042,view,checkout_upsell,synthetic
INT-0000123,2026-01-02T15:51:55,RCPT-20260102-00012,P-0052,view,checkout_upsell,synthetic
INT-0000124,2026-01-02T15:51:55,RCPT-20260102-00012,P-0052,hover,checkout_upsell,synthetic
INT-0000125,2026-01-02T15:30:13,RCPT-20260102-00013,P-0043,view,checkout_upsell,synthetic
INT-0000126,2026-01-02T15:30:13,RCPT-20260102-00013,P-0049,view,checkout_upsell,synthetic
INT-0000127,2026-01-02T15:30:13,RCPT-20260102-00013,P-0049,hover,checkout_upsell,synthetic
INT-0000128,2026-01-02T15:30:13,RCPT-20260102-00013,P-0046,view,checkout_upsell,synthetic
INT-0000129,2026-01-02T15:30:13,RCPT-20260102-00013,P-0046,hover,checkout_upsell,synthetic
INT-0000130,2026-01-02T15:30:13,RCPT-20260102-00013,P-0022,view,checkout_upsell,synthetic
INT-0000131,2026-01-02T15:30:13,RCPT-20260102-00013,P-0016,view,checkout_upsell,synthetic
INT-0000132,2026-01-02T15:30:13,RCPT-20260102-00013,P-0009,view,checkout_upsell,synthetic
INT-0000133,2026-01-02T12:13:03,RCPT-20260102-00014,P-0040,view,checkout_upsell,synthetic
INT-0000134,2026-01-02T12:13:03,RCPT-20260102-00014,P-0060,view,checkout_upsell,synthetic
INT-0000135,2026-01-02T12:13:03,RCPT-20260102-00014,P-0060,hover,checkout_upsell,synthetic
INT-0000136,2026-01-02T12:13:03,RCPT-20260102-00014,P-0071,view,checkout_upsell,synthetic
INT-0000137,2026-01-02T12:13:03,RCPT-20260102-00014,P-0071,hover,checkout_upsell,synthetic
INT-0000138,2026-01-02T12:13:03,RCPT-20260102-00014,P-0029,view,checkout_upsell,synthetic
INT-0000139,2026-01-02T12:13:03,RCPT-20260102-00014,P-0018,view,checkout_upsell,synthetic
INT-0000140,2026-01-02T12:13:03,RCPT-20260102-00014,P-0018,hover,checkout_upsell,synthetic
INT-0000141,2026-01-02T12:13:03,RCPT-20260102-00014,P-0022,view,checkout_upsell,synthetic
INT-0000142,2026-01-02T14:07:56,RCPT-20260102-00015,P-0061,view,checkout_upsell,synthetic
INT-0000143,2026-01-02T14:07:56,RCPT-20260102-00015,P-0034,view,checkout_upsell,synthetic
INT-0000144,2026-01-02T14:07:56,RCPT-20260102-00015,P-0034,hover,checkout_upsell,synthetic
INT-0000145,2026-01-02T14:07:56,RCPT-20260102-00015,P-0030,view,checkout_upsell,synthetic
INT-0000146,2026-01-02T14:07:56,RCPT-20260102-00015,P-0030,hover,checkout_upsell,synthetic
INT-0000147,2026-01-02T14:07:56,RCPT-20260102-00015,P-0036,view,checkout_upsell,synthetic
INT-0000148,2026-01-02T14:07:56,RCPT-20260102-00015,P-0060,view,checkout_upsell,synthetic
INT-0000149,2026-01-02T14:07:56,RCPT-20260102-00015,P-0060,hover,checkout_upsell,synthetic
INT-0000150,2026-01-02T14:07:56,RCPT-20260102-00015,P-0060,click,checkout_upsell,synthetic
INT-0000151,2026-01-02T14:07:56,RCPT-20260102-00015,P-0058,view,checkout_upsell,synthetic
INT-0000152,2026-01-02T14:07:56,RCPT-20260102-00015,P-0058,hover,checkout_upsell,synthetic
INT-0000153,2026-01-02T18:45:20,RCPT-20260102-00016,P-0011,view,checkout_upsell,synthetic
INT-0000154,2026-01-02T18:45:20,RCPT-20260102-00016,P-0011,hover,checkout_upsell,synthetic
INT-0000155,2026-01-02T18:45:20,RCPT-20260102-00016,P-0021,view,checkout_upsell,synthetic
INT-0000156,2026-01-02T18:45:20,RCPT-20260102-00016,P-0013,view,checkout_upsell,synthetic
INT-0000157,2026-01-02T18:45:20,RCPT-20260102-00016,P-0013,hover,checkout_upsell,synthetic
INT-0000158,2026-01-02T18:45:20,RCPT-20260102-00016,P-0057,view,checkout_upsell,synthetic
INT-0000159,2026-01-02T18:45:20,RCPT-20260102-00016,P-0057,hover,checkout_upsell,synthetic
INT-0000160,2026-01-02T18:45:20,RCPT-20260102-00016,P-0018,view,checkout_upsell,synthetic
INT-0000161,2026-01-02T18:45:20,RCPT-20260102-00016,P-0018,hover,checkout_upsell,synthetic
INT-0000162,2026-01-02T18:45:20,RCPT-20260102-00016,P-0072,view,checkout_upsell,synthetic
INT-0000163,2026-01-02T10:59:22,RCPT-20260102-00017,P-0069,view,checkout_upsell,synthetic
INT-0000164,2026-01-02T10:59:22,RCPT-20260102-00017,P-0036,view,checkout_upsell,synthetic
INT-0000165,2026-01-02T10:59:22,RCPT-20260102-00017,P-0036,hover,checkout_upsell,synthetic
INT-0000166,2026-01-02T10:59:22,RCPT-20260102-00017,P-0038,view,checkout_upsell,synthetic
INT-0000167,2026-01-02T10:59:22,RCPT-20260102-00017,P-0038,click,checkout_upsell,synthetic
INT-0000168,2026-01-02T10:59:22,RCPT-20260102-00017,P-0001,view,checkout_upsell,synthetic
INT-0000169,2026-01-02T10:59:22,RCPT-20260102-00017,P-0001,click,checkout_upsell,synthetic
INT-0000170,2026-01-02T10:59:22,RCPT-20260102-00017,P-0005,view,checkout_upsell,synthetic
INT-0000171,2026-01-02T10:59:22,RCPT-20260102-00017,P-0005,hover,checkout_upsell,synthetic
INT-0000172,2026-01-02T10:59:22,RCPT-20260102-00017,P-0064,view,checkout_upsell,synthetic
INT-0000173,2026-01-02T12:59:42,RCPT-20260102-00018,P-0060,view,checkout_upsell,synthetic
INT-0000174,2026-01-02T12:59:42,RCPT-20260102-00018,P-0060,hover,checkout_upsell,synthetic
INT-0000175,2026-01-02T12:59:42,RCPT-20260102-00018,P-0023,view,checkout_upsell,synthetic
INT-0000176,2026-01-02T12:59:42,RCPT-20260102-00018,P-0023,hover,checkout_upsell,synthetic
INT-0000177,2026-01-02T12:59:42,RCPT-20260102-00018,P-0002,view,checkout_upsell,synthetic
INT-0000178,2026-01-02T12:59:42,RCPT-20260102-00018,P-0002,hover,checkout_upsell,synthetic
INT-0000179,2026-01-02T12:59:42,RCPT-20260102-00018,P-0018,view,checkout_upsell,synthetic
INT-0000180,2026-01-02T12:59:42,RCPT-20260102-00018,P-0072,view,checkout_upsell,synthetic
INT-0000181,2026-01-02T12:59:42,RCPT-20260102-00018,P-0062,view,checkout_upsell,synthetic
INT-0000182,2026-01-02T12:59:42,RCPT-20260102-00018,P-0062,hover,checkout_upsell,synthetic
INT-0000183,2026-01-02T17:13:45,RCPT-20260102-00019,P-0034,view,checkout_upsell,synthetic
INT-0000184,2026-01-02T17:13:45,RCPT-20260102-00019,P-0010,view,checkout_upsell,synthetic
INT-0000185,2026-01-02T17:13:45,RCPT-20260102-00019,P-0010,hover,checkout_upsell,synthetic
INT-0000186,2026-01-02T17:13:45,RCPT-20260102-00019,P-0020,view,checkout_upsell,synthetic
INT-0000187,2026-01-02T17:13:45,RCPT-20260102-00019,P-0020,hover,checkout_upsell,synthetic
INT-0000188,2026-01-02T17:13:45,RCPT-20260102-00019,P-0001,view,checkout_upsell,synthetic
INT-0000189,2026-01-02T17:13:45,RCPT-20260102-00019,P-0001,hover,checkout_upsell,synthetic
INT-0000190,2026-01-02T17:13:45,RCPT-20260102-00019,P-0018,view,checkout_upsell,synthetic
INT-0000191,2026-01-02T17:13:45,RCPT-20260102-00019,P-0018,hover,checkout_upsell,synthetic
INT-0000192,2026-01-02T17:13:45,RCPT-20260102-00019,P-0044,view,checkout_upsell,synthetic
INT-0000193,2026-01-02T17:13:45,RCPT-20260102-00019,P-0044,hover,checkout_upsell,synthetic
INT-0000194,2026-01-03T08:21:49,RCPT-20260103-00020,P-0065,view,checkout_upsell,synthetic
INT-0000195,2026-01-03T08:21:49,RCPT-20260103-00020,P-0012,view,checkout_upsell,synthetic
INT-0000196,2026-01-03T08:21:49,RCPT-20260103-00020,P-0012,hover,checkout_upsell,synthetic
INT-0000197,2026-01-03T08:21:49,RCPT-20260103-00020,P-0057,view,checkout_upsell,synthetic
INT-0000198,2026-01-03T08:21:49,RCPT-20260103-00020,P-0057,click,checkout_upsell,synthetic
INT-0000199,2026-01-03T08:21:49,RCPT-20260103-00020,P-0026,view,checkout_upsell,synthetic
INT-0000200,2026-01-03T08:21:49,RCPT-20260103-00020,P-0018,view,checkout_upsell,synthetic
INT-0000201,2026-01-03T08:21:49,RCPT-20260103-00020,P-0018,hover,checkout_upsell,synthetic
INT-0000202,2026-01-03T08:21:49,RCPT-20260103-00020,P-0053,view,checkout_upsell,synthetic
INT-0000203,2026-01-03T08:21:49,RCPT-20260103-00020,P-0053,hover,checkout_upsell,synthetic
INT-0000204,2026-01-03T16:02:53,RCPT-20260103-00021,P-0008,view,checkout_upsell,synthetic
INT-0000205,2026-01-03T16:02:53,RCPT-20260103-00021,P-0008,hover,checkout_upsell,synthetic
INT-0000206,2026-01-03T16:02:53,RCPT-20260103-00021,P-0043,view,checkout_upsell,synthetic
INT-0000207,2026-01-03T16:02:53,RCPT-20260103-00021,P-0043,hover,checkout_upsell,synthetic
INT-0000208,2026-01-03T16:02:53,RCPT-20260103-00021,P-0021,view,checkout_upsell,synthetic
INT-0000209,2026-01-03T16:02:53,RCPT-20260103-00021,P-0021,hover,checkout_upsell,synthetic
INT-0000210,2026-01-03T16:02:53,RCPT-20260103-00021,P-0021,click,checkout_upsell,synthetic
INT-0000211,2026-01-03T16:02:53,RCPT-20260103-00021,P-0001,view,checkout_upsell,synthetic
INT-0000212,2026-01-03T16:02:53,RCPT-20260103-00021,P-0001,hover,checkout_upsell,synthetic
INT-0000213,2026-01-03T16:02:53,RCPT-20260103-00021,P-0032,view,checkout_upsell,synthetic
INT-0000214,2026-01-03T16:02:53,RCPT-20260103-00021,P-0032,hover,checkout_upsell,synthetic
INT-0000215,2026-01-03T16:02:53,RCPT-20260103-00021,P-0039,view,checkout_upsell,synthetic
INT-0000216,2026-01-03T22:55:26,RCPT-20260103-00022,P-0061,view,checkout_upsell,synthetic
INT-0000217,2026-01-03T22:55:26,RCPT-20260103-00022,P-0061,hover,checkout_upsell,synthetic
INT-0000218,2026-01-03T22:55:26,RCPT-20260103-00022,P-0035,view,checkout_upsell,synthetic
INT-0000219,2026-01-03T22:55:26,RCPT-20260103-00022,P-0056,view,checkout_upsell,synthetic
INT-0000220,2026-01-03T22:55:26,RCPT-20260103-00022,P-0010,view,checkout_upsell,synthetic
INT-0000221,2026-01-03T22:55:26,RCPT-20260103-00022,P-0010,hover,checkout_upsell,synthetic
INT-0000222,2026-01-03T22:55:26,RCPT-20260103-00022,P-0058,view,checkout_upsell,synthetic
INT-0000223,2026-01-03T22:55:26,RCPT-20260103-00022,P-0058,hover,checkout_upsell,synthetic
INT-0000224,2026-01-03T22:55:26,RCPT-20260103-00022,P-0049,view,checkout_upsell,synthetic
INT-0000225,2026-01-03T20:44:06,RCPT-20260103-00023,P-0034,view,checkout_upsell,synthetic
INT-0000226,2026-01-03T20:44:06,RCPT-20260103-00023,P-0069,view,checkout_upsell,synthetic
INT-0000227,2026-01-03T20:44:06,RCPT-20260103-00023,P-0068,view,checkout_upsell,synthetic
INT-0000228,2026-01-03T20:44:06,RCPT-20260103-00023,P-0068,hover,checkout_upsell,synthetic
INT-0000229,2026-01-03T20:44:06,RCPT-20260103-00023,P-0046,view,checkout_upsell,synthetic
INT-0000230,2026-01-03T20:44:06,RCPT-20260103-00023,P-0046,hover,checkout_upsell,synthetic
INT-0000231,2026-01-03T20:44:06,RCPT-20260103-00023,P-0064,view,checkout_upsell,synthetic
INT-0000232,2026-01-03T20:44:06,RCPT-20260103-00023,P-0022,view,checkout_upsell,synthetic
INT-0000233,2026-01-03T20:44:06,RCPT-20260103-00023,P-0022,hover,checkout_upsell,synthetic
INT-0000234,2026-01-03T21:04:49,RCPT-20260103-00024,P-0034,view,checkout_upsell,synthetic
INT-0000235,2026-01-03T21:04:49,RCPT-20260103-00024,P-0034,click,checkout_upsell,synthetic
INT-0000236,2026-01-03T21:04:49,RCPT-20260103-00024,P-0036,view,checkout_upsell,synthetic
INT-0000237,2026-01-03T21:04:49,RCPT-20260103-00024,P-0066,view,checkout_upsell,synthetic
INT-0000238,2026-01-03T21:04:49,RCPT-20260103-00024,P-0007,view,checkout_upsell,synthetic
INT-0000239,2026-01-03T21:04:49,RCPT-20260103-00024,P-0075,view,checkout_upsell,synthetic
INT-0000240,2026-01-03T21:04:49,RCPT-20260103-00024,P-0017,view,checkout_upsell,synthetic
INT-0000241,2026-01-03T21:04:49,RCPT-20260103-00024,P-0017,hover,checkout_upsell,synthetic
INT-0000242,2026-01-03T20:20:27,RCPT-20260103-00025,P-0012,view,checkout_upsell,synthetic
INT-0000243,2026-01-03T20:20:27,RCPT-20260103-00025,P-0036,view,checkout_upsell,synthetic
INT-0000244,2026-01-03T20:20:27,RCPT-20260103-00025,P-0036,click,checkout_upsell,synthetic
INT-0000245,2026-01-03T20:20:27,RCPT-20260103-00025,P-0008,view,checkout_upsell,synthetic
INT-0000246,2026-01-03T20:20:27,RCPT-20260103-00025,P-0008,hover,checkout_upsell,synthetic
INT-0000247,2026-01-03T20:20:27,RCPT-20260103-00025,P-0074,view,checkout_upsell,synthetic
INT-0000248,2026-01-03T20:20:27,RCPT-20260103-00025,P-0074,hover,checkout_upsell,synthetic
INT-0000249,2026-01-03T20:20:27,RCPT-20260103-00025,P-0041,view,checkout_upsell,synthetic
INT-0000250,2026-01-03T20:20:27,RCPT-20260103-00025,P-0041,click,checkout_upsell,synthetic
INT-0000251,2026-01-03T20:20:27,RCPT-20260103-00025,P-0022,view,checkout_upsell,synthetic
INT-0000252,2026-01-03T20:20:27,RCPT-20260103-00025,P-0022,hover,checkout_upsell,synthetic
INT-0000253,2026-01-03T13:27:04,RCPT-20260103-00026,P-0006,view,checkout_upsell,synthetic
INT-0000254,2026-01-03T13:27:04,RCPT-20260103-00026,P-0006,hover,checkout_upsell,synthetic
INT-0000255,2026-01-03T13:27:04,RCPT-20260103-00026,P-0068,view,checkout_upsell,synthetic
INT-0000256,2026-01-03T13:27:04,RCPT-20260103-00026,P-0001,view,checkout_upsell,synthetic
INT-0000257,2026-01-03T13:27:04,RCPT-20260103-00026,P-0062,view,checkout_upsell,synthetic
INT-0000258,2026-01-03T13:27:04,RCPT-20260103-00026,P-0062,hover,checkout_upsell,synthetic
INT-0000259,2026-01-03T13:27:04,RCPT-20260103-00026,P-0063,view,checkout_upsell,synthetic
INT-0000260,2026-01-03T13:27:04,RCPT-20260103-00026,P-0063,hover,checkout_upsell,synthetic
INT-0000261,2026-01-03T13:27:04,RCPT-20260103-00026,P-0052,view,checkout_upsell,synthetic
INT-0000262,2026-01-03T17:36:19,RCPT-20260103-00027,P-0065,view,checkout_upsell,synthetic
INT-0000263,2026-01-03T17:36:19,RCPT-20260103-00027,P-0065,hover,checkout_upsell,synthetic
INT-0000264,2026-01-03T17:36:19,RCPT-20260103-00027,P-0043,view,checkout_upsell,synthetic
INT-0000265,2026-01-03T17:36:19,RCPT-20260103-00027,P-0043,hover,checkout_upsell,synthetic
INT-0000266,2026-01-03T17:36:19,RCPT-20260103-00027,P-0043,click,checkout_upsell,synthetic
INT-0000267,2026-01-03T17:36:19,RCPT-20260103-00027,P-0037,view,checkout_upsell,synthetic
INT-0000268,2026-01-03T17:36:19,RCPT-20260103-00027,P-0037,hover,checkout_upsell,synthetic
INT-0000269,2026-01-03T17:36:19,RCPT-20260103-00027,P-0035,view,checkout_upsell,synthetic
INT-0000270,2026-01-03T17:36:19,RCPT-20260103-00027,P-0046,view,checkout_upsell,synthetic
INT-0000271,2026-01-03T17:36:19,RCPT-20260103-00027,P-0046,hover,checkout_upsell,synthetic
INT-0000272,2026-01-03T17:36:19,RCPT-20260103-00027,P-0041,view,checkout_upsell,synthetic
INT-0000273,2026-01-03T17:36:19,RCPT-20260103-00027,P-0041,hover,checkout_upsell,synthetic
INT-0000274,2026-01-03T15:50:57,RCPT-20260103-00028,P-0036,view,checkout_upsell,synthetic
INT-0000275,2026-01-03T15:50:57,RCPT-20260103-00028,P-0036,hover,checkout_upsell,synthetic
INT-0000276,2026-01-03T15:50:57,RCPT-20260103-00028,P-0060,view,checkout_upsell,synthetic
INT-0000277,2026-01-03T15:50:57,RCPT-20260103-00028,P-0035,view,checkout_upsell,synthetic
INT-0000278,2026-01-03T15:50:57,RCPT-20260103-00028,P-0035,hover,checkout_upsell,synthetic
INT-0000279,2026-01-03T15:50:57,RCPT-20260103-00028,P-0035,click,checkout_upsell,synthetic
INT-0000280,2026-01-03T15:50:57,RCPT-20260103-00028,P-0059,view,checkout_upsell,synthetic
INT-0000281,2026-01-03T15:50:57,RCPT-20260103-00028,P-0045,view,checkout_upsell,synthetic
INT-0000282,2026-01-03T15:50:57,RCPT-20260103-00028,P-0045,hover,checkout_upsell,synthetic
INT-0000283,2026-01-03T15:50:57,RCPT-20260103-00028,P-0058,view,checkout_upsell,synthetic
INT-0000284,2026-01-04T11:51:12,RCPT-20260104-00029,P-0025,view,checkout_upsell,synthetic
INT-0000285,2026-01-04T11:51:12,RCPT-20260104-00029,P-0006,view,checkout_upsell,synthetic
INT-0000286,2026-01-04T11:51:12,RCPT-20260104-00029,P-0006,hover,checkout_upsell,synthetic
INT-0000287,2026-01-04T11:51:12,RCPT-20260104-00029,P-0003,view,checkout_upsell,synthetic
INT-0000288,2026-01-04T11:51:12,RCPT-20260104-00029,P-0003,hover,checkout_upsell,synthetic
INT-0000289,2026-01-04T11:51:12,RCPT-20260104-00029,P-0007,view,checkout_upsell,synthetic
INT-0000290,2026-01-04T11:51:12,RCPT-20260104-00029,P-0007,hover,checkout_upsell,synthetic
INT-0000291,2026-01-04T11:51:12,RCPT-20260104-00029,P-0032,view,checkout_upsell,synthetic
INT-0000292,2026-01-04T11:51:12,RCPT-20260104-00029,P-0032,hover,checkout_upsell,synthetic
INT-0000293,2026-01-04T11:51:12,RCPT-20260104-00029,P-0076,view,checkout_upsell,synthetic
INT-0000294,2026-01-04T11:51:12,RCPT-20260104-00029,P-0076,hover,checkout_upsell,synthetic
INT-0000295,2026-01-04T10:41:44,RCPT-20260104-00030,P-0040,view,checkout_upsell,synthetic
INT-0000296,2026-01-04T10:41:44,RCPT-20260104-00030,P-0040,hover,checkout_upsell,synthetic
INT-0000297,2026-01-04T10:41:44,RCPT-20260104-00030,P-0025,view,checkout_upsell,synthetic
INT-0000298,2026-01-04T10:41:44,RCPT-20260104-00030,P-0025,hover,checkout_upsell,synthetic
INT-0000299,2026-01-04T10:41:44,RCPT-20260104-00030,P-0025,click,checkout_upsell,synthetic
INT-0000300,2026-01-04T10:41:44,RCPT-20260104-00030,P-0010,view,checkout_upsell,synthetic
INT-0000301,2026-01-04T10:41:44,RCPT-20260104-00030,P-0010,hover,checkout_upsell,synthetic
INT-0000302,2026-01-04T10:41:44,RCPT-20260104-00030,P-0055,view,checkout_upsell,synthetic
INT-0000303,2026-01-04T10:41:44,RCPT-20260104-00030,P-0055,hover,checkout_upsell,synthetic
INT-0000304,2026-01-04T10:41:44,RCPT-20260104-00030,P-0064,view,checkout_upsell,synthetic
INT-0000305,2026-01-04T10:41:44,RCPT-20260104-00030,P-0064,hover,checkout_upsell,synthetic
INT-0000306,2026-01-04T10:41:44,RCPT-20260104-00030,P-0064,click,checkout_upsell,synthetic
INT-0000307,2026-01-04T10:41:44,RCPT-20260104-00030,P-0052,view,checkout_upsell,synthetic
INT-0000308,2026-01-04T10:41:44,RCPT-20260104-00030,P-0052,hover,checkout_upsell,synthetic
INT-0000309,2026-01-04T15:08:51,RCPT-20260104-00031,P-0008,view,checkout_upsell,synthetic
INT-0000310,2026-01-04T15:08:51,RCPT-20260104-00031,P-0060,view,checkout_upsell,synthetic
INT-0000311,2026-01-04T15:08:51,RCPT-20260104-00031,P-0060,hover,checkout_upsell,synthetic
INT-0000312,2026-01-04T15:08:51,RCPT-20260104-00031,P-0003,view,checkout_upsell,synthetic
INT-0000313,2026-01-04T15:08:51,RCPT-20260104-00031,P-0003,hover,checkout_upsell,synthetic
INT-0000314,2026-01-04T15:08:51,RCPT-20260104-00031,P-0046,view,checkout_upsell,synthetic
INT-0000315,2026-01-04T15:08:51,RCPT-20260104-00031,P-0067,view,checkout_upsell,synthetic
INT-0000316,2026-01-04T15:08:51,RCPT-20260104-00031,P-0016,view,checkout_upsell,synthetic
INT-0000317,2026-01-04T15:08:51,RCPT-20260104-00031,P-0016,hover,checkout_upsell,synthetic
INT-0000318,2026-01-04T21:40:17,RCPT-20260104-00032,P-0051,view,checkout_upsell,synthetic
INT-0000319,2026-01-04T21:40:17,RCPT-20260104-00032,P-0051,hover,checkout_upsell,synthetic
INT-0000320,2026-01-04T21:40:17,RCPT-20260104-00032,P-0021,view,checkout_upsell,synthetic
INT-0000321,2026-01-04T21:40:17,RCPT-20260104-00032,P-0021,hover,checkout_upsell,synthetic
INT-0000322,2026-01-04T21:40:17,RCPT-20260104-00032,P-0038,view,checkout_upsell,synthetic
INT-0000323,2026-01-04T21:40:17,RCPT-20260104-00032,P-0038,click,checkout_upsell,synthetic
INT-0000324,2026-01-04T21:40:17,RCPT-20260104-00032,P-0023,view,checkout_upsell,synthetic
INT-0000325,2026-01-04T21:40:17,RCPT-20260104-00032,P-0023,hover,checkout_upsell,synthetic
INT-0000326,2026-01-04T21:40:17,RCPT-20260104-00032,P-0066,view,checkout_upsell,synthetic
INT-0000327,2026-01-04T21:40:17,RCPT-20260104-00032,P-0066,hover,checkout_upsell,synthetic
INT-0000328,2026-01-04T21:40:17,RCPT-20260104-00032,P-0072,view,checkout_upsell,synthetic
INT-0000329,2026-01-04T21:40:17,RCPT-20260104-00032,P-0072,hover,checkout_upsell,synthetic
INT-0000330,2026-01-04T11:24:44,RCPT-20260104-00033,P-0048,view,checkout_upsell,synthetic
INT-0000331,2026-01-04T11:24:44,RCPT-20260104-00033,P-0048,hover,checkout_upsell,synthetic
INT-0000332,2026-01-04T11:24:44,RCPT-20260104-00033,P-0048,click,checkout_upsell,synthetic
INT-0000333,2026-01-04T11:24:44,RCPT-20260104-00033,P-0038,view,checkout_upsell,synthetic
INT-0000334,2026-01-04T11:24:44,RCPT-20260104-00033,P-0038,hover,checkout_upsell,synthetic
INT-0000335,2026-01-04T11:24:44,RCPT-20260104-00033,P-0038,click,checkout_upsell,synthetic
INT-0000336,2026-01-04T11:24:44,RCPT-20260104-00033,P-0041,view,checkout_upsell,synthetic
INT-0000337,2026-01-04T11:24:44,RCPT-20260104-00033,P-0041,hover,checkout_upsell,synthetic
INT-0000338,2026-01-04T11:24:44,RCPT-20260104-00033,P-0041,click,checkout_upsell,synthetic
INT-0000339,2026-01-04T11:24:44,RCPT-20260104-00033,P-0057,view,checkout_upsell,synthetic
INT-0000340,2026-01-04T11:24:44,RCPT-20260104-00033,P-0057,hover,checkout_upsell,synthetic
INT-0000341,2026-01-04T11:24:44,RCPT-20260104-00033,P-0058,view,checkout_upsell,synthetic
INT-0000342,2026-01-04T11:24:44,RCPT-20260104-00033,P-0058,hover,checkout_upsell,synthetic
INT-0000343,2026-01-04T11:24:44,RCPT-20260104-00033,P-0058,click,checkout_upsell,synthetic
INT-0000344,2026-01-04T11:24:44,RCPT-20260104-00033,P-0047,view,checkout_upsell,synthetic
INT-0000345,2026-01-04T11:24:44,RCPT-20260104-00033,P-0047,hover,checkout_upsell,synthetic
INT-0000346,2026-01-04T14:30:00,RCPT-20260104-00034,P-0034,view,checkout_upsell,synthetic
INT-0000347,2026-01-04T14:30:00,RCPT-20260104-00034,P-0034,hover,checkout_upsell,synthetic
INT-0000348,2026-01-04T14:30:00,RCPT-20260104-00034,P-0036,view,checkout_upsell,synthetic
INT-0000349,2026-01-04T14:30:00,RCPT-20260104-00034,P-0036,click,checkout_upsell,synthetic
INT-0000350,2026-01-04T14:30:00,RCPT-20260104-00034,P-0071,view,checkout_upsell,synthetic
INT-0000351,2026-01-04T14:30:00,RCPT-20260104-00034,P-0005,view,checkout_upsell,synthetic
INT-0000352,2026-01-04T14:30:00,RCPT-20260104-00034,P-0005,hover,checkout_upsell,synthetic
INT-0000353,2026-01-04T14:30:00,RCPT-20260104-00034,P-0049,view,checkout_upsell,synthetic
INT-0000354,2026-01-04T14:30:00,RCPT-20260104-00034,P-0016,view,checkout_upsell,synthetic
INT-0000355,2026-01-04T13:42:43,RCPT-20260104-00035,P-0010,view,checkout_upsell,synthetic
INT-0000356,2026-01-04T13:42:43,RCPT-20260104-00035,P-0010,hover,checkout_upsell,synthetic
INT-0000357,2026-01-04T13:42:43,RCPT-20260104-00035,P-0019,view,checkout_upsell,synthetic
INT-0000358,2026-01-04T13:42:43,RCPT-20260104-00035,P-0019,hover,checkout_upsell,synthetic
INT-0000359,2026-01-04T13:42:43,RCPT-20260104-00035,P-0071,view,checkout_upsell,synthetic
INT-0000360,2026-01-04T13:42:43,RCPT-20260104-00035,P-0073,view,checkout_upsell,synthetic
INT-0000361,2026-01-04T13:42:43,RCPT-20260104-00035,P-0073,hover,checkout_upsell,synthetic
INT-0000362,2026-01-04T13:42:43,RCPT-20260104-00035,P-0073,click,checkout_upsell,synthetic
INT-0000363,2026-01-04T13:42:43,RCPT-20260104-00035,P-0032,view,checkout_upsell,synthetic
INT-0000364,2026-01-04T13:42:43,RCPT-20260104-00035,P-0032,hover,checkout_upsell,synthetic
INT-0000365,2026-01-04T13:42:43,RCPT-20260104-00035,P-0017,view,checkout_upsell,synthetic
INT-0000366,2026-01-04T10:55:29,RCPT-20260104-00036,P-0054,view,checkout_upsell,synthetic
INT-0000367,2026-01-04T10:55:29,RCPT-20260104-00036,P-0054,hover,checkout_upsell,synthetic
INT-0000368,2026-01-04T10:55:29,RCPT-20260104-00036,P-0070,view,checkout_upsell,synthetic
INT-0000369,2026-01-04T10:55:29,RCPT-20260104-00036,P-0002,view,checkout_upsell,synthetic
INT-0000370,2026-01-04T10:55:29,RCPT-20260104-00036,P-0002,hover,checkout_upsell,synthetic
INT-0000371,2026-01-04T10:55:29,RCPT-20260104-00036,P-0002,click,checkout_upsell,synthetic
INT-0000372,2026-01-04T10:55:29,RCPT-20260104-00036,P-0017,view,checkout_upsell,synthetic
INT-0000373,2026-01-04T10:55:29,RCPT-20260104-00036,P-0004,view,checkout_upsell,synthetic
INT-0000374,2026-01-04T10:55:29,RCPT-20260104-00036,P-0004,hover,checkout_upsell,synthetic
INT-0000375,2026-01-04T10:55:29,RCPT-20260104-00036,P-0062,view,checkout_upsell,synthetic
INT-0000376,2026-01-04T10:55:29,RCPT-20260104-00036,P-0062,hover,checkout_upsell,synthetic
INT-0000377,2026-01-04T10:55:29,RCPT-20260104-00036,P-0062,click,checkout_upsell,synthetic
INT-0000378,2026-01-04T12:53:05,RCPT-20260104-00037,P-0034,view,checkout_upsell,synthetic
INT-0000379,2026-01-04T12:53:05,RCPT-20260104-00037,P-0034,hover,checkout_upsell,synthetic
INT-0000380,2026-01-04T12:53:05,RCPT-20260104-00037,P-0036,view,checkout_upsell,synthetic
INT-0000381,2026-01-04T12:53:05,RCPT-20260104-00037,P-0036,hover,checkout_upsell,synthetic
INT-0000382,2026-01-04T12:53:05,RCPT-20260104-00037,P-0054,view,checkout_upsell,synthetic
INT-0000383,2026-01-04T12:53:05,RCPT-20260104-00037,P-0054,hover,checkout_upsell,synthetic
INT-0000384,2026-01-04T12:53:05,RCPT-20260104-00037,P-0067,view,checkout_upsell,synthetic
INT-0000385,2026-01-04T12:53:05,RCPT-20260104-00037,P-0026,view,checkout_upsell,synthetic
INT-0000386,2026-01-04T12:53:05,RCPT-20260104-00037,P-0026,hover,checkout_upsell,synthetic
INT-0000387,2026-01-04T12:53:05,RCPT-20260104-00037,P-0062,view,checkout_upsell,synthetic
INT-0000388,2026-01-04T12:53:05,RCPT-20260104-00037,P-0062,hover,checkout_upsell,synthetic
INT-0000389,2026-01-05T10:30:42,RCPT-20260105-00038,P-0034,view,checkout_upsell,synthetic
INT-0000390,2026-01-05T10:30:42,RCPT-20260105-00038,P-0034,hover,checkout_upsell,synthetic
INT-0000391,2026-01-05T10:30:42,RCPT-20260105-00038,P-0060,view,checkout_upsell,synthetic
INT-0000392,2026-01-05T10:30:42,RCPT-20260105-00038,P-0060,click,checkout_upsell,synthetic
INT-0000393,2026-01-05T10:30:42,RCPT-20260105-00038,P-0010,view,checkout_upsell,synthetic
INT-0000394,2026-01-05T10:30:42,RCPT-20260105-00038,P-0010,hover,checkout_upsell,synthetic
INT-0000395,2026-01-05T10:30:42,RCPT-20260105-00038,P-0014,view,checkout_upsell,synthetic
INT-0000396,2026-01-05T10:30:42,RCPT-20260105-00038,P-0014,hover,checkout_upsell,synthetic
INT-0000397,2026-01-05T10:30:42,RCPT-20260105-00038,P-0072,view,checkout_upsell,synthetic
INT-0000398,2026-01-05T10:30:42,RCPT-20260105-00038,P-0072,hover,checkout_upsell,synthetic
INT-0000399,2026-01-05T10:30:42,RCPT-20260105-00038,P-0052,view,checkout_upsell,synthetic
INT-0000400,2026-01-05T10:30:42,RCPT-20260105-00038,P-0052,hover,checkout_upsell,synthetic
INT-0000401,2026-01-05T20:52:10,RCPT-20260105-00039,P-0065,view,checkout_upsell,synthetic
INT-0000402,2026-01-05T20:52:10,RCPT-20260105-00039,P-0065,hover,checkout_upsell,synthetic
INT-0000403,2026-01-05T20:52:10,RCPT-20260105-00039,P-0011,view,checkout_upsell,synthetic
INT-0000404,2026-01-05T20:52:10,RCPT-20260105-00039,P-0011,hover,checkout_upsell,synthetic
INT-0000405,2026-01-05T20:52:10,RCPT-20260105-00039,P-0023,view,checkout_upsell,synthetic
INT-0000406,2026-01-05T20:52:10,RCPT-20260105-00039,P-0066,view,checkout_upsell,synthetic
INT-0000407,2026-01-05T20:52:10,RCPT-20260105-00039,P-0064,view,checkout_upsell,synthetic
INT-0000408,2026-01-05T20:52:10,RCPT-20260105-00039,P-0063,view,checkout_upsell,synthetic
INT-0000409,2026-01-05T20:52:10,RCPT-20260105-00039,P-0063,hover,checkout_upsell,synthetic
INT-0000410,2026-01-05T19:49:19,RCPT-20260105-00040,P-0060,view,checkout_upsell,synthetic
INT-0000411,2026-01-05T19:49:19,RCPT-20260105-00040,P-0060,hover,checkout_upsell,synthetic
INT-0000412,2026-01-05T19:49:19,RCPT-20260105-00040,P-0037,view,checkout_upsell,synthetic
INT-0000413,2026-01-05T19:49:19,RCPT-20260105-00040,P-0033,view,checkout_upsell,synthetic
INT-0000414,2026-01-05T19:49:19,RCPT-20260105-00040,P-0001,view,checkout_upsell,synthetic
INT-0000415,2026-01-05T19:49:19,RCPT-20260105-00040,P-0058,view,checkout_upsell,synthetic
INT-0000416,2026-01-05T19:49:19,RCPT-20260105-00040,P-0058,hover,checkout_upsell,synthetic
INT-0000417,2026-01-05T19:49:19,RCPT-20260105-00040,P-0016,view,checkout_upsell,synthetic
INT-0000418,2026-01-05T19:49:19,RCPT-20260105-00040,P-0016,hover,checkout_upsell,synthetic
INT-0000419,2026-01-05T14:23:40,RCPT-20260105-00041,P-0030,view,checkout_upsell,synthetic
INT-0000420,2026-01-05T14:23:40,RCPT-20260105-00041,P-0030,hover,checkout_upsell,synthetic
INT-0000421,2026-01-05T14:23:40,RCPT-20260105-00041,P-0036,view,checkout_upsell,synthetic
INT-0000422,2026-01-05T14:23:40,RCPT-20260105-00041,P-0036,hover,checkout_upsell,synthetic
INT-0000423,2026-01-05T14:23:40,RCPT-20260105-00041,P-0060,view,checkout_upsell,synthetic
INT-0000424,2026-01-05T14:23:40,RCPT-20260105-00041,P-0060,hover,checkout_upsell,synthetic
INT-0000425,2026-01-05T14:23:40,RCPT-20260105-00041,P-0028,view,checkout_upsell,synthetic
INT-0000426,2026-01-05T14:23:40,RCPT-20260105-00041,P-0055,view,checkout_upsell,synthetic
INT-0000427,2026-01-05T14:23:40,RCPT-20260105-00041,P-0044,view,checkout_upsell,synthetic
INT-0000428,2026-01-05T14:23:40,RCPT-20260105-00041,P-0044,hover,checkout_upsell,synthetic
INT-0000429,2026-01-05T17:17:20,RCPT-20260105-00042,P-0074,view,checkout_upsell,synthetic
INT-0000430,2026-01-05T17:17:20,RCPT-20260105-00042,P-0003,view,checkout_upsell,synthetic
INT-0000431,2026-01-05T17:17:20,RCPT-20260105-00042,P-0003,hover,checkout_upsell,synthetic
INT-0000432,2026-01-05T17:17:20,RCPT-20260105-00042,P-0060,view,checkout_upsell,synthetic
INT-0000433,2026-01-05T17:17:20,RCPT-20260105-00042,P-0060,click,checkout_upsell,synthetic
INT-0000434,2026-01-05T17:17:20,RCPT-20260105-00042,P-0046,view,checkout_upsell,synthetic
INT-0000435,2026-01-05T17:17:20,RCPT-20260105-00042,P-0046,hover,checkout_upsell,synthetic
INT-0000436,2026-01-05T17:17:20,RCPT-20260105-00042,P-0026,view,checkout_upsell,synthetic
INT-0000437,2026-01-05T17:17:20,RCPT-20260105-00042,P-0026,hover,checkout_upsell,synthetic
INT-0000438,2026-01-05T17:17:20,RCPT-20260105-00042,P-0017,view,checkout_upsell,synthetic
INT-0000439,2026-01-05T17:17:20,RCPT-20260105-00042,P-0017,hover,checkout_upsell,synthetic
INT-0000440,2026-01-05T11:22:51,RCPT-20260105-00043,P-0061,view,checkout_upsell,synthetic
INT-0000441,2026-01-05T11:22:51,RCPT-20260105-00043,P-0012,view,checkout_upsell,synthetic
INT-0000442,2026-01-05T11:22:51,RCPT-20260105-00043,P-0012,hover,checkout_upsell,synthetic
INT-0000443,2026-01-05T11:22:51,RCPT-20260105-00043,P-0036,view,checkout_upsell,synthetic
INT-0000444,2026-01-05T11:22:51,RCPT-20260105-00043,P-0036,hover,checkout_upsell,synthetic
INT-0000445,2026-01-05T11:22:51,RCPT-20260105-00043,P-0060,view,checkout_upsell,synthetic
INT-0000446,2026-01-05T11:22:51,RCPT-20260105-00043,P-0060,hover,checkout_upsell,synthetic
INT-0000447,2026-01-05T11:22:51,RCPT-20260105-00043,P-0057,view,checkout_upsell,synthetic
INT-0000448,2026-01-05T11:22:51,RCPT-20260105-00043,P-0057,hover,checkout_upsell,synthetic
INT-0000449,2026-01-05T11:22:51,RCPT-20260105-00043,P-0014,view,checkout_upsell,synthetic
INT-0000450,2026-01-05T15:50:01,RCPT-20260105-00044,P-0008,view,checkout_upsell,synthetic
INT-0000451,2026-01-05T15:50:01,RCPT-20260105-00044,P-0008,hover,checkout_upsell,synthetic
INT-0000452,2026-01-05T15:50:01,RCPT-20260105-00044,P-0043,view,checkout_upsell,synthetic
INT-0000453,2026-01-05T15:50:01,RCPT-20260105-00044,P-0043,hover,checkout_upsell,synthetic
INT-0000454,2026-01-05T15:50:01,RCPT-20260105-00044,P-0017,view,checkout_upsell,synthetic
INT-0000455,2026-01-05T15:50:01,RCPT-20260105-00044,P-0017,hover,checkout_upsell,synthetic
INT-0000456,2026-01-05T15:50:01,RCPT-20260105-00044,P-0064,view,checkout_upsell,synthetic
INT-0000457,2026-01-05T15:50:01,RCPT-20260105-00044,P-0064,hover,checkout_upsell,synthetic
INT-0000458,2026-01-05T15:50:01,RCPT-20260105-00044,P-0052,view,checkout_upsell,synthetic
INT-0000459,2026-01-05T15:50:01,RCPT-20260105-00044,P-0052,hover,checkout_upsell,synthetic
INT-0000460,2026-01-05T15:50:01,RCPT-20260105-00044,P-0062,view,checkout_upsell,synthetic
INT-0000461,2026-01-05T15:50:01,RCPT-20260105-00044,P-0062,hover,checkout_upsell,synthetic
INT-0000462,2026-01-05T12:14:07,RCPT-20260105-00045,P-0059,view,checkout_upsell,synthetic
INT-0000463,2026-01-05T12:14:07,RCPT-20260105-00045,P-0055,view,checkout_upsell,synthetic
INT-0000464,2026-01-05T12:14:07,RCPT-20260105-00045,P-0073,view,checkout_upsell,synthetic
INT-0000465,2026-01-05T12:14:07,RCPT-20260105-00045,P-0026,view,checkout_upsell,synthetic
INT-0000466,2026-01-05T12:14:07,RCPT-20260105-00045,P-0026,hover,checkout_upsell,synthetic
INT-0000467,2026-01-05T12:14:07,RCPT-20260105-00045,P-0063,view,checkout_upsell,synthetic
INT-0000468,2026-01-05T12:14:07,RCPT-20260105-00045,P-0063,hover,checkout_upsell,synthetic
INT-0000469,2026-01-05T12:14:07,RCPT-20260105-00045,P-0047,view,checkout_upsell,synthetic
INT-0000470,2026-01-05T12:14:07,RCPT-20260105-00045,P-0047,hover,checkout_upsell,synthetic
INT-0000471,2026-01-05T12:14:23,RCPT-20260105-00046,P-0065,view,checkout_upsell,synthetic
INT-0000472,2026-01-05T12:14:23,RCPT-20260105-00046,P-0036,view,checkout_upsell,synthetic
INT-0000473,2026-01-05T12:14:23,RCPT-20260105-00046,P-0036,hover,checkout_upsell,synthetic
INT-0000474,2026-01-05T12:14:23,RCPT-20260105-00046,P-0021,view,checkout_upsell,synthetic
INT-0000475,2026-01-05T12:14:23,RCPT-20260105-00046,P-0038,view,checkout_upsell,synthetic
INT-0000476,2026-01-05T12:14:23,RCPT-20260105-00046,P-0075,view,checkout_upsell,synthetic
INT-0000477,2026-01-05T12:14:23,RCPT-20260105-00046,P-0039,view,checkout_upsell,synthetic
INT-0000478,2026-01-05T08:36:18,RCPT-20260105-00047,P-0034,view,checkout_upsell,synthetic
INT-0000479,2026-01-05T08:36:18,RCPT-20260105-00047,P-0034,hover,checkout_upsell,synthetic
INT-0000480,2026-01-05T08:36:18,RCPT-20260105-00047,P-0030,view,checkout_upsell,synthetic
INT-0000481,2026-01-05T08:36:18,RCPT-20260105-00047,P-0060,view,checkout_upsell,synthetic
INT-0000482,2026-01-05T08:36:18,RCPT-20260105-00047,P-0005,view,checkout_upsell,synthetic
INT-0000483,2026-01-05T08:36:18,RCPT-20260105-00047,P-0005,hover,checkout_upsell,synthetic
INT-0000484,2026-01-05T08:36:18,RCPT-20260105-00047,P-0031,view,checkout_upsell,synthetic
INT-0000485,2026-01-05T08:36:18,RCPT-20260105-00047,P-0031,hover,checkout_upsell,synthetic
INT-0000486,2026-01-05T08:36:18,RCPT-20260105-00047,P-0039,view,checkout_upsell,synthetic
INT-0000487,2026-01-05T08:09:09,RCPT-20260105-00048,P-0034,view,checkout_upsell,synthetic
INT-0000488,2026-01-05T08:09:09,RCPT-20260105-00048,P-0036,view,checkout_upsell,synthetic
INT-0000489,2026-01-05T08:09:09,RCPT-20260105-00048,P-0060,view,checkout_upsell,synthetic
INT-0000490,2026-01-05T08:09:09,RCPT-20260105-00048,P-0045,view,checkout_upsell,synthetic
INT-0000491,2026-01-05T08:09:09,RCPT-20260105-00048,P-0045,hover,checkout_upsell,synthetic
INT-0000492,2026-01-05T08:09:09,RCPT-20260105-00048,P-0024,view,checkout_upsell,synthetic
INT-0000493,2026-01-05T08:09:09,RCPT-20260105-00048,P-0016,view,checkout_upsell,synthetic
INT-0000494,2026-01-05T08:09:09,RCPT-20260105-00048,P-0016,hover,checkout_upsell,synthetic
INT-0000495,2026-01-06T12:55:37,RCPT-20260106-00049,P-0065,view,checkout_upsell,synthetic
INT-0000496,2026-01-06T12:55:37,RCPT-20260106-00049,P-0065,hover,checkout_upsell,synthetic
INT-0000497,2026-01-06T12:55:37,RCPT-20260106-00049,P-0069,view,checkout_upsell,synthetic
INT-0000498,2026-01-06T12:55:37,RCPT-20260106-00049,P-0050,view,checkout_upsell,synthetic
INT-0000499,2026-01-06T12:55:37,RCPT-20260106-00049,P-0050,hover,checkout_upsell,synthetic
INT-0000500,2026-01-06T12:55:37,RCPT-20260106-00049,P-0073,view,checkout_upsell,synthetic
INT-0000501,2026-01-06T12:55:37,RCPT-20260106-00049,P-0073,hover,checkout_upsell,synthetic
INT-0000502,2026-01-06T12:55:37,RCPT-20260106-00049,P-0073,click,checkout_upsell,synthetic
INT-0000503,2026-01-06T12:55:37,RCPT-20260106-00049,P-0031,view,checkout_upsell,synthetic
INT-0000504,2026-01-06T12:55:37,RCPT-20260106-00049,P-0031,hover,checkout_upsell,synthetic
INT-0000505,2026-01-06T12:55:37,RCPT-20260106-00049,P-0033,view,checkout_upsell,synthetic
INT-0000506,2026-01-06T12:55:37,RCPT-20260106-00049,P-0033,hover,checkout_upsell,synthetic
INT-0000507,2026-01-06T14:28:44,RCPT-20260106-00050,P-0036,view,checkout_upsell,synthetic
INT-0000508,2026-01-06T14:28:44,RCPT-20260106-00050,P-0054,view,checkout_upsell,synthetic
INT-0000509,2026-01-06T14:28:44,RCPT-20260106-00050,P-0054,hover,checkout_upsell,synthetic
INT-0000510,2026-01-06T14:28:44,RCPT-20260106-00050,P-0046,view,checkout_upsell,synthetic
INT-0000511,2026-01-06T14:28:44,RCPT-20260106-00050,P-0046,hover,checkout_upsell,synthetic
INT-0000512,2026-01-06T14:28:44,RCPT-20260106-00050,P-0055,view,checkout_upsell,synthetic
INT-0000513,2026-01-06T14:28:44,RCPT-20260106-00050,P-0055,hover,checkout_upsell,synthetic
INT-0000514,2026-01-06T14:28:44,RCPT-20260106-00050,P-0055,click,checkout_upsell,synthetic
INT-0000515,2026-01-06T14:28:44,RCPT-20260106-00050,P-0063,view,checkout_upsell,synthetic
INT-0000516,2026-01-06T14:28:44,RCPT-20260106-00050,P-0063,hover,checkout_upsell,synthetic
INT-0000517,2026-01-06T14:28:44,RCPT-20260106-00050,P-0047,view,checkout_upsell,synthetic
INT-0000518,2026-01-06T14:28:44,RCPT-20260106-00050,P-0047,hover,checkout_upsell,synthetic
INT-0000519,2026-01-06T17:42:51,RCPT-20260106-00051,P-0040,view,checkout_upsell,synthetic
INT-0000520,2026-01-06T17:42:51,RCPT-20260106-00051,P-0060,view,checkout_upsell,synthetic
INT-0000521,2026-01-06T17:42:51,RCPT-20260106-00051,P-0060,hover,checkout_upsell,synthetic
INT-0000522,2026-01-06T17:42:51,RCPT-20260106-00051,P-0013,view,checkout_upsell,synthetic
INT-0000523,2026-01-06T17:42:51,RCPT-20260106-00051,P-0013,hover,checkout_upsell,synthetic
INT-0000524,2026-01-06T17:42:51,RCPT-20260106-00051,P-0019,view,checkout_upsell,synthetic
INT-0000525,2026-01-06T17:42:51,RCPT-20260106-00051,P-0019,hover,checkout_upsell,synthetic
INT-0000526,2026-01-06T17:42:51,RCPT-20260106-00051,P-0002,view,checkout_upsell,synthetic
INT-0000527,2026-01-06T17:42:51,RCPT-20260106-00051,P-0005,view,checkout_upsell,synthetic
INT-0000528,2026-01-06T17:47:52,RCPT-20260106-00052,P-0069,view,checkout_upsell,synthetic
INT-0000529,2026-01-06T17:47:52,RCPT-20260106-00052,P-0021,view,checkout_upsell,synthetic
INT-0000530,2026-01-06T17:47:52,RCPT-20260106-00052,P-0021,hover,checkout_upsell,synthetic
INT-0000531,2026-01-06T17:47:52,RCPT-20260106-00052,P-0064,view,checkout_upsell,synthetic
INT-0000532,2026-01-06T17:47:52,RCPT-20260106-00052,P-0004,view,checkout_upsell,synthetic
INT-0000533,2026-01-06T17:47:52,RCPT-20260106-00052,P-0004,hover,checkout_upsell,synthetic
INT-0000534,2026-01-06T17:47:52,RCPT-20260106-00052,P-0004,click,checkout_upsell,synthetic
INT-0000535,2026-01-06T17:47:52,RCPT-20260106-00052,P-0062,view,checkout_upsell,synthetic
INT-0000536,2026-01-06T17:47:52,RCPT-20260106-00052,P-0053,view,checkout_upsell,synthetic
INT-0000537,2026-01-06T12:01:05,RCPT-20260106-00053,P-0050,view,checkout_upsell,synthetic
INT-0000538,2026-01-06T12:01:05,RCPT-20260106-00053,P-0050,hover,checkout_upsell,synthetic
INT-0000539,2026-01-06T12:01:05,RCPT-20260106-00053,P-0074,view,checkout_upsell,synthetic
INT-0000540,2026-01-06T12:01:05,RCPT-20260106-00053,P-0074,hover,checkout_upsell,synthetic
INT-0000541,2026-01-06T12:01:05,RCPT-20260106-00053,P-0060,view,checkout_upsell,synthetic
INT-0000542,2026-01-06T12:01:05,RCPT-20260106-00053,P-0038,view,checkout_upsell,synthetic
INT-0000543,2026-01-06T12:01:05,RCPT-20260106-00053,P-0001,view,checkout_upsell,synthetic
INT-0000544,2026-01-06T12:01:05,RCPT-20260106-00053,P-0001,hover,checkout_upsell,synthetic
INT-0000545,2026-01-06T12:01:05,RCPT-20260106-00053,P-0052,view,checkout_upsell,synthetic
INT-0000546,2026-01-06T17:27:40,RCPT-20260106-00054,P-0036,view,checkout_upsell,synthetic
INT-0000547,2026-01-06T17:27:40,RCPT-20260106-00054,P-0036,click,checkout_upsell,synthetic
INT-0000548,2026-01-06T17:27:40,RCPT-20260106-00054,P-0023,view,checkout_upsell,synthetic
INT-0000549,2026-01-06T17:27:40,RCPT-20260106-00054,P-0023,click,checkout_upsell,synthetic
INT-0000550,2026-01-06T17:27:40,RCPT-20260106-00054,P-0066,view,checkout_upsell,synthetic
INT-0000551,2026-01-06T17:27:40,RCPT-20260106-00054,P-0066,hover,checkout_upsell,synthetic
INT-0000552,2026-01-06T17:27:40,RCPT-20260106-00054,P-0066,click,checkout_upsell,synthetic
INT-0000553,2026-01-06T17:27:40,RCPT-20260106-00054,P-0004,view,checkout_upsell,synthetic
INT-0000554,2026-01-06T17:27:40,RCPT-20260106-00054,P-0004,hover,checkout_upsell,synthetic
INT-0000555,2026-01-06T17:27:40,RCPT-20260106-00054,P-0062,view,checkout_upsell,synthetic
INT-0000556,2026-01-06T17:27:40,RCPT-20260106-00054,P-0044,view,checkout_upsell,synthetic
INT-0000557,2026-01-06T18:25:52,RCPT-20260106-00055,P-0034,view,checkout_upsell,synthetic
INT-0000558,2026-01-06T18:25:52,RCPT-20260106-00055,P-0034,hover,checkout_upsell,synthetic
INT-0000559,2026-01-06T18:25:52,RCPT-20260106-00055,P-0050,view,checkout_upsell,synthetic
INT-0000560,2026-01-06T18:25:52,RCPT-20260106-00055,P-0050,hover,checkout_upsell,synthetic
INT-0000561,2026-01-06T18:25:52,RCPT-20260106-00055,P-0028,view,checkout_upsell,synthetic
INT-0000562,2026-01-06T18:25:52,RCPT-20260106-00055,P-0071,view,checkout_upsell,synthetic
INT-0000563,2026-01-06T18:25:52,RCPT-20260106-00055,P-0071,hover,checkout_upsell,synthetic
INT-0000564,2026-01-06T18:25:52,RCPT-20260106-00055,P-0038,view,checkout_upsell,synthetic
INT-0000565,2026-01-06T18:25:52,RCPT-20260106-00055,P-0038,hover,checkout_upsell,synthetic
INT-0000566,2026-01-06T18:25:52,RCPT-20260106-00055,P-0005,view,checkout_upsell,synthetic
INT-0000567,2026-01-06T16:23:39,RCPT-20260106-00056,P-0036,view,checkout_upsell,synthetic
INT-0000568,2026-01-06T16:23:39,RCPT-20260106-00056,P-0036,hover,checkout_upsell,synthetic
INT-0000569,2026-01-06T16:23:39,RCPT-20260106-00056,P-0068,view,checkout_upsell,synthetic
INT-0000570,2026-01-06T16:23:39,RCPT-20260106-00056,P-0038,view,checkout_upsell,synthetic
INT-0000571,2026-01-06T16:23:39,RCPT-20260106-00056,P-0001,view,checkout_upsell,synthetic
INT-0000572,2026-01-06T16:23:39,RCPT-20260106-00056,P-0001,hover,checkout_upsell,synthetic
INT-0000573,2026-01-06T16:23:39,RCPT-20260106-00056,P-0001,click,checkout_upsell,synthetic
INT-0000574,2026-01-06T16:23:39,RCPT-20260106-00056,P-0041,view,checkout_upsell,synthetic
INT-0000575,2026-01-06T16:23:39,RCPT-20260106-00056,P-0049,view,checkout_upsell,synthetic
INT-0000576,2026-01-06T20:15:45,RCPT-20260106-00057,P-0069,view,checkout_upsell,synthetic
INT-0000577,2026-01-06T20:15:45,RCPT-20260106-00057,P-0069,hover,checkout_upsell,synthetic
INT-0000578,2026-01-06T20:15:45,RCPT-20260106-00057,P-0036,view,checkout_upsell,synthetic
INT-0000579,2026-01-06T20:15:45,RCPT-20260106-00057,P-0036,hover,checkout_upsell,synthetic
INT-0000580,2026-01-06T20:15:45,RCPT-20260106-00057,P-0060,view,checkout_upsell,synthetic
INT-0000581,2026-01-06T20:15:45,RCPT-20260106-00057,P-0060,hover,checkout_upsell,synthetic
INT-0000582,2026-01-06T20:15:45,RCPT-20260106-00057,P-0060,click,checkout_upsell,synthetic
INT-0000583,2026-01-06T20:15:45,RCPT-20260106-00057,P-0019,view,checkout_upsell,synthetic
INT-0000584,2026-01-06T20:15:45,RCPT-20260106-00057,P-0019,hover,checkout_upsell,synthetic
INT-0000585,2026-01-06T20:15:45,RCPT-20260106-00057,P-0072,view,checkout_upsell,synthetic
INT-0000586,2026-01-06T20:15:45,RCPT-20260106-00057,P-0047,view,checkout_upsell,synthetic
INT-0000587,2026-01-06T20:15:45,RCPT-20260106-00057,P-0047,hover,checkout_upsell,synthetic
INT-0000588,2026-01-06T20:15:45,RCPT-20260106-00057,P-0047,click,checkout_upsell,synthetic
INT-0000589,2026-01-06T12:32:45,RCPT-20260106-00058,P-0061,view,checkout_upsell,synthetic
INT-0000590,2026-01-06T12:32:45,RCPT-20260106-00058,P-0040,view,checkout_upsell,synthetic
INT-0000591,2026-01-06T12:32:45,RCPT-20260106-00058,P-0040,hover,checkout_upsell,synthetic
INT-0000592,2026-01-06T12:32:45,RCPT-20260106-00058,P-0074,view,checkout_upsell,synthetic
INT-0000593,2026-01-06T12:32:45,RCPT-20260106-00058,P-0074,hover,checkout_upsell,synthetic
INT-0000594,2026-01-06T12:32:45,RCPT-20260106-00058,P-0038,view,checkout_upsell,synthetic
INT-0000595,2026-01-06T12:32:45,RCPT-20260106-00058,P-0038,hover,checkout_upsell,synthetic
INT-0000596,2026-01-06T12:32:45,RCPT-20260106-00058,P-0001,view,checkout_upsell,synthetic
INT-0000597,2026-01-06T12:32:45,RCPT-20260106-00058,P-0001,hover,checkout_upsell,synthetic
INT-0000598,2026-01-06T12:32:45,RCPT-20260106-00058,P-0009,view,checkout_upsell,synthetic
INT-0000599,2026-01-06T20:50:54,RCPT-20260106-00059,P-0034,view,checkout_upsell,synthetic
INT-0000600,2026-01-06T20:50:54,RCPT-20260106-00059,P-0034,hover,checkout_upsell,synthetic
INT-0000601,2026-01-06T20:50:54,RCPT-20260106-00059,P-0036,view,checkout_upsell,synthetic
INT-0000602,2026-01-06T20:50:54,RCPT-20260106-00059,P-0036,hover,checkout_upsell,synthetic
INT-0000603,2026-01-06T20:50:54,RCPT-20260106-00059,P-0060,view,checkout_upsell,synthetic
INT-0000604,2026-01-06T20:50:54,RCPT-20260106-00059,P-0060,hover,checkout_upsell,synthetic
INT-0000605,2026-01-06T20:50:54,RCPT-20260106-00059,P-0054,view,checkout_upsell,synthetic
INT-0000606,2026-01-06T20:50:54,RCPT-20260106-00059,P-0055,view,checkout_upsell,synthetic
INT-0000607,2026-01-06T20:50:54,RCPT-20260106-00059,P-0055,hover,checkout_upsell,synthetic
INT-0000608,2026-01-06T20:50:54,RCPT-20260106-00059,P-0075,view,checkout_upsell,synthetic
INT-0000609,2026-01-06T20:50:54,RCPT-20260106-00059,P-0075,hover,checkout_upsell,synthetic
INT-0000610,2026-01-07T13:21:35,RCPT-20260107-00060,P-0048,view,checkout_upsell,synthetic
INT-0000611,2026-01-07T13:21:35,RCPT-20260107-00060,P-0048,hover,checkout_upsell,synthetic
INT-0000612,2026-01-07T13:21:35,RCPT-20260107-00060,P-0034,view,checkout_upsell,synthetic
INT-0000613,2026-01-07T13:21:35,RCPT-20260107-00060,P-0030,view,checkout_upsell,synthetic
INT-0000614,2026-01-07T13:21:35,RCPT-20260107-00060,P-0060,view,checkout_upsell,synthetic
INT-0000615,2026-01-07T13:21:35,RCPT-20260107-00060,P-0054,view,checkout_upsell,synthetic
INT-0000616,2026-01-07T13:21:35,RCPT-20260107-00060,P-0054,hover,checkout_upsell,synthetic
INT-0000617,2026-01-07T13:21:35,RCPT-20260107-00060,P-0020,view,checkout_upsell,synthetic
INT-0000618,2026-01-07T13:21:35,RCPT-20260107-00060,P-0020,hover,checkout_upsell,synthetic
INT-0000619,2026-01-07T13:47:30,RCPT-20260107-00061,P-0048,view,checkout_upsell,synthetic
INT-0000620,2026-01-07T13:47:30,RCPT-20260107-00061,P-0048,click,checkout_upsell,synthetic
INT-0000621,2026-01-07T13:47:30,RCPT-20260107-00061,P-0015,view,checkout_upsell,synthetic
INT-0000622,2026-01-07T13:47:30,RCPT-20260107-00061,P-0015,hover,checkout_upsell,synthetic
INT-0000623,2026-01-07T13:47:30,RCPT-20260107-00061,P-0071,view,checkout_upsell,synthetic
INT-0000624,2026-01-07T13:47:30,RCPT-20260107-00061,P-0071,hover,checkout_upsell,synthetic
INT-0000625,2026-01-07T13:47:30,RCPT-20260107-00061,P-0042,view,checkout_upsell,synthetic
INT-0000626,2026-01-07T13:47:30,RCPT-20260107-00061,P-0042,hover,checkout_upsell,synthetic
INT-0000627,2026-01-07T13:47:30,RCPT-20260107-00061,P-0042,click,checkout_upsell,synthetic
INT-0000628,2026-01-07T13:47:30,RCPT-20260107-00061,P-0075,view,checkout_upsell,synthetic
INT-0000629,2026-01-07T13:47:30,RCPT-20260107-00061,P-0009,view,checkout_upsell,synthetic
INT-0000630,2026-01-07T13:47:30,RCPT-20260107-00061,P-0009,hover,checkout_upsell,synthetic
INT-0000631,2026-01-07T14:55:41,RCPT-20260107-00062,P-0051,view,checkout_upsell,synthetic
INT-0000632,2026-01-07T14:55:41,RCPT-20260107-00062,P-0013,view,checkout_upsell,synthetic
INT-0000633,2026-01-07T14:55:41,RCPT-20260107-00062,P-0013,hover,checkout_upsell,synthetic
INT-0000634,2026-01-07T14:55:41,RCPT-20260107-00062,P-0041,view,checkout_upsell,synthetic
INT-0000635,2026-01-07T14:55:41,RCPT-20260107-00062,P-0041,hover,checkout_upsell,synthetic
INT-0000636,2026-01-07T14:55:41,RCPT-20260107-00062,P-0045,view,checkout_upsell,synthetic
INT-0000637,2026-01-07T14:55:41,RCPT-20260107-00062,P-0064,view,checkout_upsell,synthetic
INT-0000638,2026-01-07T14:55:41,RCPT-20260107-00062,P-0062,view,checkout_upsell,synthetic
INT-0000639,2026-01-07T14:55:41,RCPT-20260107-00062,P-0062,hover,checkout_upsell,synthetic
INT-0000640,2026-01-07T19:56:48,RCPT-20260107-00063,P-0048,view,checkout_upsell,synthetic
INT-0000641,2026-01-07T19:56:48,RCPT-20260107-00063,P-0048,hover,checkout_upsell,synthetic
INT-0000642,2026-01-07T19:56:48,RCPT-20260107-00063,P-0051,view,checkout_upsell,synthetic
INT-0000643,2026-01-07T19:56:48,RCPT-20260107-00063,P-0051,hover,checkout_upsell,synthetic
INT-0000644,2026-01-07T19:56:48,RCPT-20260107-00063,P-0036,view,checkout_upsell,synthetic
INT-0000645,2026-01-07T19:56:48,RCPT-20260107-00063,P-0060,view,checkout_upsell,synthetic
INT-0000646,2026-01-07T19:56:48,RCPT-20260107-00063,P-0060,click,checkout_upsell,synthetic
INT-0000647,2026-01-07T19:56:48,RCPT-20260107-00063,P-0059,view,checkout_upsell,synthetic
INT-0000648,2026-01-07T19:56:48,RCPT-20260107-00063,P-0049,view,checkout_upsell,synthetic
INT-0000649,2026-01-07T20:40:45,RCPT-20260107-00064,P-0065,view,checkout_upsell,synthetic
INT-0000650,2026-01-07T20:40:45,RCPT-20260107-00064,P-0036,view,checkout_upsell,synthetic
INT-0000651,2026-01-07T20:40:45,RCPT-20260107-00064,P-0036,hover,checkout_upsell,synthetic
INT-0000652,2026-01-07T20:40:45,RCPT-20260107-00064,P-0028,view,checkout_upsell,synthetic
INT-0000653,2026-01-07T20:40:45,RCPT-20260107-00064,P-0002,view,checkout_upsell,synthetic
INT-0000654,2026-01-07T20:40:45,RCPT-20260107-00064,P-0002,hover,checkout_upsell,synthetic
INT-0000655,2026-01-07T20:40:45,RCPT-20260107-00064,P-0032,view,checkout_upsell,synthetic
INT-0000656,2026-01-07T20:40:45,RCPT-20260107-00064,P-0032,hover,checkout_upsell,synthetic
INT-0000657,2026-01-07T20:40:45,RCPT-20260107-00064,P-0024,view,checkout_upsell,synthetic
INT-0000658,2026-01-07T17:43:50,RCPT-20260107-00065,P-0048,view,checkout_upsell,synthetic
INT-0000659,2026-01-07T17:43:50,RCPT-20260107-00065,P-0008,view,checkout_upsell,synthetic
INT-0000660,2026-01-07T17:43:50,RCPT-20260107-00065,P-0008,hover,checkout_upsell,synthetic
INT-0000661,2026-01-07T17:43:50,RCPT-20260107-00065,P-0013,view,checkout_upsell,synthetic
INT-0000662,2026-01-07T17:43:50,RCPT-20260107-00065,P-0013,hover,checkout_upsell,synthetic
INT-0000663,2026-01-07T17:43:50,RCPT-20260107-00065,P-0038,view,checkout_upsell,synthetic
INT-0000664,2026-01-07T17:43:50,RCPT-20260107-00065,P-0038,hover,checkout_upsell,synthetic
INT-0000665,2026-01-07T17:43:50,RCPT-20260107-00065,P-0067,view,checkout_upsell,synthetic
INT-0000666,2026-01-07T17:43:50,RCPT-20260107-00065,P-0067,click,checkout_upsell,synthetic
INT-0000667,2026-01-07T17:43:50,RCPT-20260107-00065,P-0016,view,checkout_upsell,synthetic
INT-0000668,2026-01-07T08:57:51,RCPT-20260107-00066,P-0048,view,checkout_upsell,synthetic
INT-0000669,2026-01-07T08:57:51,RCPT-20260107-00066,P-0048,hover,checkout_upsell,synthetic
INT-0000670,2026-01-07T08:57:51,RCPT-20260107-00066,P-0008,view,checkout_upsell,synthetic
INT-0000671,2026-01-07T08:57:51,RCPT-20260107-00066,P-0043,view,checkout_upsell,synthetic
INT-0000672,2026-01-07T08:57:51,RCPT-20260107-00066,P-0037,view,checkout_upsell,synthetic
INT-0000673,2026-01-07T08:57:51,RCPT-20260107-00066,P-0037,hover,checkout_upsell,synthetic
INT-0000674,2026-01-07T08:57:51,RCPT-20260107-00066,P-0037,click,checkout_upsell,synthetic
INT-0000675,2026-01-07T08:57:51,RCPT-20260107-00066,P-0067,view,checkout_upsell,synthetic
INT-0000676,2026-01-07T08:57:51,RCPT-20260107-00066,P-0067,hover,checkout_upsell,synthetic
INT-0000677,2026-01-07T08:57:51,RCPT-20260107-00066,P-0016,view,checkout_upsell,synthetic
INT-0000678,2026-01-07T08:57:51,RCPT-20260107-00066,P-0016,hover,checkout_upsell,synthetic
INT-0000679,2026-01-07T08:57:51,RCPT-20260107-00066,P-0016,click,checkout_upsell,synthetic
INT-0000680,2026-01-07T21:19:12,RCPT-20260107-00067,P-0034,view,checkout_upsell,synthetic
INT-0000681,2026-01-07T21:19:12,RCPT-20260107-00067,P-0034,hover,checkout_upsell,synthetic
INT-0000682,2026-01-07T21:19:12,RCPT-20260107-00067,P-0040,view,checkout_upsell,synthetic
INT-0000683,2026-01-07T21:19:12,RCPT-20260107-00067,P-0060,view,checkout_upsell,synthetic
INT-0000684,2026-01-07T21:19:12,RCPT-20260107-00067,P-0056,view,checkout_upsell,synthetic
INT-0000685,2026-01-07T21:19:12,RCPT-20260107-00067,P-0056,hover,checkout_upsell,synthetic
INT-0000686,2026-01-07T21:19:12,RCPT-20260107-00067,P-0054,view,checkout_upsell,synthetic
INT-0000687,2026-01-07T21:19:12,RCPT-20260107-00067,P-0054,hover,checkout_upsell,synthetic
INT-0000688,2026-01-07T21:19:12,RCPT-20260107-00067,P-0007,view,checkout_upsell,synthetic
INT-0000689,2026-01-07T14:17:00,RCPT-20260107-00068,P-0040,view,checkout_upsell,synthetic
INT-0000690,2026-01-07T14:17:00,RCPT-20260107-00068,P-0040,hover,checkout_upsell,synthetic
INT-0000691,2026-01-07T14:17:00,RCPT-20260107-00068,P-0025,view,checkout_upsell,synthetic
INT-0000692,2026-01-07T14:17:00,RCPT-20260107-00068,P-0025,hover,checkout_upsell,synthetic
INT-0000693,2026-01-07T14:17:00,RCPT-20260107-00068,P-0036,view,checkout_upsell,synthetic
INT-0000694,2026-01-07T14:17:00,RCPT-20260107-00068,P-0074,view,checkout_upsell,synthetic
INT-0000695,2026-01-07T14:17:00,RCPT-20260107-00068,P-0074,hover,checkout_upsell,synthetic
INT-0000696,2026-01-07T14:17:00,RCPT-20260107-00068,P-0017,view,checkout_upsell,synthetic
INT-0000697,2026-01-07T14:17:00,RCPT-20260107-00068,P-0017,click,checkout_upsell,synthetic
INT-0000698,2026-01-07T14:17:00,RCPT-20260107-00068,P-0024,view,checkout_upsell,synthetic
INT-0000699,2026-01-07T14:17:00,RCPT-20260107-00068,P-0024,hover,checkout_upsell,synthetic
INT-0000700,2026-01-07T18:06:57,RCPT-20260107-00069,P-0056,view,checkout_upsell,synthetic
INT-0000701,2026-01-07T18:06:57,RCPT-20260107-00069,P-0056,click,checkout_upsell,synthetic
INT-0000702,2026-01-07T18:06:57,RCPT-20260107-00069,P-0013,view,checkout_upsell,synthetic
INT-0000703,2026-01-07T18:06:57,RCPT-20260107-00069,P-0041,view,checkout_upsell,synthetic
INT-0000704,2026-01-07T18:06:57,RCPT-20260107-00069,P-0041,hover,checkout_upsell,synthetic
INT-0000705,2026-01-07T18:06:57,RCPT-20260107-00069,P-0057,view,checkout_upsell,synthetic
INT-0000706,2026-01-07T18:06:57,RCPT-20260107-00069,P-0073,view,checkout_upsell,synthetic
INT-0000707,2026-01-07T18:06:57,RCPT-20260107-00069,P-0073,hover,checkout_upsell,synthetic
INT-0000708,2026-01-07T18:06:57,RCPT-20260107-00069,P-0009,view,checkout_upsell,synthetic
INT-0000709,2026-01-07T18:06:57,RCPT-20260107-00069,P-0009,hover,checkout_upsell,synthetic
INT-0000710,2026-01-07T18:06:57,RCPT-20260107-00069,P-0009,click,checkout_upsell,synthetic
INT-0000711,2026-01-07T22:52:30,RCPT-20260107-00070,P-0061,view,checkout_upsell,synthetic
INT-0000712,2026-01-07T22:52:30,RCPT-20260107-00070,P-0061,hover,checkout_upsell,synthetic
INT-0000713,2026-01-07T22:52:30,RCPT-20260107-00070,P-0036,view,checkout_upsell,synthetic
INT-0000714,2026-01-07T22:52:30,RCPT-20260107-00070,P-0036,hover,checkout_upsell,synthetic
INT-0000715,2026-01-07T22:52:30,RCPT-20260107-00070,P-0036,click,checkout_upsell,synthetic
INT-0000716,2026-01-07T22:52:30,RCPT-20260107-00070,P-0020,view,checkout_upsell,synthetic
INT-0000717,2026-01-07T22:52:30,RCPT-20260107-00070,P-0041,view,checkout_upsell,synthetic
INT-0000718,2026-01-07T22:52:30,RCPT-20260107-00070,P-0041,hover,checkout_upsell,synthetic
INT-0000719,2026-01-07T22:52:30,RCPT-20260107-00070,P-0063,view,checkout_upsell,synthetic
INT-0000720,2026-01-07T22:52:30,RCPT-20260107-00070,P-0044,view,checkout_upsell,synthetic
INT-0000721,2026-01-07T22:52:30,RCPT-20260107-00070,P-0044,hover,checkout_upsell,synthetic
INT-0000722,2026-01-07T16:07:29,RCPT-20260107-00071,P-0061,view,checkout_upsell,synthetic
INT-0000723,2026-01-07T16:07:29,RCPT-20260107-00071,P-0037,view,checkout_upsell,synthetic
INT-0000724,2026-01-07T16:07:29,RCPT-20260107-00071,P-0037,hover,checkout_upsell,synthetic
INT-0000725,2026-01-07T16:07:29,RCPT-20260107-00071,P-0055,view,checkout_upsell,synthetic
INT-0000726,2026-01-07T16:07:29,RCPT-20260107-00071,P-0063,view,checkout_upsell,synthetic
INT-0000727,2026-01-07T16:07:29,RCPT-20260107-00071,P-0063,hover,checkout_upsell,synthetic
INT-0000728,2026-01-07T16:07:29,RCPT-20260107-00071,P-0076,view,checkout_upsell,synthetic
INT-0000729,2026-01-07T16:07:29,RCPT-20260107-00071,P-0076,click,checkout_upsell,synthetic
INT-0000730,2026-01-07T16:07:29,RCPT-20260107-00071,P-0047,view,checkout_upsell,synthetic
INT-0000731,2026-01-08T22:39:14,RCPT-20260108-00072,P-0030,view,checkout_upsell,synthetic
INT-0000732,2026-01-08T22:39:14,RCPT-20260108-00072,P-0030,hover,checkout_upsell,synthetic
INT-0000733,2026-01-08T22:39:14,RCPT-20260108-00072,P-0037,view,checkout_upsell,synthetic
INT-0000734,2026-01-08T22:39:14,RCPT-20260108-00072,P-0037,hover,checkout_upsell,synthetic
INT-0000735,2026-01-08T22:39:14,RCPT-20260108-00072,P-0029,view,checkout_upsell,synthetic
INT-0000736,2026-01-08T22:39:14,RCPT-20260108-00072,P-0029,hover,checkout_upsell,synthetic
INT-0000737,2026-01-08T22:39:14,RCPT-20260108-00072,P-0066,view,checkout_upsell,synthetic
INT-0000738,2026-01-08T22:39:14,RCPT-20260108-00072,P-0018,view,checkout_upsell,synthetic
INT-0000739,2026-01-08T22:39:14,RCPT-20260108-00072,P-0049,view,checkout_upsell,synthetic
INT-0000740,2026-01-08T22:39:14,RCPT-20260108-00072,P-0049,hover,checkout_upsell,synthetic
INT-0000741,2026-01-08T22:39:14,RCPT-20260108-00072,P-0049,click,checkout_upsell,synthetic
INT-0000742,2026-01-08T15:07:06,RCPT-20260108-00073,P-0015,view,checkout_upsell,synthetic
INT-0000743,2026-01-08T15:07:06,RCPT-20260108-00073,P-0015,hover,checkout_upsell,synthetic
INT-0000744,2026-01-08T15:07:06,RCPT-20260108-00073,P-0074,view,checkout_upsell,synthetic
INT-0000745,2026-01-08T15:07:06,RCPT-20260108-00073,P-0074,hover,checkout_upsell,synthetic
INT-0000746,2026-01-08T15:07:06,RCPT-20260108-00073,P-0003,view,checkout_upsell,synthetic
INT-0000747,2026-01-08T15:07:06,RCPT-20260108-00073,P-0054,view,checkout_upsell,synthetic
INT-0000748,2026-01-08T15:07:06,RCPT-20260108-00073,P-0031,view,checkout_upsell,synthetic
INT-0000749,2026-01-08T15:07:06,RCPT-20260108-00073,P-0064,view,checkout_upsell,synthetic
INT-0000750,2026-01-08T15:07:06,RCPT-20260108-00073,P-0064,hover,checkout_upsell,synthetic
INT-0000751,2026-01-08T14:17:02,RCPT-20260108-00074,P-0069,view,checkout_upsell,synthetic
INT-0000752,2026-01-08T14:17:02,RCPT-20260108-00074,P-0069,hover,checkout_upsell,synthetic
INT-0000753,2026-01-08T14:17:02,RCPT-20260108-00074,P-0069,click,checkout_upsell,synthetic
INT-0000754,2026-01-08T14:17:02,RCPT-20260108-00074,P-0025,view,checkout_upsell,synthetic
INT-0000755,2026-01-08T14:17:02,RCPT-20260108-00074,P-0006,view,checkout_upsell,synthetic
INT-0000756,2026-01-08T14:17:02,RCPT-20260108-00074,P-0006,click,checkout_upsell,synthetic
INT-0000757,2026-01-08T14:17:02,RCPT-20260108-00074,P-0043,view,checkout_upsell,synthetic
INT-0000758,2026-01-08T14:17:02,RCPT-20260108-00074,P-0043,hover,checkout_upsell,synthetic
INT-0000759,2026-01-08T14:17:02,RCPT-20260108-00074,P-0003,view,checkout_upsell,synthetic
INT-0000760,2026-01-08T14:17:02,RCPT-20260108-00074,P-0028,view,checkout_upsell,synthetic
INT-0000761,2026-01-08T14:17:02,RCPT-20260108-00074,P-0028,hover,checkout_upsell,synthetic
INT-0000762,2026-01-08T14:17:02,RCPT-20260108-00074,P-0028,click,checkout_upsell,synthetic
INT-0000763,2026-01-08T11:07:54,RCPT-20260108-00075,P-0051,view,checkout_upsell,synthetic
INT-0000764,2026-01-08T11:07:54,RCPT-20260108-00075,P-0051,hover,checkout_upsell,synthetic
INT-0000765,2026-01-08T11:07:54,RCPT-20260108-00075,P-0011,view,checkout_upsell,synthetic
INT-0000766,2026-01-08T11:07:54,RCPT-20260108-00075,P-0011,hover,checkout_upsell,synthetic
INT-0000767,2026-01-08T11:07:54,RCPT-20260108-00075,P-0013,view,checkout_upsell,synthetic
INT-0000768,2026-01-08T11:07:54,RCPT-20260108-00075,P-0013,hover,checkout_upsell,synthetic
INT-0000769,2026-01-08T11:07:54,RCPT-20260108-00075,P-0002,view,checkout_upsell,synthetic
INT-0000770,2026-01-08T11:07:54,RCPT-20260108-00075,P-0002,hover,checkout_upsell,synthetic
INT-0000771,2026-01-08T11:07:54,RCPT-20260108-00075,P-0014,view,checkout_upsell,synthetic
INT-0000772,2026-01-08T11:07:54,RCPT-20260108-00075,P-0053,view,checkout_upsell,synthetic
INT-0000773,2026-01-08T11:07:54,RCPT-20260108-00075,P-0053,hover,checkout_upsell,synthetic
INT-0000774,2026-01-08T11:07:54,RCPT-20260108-00075,P-0053,click,checkout_upsell,synthetic
INT-0000775,2026-01-08T11:37:13,RCPT-20260108-00076,P-0060,view,checkout_upsell,synthetic
INT-0000776,2026-01-08T11:37:13,RCPT-20260108-00076,P-0060,click,checkout_upsell,synthetic
INT-0000777,2026-01-08T11:37:13,RCPT-20260108-00076,P-0028,view,checkout_upsell,synthetic
INT-0000778,2026-01-08T11:37:13,RCPT-20260108-00076,P-0020,view,checkout_upsell,synthetic
INT-0000779,2026-01-08T11:37:13,RCPT-20260108-00076,P-0023,view,checkout_upsell,synthetic
INT-0000780,2026-01-08T11:37:13,RCPT-20260108-00076,P-0023,hover,checkout_upsell,synthetic
INT-0000781,2026-01-08T11:37:13,RCPT-20260108-00076,P-0014,view,checkout_upsell,synthetic
INT-0000782,2026-01-08T11:37:13,RCPT-20260108-00076,P-0014,hover,checkout_upsell,synthetic
INT-0000783,2026-01-08T11:37:13,RCPT-20260108-00076,P-0007,view,checkout_upsell,synthetic
INT-0000784,2026-01-08T13:50:50,RCPT-20260108-00077,P-0034,view,checkout_upsell,synthetic
INT-0000785,2026-01-08T13:50:50,RCPT-20260108-00077,P-0025,view,checkout_upsell,synthetic
INT-0000786,2026-01-08T13:50:50,RCPT-20260108-00077,P-0010,view,checkout_upsell,synthetic
INT-0000787,2026-01-08T13:50:50,RCPT-20260108-00077,P-0010,hover,checkout_upsell,synthetic
INT-0000788,2026-01-08T13:50:50,RCPT-20260108-00077,P-0073,view,checkout_upsell,synthetic
INT-0000789,2026-01-08T13:50:50,RCPT-20260108-00077,P-0066,view,checkout_upsell,synthetic
INT-0000790,2026-01-08T13:50:50,RCPT-20260108-00077,P-0066,hover,checkout_upsell,synthetic
INT-0000791,2026-01-08T13:50:50,RCPT-20260108-00077,P-0049,view,checkout_upsell,synthetic
INT-0000792,2026-01-08T15:49:23,RCPT-20260108-00078,P-0069,view,checkout_upsell,synthetic
INT-0000793,2026-01-08T15:49:23,RCPT-20260108-00078,P-0069,hover,checkout_upsell,synthetic
INT-0000794,2026-01-08T15:49:23,RCPT-20260108-00078,P-0037,view,checkout_upsell,synthetic
INT-0000795,2026-01-08T15:49:23,RCPT-20260108-00078,P-0037,hover,checkout_upsell,synthetic
INT-0000796,2026-01-08T15:49:23,RCPT-20260108-00078,P-0054,view,checkout_upsell,synthetic
INT-0000797,2026-01-08T15:49:23,RCPT-20260108-00078,P-0054,hover,checkout_upsell,synthetic
INT-0000798,2026-01-08T15:49:23,RCPT-20260108-00078,P-0055,view,checkout_upsell,synthetic
INT-0000799,2026-01-08T15:49:23,RCPT-20260108-00078,P-0055,hover,checkout_upsell,synthetic
INT-0000800,2026-01-08T15:49:23,RCPT-20260108-00078,P-0017,view,checkout_upsell,synthetic
INT-0000801,2026-01-08T15:49:23,RCPT-20260108-00078,P-0016,view,checkout_upsell,synthetic
INT-0000802,2026-01-08T15:49:23,RCPT-20260108-00078,P-0016,hover,checkout_upsell,synthetic
INT-0000803,2026-01-08T15:54:25,RCPT-20260108-00079,P-0015,view,checkout_upsell,synthetic
INT-0000804,2026-01-08T15:54:25,RCPT-20260108-00079,P-0015,hover,checkout_upsell,synthetic
INT-0000805,2026-01-08T15:54:25,RCPT-20260108-00079,P-0008,view,checkout_upsell,synthetic
INT-0000806,2026-01-08T15:54:25,RCPT-20260108-00079,P-0008,hover,checkout_upsell,synthetic
INT-0000807,2026-01-08T15:54:25,RCPT-20260108-00079,P-0003,view,checkout_upsell,synthetic
INT-0000808,2026-01-08T15:54:25,RCPT-20260108-00079,P-0003,hover,checkout_upsell,synthetic
INT-0000809,2026-01-08T15:54:25,RCPT-20260108-00079,P-0003,click,checkout_upsell,synthetic
INT-0000810,2026-01-08T15:54:25,RCPT-20260108-00079,P-0059,view,checkout_upsell,synthetic
INT-0000811,2026-01-08T15:54:25,RCPT-20260108-00079,P-0059,hover,checkout_upsell,synthetic
INT-0000812,2026-01-08T15:54:25,RCPT-20260108-00079,P-0029,view,checkout_upsell,synthetic
INT-0000813,2026-01-08T15:54:25,RCPT-20260108-00079,P-0073,view,checkout_upsell,synthetic
INT-0000814,2026-01-09T10:17:39,RCPT-20260109-00080,P-0034,view,checkout_upsell,synthetic
INT-0000815,2026-01-09T10:17:39,RCPT-20260109-00080,P-0037,view,checkout_upsell,synthetic
INT-0000816,2026-01-09T10:17:39,RCPT-20260109-00080,P-0037,hover,checkout_upsell,synthetic
INT-0000817,2026-01-09T10:17:39,RCPT-20260109-00080,P-0019,view,checkout_upsell,synthetic
INT-0000818,2026-01-09T10:17:39,RCPT-20260109-00080,P-0029,view,checkout_upsell,synthetic
INT-0000819,2026-01-09T10:17:39,RCPT-20260109-00080,P-0029,hover,checkout_upsell,synthetic
INT-0000820,2026-01-09T10:17:39,RCPT-20260109-00080,P-0018,view,checkout_upsell,synthetic
INT-0000821,2026-01-09T10:17:39,RCPT-20260109-00080,P-0009,view,checkout_upsell,synthetic
INT-0000822,2026-01-09T10:17:39,RCPT-20260109-00080,P-0009,hover,checkout_upsell,synthetic
INT-0000823,2026-01-09T14:28:56,RCPT-20260109-00081,P-0015,view,checkout_upsell,synthetic
INT-0000824,2026-01-09T14:28:56,RCPT-20260109-00081,P-0015,hover,checkout_upsell,synthetic
INT-0000825,2026-01-09T14:28:56,RCPT-20260109-00081,P-0060,view,checkout_upsell,synthetic
INT-0000826,2026-01-09T14:28:56,RCPT-20260109-00081,P-0057,view,checkout_upsell,synthetic
INT-0000827,2026-01-09T14:28:56,RCPT-20260109-00081,P-0057,hover,checkout_upsell,synthetic
INT-0000828,2026-01-09T14:28:56,RCPT-20260109-00081,P-0057,click,checkout_upsell,synthetic
INT-0000829,2026-01-09T14:28:56,RCPT-20260109-00081,P-0039,view,checkout_upsell,synthetic
INT-0000830,2026-01-09T14:28:56,RCPT-20260109-00081,P-0039,hover,checkout_upsell,synthetic
INT-0000831,2026-01-09T14:28:56,RCPT-20260109-00081,P-0076,view,checkout_upsell,synthetic
INT-0000832,2026-01-09T14:28:56,RCPT-20260109-00081,P-0076,hover,checkout_upsell,synthetic
INT-0000833,2026-01-09T14:28:56,RCPT-20260109-00081,P-0063,view,checkout_upsell,synthetic
INT-0000834,2026-01-09T14:28:56,RCPT-20260109-00081,P-0063,hover,checkout_upsell,synthetic
INT-0000835,2026-01-09T09:05:53,RCPT-20260109-00082,P-0036,view,checkout_upsell,synthetic
INT-0000836,2026-01-09T09:05:53,RCPT-20260109-00082,P-0036,hover,checkout_upsell,synthetic
INT-0000837,2026-01-09T09:05:53,RCPT-20260109-00082,P-0060,view,checkout_upsell,synthetic
INT-0000838,2026-01-09T09:05:53,RCPT-20260109-00082,P-0060,hover,checkout_upsell,synthetic
INT-0000839,2026-01-09T09:05:53,RCPT-20260109-00082,P-0060,click,checkout_upsell,synthetic
INT-0000840,2026-01-09T09:05:53,RCPT-20260109-00082,P-0019,view,checkout_upsell,synthetic
INT-0000841,2026-01-09T09:05:53,RCPT-20260109-00082,P-0019,hover,checkout_upsell,synthetic
INT-0000842,2026-01-09T09:05:53,RCPT-20260109-00082,P-0023,view,checkout_upsell,synthetic
INT-0000843,2026-01-09T09:05:53,RCPT-20260109-00082,P-0023,hover,checkout_upsell,synthetic
INT-0000844,2026-01-09T09:05:53,RCPT-20260109-00082,P-0023,click,checkout_upsell,synthetic
INT-0000845,2026-01-09T09:05:53,RCPT-20260109-00082,P-0026,view,checkout_upsell,synthetic
INT-0000846,2026-01-09T09:05:53,RCPT-20260109-00082,P-0026,hover,checkout_upsell,synthetic
INT-0000847,2026-01-09T09:05:53,RCPT-20260109-00082,P-0026,click,checkout_upsell,synthetic
INT-0000848,2026-01-09T09:05:53,RCPT-20260109-00082,P-0045,view,checkout_upsell,synthetic
INT-0000849,2026-01-09T18:07:26,RCPT-20260109-00083,P-0065,view,checkout_upsell,synthetic
INT-0000850,2026-01-09T18:07:26,RCPT-20260109-00083,P-0065,hover,checkout_upsell,synthetic
INT-0000851,2026-01-09T18:07:26,RCPT-20260109-00083,P-0036,view,checkout_upsell,synthetic
INT-0000852,2026-01-09T18:07:26,RCPT-20260109-00083,P-0027,view,checkout_upsell,synthetic
INT-0000853,2026-01-09T18:07:26,RCPT-20260109-00083,P-0027,hover,checkout_upsell,synthetic
INT-0000854,2026-01-09T18:07:26,RCPT-20260109-00083,P-0001,view,checkout_upsell,synthetic
INT-0000855,2026-01-09T18:07:26,RCPT-20260109-00083,P-0001,hover,checkout_upsell,synthetic
INT-0000856,2026-01-09T18:07:26,RCPT-20260109-00083,P-0041,view,checkout_upsell,synthetic
INT-0000857,2026-01-09T18:07:26,RCPT-20260109-00083,P-0041,hover,checkout_upsell,synthetic
INT-0000858,2026-01-09T18:07:26,RCPT-20260109-00083,P-0009,view,checkout_upsell,synthetic
INT-0000859,2026-01-09T18:07:26,RCPT-20260109-00083,P-0009,hover,checkout_upsell,synthetic
INT-0000860,2026-01-09T21:35:23,RCPT-20260109-00084,P-0068,view,checkout_upsell,synthetic
INT-0000861,2026-01-09T21:35:23,RCPT-20260109-00084,P-0024,view,checkout_upsell,synthetic
INT-0000862,2026-01-09T21:35:23,RCPT-20260109-00084,P-0014,view,checkout_upsell,synthetic
INT-0000863,2026-01-09T21:35:23,RCPT-20260109-00084,P-0066,view,checkout_upsell,synthetic
INT-0000864,2026-01-09T21:35:23,RCPT-20260109-00084,P-0064,view,checkout_upsell,synthetic
INT-0000865,2026-01-09T21:35:23,RCPT-20260109-00084,P-0064,hover,checkout_upsell,synthetic
INT-0000866,2026-01-09T21:35:23,RCPT-20260109-00084,P-0047,view,checkout_upsell,synthetic
INT-0000867,2026-01-09T21:35:23,RCPT-20260109-00084,P-0047,hover,checkout_upsell,synthetic
INT-0000868,2026-01-09T08:11:17,RCPT-20260109-00085,P-0027,view,checkout_upsell,synthetic
INT-0000869,2026-01-09T08:11:17,RCPT-20260109-00085,P-0027,hover,checkout_upsell,synthetic
INT-0000870,2026-01-09T08:11:17,RCPT-20260109-00085,P-0070,view,checkout_upsell,synthetic
INT-0000871,2026-01-09T08:11:17,RCPT-20260109-00085,P-0070,hover,checkout_upsell,synthetic
INT-0000872,2026-01-09T08:11:17,RCPT-20260109-00085,P-0070,click,checkout_upsell,synthetic
INT-0000873,2026-01-09T08:11:17,RCPT-20260109-00085,P-0066,view,checkout_upsell,synthetic
INT-0000874,2026-01-09T08:11:17,RCPT-20260109-00085,P-0066,hover,checkout_upsell,synthetic
INT-0000875,2026-01-09T08:11:17,RCPT-20260109-00085,P-0064,view,checkout_upsell,synthetic
INT-0000876,2026-01-09T08:11:17,RCPT-20260109-00085,P-0064,hover,checkout_upsell,synthetic
INT-0000877,2026-01-09T08:11:17,RCPT-20260109-00085,P-0063,view,checkout_upsell,synthetic
INT-0000878,2026-01-09T08:11:17,RCPT-20260109-00085,P-0063,hover,checkout_upsell,synthetic
INT-0000879,2026-01-09T08:11:17,RCPT-20260109-00085,P-0033,view,checkout_upsell,synthetic
INT-0000880,2026-01-09T08:11:17,RCPT-20260109-00085,P-0033,hover,checkout_upsell,synthetic
INT-0000881,2026-01-09T08:11:17,RCPT-20260109-00085,P-0033,click,checkout_upsell,synthetic
INT-0000882,2026-01-09T14:26:29,RCPT-20260109-00086,P-0034,view,checkout_upsell,synthetic
INT-0000883,2026-01-09T14:26:29,RCPT-20260109-00086,P-0034,hover,checkout_upsell,synthetic
INT-0000884,2026-01-09T14:26:29,RCPT-20260109-00086,P-0012,view,checkout_upsell,synthetic
INT-0000885,2026-01-09T14:26:29,RCPT-20260109-00086,P-0012,hover,checkout_upsell,synthetic
INT-0000886,2026-01-09T14:26:29,RCPT-20260109-00086,P-0060,view,checkout_upsell,synthetic
INT-0000887,2026-01-09T14:26:29,RCPT-20260109-00086,P-0060,click,checkout_upsell,synthetic
INT-0000888,2026-01-09T14:26:29,RCPT-20260109-00086,P-0020,view,checkout_upsell,synthetic
INT-0000889,2026-01-09T14:26:29,RCPT-20260109-00086,P-0020,hover,checkout_upsell,synthetic
INT-0000890,2026-01-09T14:26:29,RCPT-20260109-00086,P-0049,view,checkout_upsell,synthetic
INT-0000891,2026-01-09T14:26:29,RCPT-20260109-00086,P-0063,view,checkout_upsell,synthetic
INT-0000892,2026-01-09T14:26:29,RCPT-20260109-00086,P-0063,hover,checkout_upsell,synthetic
INT-0000893,2026-01-09T10:10:48,RCPT-20260109-00087,P-0061,view,checkout_upsell,synthetic
INT-0000894,2026-01-09T10:10:48,RCPT-20260109-00087,P-0061,hover,checkout_upsell,synthetic
INT-0000895,2026-01-09T10:10:48,RCPT-20260109-00087,P-0074,view,checkout_upsell,synthetic
INT-0000896,2026-01-09T10:10:48,RCPT-20260109-00087,P-0074,hover,checkout_upsell,synthetic
INT-0000897,2026-01-09T10:10:48,RCPT-20260109-00087,P-0067,view,checkout_upsell,synthetic
INT-0000898,2026-01-09T10:10:48,RCPT-20260109-00087,P-0066,view,checkout_upsell,synthetic
INT-0000899,2026-01-09T10:10:48,RCPT-20260109-00087,P-0066,click,checkout_upsell,synthetic
INT-0000900,2026-01-09T10:10:48,RCPT-20260109-00087,P-0029,view,checkout_upsell,synthetic
INT-0000901,2026-01-09T10:10:48,RCPT-20260109-00087,P-0029,hover,checkout_upsell,synthetic
INT-0000902,2026-01-09T10:10:48,RCPT-20260109-00087,P-0053,view,checkout_upsell,synthetic
INT-0000903,2026-01-09T10:10:48,RCPT-20260109-00087,P-0053,click,checkout_upsell,synthetic
INT-0000904,2026-01-09T08:14:25,RCPT-20260109-00088,P-0065,view,checkout_upsell,synthetic
INT-0000905,2026-01-09T08:14:25,RCPT-20260109-00088,P-0065,hover,checkout_upsell,synthetic
INT-0000906,2026-01-09T08:14:25,RCPT-20260109-00088,P-0074,view,checkout_upsell,synthetic
INT-0000907,2026-01-09T08:14:25,RCPT-20260109-00088,P-0074,hover,checkout_upsell,synthetic
INT-0000908,2026-01-09T08:14:25,RCPT-20260109-00088,P-0055,view,checkout_upsell,synthetic
INT-0000909,2026-01-09T08:14:25,RCPT-20260109-00088,P-0055,hover,checkout_upsell,synthetic
INT-0000910,2026-01-09T08:14:25,RCPT-20260109-00088,P-0014,view,checkout_upsell,synthetic
INT-0000911,2026-01-09T08:14:25,RCPT-20260109-00088,P-0073,view,checkout_upsell,synthetic
INT-0000912,2026-01-09T08:14:25,RCPT-20260109-00088,P-0072,view,checkout_upsell,synthetic
INT-0000913,2026-01-09T08:14:25,RCPT-20260109-00088,P-0072,hover,checkout_upsell,synthetic
INT-0000914,2026-01-09T15:47:27,RCPT-20260109-00089,P-0034,view,checkout_upsell,synthetic
INT-0000915,2026-01-09T15:47:27,RCPT-20260109-00089,P-0034,hover,checkout_upsell,synthetic
INT-0000916,2026-01-09T15:47:27,RCPT-20260109-00089,P-0068,view,checkout_upsell,synthetic
INT-0000917,2026-01-09T15:47:27,RCPT-20260109-00089,P-0021,view,checkout_upsell,synthetic
INT-0000918,2026-01-09T15:47:27,RCPT-20260109-00089,P-0005,view,checkout_upsell,synthetic
INT-0000919,2026-01-09T15:47:27,RCPT-20260109-00089,P-0045,view,checkout_upsell,synthetic
INT-0000920,2026-01-09T15:47:27,RCPT-20260109-00089,P-0045,hover,checkout_upsell,synthetic
INT-0000921,2026-01-09T15:47:27,RCPT-20260109-00089,P-0004,view,checkout_upsell,synthetic
INT-0000922,2026-01-09T15:47:27,RCPT-20260109-00089,P-0004,hover,checkout_upsell,synthetic
INT-0000923,2026-01-10T14:45:40,RCPT-20260110-00090,P-0035,view,checkout_upsell,synthetic
INT-0000924,2026-01-10T14:45:40,RCPT-20260110-00090,P-0035,hover,checkout_upsell,synthetic
INT-0000925,2026-01-10T14:45:40,RCPT-20260110-00090,P-0057,view,checkout_upsell,synthetic
INT-0000926,2026-01-10T14:45:40,RCPT-20260110-00090,P-0067,view,checkout_upsell,synthetic
INT-0000927,2026-01-10T14:45:40,RCPT-20260110-00090,P-0067,hover,checkout_upsell,synthetic
INT-0000928,2026-01-10T14:45:40,RCPT-20260110-00090,P-0039,view,checkout_upsell,synthetic
INT-0000929,2026-01-10T14:45:40,RCPT-20260110-00090,P-0039,hover,checkout_upsell,synthetic
INT-0000930,2026-01-10T14:45:40,RCPT-20260110-00090,P-0045,view,checkout_upsell,synthetic
INT-0000931,2026-01-10T14:45:40,RCPT-20260110-00090,P-0047,view,checkout_upsell,synthetic
INT-0000932,2026-01-10T14:45:40,RCPT-20260110-00090,P-0047,hover,checkout_upsell,synthetic
INT-0000933,2026-01-10T11:27:37,RCPT-20260110-00091,P-0008,view,checkout_upsell,synthetic
INT-0000934,2026-01-10T11:27:37,RCPT-20260110-00091,P-0008,hover,checkout_upsell,synthetic
INT-0000935,2026-01-10T11:27:37,RCPT-20260110-00091,P-0060,view,checkout_upsell,synthetic
INT-0000936,2026-01-10T11:27:37,RCPT-20260110-00091,P-0060,hover,checkout_upsell,synthetic
INT-0000937,2026-01-10T11:27:37,RCPT-20260110-00091,P-0043,view,checkout_upsell,synthetic
INT-0000938,2026-01-10T11:27:37,RCPT-20260110-00091,P-0007,view,checkout_upsell,synthetic
INT-0000939,2026-01-10T11:27:37,RCPT-20260110-00091,P-0007,hover,checkout_upsell,synthetic
INT-0000940,2026-01-10T11:27:37,RCPT-20260110-00091,P-0058,view,checkout_upsell,synthetic
INT-0000941,2026-01-10T11:27:37,RCPT-20260110-00091,P-0058,hover,checkout_upsell,synthetic
INT-0000942,2026-01-10T11:27:37,RCPT-20260110-00091,P-0039,view,checkout_upsell,synthetic
INT-0000943,2026-01-10T16:32:12,RCPT-20260110-00092,P-0040,view,checkout_upsell,synthetic
INT-0000944,2026-01-10T16:32:12,RCPT-20260110-00092,P-0040,hover,checkout_upsell,synthetic
INT-0000945,2026-01-10T16:32:12,RCPT-20260110-00092,P-0011,view,checkout_upsell,synthetic
INT-0000946,2026-01-10T16:32:12,RCPT-20260110-00092,P-0011,hover,checkout_upsell,synthetic
INT-0000947,2026-01-10T16:32:12,RCPT-20260110-00092,P-0043,view,checkout_upsell,synthetic
INT-0000948,2026-01-10T16:32:12,RCPT-20260110-00092,P-0043,hover,checkout_upsell,synthetic
INT-0000949,2026-01-10T16:32:12,RCPT-20260110-00092,P-0005,view,checkout_upsell,synthetic
INT-0000950,2026-01-10T16:32:12,RCPT-20260110-00092,P-0005,hover,checkout_upsell,synthetic
INT-0000951,2026-01-10T16:32:12,RCPT-20260110-00092,P-0005,click,checkout_upsell,synthetic
INT-0000952,2026-01-10T16:32:12,RCPT-20260110-00092,P-0014,view,checkout_upsell,synthetic
INT-0000953,2026-01-10T16:32:12,RCPT-20260110-00092,P-0073,view,checkout_upsell,synthetic
INT-0000954,2026-01-10T20:40:31,RCPT-20260110-00093,P-0012,view,checkout_upsell,synthetic
INT-0000955,2026-01-10T20:40:31,RCPT-20260110-00093,P-0012,hover,checkout_upsell,synthetic
INT-0000956,2026-01-10T20:40:31,RCPT-20260110-00093,P-0036,view,checkout_upsell,synthetic
INT-0000957,2026-01-10T20:40:31,RCPT-20260110-00093,P-0060,view,checkout_upsell,synthetic
INT-0000958,2026-01-10T20:40:31,RCPT-20260110-00093,P-0060,hover,checkout_upsell,synthetic
INT-0000959,2026-01-10T20:40:31,RCPT-20260110-00093,P-0035,view,checkout_upsell,synthetic
INT-0000960,2026-01-10T20:40:31,RCPT-20260110-00093,P-0035,hover,checkout_upsell,synthetic
INT-0000961,2026-01-10T20:40:31,RCPT-20260110-00093,P-0026,view,checkout_upsell,synthetic
INT-0000962,2026-01-10T20:40:31,RCPT-20260110-00093,P-0026,hover,checkout_upsell,synthetic
INT-0000963,2026-01-10T20:40:31,RCPT-20260110-00093,P-0047,view,checkout_upsell,synthetic
INT-0000964,2026-01-10T17:03:22,RCPT-20260110-00094,P-0068,view,checkout_upsell,synthetic
INT-0000965,2026-01-10T17:03:22,RCPT-20260110-00094,P-0068,hover,checkout_upsell,synthetic
INT-0000966,2026-01-10T17:03:22,RCPT-20260110-00094,P-0056,view,checkout_upsell,synthetic
INT-0000967,2026-01-10T17:03:22,RCPT-20260110-00094,P-0056,hover,checkout_upsell,synthetic
INT-0000968,2026-01-10T17:03:22,RCPT-20260110-00094,P-0056,click,checkout_upsell,synthetic
INT-0000969,2026-01-10T17:03:22,RCPT-20260110-00094,P-0067,view,checkout_upsell,synthetic
INT-0000970,2026-01-10T17:03:22,RCPT-20260110-00094,P-0058,view,checkout_upsell,synthetic
INT-0000971,2026-01-10T17:03:22,RCPT-20260110-00094,P-0058,hover,checkout_upsell,synthetic
INT-0000972,2026-01-10T17:03:22,RCPT-20260110-00094,P-0049,view,checkout_upsell,synthetic
INT-0000973,2026-01-10T17:03:22,RCPT-20260110-00094,P-0049,hover,checkout_upsell,synthetic
INT-0000974,2026-01-10T17:03:22,RCPT-20260110-00094,P-0047,view,checkout_upsell,synthetic
INT-0000975,2026-01-10T17:03:22,RCPT-20260110-00094,P-0047,hover,checkout_upsell,synthetic
INT-0000976,2026-01-10T20:47:57,RCPT-20260110-00095,P-0051,view,checkout_upsell,synthetic
INT-0000977,2026-01-10T20:47:57,RCPT-20260110-00095,P-0050,view,checkout_upsell,synthetic
INT-0000978,2026-01-10T20:47:57,RCPT-20260110-00095,P-0059,view,checkout_upsell,synthetic
INT-0000979,2026-01-10T20:47:57,RCPT-20260110-00095,P-0059,hover,checkout_upsell,synthetic
INT-0000980,2026-01-10T20:47:57,RCPT-20260110-00095,P-0038,view,checkout_upsell,synthetic
INT-0000981,2026-01-10T20:47:57,RCPT-20260110-00095,P-0038,hover,checkout_upsell,synthetic
INT-0000982,2026-01-10T20:47:57,RCPT-20260110-00095,P-0004,view,checkout_upsell,synthetic
INT-0000983,2026-01-10T20:47:57,RCPT-20260110-00095,P-0052,view,checkout_upsell,synthetic
INT-0000984,2026-01-10T20:47:57,RCPT-20260110-00095,P-0052,hover,checkout_upsell,synthetic
INT-0000985,2026-01-10T19:05:32,RCPT-20260110-00096,P-0034,view,checkout_upsell,synthetic
INT-0000986,2026-01-10T19:05:32,RCPT-20260110-00096,P-0034,hover,checkout_upsell,synthetic
INT-0000987,2026-01-10T19:05:32,RCPT-20260110-00096,P-0025,view,checkout_upsell,synthetic
INT-0000988,2026-01-10T19:05:32,RCPT-20260110-00096,P-0060,view,checkout_upsell,synthetic
INT-0000989,2026-01-10T19:05:32,RCPT-20260110-00096,P-0070,view,checkout_upsell,synthetic
INT-0000990,2026-01-10T19:05:32,RCPT-20260110-00096,P-0070,hover,checkout_upsell,synthetic
INT-0000991,2026-01-10T19:05:32,RCPT-20260110-00096,P-0075,view,checkout_upsell,synthetic
INT-0000992,2026-01-10T19:05:32,RCPT-20260110-00096,P-0072,view,checkout_upsell,synthetic
INT-0000993,2026-01-10T19:05:32,RCPT-20260110-00096,P-0072,hover,checkout_upsell,synthetic
INT-0000994,2026-01-10T20:40:41,RCPT-20260110-00097,P-0021,view,checkout_upsell,synthetic
INT-0000995,2026-01-10T20:40:41,RCPT-20260110-00097,P-0021,hover,checkout_upsell,synthetic
INT-0000996,2026-01-10T20:40:41,RCPT-20260110-00097,P-0023,view,checkout_upsell,synthetic
INT-0000997,2026-01-10T20:40:41,RCPT-20260110-00097,P-0023,hover,checkout_upsell,synthetic
INT-0000998,2026-01-10T20:40:41,RCPT-20260110-00097,P-0066,view,checkout_upsell,synthetic
INT-0000999,2026-01-10T20:40:41,RCPT-20260110-00097,P-0042,view,checkout_upsell,synthetic
INT-0001000,2026-01-10T20:40:41,RCPT-20260110-00097,P-0049,view,checkout_upsell,synthetic
INT-0001001,2026-01-10T20:40:41,RCPT-20260110-00097,P-0049,click,checkout_upsell,synthetic
INT-0001002,2026-01-10T20:40:41,RCPT-20260110-00097,P-0052,view,checkout_upsell,synthetic
INT-0001003,2026-01-10T20:40:41,RCPT-20260110-00097,P-0052,hover,checkout_upsell,synthetic
INT-0001004,2026-01-11T12:41:44,RCPT-20260111-00098,P-0048,view,checkout_upsell,synthetic
INT-0001005,2026-01-11T12:41:44,RCPT-20260111-00098,P-0048,hover,checkout_upsell,synthetic
INT-0001006,2026-01-11T12:41:44,RCPT-20260111-00098,P-0048,click,checkout_upsell,synthetic
INT-0001007,2026-01-11T12:41:44,RCPT-20260111-00098,P-0070,view,checkout_upsell,synthetic
INT-0001008,2026-01-11T12:41:44,RCPT-20260111-00098,P-0070,click,checkout_upsell,synthetic
INT-0001009,2026-01-11T12:41:44,RCPT-20260111-00098,P-0007,view,checkout_upsell,synthetic
INT-0001010,2026-01-11T12:41:44,RCPT-20260111-00098,P-0064,view,checkout_upsell,synthetic
INT-0001011,2026-01-11T12:41:44,RCPT-20260111-00098,P-0064,hover,checkout_upsell,synthetic
INT-0001012,2026-01-11T12:41:44,RCPT-20260111-00098,P-0062,view,checkout_upsell,synthetic
INT-0001013,2026-01-11T12:41:44,RCPT-20260111-00098,P-0062,hover,checkout_upsell,synthetic
INT-0001014,2026-01-11T12:41:44,RCPT-20260111-00098,P-0044,view,checkout_upsell,synthetic
INT-0001015,2026-01-11T16:23:01,RCPT-20260111-00099,P-0036,view,checkout_upsell,synthetic
INT-0001016,2026-01-11T16:23:01,RCPT-20260111-00099,P-0036,hover,checkout_upsell,synthetic
INT-0001017,2026-01-11T16:23:01,RCPT-20260111-00099,P-0003,view,checkout_upsell,synthetic
INT-0001018,2026-01-11T16:23:01,RCPT-20260111-00099,P-0005,view,checkout_upsell,synthetic
INT-0001019,2026-01-11T16:23:01,RCPT-20260111-00099,P-0066,view,checkout_upsell,synthetic
INT-0001020,2026-01-11T16:23:01,RCPT-20260111-00099,P-0066,hover,checkout_upsell,synthetic
INT-0001021,2026-01-11T16:23:01,RCPT-20260111-00099,P-0032,view,checkout_upsell,synthetic
INT-0001022,2026-01-11T16:23:01,RCPT-20260111-00099,P-0032,hover,checkout_upsell,synthetic
INT-0001023,2026-01-11T16:23:01,RCPT-20260111-00099,P-0016,view,checkout_upsell,synthetic
INT-0001024,2026-01-11T16:49:34,RCPT-20260111-00100,P-0034,view,checkout_upsell,synthetic
INT-0001025,2026-01-11T16:49:34,RCPT-20260111-00100,P-0051,view,checkout_upsell,synthetic
INT-0001026,2026-01-11T16:49:34,RCPT-20260111-00100,P-0051,hover,checkout_upsell,synthetic
INT-0001027,2026-01-11T16:49:34,RCPT-20260111-00100,P-0013,view,checkout_upsell,synthetic
INT-0001028,2026-01-11T16:49:34,RCPT-20260111-00100,P-0019,view,checkout_upsell,synthetic
INT-0001029,2026-01-11T16:49:34,RCPT-20260111-00100,P-0038,view,checkout_upsell,synthetic
INT-0001030,2026-01-11T16:49:34,RCPT-20260111-00100,P-0071,view,checkout_upsell,synthetic
INT-0001031,2026-01-11T19:15:28,RCPT-20260111-00101,P-0025,view,checkout_upsell,synthetic
INT-0001032,2026-01-11T19:15:28,RCPT-20260111-00101,P-0025,hover,checkout_upsell,synthetic
INT-0001033,2026-01-11T19:15:28,RCPT-20260111-00101,P-0035,view,checkout_upsell,synthetic
INT-0001034,2026-01-11T19:15:28,RCPT-20260111-00101,P-0054,view,checkout_upsell,synthetic
INT-0001035,2026-01-11T19:15:28,RCPT-20260111-00101,P-0054,hover,checkout_upsell,synthetic
INT-0001036,2026-01-11T19:15:28,RCPT-20260111-00101,P-0046,view,checkout_upsell,synthetic
INT-0001037,2026-01-11T19:15:28,RCPT-20260111-00101,P-0041,view,checkout_upsell,synthetic
INT-0001038,2026-01-11T19:15:28,RCPT-20260111-00101,P-0042,view,checkout_upsell,synthetic
INT-0001039,2026-01-11T20:24:32,RCPT-20260111-00102,P-0048,view,checkout_upsell,synthetic
INT-0001040,2026-01-11T20:24:32,RCPT-20260111-00102,P-0048,click,checkout_upsell,synthetic
INT-0001041,2026-01-11T20:24:32,RCPT-20260111-00102,P-0065,view,checkout_upsell,synthetic
INT-0001042,2026-01-11T20:24:32,RCPT-20260111-00102,P-0037,view,checkout_upsell,synthetic
INT-0001043,2026-01-11T20:24:32,RCPT-20260111-00102,P-0005,view,checkout_upsell,synthetic
INT-0001044,2026-01-11T20:24:32,RCPT-20260111-00102,P-0005,hover,checkout_upsell,synthetic
INT-0001045,2026-01-11T20:24:32,RCPT-20260111-00102,P-0066,view,checkout_upsell,synthetic
INT-0001046,2026-01-11T20:24:32,RCPT-20260111-00102,P-0063,view,checkout_upsell,synthetic
INT-0001047,2026-01-11T20:24:32,RCPT-20260111-00102,P-0063,click,checkout_upsell,synthetic
INT-0001048,2026-01-11T20:10:17,RCPT-20260111-00103,P-0060,view,checkout_upsell,synthetic
INT-0001049,2026-01-11T20:10:17,RCPT-20260111-00103,P-0060,hover,checkout_upsell,synthetic
INT-0001050,2026-01-11T20:10:17,RCPT-20260111-00103,P-0035,view,checkout_upsell,synthetic
INT-0001051,2026-01-11T20:10:17,RCPT-20260111-00103,P-0019,view,checkout_upsell,synthetic
INT-0001052,2026-01-11T20:10:17,RCPT-20260111-00103,P-0055,view,checkout_upsell,synthetic
INT-0001053,2026-01-11T20:10:17,RCPT-20260111-00103,P-0055,hover,checkout_upsell,synthetic
INT-0001054,2026-01-11T20:10:17,RCPT-20260111-00103,P-0073,view,checkout_upsell,synthetic
INT-0001055,2026-01-11T20:10:17,RCPT-20260111-00103,P-0073,hover,checkout_upsell,synthetic
INT-0001056,2026-01-11T20:10:17,RCPT-20260111-00103,P-0063,view,checkout_upsell,synthetic
INT-0001057,2026-01-11T20:10:17,RCPT-20260111-00103,P-0063,hover,checkout_upsell,synthetic
INT-0001058,2026-01-11T20:10:17,RCPT-20260111-00103,P-0063,click,checkout_upsell,synthetic
INT-0001059,2026-01-11T16:23:15,RCPT-20260111-00104,P-0040,view,checkout_upsell,synthetic
INT-0001060,2026-01-11T16:23:15,RCPT-20260111-00104,P-0040,hover,checkout_upsell,synthetic
INT-0001061,2026-01-11T16:23:15,RCPT-20260111-00104,P-0050,view,checkout_upsell,synthetic
INT-0001062,2026-01-11T16:23:15,RCPT-20260111-00104,P-0060,view,checkout_upsell,synthetic
INT-0001063,2026-01-11T16:23:15,RCPT-20260111-00104,P-0060,hover,checkout_upsell,synthetic
INT-0001064,2026-01-11T16:23:15,RCPT-20260111-00104,P-0023,view,checkout_upsell,synthetic
INT-0001065,2026-01-11T16:23:15,RCPT-20260111-00104,P-0023,hover,checkout_upsell,synthetic
INT-0001066,2026-01-11T16:23:15,RCPT-20260111-00104,P-0017,view,checkout_upsell,synthetic
INT-0001067,2026-01-11T16:23:15,RCPT-20260111-00104,P-0017,hover,checkout_upsell,synthetic
INT-0001068,2026-01-11T16:23:15,RCPT-20260111-00104,P-0033,view,checkout_upsell,synthetic
INT-0001069,2026-01-11T16:23:15,RCPT-20260111-00104,P-0033,hover,checkout_upsell,synthetic
INT-0001070,2026-01-11T21:30:44,RCPT-20260111-00105,P-0048,view,checkout_upsell,synthetic
INT-0001071,2026-01-11T21:30:44,RCPT-20260111-00105,P-0048,click,checkout_upsell,synthetic
INT-0001072,2026-01-11T21:30:44,RCPT-20260111-00105,P-0060,view,checkout_upsell,synthetic
INT-0001073,2026-01-11T21:30:44,RCPT-20260111-00105,P-0060,hover,checkout_upsell,synthetic
INT-0001074,2026-01-11T21:30:44,RCPT-20260111-00105,P-0054,view,checkout_upsell,synthetic
INT-0001075,2026-01-11T21:30:44,RCPT-20260111-00105,P-0054,hover,checkout_upsell,synthetic
INT-0001076,2026-01-11T21:30:44,RCPT-20260111-00105,P-0026,view,checkout_upsell,synthetic
INT-0001077,2026-01-11T21:30:44,RCPT-20260111-00105,P-0026,hover,checkout_upsell,synthetic
INT-0001078,2026-01-11T21:30:44,RCPT-20260111-00105,P-0075,view,checkout_upsell,synthetic
INT-0001079,2026-01-11T21:30:44,RCPT-20260111-00105,P-0018,view,checkout_upsell,synthetic
INT-0001080,2026-01-11T21:30:44,RCPT-20260111-00105,P-0018,hover,checkout_upsell,synthetic
INT-0001081,2026-01-11T12:15:19,RCPT-20260111-00106,P-0060,view,checkout_upsell,synthetic
INT-0001082,2026-01-11T12:15:19,RCPT-20260111-00106,P-0060,hover,checkout_upsell,synthetic
INT-0001083,2026-01-11T12:15:19,RCPT-20260111-00106,P-0043,view,checkout_upsell,synthetic
INT-0001084,2026-01-11T12:15:19,RCPT-20260111-00106,P-0043,click,checkout_upsell,synthetic
INT-0001085,2026-01-11T12:15:19,RCPT-20260111-00106,P-0054,view,checkout_upsell,synthetic
INT-0001086,2026-01-11T12:15:19,RCPT-20260111-00106,P-0054,hover,checkout_upsell,synthetic
INT-0001087,2026-01-11T12:15:19,RCPT-20260111-00106,P-0002,view,checkout_upsell,synthetic
INT-0001088,2026-01-11T12:15:19,RCPT-20260111-00106,P-0026,view,checkout_upsell,synthetic
INT-0001089,2026-01-11T12:15:19,RCPT-20260111-00106,P-0026,hover,checkout_upsell,synthetic
INT-0001090,2026-01-11T12:15:19,RCPT-20260111-00106,P-0009,view,checkout_upsell,synthetic
INT-0001091,2026-01-11T12:15:19,RCPT-20260111-00106,P-0009,hover,checkout_upsell,synthetic
INT-0001092,2026-01-12T19:09:18,RCPT-20260112-00107,P-0008,view,checkout_upsell,synthetic
INT-0001093,2026-01-12T19:09:18,RCPT-20260112-00107,P-0008,click,checkout_upsell,synthetic
INT-0001094,2026-01-12T19:09:18,RCPT-20260112-00107,P-0059,view,checkout_upsell,synthetic
INT-0001095,2026-01-12T19:09:18,RCPT-20260112-00107,P-0059,hover,checkout_upsell,synthetic
INT-0001096,2026-01-12T19:09:18,RCPT-20260112-00107,P-0002,view,checkout_upsell,synthetic
INT-0001097,2026-01-12T19:09:18,RCPT-20260112-00107,P-0002,hover,checkout_upsell,synthetic
INT-0001098,2026-01-12T19:09:18,RCPT-20260112-00107,P-0002,click,checkout_upsell,synthetic
INT-0001099,2026-01-12T19:09:18,RCPT-20260112-00107,P-0057,view,checkout_upsell,synthetic
INT-0001100,2026-01-12T19:09:18,RCPT-20260112-00107,P-0057,hover,checkout_upsell,synthetic
INT-0001101,2026-01-12T19:09:18,RCPT-20260112-00107,P-0067,view,checkout_upsell,synthetic
INT-0001102,2026-01-12T19:09:18,RCPT-20260112-00107,P-0042,view,checkout_upsell,synthetic
INT-0001103,2026-01-12T19:09:18,RCPT-20260112-00107,P-0042,hover,checkout_upsell,synthetic
INT-0001104,2026-01-12T08:40:24,RCPT-20260112-00108,P-0060,view,checkout_upsell,synthetic
INT-0001105,2026-01-12T08:40:24,RCPT-20260112-00108,P-0003,view,checkout_upsell,synthetic
INT-0001106,2026-01-12T08:40:24,RCPT-20260112-00108,P-0003,hover,checkout_upsell,synthetic
INT-0001107,2026-01-12T08:40:24,RCPT-20260112-00108,P-0037,view,checkout_upsell,synthetic
INT-0001108,2026-01-12T08:40:24,RCPT-20260112-00108,P-0037,hover,checkout_upsell,synthetic
INT-0001109,2026-01-12T08:40:24,RCPT-20260112-00108,P-0020,view,checkout_upsell,synthetic
INT-0001110,2026-01-12T08:40:24,RCPT-20260112-00108,P-0047,view,checkout_upsell,synthetic
INT-0001111,2026-01-12T08:40:24,RCPT-20260112-00108,P-0047,hover,checkout_upsell,synthetic
INT-0001112,2026-01-12T08:40:24,RCPT-20260112-00108,P-0009,view,checkout_upsell,synthetic
INT-0001113,2026-01-12T08:40:24,RCPT-20260112-00108,P-0009,hover,checkout_upsell,synthetic
INT-0001114,2026-01-12T08:40:24,RCPT-20260112-00108,P-0009,click,checkout_upsell,synthetic
INT-0001115,2026-01-12T10:02:22,RCPT-20260112-00109,P-0015,view,checkout_upsell,synthetic
INT-0001116,2026-01-12T10:02:22,RCPT-20260112-00109,P-0015,hover,checkout_upsell,synthetic
INT-0001117,2026-01-12T10:02:22,RCPT-20260112-00109,P-0054,view,checkout_upsell,synthetic
INT-0001118,2026-01-12T10:02:22,RCPT-20260112-00109,P-0007,view,checkout_upsell,synthetic
INT-0001119,2026-01-12T10:02:22,RCPT-20260112-00109,P-0007,click,checkout_upsell,synthetic
INT-0001120,2026-01-12T10:02:22,RCPT-20260112-00109,P-0064,view,checkout_upsell,synthetic
INT-0001121,2026-01-12T10:02:22,RCPT-20260112-00109,P-0064,hover,checkout_upsell,synthetic
INT-0001122,2026-01-12T10:02:22,RCPT-20260112-00109,P-0058,view,checkout_upsell,synthetic
INT-0001123,2026-01-12T10:02:22,RCPT-20260112-00109,P-0058,hover,checkout_upsell,synthetic
INT-0001124,2026-01-12T10:02:22,RCPT-20260112-00109,P-0033,view,checkout_upsell,synthetic
INT-0001125,2026-01-12T08:18:12,RCPT-20260112-00110,P-0009,view,checkout_upsell,synthetic
INT-0001126,2026-01-12T08:18:12,RCPT-20260112-00110,P-0009,hover,checkout_upsell,synthetic
INT-0001127,2026-01-12T08:18:12,RCPT-20260112-00110,P-0009,click,checkout_upsell,synthetic
INT-0001128,2026-01-12T08:18:12,RCPT-20260112-00110,P-0070,view,checkout_upsell,synthetic
INT-0001129,2026-01-12T08:18:12,RCPT-20260112-00110,P-0014,view,checkout_upsell,synthetic
INT-0001130,2026-01-12T08:18:12,RCPT-20260112-00110,P-0014,hover,checkout_upsell,synthetic
INT-0001131,2026-01-12T08:18:12,RCPT-20260112-00110,P-0018,view,checkout_upsell,synthetic
INT-0001132,2026-01-12T08:18:12,RCPT-20260112-00110,P-0018,hover,checkout_upsell,synthetic
INT-0001133,2026-01-12T08:18:12,RCPT-20260112-00110,P-0053,view,checkout_upsell,synthetic
INT-0001134,2026-01-12T08:18:12,RCPT-20260112-00110,P-0053,hover,checkout_upsell,synthetic
INT-0001135,2026-01-12T08:18:12,RCPT-20260112-00110,P-0016,view,checkout_upsell,synthetic
INT-0001136,2026-01-12T08:18:12,RCPT-20260112-00110,P-0016,hover,checkout_upsell,synthetic
INT-0001137,2026-01-12T13:27:56,RCPT-20260112-00111,P-0069,view,checkout_upsell,synthetic
INT-0001138,2026-01-12T13:27:56,RCPT-20260112-00111,P-0069,hover,checkout_upsell,synthetic
INT-0001139,2026-01-12T13:27:56,RCPT-20260112-00111,P-0036,view,checkout_upsell,synthetic
INT-0001140,2026-01-12T13:27:56,RCPT-20260112-00111,P-0036,hover,checkout_upsell,synthetic
INT-0001141,2026-01-12T13:27:56,RCPT-20260112-00111,P-0006,view,checkout_upsell,synthetic
INT-0001142,2026-01-12T13:27:56,RCPT-20260112-00111,P-0056,view,checkout_upsell,synthetic
INT-0001143,2026-01-12T13:27:56,RCPT-20260112-00111,P-0056,hover,checkout_upsell,synthetic
INT-0001144,2026-01-12T13:27:56,RCPT-20260112-00111,P-0013,view,checkout_upsell,synthetic
INT-0001145,2026-01-12T13:27:56,RCPT-20260112-00111,P-0072,view,checkout_upsell,synthetic
INT-0001146,2026-01-12T13:27:56,RCPT-20260112-00111,P-0072,hover,checkout_upsell,synthetic
INT-0001147,2026-01-12T14:38:52,RCPT-20260112-00112,P-0065,view,checkout_upsell,synthetic
INT-0001148,2026-01-12T14:38:52,RCPT-20260112-00112,P-0065,hover,checkout_upsell,synthetic
INT-0001149,2026-01-12T14:38:52,RCPT-20260112-00112,P-0006,view,checkout_upsell,synthetic
INT-0001150,2026-01-12T14:38:52,RCPT-20260112-00112,P-0006,hover,checkout_upsell,synthetic
INT-0001151,2026-01-12T14:38:52,RCPT-20260112-00112,P-0011,view,checkout_upsell,synthetic
INT-0001152,2026-01-12T14:38:52,RCPT-20260112-00112,P-0011,hover,checkout_upsell,synthetic
INT-0001153,2026-01-12T14:38:52,RCPT-20260112-00112,P-0060,view,checkout_upsell,synthetic
INT-0001154,2026-01-12T14:38:52,RCPT-20260112-00112,P-0060,hover,checkout_upsell,synthetic
INT-0001155,2026-01-12T14:38:52,RCPT-20260112-00112,P-0031,view,checkout_upsell,synthetic
INT-0001156,2026-01-12T14:38:52,RCPT-20260112-00112,P-0031,click,checkout_upsell,synthetic
INT-0001157,2026-01-12T14:38:52,RCPT-20260112-00112,P-0024,view,checkout_upsell,synthetic
INT-0001158,2026-01-12T14:38:52,RCPT-20260112-00112,P-0024,hover,checkout_upsell,synthetic
INT-0001159,2026-01-12T15:22:28,RCPT-20260112-00113,P-0012,view,checkout_upsell,synthetic
INT-0001160,2026-01-12T15:22:28,RCPT-20260112-00113,P-0036,view,checkout_upsell,synthetic
INT-0001161,2026-01-12T15:22:28,RCPT-20260112-00113,P-0036,hover,checkout_upsell,synthetic
INT-0001162,2026-01-12T15:22:28,RCPT-20260112-00113,P-0060,view,checkout_upsell,synthetic
INT-0001163,2026-01-12T15:22:28,RCPT-20260112-00113,P-0060,hover,checkout_upsell,synthetic
INT-0001164,2026-01-12T15:22:28,RCPT-20260112-00113,P-0060,click,checkout_upsell,synthetic
INT-0001165,2026-01-12T15:22:28,RCPT-20260112-00113,P-0057,view,checkout_upsell,synthetic
INT-0001166,2026-01-12T15:22:28,RCPT-20260112-00113,P-0026,view,checkout_upsell,synthetic
INT-0001167,2026-01-12T15:22:28,RCPT-20260112-00113,P-0026,hover,checkout_upsell,synthetic
INT-0001168,2026-01-12T15:22:28,RCPT-20260112-00113,P-0063,view,checkout_upsell,synthetic
INT-0001169,2026-01-12T15:22:28,RCPT-20260112-00113,P-0063,hover,checkout_upsell,synthetic
INT-0001170,2026-01-12T21:38:43,RCPT-20260112-00114,P-0034,view,checkout_upsell,synthetic
INT-0001171,2026-01-12T21:38:43,RCPT-20260112-00114,P-0034,hover,checkout_upsell,synthetic
INT-0001172,2026-01-12T21:38:43,RCPT-20260112-00114,P-0050,view,checkout_upsell,synthetic
INT-0001173,2026-01-12T21:38:43,RCPT-20260112-00114,P-0050,click,checkout_upsell,synthetic
INT-0001174,2026-01-12T21:38:43,RCPT-20260112-00114,P-0060,view,checkout_upsell,synthetic
INT-0001175,2026-01-12T21:38:43,RCPT-20260112-00114,P-0060,click,checkout_upsell,synthetic
INT-0001176,2026-01-12T21:38:43,RCPT-20260112-00114,P-0013,view,checkout_upsell,synthetic
INT-0001177,2026-01-12T21:38:43,RCPT-20260112-00114,P-0013,hover,checkout_upsell,synthetic
INT-0001178,2026-01-12T21:38:43,RCPT-20260112-00114,P-0031,view,checkout_upsell,synthetic
INT-0001179,2026-01-12T21:38:43,RCPT-20260112-00114,P-0031,hover,checkout_upsell,synthetic
INT-0001180,2026-01-12T21:38:43,RCPT-20260112-00114,P-0049,view,checkout_upsell,synthetic
INT-0001181,2026-01-12T21:38:43,RCPT-20260112-00114,P-0049,hover,checkout_upsell,synthetic
INT-0001182,2026-01-12T13:28:48,RCPT-20260112-00115,P-0036,view,checkout_upsell,synthetic
INT-0001183,2026-01-12T13:28:48,RCPT-20260112-00115,P-0036,hover,checkout_upsell,synthetic
INT-0001184,2026-01-12T13:28:48,RCPT-20260112-00115,P-0060,view,checkout_upsell,synthetic
INT-0001185,2026-01-12T13:28:48,RCPT-20260112-00115,P-0060,hover,checkout_upsell,synthetic
INT-0001186,2026-01-12T13:28:48,RCPT-20260112-00115,P-0054,view,checkout_upsell,synthetic
INT-0001187,2026-01-12T13:28:48,RCPT-20260112-00115,P-0054,hover,checkout_upsell,synthetic
INT-0001188,2026-01-12T13:28:48,RCPT-20260112-00115,P-0049,view,checkout_upsell,synthetic
INT-0001189,2026-01-12T13:28:48,RCPT-20260112-00115,P-0049,hover,checkout_upsell,synthetic
INT-0001190,2026-01-12T13:28:48,RCPT-20260112-00115,P-0062,view,checkout_upsell,synthetic
INT-0001191,2026-01-12T13:28:48,RCPT-20260112-00115,P-0062,hover,checkout_upsell,synthetic
INT-0001192,2026-01-12T13:28:48,RCPT-20260112-00115,P-0052,view,checkout_upsell,synthetic
INT-0001193,2026-01-12T13:28:48,RCPT-20260112-00115,P-0052,hover,checkout_upsell,synthetic
INT-0001194,2026-01-12T22:35:07,RCPT-20260112-00116,P-0034,view,checkout_upsell,synthetic
INT-0001195,2026-01-12T22:35:07,RCPT-20260112-00116,P-0034,hover,checkout_upsell,synthetic
INT-0001196,2026-01-12T22:35:07,RCPT-20260112-00116,P-0012,view,checkout_upsell,synthetic
INT-0001197,2026-01-12T22:35:07,RCPT-20260112-00116,P-0012,hover,checkout_upsell,synthetic
INT-0001198,2026-01-12T22:35:07,RCPT-20260112-00116,P-0013,view,checkout_upsell,synthetic
INT-0001199,2026-01-12T22:35:07,RCPT-20260112-00116,P-0020,view,checkout_upsell,synthetic
INT-0001200,2026-01-12T22:35:07,RCPT-20260112-00116,P-0020,hover,checkout_upsell,synthetic
INT-0001201,2026-01-12T22:35:07,RCPT-20260112-00116,P-0057,view,checkout_upsell,synthetic
INT-0001202,2026-01-12T22:35:07,RCPT-20260112-00116,P-0066,view,checkout_upsell,synthetic
INT-0001203,2026-01-12T22:35:07,RCPT-20260112-00116,P-0066,hover,checkout_upsell,synthetic
INT-0001204,2026-01-13T09:51:43,RCPT-20260113-00117,P-0034,view,checkout_upsell,synthetic
INT-0001205,2026-01-13T09:51:43,RCPT-20260113-00117,P-0034,hover,checkout_upsell,synthetic
INT-0001206,2026-01-13T09:51:43,RCPT-20260113-00117,P-0034,click,checkout_upsell,synthetic
INT-0001207,2026-01-13T09:51:43,RCPT-20260113-00117,P-0036,view,checkout_upsell,synthetic
INT-0001208,2026-01-13T09:51:43,RCPT-20260113-00117,P-0036,hover,checkout_upsell,synthetic
INT-0001209,2026-01-13T09:51:43,RCPT-20260113-00117,P-0020,view,checkout_upsell,synthetic
INT-0001210,2026-01-13T09:51:43,RCPT-20260113-00117,P-0041,view,checkout_upsell,synthetic
INT-0001211,2026-01-13T09:51:43,RCPT-20260113-00117,P-0041,hover,checkout_upsell,synthetic
INT-0001212,2026-01-13T09:51:43,RCPT-20260113-00117,P-0005,view,checkout_upsell,synthetic
INT-0001213,2026-01-13T09:51:43,RCPT-20260113-00117,P-0005,click,checkout_upsell,synthetic
INT-0001214,2026-01-13T09:51:43,RCPT-20260113-00117,P-0014,view,checkout_upsell,synthetic
INT-0001215,2026-01-13T13:35:36,RCPT-20260113-00118,P-0048,view,checkout_upsell,synthetic
INT-0001216,2026-01-13T13:35:36,RCPT-20260113-00118,P-0048,hover,checkout_upsell,synthetic
INT-0001217,2026-01-13T13:35:36,RCPT-20260113-00118,P-0065,view,checkout_upsell,synthetic
INT-0001218,2026-01-13T13:35:36,RCPT-20260113-00118,P-0065,hover,checkout_upsell,synthetic
INT-0001219,2026-01-13T13:35:36,RCPT-20260113-00118,P-0054,view,checkout_upsell,synthetic
INT-0001220,2026-01-13T13:35:36,RCPT-20260113-00118,P-0054,hover,checkout_upsell,synthetic
INT-0001221,2026-01-13T13:35:36,RCPT-20260113-00118,P-0014,view,checkout_upsell,synthetic
INT-0001222,2026-01-13T13:35:36,RCPT-20260113-00118,P-0072,view,checkout_upsell,synthetic
INT-0001223,2026-01-13T13:35:36,RCPT-20260113-00118,P-0047,view,checkout_upsell,synthetic
INT-0001224,2026-01-13T13:35:36,RCPT-20260113-00118,P-0047,hover,checkout_upsell,synthetic
INT-0001225,2026-01-13T15:43:33,RCPT-20260113-00119,P-0068,view,checkout_upsell,synthetic
INT-0001226,2026-01-13T15:43:33,RCPT-20260113-00119,P-0037,view,checkout_upsell,synthetic
INT-0001227,2026-01-13T15:43:33,RCPT-20260113-00119,P-0054,view,checkout_upsell,synthetic
INT-0001228,2026-01-13T15:43:33,RCPT-20260113-00119,P-0054,hover,checkout_upsell,synthetic
INT-0001229,2026-01-13T15:43:33,RCPT-20260113-00119,P-0002,view,checkout_upsell,synthetic
INT-0001230,2026-01-13T15:43:33,RCPT-20260113-00119,P-0002,hover,checkout_upsell,synthetic
INT-0001231,2026-01-13T15:43:33,RCPT-20260113-00119,P-0067,view,checkout_upsell,synthetic
INT-0001232,2026-01-13T15:43:33,RCPT-20260113-00119,P-0067,hover,checkout_upsell,synthetic
INT-0001233,2026-01-13T15:43:33,RCPT-20260113-00119,P-0064,view,checkout_upsell,synthetic
INT-0001234,2026-01-13T12:10:10,RCPT-20260113-00120,P-0048,view,checkout_upsell,synthetic
INT-0001235,2026-01-13T12:10:10,RCPT-20260113-00120,P-0048,hover,checkout_upsell,synthetic
INT-0001236,2026-01-13T12:10:10,RCPT-20260113-00120,P-0048,click,checkout_upsell,synthetic
INT-0001237,2026-01-13T12:10:10,RCPT-20260113-00120,P-0043,view,checkout_upsell,synthetic
INT-0001238,2026-01-13T12:10:10,RCPT-20260113-00120,P-0043,hover,checkout_upsell,synthetic
INT-0001239,2026-01-13T12:10:10,RCPT-20260113-00120,P-0010,view,checkout_upsell,synthetic
INT-0001240,2026-01-13T12:10:10,RCPT-20260113-00120,P-0004,view,checkout_upsell,synthetic
INT-0001241,2026-01-13T12:10:10,RCPT-20260113-00120,P-0022,view,checkout_upsell,synthetic
INT-0001242,2026-01-13T12:10:10,RCPT-20260113-00120,P-0022,hover,checkout_upsell,synthetic
INT-0001243,2026-01-13T12:10:10,RCPT-20260113-00120,P-0053,view,checkout_upsell,synthetic
INT-0001244,2026-01-13T16:41:10,RCPT-20260113-00121,P-0043,view,checkout_upsell,synthetic
INT-0001245,2026-01-13T16:41:10,RCPT-20260113-00121,P-0043,hover,checkout_upsell,synthetic
INT-0001246,2026-01-13T16:41:10,RCPT-20260113-00121,P-0068,view,checkout_upsell,synthetic
INT-0001247,2026-01-13T16:41:10,RCPT-20260113-00121,P-0068,hover,checkout_upsell,synthetic
INT-0001248,2026-01-13T16:41:10,RCPT-20260113-00121,P-0035,view,checkout_upsell,synthetic
INT-0001249,2026-01-13T16:41:10,RCPT-20260113-00121,P-0035,hover,checkout_upsell,synthetic
INT-0001250,2026-01-13T16:41:10,RCPT-20260113-00121,P-0038,view,checkout_upsell,synthetic
INT-0001251,2026-01-13T16:41:10,RCPT-20260113-00121,P-0038,hover,checkout_upsell,synthetic
INT-0001252,2026-01-13T16:41:10,RCPT-20260113-00121,P-0029,view,checkout_upsell,synthetic
INT-0001253,2026-01-13T16:41:10,RCPT-20260113-00121,P-0029,hover,checkout_upsell,synthetic
INT-0001254,2026-01-13T16:41:10,RCPT-20260113-00121,P-0029,click,checkout_upsell,synthetic
INT-0001255,2026-01-13T16:41:10,RCPT-20260113-00121,P-0073,view,checkout_upsell,synthetic
INT-0001256,2026-01-13T18:13:49,RCPT-20260113-00122,P-0069,view,checkout_upsell,synthetic
INT-0001257,2026-01-13T18:13:49,RCPT-20260113-00122,P-0069,hover,checkout_upsell,synthetic
INT-0001258,2026-01-13T18:13:49,RCPT-20260113-00122,P-0040,view,checkout_upsell,synthetic
INT-0001259,2026-01-13T18:13:49,RCPT-20260113-00122,P-0040,hover,checkout_upsell,synthetic
INT-0001260,2026-01-13T18:13:49,RCPT-20260113-00122,P-0002,view,checkout_upsell,synthetic
INT-0001261,2026-01-13T18:13:49,RCPT-20260113-00122,P-0057,view,checkout_upsell,synthetic
INT-0001262,2026-01-13T18:13:49,RCPT-20260113-00122,P-0057,hover,checkout_upsell,synthetic
INT-0001263,2026-01-13T18:13:49,RCPT-20260113-00122,P-0055,view,checkout_upsell,synthetic
INT-0001264,2026-01-13T18:13:49,RCPT-20260113-00122,P-0076,view,checkout_upsell,synthetic
INT-0001265,2026-01-13T09:44:03,RCPT-20260113-00123,P-0065,view,checkout_upsell,synthetic
INT-0001266,2026-01-13T09:44:03,RCPT-20260113-00123,P-0065,hover,checkout_upsell,synthetic
INT-0001267,2026-01-13T09:44:03,RCPT-20260113-00123,P-0060,view,checkout_upsell,synthetic
INT-0001268,2026-01-13T09:44:03,RCPT-20260113-00123,P-0070,view,checkout_upsell,synthetic
INT-0001269,2026-01-13T09:44:03,RCPT-20260113-00123,P-0070,hover,checkout_upsell,synthetic
INT-0001270,2026-01-13T09:44:03,RCPT-20260113-00123,P-0057,view,checkout_upsell,synthetic
INT-0001271,2026-01-13T09:44:03,RCPT-20260113-00123,P-0057,hover,checkout_upsell,synthetic
INT-0001272,2026-01-13T09:44:03,RCPT-20260113-00123,P-0052,view,checkout_upsell,synthetic
INT-0001273,2026-01-13T09:44:03,RCPT-20260113-00123,P-0024,view,checkout_upsell,synthetic
INT-0001274,2026-01-13T09:44:03,RCPT-20260113-00123,P-0024,hover,checkout_upsell,synthetic
INT-0001275,2026-01-13T20:23:32,RCPT-20260113-00124,P-0040,view,checkout_upsell,synthetic
INT-0001276,2026-01-13T20:23:32,RCPT-20260113-00124,P-0050,view,checkout_upsell,synthetic
INT-0001277,2026-01-13T20:23:32,RCPT-20260113-00124,P-0057,view,checkout_upsell,synthetic
INT-0001278,2026-01-13T20:23:32,RCPT-20260113-00124,P-0075,view,checkout_upsell,synthetic
INT-0001279,2026-01-13T20:23:32,RCPT-20260113-00124,P-0075,hover,checkout_upsell,synthetic
INT-0001280,2026-01-13T20:23:32,RCPT-20260113-00124,P-0075,click,checkout_upsell,synthetic
INT-0001281,2026-01-13T20:23:32,RCPT-20260113-00124,P-0058,view,checkout_upsell,synthetic
INT-0001282,2026-01-13T20:23:32,RCPT-20260113-00124,P-0058,hover,checkout_upsell,synthetic
INT-0001283,2026-01-13T20:23:32,RCPT-20260113-00124,P-0058,click,checkout_upsell,synthetic
INT-0001284,2026-01-13T20:23:32,RCPT-20260113-00124,P-0072,view,checkout_upsell,synthetic
INT-0001285,2026-01-13T20:23:32,RCPT-20260113-00124,P-0072,hover,checkout_upsell,synthetic
INT-0001286,2026-01-14T14:15:55,RCPT-20260114-00125,P-0040,view,checkout_upsell,synthetic
INT-0001287,2026-01-14T14:15:55,RCPT-20260114-00125,P-0040,click,checkout_upsell,synthetic
INT-0001288,2026-01-14T14:15:55,RCPT-20260114-00125,P-0069,view,checkout_upsell,synthetic
INT-0001289,2026-01-14T14:15:55,RCPT-20260114-00125,P-0069,hover,checkout_upsell,synthetic
INT-0001290,2026-01-14T14:15:55,RCPT-20260114-00125,P-0060,view,checkout_upsell,synthetic
INT-0001291,2026-01-14T14:15:55,RCPT-20260114-00125,P-0060,hover,checkout_upsell,synthetic
INT-0001292,2026-01-14T14:15:55,RCPT-20260114-00125,P-0022,view,checkout_upsell,synthetic
INT-0001293,2026-01-14T14:15:55,RCPT-20260114-00125,P-0022,hover,checkout_upsell,synthetic
INT-0001294,2026-01-14T14:15:55,RCPT-20260114-00125,P-0039,view,checkout_upsell,synthetic
INT-0001295,2026-01-14T14:15:55,RCPT-20260114-00125,P-0039,hover,checkout_upsell,synthetic
INT-0001296,2026-01-14T14:15:55,RCPT-20260114-00125,P-0033,view,checkout_upsell,synthetic
INT-0001297,2026-01-14T15:15:13,RCPT-20260114-00126,P-0036,view,checkout_upsell,synthetic
INT-0001298,2026-01-14T15:15:13,RCPT-20260114-00126,P-0036,hover,checkout_upsell,synthetic
INT-0001299,2026-01-14T15:15:13,RCPT-20260114-00126,P-0060,view,checkout_upsell,synthetic
INT-0001300,2026-01-14T15:15:13,RCPT-20260114-00126,P-0003,view,checkout_upsell,synthetic
INT-0001301,2026-01-14T15:15:13,RCPT-20260114-00126,P-0035,view,checkout_upsell,synthetic
INT-0001302,2026-01-14T15:15:13,RCPT-20260114-00126,P-0035,hover,checkout_upsell,synthetic
INT-0001303,2026-01-14T15:15:13,RCPT-20260114-00126,P-0001,view,checkout_upsell,synthetic
INT-0001304,2026-01-14T15:15:13,RCPT-20260114-00126,P-0001,hover,checkout_upsell,synthetic
INT-0001305,2026-01-14T15:15:13,RCPT-20260114-00126,P-0005,view,checkout_upsell,synthetic
INT-0001306,2026-01-14T15:15:13,RCPT-20260114-00126,P-0005,hover,checkout_upsell,synthetic
INT-0001307,2026-01-14T19:23:48,RCPT-20260114-00127,P-0036,view,checkout_upsell,synthetic
INT-0001308,2026-01-14T19:23:48,RCPT-20260114-00127,P-0036,hover,checkout_upsell,synthetic
INT-0001309,2026-01-14T19:23:48,RCPT-20260114-00127,P-0008,view,checkout_upsell,synthetic
INT-0001310,2026-01-14T19:23:48,RCPT-20260114-00127,P-0060,view,checkout_upsell,synthetic
INT-0001311,2026-01-14T19:23:48,RCPT-20260114-00127,P-0060,click,checkout_upsell,synthetic
INT-0001312,2026-01-14T19:23:48,RCPT-20260114-00127,P-0015,view,checkout_upsell,synthetic
INT-0001313,2026-01-14T19:23:48,RCPT-20260114-00127,P-0015,hover,checkout_upsell,synthetic
INT-0001314,2026-01-14T19:23:48,RCPT-20260114-00127,P-0031,view,checkout_upsell,synthetic
INT-0001315,2026-01-14T19:23:48,RCPT-20260114-00127,P-0031,hover,checkout_upsell,synthetic
INT-0001316,2026-01-14T19:23:48,RCPT-20260114-00127,P-0075,view,checkout_upsell,synthetic
INT-0001317,2026-01-14T20:35:17,RCPT-20260114-00128,P-0050,view,checkout_upsell,synthetic
INT-0001318,2026-01-14T20:35:17,RCPT-20260114-00128,P-0060,view,checkout_upsell,synthetic
INT-0001319,2026-01-14T20:35:17,RCPT-20260114-00128,P-0060,hover,checkout_upsell,synthetic
INT-0001320,2026-01-14T20:35:17,RCPT-20260114-00128,P-0056,view,checkout_upsell,synthetic
INT-0001321,2026-01-14T20:35:17,RCPT-20260114-00128,P-0026,view,checkout_upsell,synthetic
INT-0001322,2026-01-14T20:35:17,RCPT-20260114-00128,P-0026,hover,checkout_upsell,synthetic
INT-0001323,2026-01-14T20:35:17,RCPT-20260114-00128,P-0042,view,checkout_upsell,synthetic
INT-0001324,2026-01-14T20:35:17,RCPT-20260114-00128,P-0042,hover,checkout_upsell,synthetic
INT-0001325,2026-01-14T20:35:17,RCPT-20260114-00128,P-0072,view,checkout_upsell,synthetic
INT-0001326,2026-01-14T20:09:12,RCPT-20260114-00129,P-0048,view,checkout_upsell,synthetic
INT-0001327,2026-01-14T20:09:12,RCPT-20260114-00129,P-0048,hover,checkout_upsell,synthetic
INT-0001328,2026-01-14T20:09:12,RCPT-20260114-00129,P-0021,view,checkout_upsell,synthetic
INT-0001329,2026-01-14T20:09:12,RCPT-20260114-00129,P-0021,hover,checkout_upsell,synthetic
INT-0001330,2026-01-14T20:09:12,RCPT-20260114-00129,P-0055,view,checkout_upsell,synthetic
INT-0001331,2026-01-14T20:09:12,RCPT-20260114-00129,P-0045,view,checkout_upsell,synthetic
INT-0001332,2026-01-14T20:09:12,RCPT-20260114-00129,P-0045,hover,checkout_upsell,synthetic
INT-0001333,2026-01-14T20:09:12,RCPT-20260114-00129,P-0022,view,checkout_upsell,synthetic
INT-0001334,2026-01-14T20:09:12,RCPT-20260114-00129,P-0024,view,checkout_upsell,synthetic
INT-0001335,2026-01-14T20:09:12,RCPT-20260114-00129,P-0024,hover,checkout_upsell,synthetic
INT-0001336,2026-01-14T22:32:08,RCPT-20260114-00130,P-0034,view,checkout_upsell,synthetic
INT-0001337,2026-01-14T22:32:08,RCPT-20260114-00130,P-0065,view,checkout_upsell,synthetic
INT-0001338,2026-01-14T22:32:08,RCPT-20260114-00130,P-0065,hover,checkout_upsell,synthetic
INT-0001339,2026-01-14T22:32:08,RCPT-20260114-00130,P-0060,view,checkout_upsell,synthetic
INT-0001340,2026-01-14T22:32:08,RCPT-20260114-00130,P-0060,hover,checkout_upsell,synthetic
INT-0001341,2026-01-14T22:32:08,RCPT-20260114-00130,P-0042,view,checkout_upsell,synthetic
INT-0001342,2026-01-14T22:32:08,RCPT-20260114-00130,P-0042,hover,checkout_upsell,synthetic
INT-0001343,2026-01-14T22:32:08,RCPT-20260114-00130,P-0044,view,checkout_upsell,synthetic
INT-0001344,2026-01-14T22:32:08,RCPT-20260114-00130,P-0044,hover,checkout_upsell,synthetic
INT-0001345,2026-01-14T22:32:08,RCPT-20260114-00130,P-0009,view,checkout_upsell,synthetic
INT-0001346,2026-01-14T15:52:01,RCPT-20260114-00131,P-0036,view,checkout_upsell,synthetic
INT-0001347,2026-01-14T15:52:01,RCPT-20260114-00131,P-0036,hover,checkout_upsell,synthetic
INT-0001348,2026-01-14T15:52:01,RCPT-20260114-00131,P-0060,view,checkout_upsell,synthetic
INT-0001349,2026-01-14T15:52:01,RCPT-20260114-00131,P-0060,hover,checkout_upsell,synthetic
INT-0001350,2026-01-14T15:52:01,RCPT-20260114-00131,P-0060,click,checkout_upsell,synthetic
INT-0001351,2026-01-14T15:52:01,RCPT-20260114-00131,P-0028,view,checkout_upsell,synthetic
INT-0001352,2026-01-14T15:52:01,RCPT-20260114-00131,P-0028,hover,checkout_upsell,synthetic
INT-0001353,2026-01-14T15:52:01,RCPT-20260114-00131,P-0070,view,checkout_upsell,synthetic
INT-0001354,2026-01-14T15:52:01,RCPT-20260114-00131,P-0023,view,checkout_upsell,synthetic
INT-0001355,2026-01-14T15:52:01,RCPT-20260114-00131,P-0066,view,checkout_upsell,synthetic
INT-0001356,2026-01-14T18:46:39,RCPT-20260114-00132,P-0050,view,checkout_upsell,synthetic
INT-0001357,2026-01-14T18:46:39,RCPT-20260114-00132,P-0050,hover,checkout_upsell,synthetic
INT-0001358,2026-01-14T18:46:39,RCPT-20260114-00132,P-0068,view,checkout_upsell,synthetic
INT-0001359,2026-01-14T18:46:39,RCPT-20260114-00132,P-0032,view,checkout_upsell,synthetic
INT-0001360,2026-01-14T18:46:39,RCPT-20260114-00132,P-0032,hover,checkout_upsell,synthetic
INT-0001361,2026-01-14T18:46:39,RCPT-20260114-00132,P-0075,view,checkout_upsell,synthetic
INT-0001362,2026-01-14T18:46:39,RCPT-20260114-00132,P-0075,hover,checkout_upsell,synthetic
INT-0001363,2026-01-14T18:46:39,RCPT-20260114-00132,P-0076,view,checkout_upsell,synthetic
INT-0001364,2026-01-14T18:46:39,RCPT-20260114-00132,P-0076,hover,checkout_upsell,synthetic
INT-0001365,2026-01-14T18:46:39,RCPT-20260114-00132,P-0076,click,checkout_upsell,synthetic
INT-0001366,2026-01-14T18:46:39,RCPT-20260114-00132,P-0052,view,checkout_upsell,synthetic
INT-0001367,2026-01-14T18:46:39,RCPT-20260114-00132,P-0052,hover,checkout_upsell,synthetic
INT-0001368,2026-01-15T21:54:47,RCPT-20260115-00133,P-0003,view,checkout_upsell,synthetic
INT-0001369,2026-01-15T21:54:47,RCPT-20260115-00133,P-0003,click,checkout_upsell,synthetic
INT-0001370,2026-01-15T21:54:47,RCPT-20260115-00133,P-0027,view,checkout_upsell,synthetic
INT-0001371,2026-01-15T21:54:47,RCPT-20260115-00133,P-0059,view,checkout_upsell,synthetic
INT-0001372,2026-01-15T21:54:47,RCPT-20260115-00133,P-0059,hover,checkout_upsell,synthetic
INT-0001373,2026-01-15T21:54:47,RCPT-20260115-00133,P-0046,view,checkout_upsell,synthetic
INT-0001374,2026-01-15T21:54:47,RCPT-20260115-00133,P-0046,hover,checkout_upsell,synthetic
INT-0001375,2026-01-15T21:54:47,RCPT-20260115-00133,P-0058,view,checkout_upsell,synthetic
INT-0001376,2026-01-15T21:54:47,RCPT-20260115-00133,P-0058,hover,checkout_upsell,synthetic
INT-0001377,2026-01-15T21:54:47,RCPT-20260115-00133,P-0058,click,checkout_upsell,synthetic
INT-0001378,2026-01-15T21:54:47,RCPT-20260115-00133,P-0039,view,checkout_upsell,synthetic
INT-0001379,2026-01-15T21:54:47,RCPT-20260115-00133,P-0039,click,checkout_upsell,synthetic
INT-0001380,2026-01-15T22:34:21,RCPT-20260115-00134,P-0020,view,checkout_upsell,synthetic
INT-0001381,2026-01-15T22:34:21,RCPT-20260115-00134,P-0020,hover,checkout_upsell,synthetic
INT-0001382,2026-01-15T22:34:21,RCPT-20260115-00134,P-0019,view,checkout_upsell,synthetic
INT-0001383,2026-01-15T22:34:21,RCPT-20260115-00134,P-0019,hover,checkout_upsell,synthetic
INT-0001384,2026-01-15T22:34:21,RCPT-20260115-00134,P-0019,click,checkout_upsell,synthetic
INT-0001385,2026-01-15T22:34:21,RCPT-20260115-00134,P-0057,view,checkout_upsell,synthetic
INT-0001386,2026-01-15T22:34:21,RCPT-20260115-00134,P-0057,click,checkout_upsell,synthetic
INT-0001387,2026-01-15T22:34:21,RCPT-20260115-00134,P-0032,view,checkout_upsell,synthetic
INT-0001388,2026-01-15T22:34:21,RCPT-20260115-00134,P-0032,hover,checkout_upsell,synthetic
INT-0001389,2026-01-15T22:34:21,RCPT-20260115-00134,P-0064,view,checkout_upsell,synthetic
INT-0001390,2026-01-15T22:34:21,RCPT-20260115-00134,P-0064,hover,checkout_upsell,synthetic
INT-0001391,2026-01-15T22:34:21,RCPT-20260115-00134,P-0072,view,checkout_upsell,synthetic
INT-0001392,2026-01-15T22:34:21,RCPT-20260115-00134,P-0072,hover,checkout_upsell,synthetic
INT-0001393,2026-01-15T13:30:22,RCPT-20260115-00135,P-0048,view,checkout_upsell,synthetic
INT-0001394,2026-01-15T13:30:22,RCPT-20260115-00135,P-0048,hover,checkout_upsell,synthetic
INT-0001395,2026-01-15T13:30:22,RCPT-20260115-00135,P-0036,view,checkout_upsell,synthetic
INT-0001396,2026-01-15T13:30:22,RCPT-20260115-00135,P-0015,view,checkout_upsell,synthetic
INT-0001397,2026-01-15T13:30:22,RCPT-20260115-00135,P-0015,hover,checkout_upsell,synthetic
INT-0001398,2026-01-15T13:30:22,RCPT-20260115-00135,P-0060,view,checkout_upsell,synthetic
INT-0001399,2026-01-15T13:30:22,RCPT-20260115-00135,P-0060,hover,checkout_upsell,synthetic
INT-0001400,2026-01-15T13:30:22,RCPT-20260115-00135,P-0068,view,checkout_upsell,synthetic
INT-0001401,2026-01-15T13:30:22,RCPT-20260115-00135,P-0037,view,checkout_upsell,synthetic
INT-0001402,2026-01-15T13:30:22,RCPT-20260115-00135,P-0037,hover,checkout_upsell,synthetic
INT-0001403,2026-01-15T12:02:18,RCPT-20260115-00136,P-0040,view,checkout_upsell,synthetic
INT-0001404,2026-01-15T12:02:18,RCPT-20260115-00136,P-0060,view,checkout_upsell,synthetic
INT-0001405,2026-01-15T12:02:18,RCPT-20260115-00136,P-0037,view,checkout_upsell,synthetic
INT-0001406,2026-01-15T12:02:18,RCPT-20260115-00136,P-0037,hover,checkout_upsell,synthetic
INT-0001407,2026-01-15T12:02:18,RCPT-20260115-00136,P-0037,click,checkout_upsell,synthetic
INT-0001408,2026-01-15T12:02:18,RCPT-20260115-00136,P-0010,view,checkout_upsell,synthetic
INT-0001409,2026-01-15T12:02:18,RCPT-20260115-00136,P-0010,hover,checkout_upsell,synthetic
INT-0001410,2026-01-15T12:02:18,RCPT-20260115-00136,P-0029,view,checkout_upsell,synthetic
INT-0001411,2026-01-15T12:02:18,RCPT-20260115-00136,P-0029,hover,checkout_upsell,synthetic
INT-0001412,2026-01-15T12:02:18,RCPT-20260115-00136,P-0073,view,checkout_upsell,synthetic
INT-0001413,2026-01-15T11:03:42,RCPT-20260115-00137,P-0011,view,checkout_upsell,synthetic
INT-0001414,2026-01-15T11:03:42,RCPT-20260115-00137,P-0011,hover,checkout_upsell,synthetic
INT-0001415,2026-01-15T11:03:42,RCPT-20260115-00137,P-0070,view,checkout_upsell,synthetic
INT-0001416,2026-01-15T11:03:42,RCPT-20260115-00137,P-0070,hover,checkout_upsell,synthetic
INT-0001417,2026-01-15T11:03:42,RCPT-20260115-00137,P-0075,view,checkout_upsell,synthetic
INT-0001418,2026-01-15T11:03:42,RCPT-20260115-00137,P-0076,view,checkout_upsell,synthetic
INT-0001419,2026-01-15T11:03:42,RCPT-20260115-00137,P-0076,hover,checkout_upsell,synthetic
INT-0001420,2026-01-15T11:03:42,RCPT-20260115-00137,P-0063,view,checkout_upsell,synthetic
INT-0001421,2026-01-15T11:03:42,RCPT-20260115-00137,P-0009,view,checkout_upsell,synthetic
INT-0001422,2026-01-15T11:03:42,RCPT-20260115-00137,P-0009,hover,checkout_upsell,synthetic
INT-0001423,2026-01-15T11:03:42,RCPT-20260115-00137,P-0009,click,checkout_upsell,synthetic
INT-0001424,2026-01-15T16:59:10,RCPT-20260115-00138,P-0036,view,checkout_upsell,synthetic
INT-0001425,2026-01-15T16:59:10,RCPT-20260115-00138,P-0036,hover,checkout_upsell,synthetic
INT-0001426,2026-01-15T16:59:10,RCPT-20260115-00138,P-0015,view,checkout_upsell,synthetic
INT-0001427,2026-01-15T16:59:10,RCPT-20260115-00138,P-0015,hover,checkout_upsell,synthetic
INT-0001428,2026-01-15T16:59:10,RCPT-20260115-00138,P-0060,view,checkout_upsell,synthetic
INT-0001429,2026-01-15T16:59:10,RCPT-20260115-00138,P-0060,hover,checkout_upsell,synthetic
INT-0001430,2026-01-15T16:59:10,RCPT-20260115-00138,P-0060,click,checkout_upsell,synthetic
INT-0001431,2026-01-15T16:59:10,RCPT-20260115-00138,P-0019,view,checkout_upsell,synthetic
INT-0001432,2026-01-15T16:59:10,RCPT-20260115-00138,P-0019,hover,checkout_upsell,synthetic
INT-0001433,2026-01-15T16:59:10,RCPT-20260115-00138,P-0005,view,checkout_upsell,synthetic
INT-0001434,2026-01-15T16:59:10,RCPT-20260115-00138,P-0005,hover,checkout_upsell,synthetic
INT-0001435,2026-01-15T16:59:10,RCPT-20260115-00138,P-0073,view,checkout_upsell,synthetic
INT-0001436,2026-01-15T16:59:10,RCPT-20260115-00138,P-0073,hover,checkout_upsell,synthetic
INT-0001437,2026-01-15T12:41:03,RCPT-20260115-00139,P-0006,view,checkout_upsell,synthetic
INT-0001438,2026-01-15T12:41:03,RCPT-20260115-00139,P-0060,view,checkout_upsell,synthetic
INT-0001439,2026-01-15T12:41:03,RCPT-20260115-00139,P-0060,hover,checkout_upsell,synthetic
INT-0001440,2026-01-15T12:41:03,RCPT-20260115-00139,P-0019,view,checkout_upsell,synthetic
INT-0001441,2026-01-15T12:41:03,RCPT-20260115-00139,P-0019,hover,checkout_upsell,synthetic
INT-0001442,2026-01-15T12:41:03,RCPT-20260115-00139,P-0075,view,checkout_upsell,synthetic
INT-0001443,2026-01-15T12:41:03,RCPT-20260115-00139,P-0075,hover,checkout_upsell,synthetic
INT-0001444,2026-01-15T12:41:03,RCPT-20260115-00139,P-0076,view,checkout_upsell,synthetic
INT-0001445,2026-01-15T12:41:03,RCPT-20260115-00139,P-0033,view,checkout_upsell,synthetic
INT-0001446,2026-01-15T12:41:03,RCPT-20260115-00139,P-0033,hover,checkout_upsell,synthetic
INT-0001447,2026-01-15T14:56:53,RCPT-20260115-00140,P-0003,view,checkout_upsell,synthetic
INT-0001448,2026-01-15T14:56:53,RCPT-20260115-00140,P-0003,click,checkout_upsell,synthetic
INT-0001449,2026-01-15T14:56:53,RCPT-20260115-00140,P-0021,view,checkout_upsell,synthetic
INT-0001450,2026-01-15T14:56:53,RCPT-20260115-00140,P-0021,click,checkout_upsell,synthetic
INT-0001451,2026-01-15T14:56:53,RCPT-20260115-00140,P-0041,view,checkout_upsell,synthetic
INT-0001452,2026-01-15T14:56:53,RCPT-20260115-00140,P-0041,hover,checkout_upsell,synthetic
INT-0001453,2026-01-15T14:56:53,RCPT-20260115-00140,P-0026,view,checkout_upsell,synthetic
INT-0001454,2026-01-15T14:56:53,RCPT-20260115-00140,P-0007,view,checkout_upsell,synthetic
INT-0001455,2026-01-15T14:56:53,RCPT-20260115-00140,P-0007,hover,checkout_upsell,synthetic
INT-0001456,2026-01-15T14:56:53,RCPT-20260115-00140,P-0063,view,checkout_upsell,synthetic
INT-0001457,2026-01-15T22:21:18,RCPT-20260115-00141,P-0048,view,checkout_upsell,synthetic
INT-0001458,2026-01-15T22:21:18,RCPT-20260115-00141,P-0048,hover,checkout_upsell,synthetic
INT-0001459,2026-01-15T22:21:18,RCPT-20260115-00141,P-0012,view,checkout_upsell,synthetic
INT-0001460,2026-01-15T22:21:18,RCPT-20260115-00141,P-0012,hover,checkout_upsell,synthetic
INT-0001461,2026-01-15T22:21:18,RCPT-20260115-00141,P-0036,view,checkout_upsell,synthetic
INT-0001462,2026-01-15T22:21:18,RCPT-20260115-00141,P-0036,hover,checkout_upsell,synthetic
INT-0001463,2026-01-15T22:21:18,RCPT-20260115-00141,P-0036,click,checkout_upsell,synthetic
INT-0001464,2026-01-15T22:21:18,RCPT-20260115-00141,P-0056,view,checkout_upsell,synthetic
INT-0001465,2026-01-15T22:21:18,RCPT-20260115-00141,P-0019,view,checkout_upsell,synthetic
INT-0001466,2026-01-15T22:21:18,RCPT-20260115-00141,P-0019,hover,checkout_upsell,synthetic
INT-0001467,2026-01-15T22:21:18,RCPT-20260115-00141,P-0029,view,checkout_upsell,synthetic
INT-0001468,2026-01-15T18:16:45,RCPT-20260115-00142,P-0011,view,checkout_upsell,synthetic
INT-0001469,2026-01-15T18:16:45,RCPT-20260115-00142,P-0011,hover,checkout_upsell,synthetic
INT-0001470,2026-01-15T18:16:45,RCPT-20260115-00142,P-0068,view,checkout_upsell,synthetic
INT-0001471,2026-01-15T18:16:45,RCPT-20260115-00142,P-0068,hover,checkout_upsell,synthetic
INT-0001472,2026-01-15T18:16:45,RCPT-20260115-00142,P-0068,click,checkout_upsell,synthetic
INT-0001473,2026-01-15T18:16:45,RCPT-20260115-00142,P-0013,view,checkout_upsell,synthetic
INT-0001474,2026-01-15T18:16:45,RCPT-20260115-00142,P-0013,hover,checkout_upsell,synthetic
INT-0001475,2026-01-15T18:16:45,RCPT-20260115-00142,P-0076,view,checkout_upsell,synthetic
INT-0001476,2026-01-15T18:16:45,RCPT-20260115-00142,P-0076,hover,checkout_upsell,synthetic
INT-0001477,2026-01-15T18:16:45,RCPT-20260115-00142,P-0052,view,checkout_upsell,synthetic
INT-0001478,2026-01-15T18:16:45,RCPT-20260115-00142,P-0024,view,checkout_upsell,synthetic
INT-0001479,2026-01-15T18:16:45,RCPT-20260115-00142,P-0024,hover,checkout_upsell,synthetic
INT-0001480,2026-01-15T18:06:11,RCPT-20260115-00143,P-0048,view,checkout_upsell,synthetic
INT-0001481,2026-01-15T18:06:11,RCPT-20260115-00143,P-0005,view,checkout_upsell,synthetic
INT-0001482,2026-01-15T18:06:11,RCPT-20260115-00143,P-0005,hover,checkout_upsell,synthetic
INT-0001483,2026-01-15T18:06:11,RCPT-20260115-00143,P-0039,view,checkout_upsell,synthetic
INT-0001484,2026-01-15T18:06:11,RCPT-20260115-00143,P-0039,hover,checkout_upsell,synthetic
INT-0001485,2026-01-15T18:06:11,RCPT-20260115-00143,P-0042,view,checkout_upsell,synthetic
INT-0001486,2026-01-15T18:06:11,RCPT-20260115-00143,P-0063,view,checkout_upsell,synthetic
INT-0001487,2026-01-15T18:06:11,RCPT-20260115-00143,P-0063,hover,checkout_upsell,synthetic
INT-0001488,2026-01-15T18:06:11,RCPT-20260115-00143,P-0047,view,checkout_upsell,synthetic
INT-0001489,2026-01-16T13:44:15,RCPT-20260116-00144,P-0065,view,checkout_upsell,synthetic
INT-0001490,2026-01-16T13:44:15,RCPT-20260116-00144,P-0069,view,checkout_upsell,synthetic
INT-0001491,2026-01-16T13:44:15,RCPT-20260116-00144,P-0069,hover,checkout_upsell,synthetic
INT-0001492,2026-01-16T13:44:15,RCPT-20260116-00144,P-0036,view,checkout_upsell,synthetic
INT-0001493,2026-01-16T13:44:15,RCPT-20260116-00144,P-0035,view,checkout_upsell,synthetic
INT-0001494,2026-01-16T13:44:15,RCPT-20260116-00144,P-0035,hover,checkout_upsell,synthetic
INT-0001495,2026-01-16T13:44:15,RCPT-20260116-00144,P-0018,view,checkout_upsell,synthetic
INT-0001496,2026-01-16T13:44:15,RCPT-20260116-00144,P-0018,click,checkout_upsell,synthetic
INT-0001497,2026-01-16T13:44:15,RCPT-20260116-00144,P-0052,view,checkout_upsell,synthetic
INT-0001498,2026-01-16T13:44:15,RCPT-20260116-00144,P-0052,hover,checkout_upsell,synthetic
INT-0001499,2026-01-16T22:18:23,RCPT-20260116-00145,P-0034,view,checkout_upsell,synthetic
INT-0001500,2026-01-16T22:18:23,RCPT-20260116-00145,P-0034,hover,checkout_upsell,synthetic
INT-0001501,2026-01-16T22:18:23,RCPT-20260116-00145,P-0060,view,checkout_upsell,synthetic
INT-0001502,2026-01-16T22:18:23,RCPT-20260116-00145,P-0037,view,checkout_upsell,synthetic
INT-0001503,2026-01-16T22:18:23,RCPT-20260116-00145,P-0037,hover,checkout_upsell,synthetic
INT-0001504,2026-01-16T22:18:23,RCPT-20260116-00145,P-0038,view,checkout_upsell,synthetic
INT-0001505,2026-01-16T22:18:23,RCPT-20260116-00145,P-0038,hover,checkout_upsell,synthetic
INT-0001506,2026-01-16T22:18:23,RCPT-20260116-00145,P-0029,view,checkout_upsell,synthetic
INT-0001507,2026-01-16T22:18:23,RCPT-20260116-00145,P-0029,hover,checkout_upsell,synthetic
INT-0001508,2026-01-16T22:18:23,RCPT-20260116-00145,P-0062,view,checkout_upsell,synthetic
INT-0001509,2026-01-16T20:38:55,RCPT-20260116-00146,P-0012,view,checkout_upsell,synthetic
INT-0001510,2026-01-16T20:38:55,RCPT-20260116-00146,P-0012,hover,checkout_upsell,synthetic
INT-0001511,2026-01-16T20:38:55,RCPT-20260116-00146,P-0008,view,checkout_upsell,synthetic
INT-0001512,2026-01-16T20:38:55,RCPT-20260116-00146,P-0008,hover,checkout_upsell,synthetic
INT-0001513,2026-01-16T20:38:55,RCPT-20260116-00146,P-0073,view,checkout_upsell,synthetic
INT-0001514,2026-01-16T20:38:55,RCPT-20260116-00146,P-0073,hover,checkout_upsell,synthetic
INT-0001515,2026-01-16T20:38:55,RCPT-20260116-00146,P-0076,view,checkout_upsell,synthetic
INT-0001516,2026-01-16T20:38:55,RCPT-20260116-00146,P-0039,view,checkout_upsell,synthetic
INT-0001517,2026-01-16T20:38:55,RCPT-20260116-00146,P-0039,hover,checkout_upsell,synthetic
INT-0001518,2026-01-16T20:38:55,RCPT-20260116-00146,P-0016,view,checkout_upsell,synthetic
INT-0001519,2026-01-16T20:38:55,RCPT-20260116-00146,P-0016,hover,checkout_upsell,synthetic
INT-0001520,2026-01-16T10:20:54,RCPT-20260116-00147,P-0051,view,checkout_upsell,synthetic
INT-0001521,2026-01-16T10:20:54,RCPT-20260116-00147,P-0043,view,checkout_upsell,synthetic
INT-0001522,2026-01-16T10:20:54,RCPT-20260116-00147,P-0043,hover,checkout_upsell,synthetic
INT-0001523,2026-01-16T10:20:54,RCPT-20260116-00147,P-0068,view,checkout_upsell,synthetic
INT-0001524,2026-01-16T10:20:54,RCPT-20260116-00147,P-0060,view,checkout_upsell,synthetic
INT-0001525,2026-01-16T10:20:54,RCPT-20260116-00147,P-0060,hover,checkout_upsell,synthetic
INT-0001526,2026-01-16T10:20:54,RCPT-20260116-00147,P-0060,click,checkout_upsell,synthetic
INT-0001527,2026-01-16T10:20:54,RCPT-20260116-00147,P-0064,view,checkout_upsell,synthetic
INT-0001528,2026-01-16T10:20:54,RCPT-20260116-00147,P-0058,view,checkout_upsell,synthetic
INT-0001529,2026-01-16T10:20:54,RCPT-20260116-00147,P-0058,hover,checkout_upsell,synthetic
INT-0001530,2026-01-16T10:20:54,RCPT-20260116-00147,P-0058,click,checkout_upsell,synthetic
INT-0001531,2026-01-16T15:36:03,RCPT-20260116-00148,P-0050,view,checkout_upsell,synthetic
INT-0001532,2026-01-16T15:36:03,RCPT-20260116-00148,P-0043,view,checkout_upsell,synthetic
INT-0001533,2026-01-16T15:36:03,RCPT-20260116-00148,P-0043,hover,checkout_upsell,synthetic
INT-0001534,2026-01-16T15:36:03,RCPT-20260116-00148,P-0074,view,checkout_upsell,synthetic
INT-0001535,2026-01-16T15:36:03,RCPT-20260116-00148,P-0074,click,checkout_upsell,synthetic
INT-0001536,2026-01-16T15:36:03,RCPT-20260116-00148,P-0001,view,checkout_upsell,synthetic
INT-0001537,2026-01-16T15:36:03,RCPT-20260116-00148,P-0001,hover,checkout_upsell,synthetic
INT-0001538,2026-01-16T15:36:03,RCPT-20260116-00148,P-0075,view,checkout_upsell,synthetic
INT-0001539,2026-01-16T15:36:03,RCPT-20260116-00148,P-0004,view,checkout_upsell,synthetic
INT-0001540,2026-01-16T08:59:57,RCPT-20260116-00149,P-0034,view,checkout_upsell,synthetic
INT-0001541,2026-01-16T08:59:57,RCPT-20260116-00149,P-0074,view,checkout_upsell,synthetic
INT-0001542,2026-01-16T08:59:57,RCPT-20260116-00149,P-0074,hover,checkout_upsell,synthetic
INT-0001543,2026-01-16T08:59:57,RCPT-20260116-00149,P-0060,view,checkout_upsell,synthetic
INT-0001544,2026-01-16T08:59:57,RCPT-20260116-00149,P-0060,click,checkout_upsell,synthetic
INT-0001545,2026-01-16T08:59:57,RCPT-20260116-00149,P-0001,view,checkout_upsell,synthetic
INT-0001546,2026-01-16T08:59:57,RCPT-20260116-00149,P-0001,hover,checkout_upsell,synthetic
INT-0001547,2026-01-16T08:59:57,RCPT-20260116-00149,P-0067,view,checkout_upsell,synthetic
INT-0001548,2026-01-16T08:59:57,RCPT-20260116-00149,P-0067,hover,checkout_upsell,synthetic
INT-0001549,2026-01-16T08:59:57,RCPT-20260116-00149,P-0026,view,checkout_upsell,synthetic
INT-0001550,2026-01-16T08:59:57,RCPT-20260116-00149,P-0026,click,checkout_upsell,synthetic
INT-0001551,2026-01-16T15:55:58,RCPT-20260116-00150,P-0012,view,checkout_upsell,synthetic
INT-0001552,2026-01-16T15:55:58,RCPT-20260116-00150,P-0012,hover,checkout_upsell,synthetic
INT-0001553,2026-01-16T15:55:58,RCPT-20260116-00150,P-0025,view,checkout_upsell,synthetic
INT-0001554,2026-01-16T15:55:58,RCPT-20260116-00150,P-0060,view,checkout_upsell,synthetic
INT-0001555,2026-01-16T15:55:58,RCPT-20260116-00150,P-0060,hover,checkout_upsell,synthetic
INT-0001556,2026-01-16T15:55:58,RCPT-20260116-00150,P-0035,view,checkout_upsell,synthetic
INT-0001557,2026-01-16T15:55:58,RCPT-20260116-00150,P-0035,hover,checkout_upsell,synthetic
INT-0001558,2026-01-16T15:55:58,RCPT-20260116-00150,P-0042,view,checkout_upsell,synthetic
INT-0001559,2026-01-16T15:55:58,RCPT-20260116-00150,P-0042,hover,checkout_upsell,synthetic
INT-0001560,2026-01-16T15:55:58,RCPT-20260116-00150,P-0045,view,checkout_upsell,synthetic
INT-0001561,2026-01-16T15:55:58,RCPT-20260116-00150,P-0045,hover,checkout_upsell,synthetic
INT-0001562,2026-01-16T19:14:53,RCPT-20260116-00151,P-0012,view,checkout_upsell,synthetic
INT-0001563,2026-01-16T19:14:53,RCPT-20260116-00151,P-0012,hover,checkout_upsell,synthetic
INT-0001564,2026-01-16T19:14:53,RCPT-20260116-00151,P-0076,view,checkout_upsell,synthetic
INT-0001565,2026-01-16T19:14:53,RCPT-20260116-00151,P-0076,hover,checkout_upsell,synthetic
INT-0001566,2026-01-16T19:14:53,RCPT-20260116-00151,P-0026,view,checkout_upsell,synthetic
INT-0001567,2026-01-16T19:14:53,RCPT-20260116-00151,P-0042,view,checkout_upsell,synthetic
INT-0001568,2026-01-16T19:14:53,RCPT-20260116-00151,P-0042,hover,checkout_upsell,synthetic
INT-0001569,2026-01-16T19:14:53,RCPT-20260116-00151,P-0022,view,checkout_upsell,synthetic
INT-0001570,2026-01-16T19:14:53,RCPT-20260116-00151,P-0022,hover,checkout_upsell,synthetic
INT-0001571,2026-01-16T19:14:53,RCPT-20260116-00151,P-0062,view,checkout_upsell,synthetic
INT-0001572,2026-01-16T19:14:53,RCPT-20260116-00151,P-0062,hover,checkout_upsell,synthetic
INT-0001573,2026-01-16T08:51:42,RCPT-20260116-00152,P-0015,view,checkout_upsell,synthetic
INT-0001574,2026-01-16T08:51:42,RCPT-20260116-00152,P-0006,view,checkout_upsell,synthetic
INT-0001575,2026-01-16T08:51:42,RCPT-20260116-00152,P-0037,view,checkout_upsell,synthetic
INT-0001576,2026-01-16T08:51:42,RCPT-20260116-00152,P-0037,hover,checkout_upsell,synthetic
INT-0001577,2026-01-16T08:51:42,RCPT-20260116-00152,P-0049,view,checkout_upsell,synthetic
INT-0001578,2026-01-16T08:51:42,RCPT-20260116-00152,P-0052,view,checkout_upsell,synthetic
INT-0001579,2026-01-16T08:51:42,RCPT-20260116-00152,P-0052,hover,checkout_upsell,synthetic
INT-0001580,2026-01-16T08:51:42,RCPT-20260116-00152,P-0039,view,checkout_upsell,synthetic
INT-0001581,2026-01-16T08:51:42,RCPT-20260116-00152,P-0039,hover,checkout_upsell,synthetic
INT-0001582,2026-01-16T08:25:28,RCPT-20260116-00153,P-0048,view,checkout_upsell,synthetic
INT-0001583,2026-01-16T08:25:28,RCPT-20260116-00153,P-0034,view,checkout_upsell,synthetic
INT-0001584,2026-01-16T08:25:28,RCPT-20260116-00153,P-0034,hover,checkout_upsell,synthetic
INT-0001585,2026-01-16T08:25:28,RCPT-20260116-00153,P-0027,view,checkout_upsell,synthetic
INT-0001586,2026-01-16T08:25:28,RCPT-20260116-00153,P-0027,hover,checkout_upsell,synthetic
INT-0001587,2026-01-16T08:25:28,RCPT-20260116-00153,P-0038,view,checkout_upsell,synthetic
INT-0001588,2026-01-16T08:25:28,RCPT-20260116-00153,P-0038,hover,checkout_upsell,synthetic
INT-0001589,2026-01-16T08:25:28,RCPT-20260116-00153,P-0001,view,checkout_upsell,synthetic
INT-0001590,2026-01-16T08:25:28,RCPT-20260116-00153,P-0001,hover,checkout_upsell,synthetic
INT-0001591,2026-01-16T08:25:28,RCPT-20260116-00153,P-0073,view,checkout_upsell,synthetic
INT-0001592,2026-01-17T11:26:19,RCPT-20260117-00154,P-0071,view,checkout_upsell,synthetic
INT-0001593,2026-01-17T11:26:19,RCPT-20260117-00154,P-0071,hover,checkout_upsell,synthetic
INT-0001594,2026-01-17T11:26:19,RCPT-20260117-00154,P-0001,view,checkout_upsell,synthetic
INT-0001595,2026-01-17T11:26:19,RCPT-20260117-00154,P-0066,view,checkout_upsell,synthetic
INT-0001596,2026-01-17T11:26:19,RCPT-20260117-00154,P-0066,hover,checkout_upsell,synthetic
INT-0001597,2026-01-17T11:26:19,RCPT-20260117-00154,P-0058,view,checkout_upsell,synthetic
INT-0001598,2026-01-17T11:26:19,RCPT-20260117-00154,P-0058,click,checkout_upsell,synthetic
INT-0001599,2026-01-17T11:26:19,RCPT-20260117-00154,P-0072,view,checkout_upsell,synthetic
INT-0001600,2026-01-17T11:26:19,RCPT-20260117-00154,P-0072,click,checkout_upsell,synthetic
INT-0001601,2026-01-17T11:26:19,RCPT-20260117-00154,P-0062,view,checkout_upsell,synthetic
INT-0001602,2026-01-17T10:19:24,RCPT-20260117-00155,P-0036,view,checkout_upsell,synthetic
INT-0001603,2026-01-17T10:19:24,RCPT-20260117-00155,P-0036,hover,checkout_upsell,synthetic
INT-0001604,2026-01-17T10:19:24,RCPT-20260117-00155,P-0036,click,checkout_upsell,synthetic
INT-0001605,2026-01-17T10:19:24,RCPT-20260117-00155,P-0060,view,checkout_upsell,synthetic
INT-0001606,2026-01-17T10:19:24,RCPT-20260117-00155,P-0060,hover,checkout_upsell,synthetic
INT-0001607,2026-01-17T10:19:24,RCPT-20260117-00155,P-0013,view,checkout_upsell,synthetic
INT-0001608,2026-01-17T10:19:24,RCPT-20260117-00155,P-0013,hover,checkout_upsell,synthetic
INT-0001609,2026-01-17T10:19:24,RCPT-20260117-00155,P-0066,view,checkout_upsell,synthetic
INT-0001610,2026-01-17T10:19:24,RCPT-20260117-00155,P-0066,hover,checkout_upsell,synthetic
INT-0001611,2026-01-17T10:19:24,RCPT-20260117-00155,P-0007,view,checkout_upsell,synthetic
INT-0001612,2026-01-17T10:19:24,RCPT-20260117-00155,P-0007,click,checkout_upsell,synthetic
INT-0001613,2026-01-17T10:19:24,RCPT-20260117-00155,P-0062,view,checkout_upsell,synthetic
INT-0001614,2026-01-17T10:19:24,RCPT-20260117-00155,P-0062,hover,checkout_upsell,synthetic
INT-0001615,2026-01-17T16:33:08,RCPT-20260117-00156,P-0008,view,checkout_upsell,synthetic
INT-0001616,2026-01-17T16:33:08,RCPT-20260117-00156,P-0008,hover,checkout_upsell,synthetic
INT-0001617,2026-01-17T16:33:08,RCPT-20260117-00156,P-0068,view,checkout_upsell,synthetic
INT-0001618,2026-01-17T16:33:08,RCPT-20260117-00156,P-0068,hover,checkout_upsell,synthetic
INT-0001619,2026-01-17T16:33:08,RCPT-20260117-00156,P-0028,view,checkout_upsell,synthetic
INT-0001620,2026-01-17T16:33:08,RCPT-20260117-00156,P-0019,view,checkout_upsell,synthetic
INT-0001621,2026-01-17T16:33:08,RCPT-20260117-00156,P-0019,hover,checkout_upsell,synthetic
INT-0001622,2026-01-17T16:33:08,RCPT-20260117-00156,P-0042,view,checkout_upsell,synthetic
INT-0001623,2026-01-17T16:33:08,RCPT-20260117-00156,P-0042,click,checkout_upsell,synthetic
INT-0001624,2026-01-17T16:33:08,RCPT-20260117-00156,P-0004,view,checkout_upsell,synthetic
INT-0001625,2026-01-17T14:43:38,RCPT-20260117-00157,P-0065,view,checkout_upsell,synthetic
INT-0001626,2026-01-17T14:43:38,RCPT-20260117-00157,P-0065,click,checkout_upsell,synthetic
INT-0001627,2026-01-17T14:43:38,RCPT-20260117-00157,P-0036,view,checkout_upsell,synthetic
INT-0001628,2026-01-17T14:43:38,RCPT-20260117-00157,P-0036,hover,checkout_upsell,synthetic
INT-0001629,2026-01-17T14:43:38,RCPT-20260117-00157,P-0036,click,checkout_upsell,synthetic
INT-0001630,2026-01-17T14:43:38,RCPT-20260117-00157,P-0006,view,checkout_upsell,synthetic
INT-0001631,2026-01-17T14:43:38,RCPT-20260117-00157,P-0027,view,checkout_upsell,synthetic
INT-0001632,2026-01-17T14:43:38,RCPT-20260117-00157,P-0038,view,checkout_upsell,synthetic
INT-0001633,2026-01-17T14:43:38,RCPT-20260117-00157,P-0038,hover,checkout_upsell,synthetic
INT-0001634,2026-01-17T14:43:38,RCPT-20260117-00157,P-0058,view,checkout_upsell,synthetic
INT-0001635,2026-01-17T14:43:38,RCPT-20260117-00157,P-0058,hover,checkout_upsell,synthetic
INT-0001636,2026-01-17T19:07:47,RCPT-20260117-00158,P-0048,view,checkout_upsell,synthetic
INT-0001637,2026-01-17T19:07:47,RCPT-20260117-00158,P-0048,hover,checkout_upsell,synthetic
INT-0001638,2026-01-17T19:07:47,RCPT-20260117-00158,P-0025,view,checkout_upsell,synthetic
INT-0001639,2026-01-17T19:07:47,RCPT-20260117-00158,P-0025,hover,checkout_upsell,synthetic
INT-0001640,2026-01-17T19:07:47,RCPT-20260117-00158,P-0060,view,checkout_upsell,synthetic
INT-0001641,2026-01-17T19:07:47,RCPT-20260117-00158,P-0060,hover,checkout_upsell,synthetic
INT-0001642,2026-01-17T19:07:47,RCPT-20260117-00158,P-0060,click,checkout_upsell,synthetic
INT-0001643,2026-01-17T19:07:47,RCPT-20260117-00158,P-0010,view,checkout_upsell,synthetic
INT-0001644,2026-01-17T19:07:47,RCPT-20260117-00158,P-0001,view,checkout_upsell,synthetic
INT-0001645,2026-01-17T19:07:47,RCPT-20260117-00158,P-0001,hover,checkout_upsell,synthetic
INT-0001646,2026-01-17T19:07:47,RCPT-20260117-00158,P-0032,view,checkout_upsell,synthetic
INT-0001647,2026-01-17T12:16:23,RCPT-20260117-00159,P-0036,view,checkout_upsell,synthetic
INT-0001648,2026-01-17T12:16:23,RCPT-20260117-00159,P-0009,view,checkout_upsell,synthetic
INT-0001649,2026-01-17T12:16:23,RCPT-20260117-00159,P-0009,hover,checkout_upsell,synthetic
INT-0001650,2026-01-17T12:16:23,RCPT-20260117-00159,P-0060,view,checkout_upsell,synthetic
INT-0001651,2026-01-17T12:16:23,RCPT-20260117-00159,P-0054,view,checkout_upsell,synthetic
INT-0001652,2026-01-17T12:16:23,RCPT-20260117-00159,P-0044,view,checkout_upsell,synthetic
INT-0001653,2026-01-17T12:16:23,RCPT-20260117-00159,P-0044,hover,checkout_upsell,synthetic
INT-0001654,2026-01-17T12:16:23,RCPT-20260117-00159,P-0053,view,checkout_upsell,synthetic
INT-0001655,2026-01-17T12:16:23,RCPT-20260117-00159,P-0053,hover,checkout_upsell,synthetic
INT-0001656,2026-01-17T12:16:23,RCPT-20260117-00159,P-0053,click,checkout_upsell,synthetic
INT-0001657,2026-01-17T13:26:02,RCPT-20260117-00160,P-0048,view,checkout_upsell,synthetic
INT-0001658,2026-01-17T13:26:02,RCPT-20260117-00160,P-0048,hover,checkout_upsell,synthetic
INT-0001659,2026-01-17T13:26:02,RCPT-20260117-00160,P-0065,view,checkout_upsell,synthetic
INT-0001660,2026-01-17T13:26:02,RCPT-20260117-00160,P-0065,hover,checkout_upsell,synthetic
INT-0001661,2026-01-17T13:26:02,RCPT-20260117-00160,P-0036,view,checkout_upsell,synthetic
INT-0001662,2026-01-17T13:26:02,RCPT-20260117-00160,P-0036,hover,checkout_upsell,synthetic
INT-0001663,2026-01-17T13:26:02,RCPT-20260117-00160,P-0014,view,checkout_upsell,synthetic
INT-0001664,2026-01-17T13:26:02,RCPT-20260117-00160,P-0014,click,checkout_upsell,synthetic
INT-0001665,2026-01-17T13:26:02,RCPT-20260117-00160,P-0042,view,checkout_upsell,synthetic
INT-0001666,2026-01-17T13:26:02,RCPT-20260117-00160,P-0042,hover,checkout_upsell,synthetic
INT-0001667,2026-01-17T13:26:02,RCPT-20260117-00160,P-0031,view,checkout_upsell,synthetic
INT-0001668,2026-01-17T11:24:36,RCPT-20260117-00161,P-0061,view,checkout_upsell,synthetic
INT-0001669,2026-01-17T11:24:36,RCPT-20260117-00161,P-0061,hover,checkout_upsell,synthetic
INT-0001670,2026-01-17T11:24:36,RCPT-20260117-00161,P-0030,view,checkout_upsell,synthetic
INT-0001671,2026-01-17T11:24:36,RCPT-20260117-00161,P-0006,view,checkout_upsell,synthetic
INT-0001672,2026-01-17T11:24:36,RCPT-20260117-00161,P-0006,hover,checkout_upsell,synthetic
INT-0001673,2026-01-17T11:24:36,RCPT-20260117-00161,P-0060,view,checkout_upsell,synthetic
INT-0001674,2026-01-17T11:24:36,RCPT-20260117-00161,P-0060,hover,checkout_upsell,synthetic
INT-0001675,2026-01-17T11:24:36,RCPT-20260117-00161,P-0031,view,checkout_upsell,synthetic
INT-0001676,2026-01-17T11:24:36,RCPT-20260117-00161,P-0075,view,checkout_upsell,synthetic
INT-0001677,2026-01-17T11:24:36,RCPT-20260117-00161,P-0075,hover,checkout_upsell,synthetic
INT-0001678,2026-01-17T19:34:31,RCPT-20260117-00162,P-0050,view,checkout_upsell,synthetic
INT-0001679,2026-01-17T19:34:31,RCPT-20260117-00162,P-0036,view,checkout_upsell,synthetic
INT-0001680,2026-01-17T19:34:31,RCPT-20260117-00162,P-0036,hover,checkout_upsell,synthetic
INT-0001681,2026-01-17T19:34:31,RCPT-20260117-00162,P-0060,view,checkout_upsell,synthetic
INT-0001682,2026-01-17T19:34:31,RCPT-20260117-00162,P-0060,hover,checkout_upsell,synthetic
INT-0001683,2026-01-17T19:34:31,RCPT-20260117-00162,P-0060,click,checkout_upsell,synthetic
INT-0001684,2026-01-17T19:34:31,RCPT-20260117-00162,P-0073,view,checkout_upsell,synthetic
INT-0001685,2026-01-17T19:34:31,RCPT-20260117-00162,P-0032,view,checkout_upsell,synthetic
INT-0001686,2026-01-17T19:34:31,RCPT-20260117-00162,P-0032,hover,checkout_upsell,synthetic
INT-0001687,2026-01-17T19:34:31,RCPT-20260117-00162,P-0031,view,checkout_upsell,synthetic
INT-0001688,2026-01-18T11:32:29,RCPT-20260118-00163,P-0010,view,checkout_upsell,synthetic
INT-0001689,2026-01-18T11:32:29,RCPT-20260118-00163,P-0027,view,checkout_upsell,synthetic
INT-0001690,2026-01-18T11:32:29,RCPT-20260118-00163,P-0001,view,checkout_upsell,synthetic
INT-0001691,2026-01-18T11:32:29,RCPT-20260118-00163,P-0001,hover,checkout_upsell,synthetic
INT-0001692,2026-01-18T11:32:29,RCPT-20260118-00163,P-0041,view,checkout_upsell,synthetic
INT-0001693,2026-01-18T11:32:29,RCPT-20260118-00163,P-0041,hover,checkout_upsell,synthetic
INT-0001694,2026-01-18T11:32:29,RCPT-20260118-00163,P-0047,view,checkout_upsell,synthetic
INT-0001695,2026-01-18T11:32:29,RCPT-20260118-00163,P-0047,hover,checkout_upsell,synthetic
INT-0001696,2026-01-18T11:32:29,RCPT-20260118-00163,P-0009,view,checkout_upsell,synthetic
INT-0001697,2026-01-18T11:32:29,RCPT-20260118-00163,P-0009,hover,checkout_upsell,synthetic
INT-0001698,2026-01-18T11:32:29,RCPT-20260118-00163,P-0009,click,checkout_upsell,synthetic
INT-0001699,2026-01-18T20:58:11,RCPT-20260118-00164,P-0051,view,checkout_upsell,synthetic
INT-0001700,2026-01-18T20:58:11,RCPT-20260118-00164,P-0051,hover,checkout_upsell,synthetic
INT-0001701,2026-01-18T20:58:11,RCPT-20260118-00164,P-0051,click,checkout_upsell,synthetic
INT-0001702,2026-01-18T20:58:11,RCPT-20260118-00164,P-0043,view,checkout_upsell,synthetic
INT-0001703,2026-01-18T20:58:11,RCPT-20260118-00164,P-0043,hover,checkout_upsell,synthetic
INT-0001704,2026-01-18T20:58:11,RCPT-20260118-00164,P-0074,view,checkout_upsell,synthetic
INT-0001705,2026-01-18T20:58:11,RCPT-20260118-00164,P-0074,click,checkout_upsell,synthetic
INT-0001706,2026-01-18T20:58:11,RCPT-20260118-00164,P-0046,view,checkout_upsell,synthetic
INT-0001707,2026-01-18T20:58:11,RCPT-20260118-00164,P-0046,hover,checkout_upsell,synthetic
INT-0001708,2026-01-18T20:58:11,RCPT-20260118-00164,P-0001,view,checkout_upsell,synthetic
INT-0001709,2026-01-18T20:58:11,RCPT-20260118-00164,P-0001,hover,checkout_upsell,synthetic
INT-0001710,2026-01-18T20:58:11,RCPT-20260118-00164,P-0055,view,checkout_upsell,synthetic
INT-0001711,2026-01-18T20:58:11,RCPT-20260118-00164,P-0055,hover,checkout_upsell,synthetic
INT-0001712,2026-01-18T14:29:36,RCPT-20260118-00165,P-0036,view,checkout_upsell,synthetic
INT-0001713,2026-01-18T14:29:36,RCPT-20260118-00165,P-0036,hover,checkout_upsell,synthetic
INT-0001714,2026-01-18T14:29:36,RCPT-20260118-00165,P-0006,view,checkout_upsell,synthetic
INT-0001715,2026-01-18T14:29:36,RCPT-20260118-00165,P-0006,click,checkout_upsell,synthetic
INT-0001716,2026-01-18T14:29:36,RCPT-20260118-00165,P-0054,view,checkout_upsell,synthetic
INT-0001717,2026-01-18T14:29:36,RCPT-20260118-00165,P-0054,hover,checkout_upsell,synthetic
INT-0001718,2026-01-18T14:29:36,RCPT-20260118-00165,P-0055,view,checkout_upsell,synthetic
INT-0001719,2026-01-18T14:29:36,RCPT-20260118-00165,P-0026,view,checkout_upsell,synthetic
INT-0001720,2026-01-18T14:29:36,RCPT-20260118-00165,P-0026,hover,checkout_upsell,synthetic
INT-0001721,2026-01-18T14:29:36,RCPT-20260118-00165,P-0058,view,checkout_upsell,synthetic
INT-0001722,2026-01-18T14:24:24,RCPT-20260118-00166,P-0069,view,checkout_upsell,synthetic
INT-0001723,2026-01-18T14:24:24,RCPT-20260118-00166,P-0069,hover,checkout_upsell,synthetic
INT-0001724,2026-01-18T14:24:24,RCPT-20260118-00166,P-0043,view,checkout_upsell,synthetic
INT-0001725,2026-01-18T14:24:24,RCPT-20260118-00166,P-0057,view,checkout_upsell,synthetic
INT-0001726,2026-01-18T14:24:24,RCPT-20260118-00166,P-0057,hover,checkout_upsell,synthetic
INT-0001727,2026-01-18T14:24:24,RCPT-20260118-00166,P-0075,view,checkout_upsell,synthetic
INT-0001728,2026-01-18T14:24:24,RCPT-20260118-00166,P-0075,hover,checkout_upsell,synthetic
INT-0001729,2026-01-18T14:24:24,RCPT-20260118-00166,P-0058,view,checkout_upsell,synthetic
INT-0001730,2026-01-18T14:24:24,RCPT-20260118-00166,P-0058,hover,checkout_upsell,synthetic
INT-0001731,2026-01-18T14:24:24,RCPT-20260118-00166,P-0033,view,checkout_upsell,synthetic
INT-0001732,2026-01-18T14:24:24,RCPT-20260118-00166,P-0033,hover,checkout_upsell,synthetic
INT-0001733,2026-01-18T22:33:58,RCPT-20260118-00167,P-0048,view,checkout_upsell,synthetic
INT-0001734,2026-01-18T22:33:58,RCPT-20260118-00167,P-0048,hover,checkout_upsell,synthetic
INT-0001735,2026-01-18T22:33:58,RCPT-20260118-00167,P-0040,view,checkout_upsell,synthetic
INT-0001736,2026-01-18T22:33:58,RCPT-20260118-00167,P-0040,hover,checkout_upsell,synthetic
INT-0001737,2026-01-18T22:33:58,RCPT-20260118-00167,P-0025,view,checkout_upsell,synthetic
INT-0001738,2026-01-18T22:33:58,RCPT-20260118-00167,P-0025,hover,checkout_upsell,synthetic
INT-0001739,2026-01-18T22:33:58,RCPT-20260118-00167,P-0043,view,checkout_upsell,synthetic
INT-0001740,2026-01-18T22:33:58,RCPT-20260118-00167,P-0043,hover,checkout_upsell,synthetic
INT-0001741,2026-01-18T22:33:58,RCPT-20260118-00167,P-0037,view,checkout_upsell,synthetic
INT-0001742,2026-01-18T22:33:58,RCPT-20260118-00167,P-0037,hover,checkout_upsell,synthetic
INT-0001743,2026-01-18T22:33:58,RCPT-20260118-00167,P-0075,view,checkout_upsell,synthetic
INT-0001744,2026-01-18T22:33:58,RCPT-20260118-00167,P-0075,hover,checkout_upsell,synthetic
INT-0001745,2026-01-18T21:20:01,RCPT-20260118-00168,P-0050,view,checkout_upsell,synthetic
INT-0001746,2026-01-18T21:20:01,RCPT-20260118-00168,P-0060,view,checkout_upsell,synthetic
INT-0001747,2026-01-18T21:20:01,RCPT-20260118-00168,P-0060,hover,checkout_upsell,synthetic
INT-0001748,2026-01-18T21:20:01,RCPT-20260118-00168,P-0037,view,checkout_upsell,synthetic
INT-0001749,2026-01-18T21:20:01,RCPT-20260118-00168,P-0019,view,checkout_upsell,synthetic
INT-0001750,2026-01-18T21:20:01,RCPT-20260118-00168,P-0019,hover,checkout_upsell,synthetic
INT-0001751,2026-01-18T21:20:01,RCPT-20260118-00168,P-0062,view,checkout_upsell,synthetic
INT-0001752,2026-01-18T21:20:01,RCPT-20260118-00168,P-0039,view,checkout_upsell,synthetic
INT-0001753,2026-01-18T21:20:01,RCPT-20260118-00168,P-0039,hover,checkout_upsell,synthetic
INT-0001754,2026-01-18T20:44:46,RCPT-20260118-00169,P-0074,view,checkout_upsell,synthetic
INT-0001755,2026-01-18T20:44:46,RCPT-20260118-00169,P-0074,hover,checkout_upsell,synthetic
INT-0001756,2026-01-18T20:44:46,RCPT-20260118-00169,P-0071,view,checkout_upsell,synthetic
INT-0001757,2026-01-18T20:44:46,RCPT-20260118-00169,P-0071,hover,checkout_upsell,synthetic
INT-0001758,2026-01-18T20:44:46,RCPT-20260118-00169,P-0039,view,checkout_upsell,synthetic
INT-0001759,2026-01-18T20:44:46,RCPT-20260118-00169,P-0039,hover,checkout_upsell,synthetic
INT-0001760,2026-01-18T20:44:46,RCPT-20260118-00169,P-0042,view,checkout_upsell,synthetic
INT-0001761,2026-01-18T20:44:46,RCPT-20260118-00169,P-0042,hover,checkout_upsell,synthetic
INT-0001762,2026-01-18T20:44:46,RCPT-20260118-00169,P-0076,view,checkout_upsell,synthetic
INT-0001763,2026-01-18T20:44:46,RCPT-20260118-00169,P-0076,hover,checkout_upsell,synthetic
INT-0001764,2026-01-18T20:44:46,RCPT-20260118-00169,P-0076,click,checkout_upsell,synthetic
INT-0001765,2026-01-18T20:44:46,RCPT-20260118-00169,P-0047,view,checkout_upsell,synthetic
INT-0001766,2026-01-18T20:44:46,RCPT-20260118-00169,P-0047,hover,checkout_upsell,synthetic
INT-0001767,2026-01-18T08:40:17,RCPT-20260118-00170,P-0034,view,checkout_upsell,synthetic
INT-0001768,2026-01-18T08:40:17,RCPT-20260118-00170,P-0025,view,checkout_upsell,synthetic
INT-0001769,2026-01-18T08:40:17,RCPT-20260118-00170,P-0060,view,checkout_upsell,synthetic
INT-0001770,2026-01-18T08:40:17,RCPT-20260118-00170,P-0060,hover,checkout_upsell,synthetic
INT-0001771,2026-01-18T08:40:17,RCPT-20260118-00170,P-0054,view,checkout_upsell,synthetic
INT-0001772,2026-01-18T08:40:17,RCPT-20260118-00170,P-0054,hover,checkout_upsell,synthetic
INT-0001773,2026-01-18T08:40:17,RCPT-20260118-00170,P-0002,view,checkout_upsell,synthetic
INT-0001774,2026-01-18T08:40:17,RCPT-20260118-00170,P-0053,view,checkout_upsell,synthetic
INT-0001775,2026-01-18T09:05:17,RCPT-20260118-00171,P-0008,view,checkout_upsell,synthetic
INT-0001776,2026-01-18T09:05:17,RCPT-20260118-00171,P-0008,hover,checkout_upsell,synthetic
INT-0001777,2026-01-18T09:05:17,RCPT-20260118-00171,P-0068,view,checkout_upsell,synthetic
INT-0001778,2026-01-18T09:05:17,RCPT-20260118-00171,P-0013,view,checkout_upsell,synthetic
INT-0001779,2026-01-18T09:05:17,RCPT-20260118-00171,P-0013,hover,checkout_upsell,synthetic
INT-0001780,2026-01-18T09:05:17,RCPT-20260118-00171,P-0042,view,checkout_upsell,synthetic
INT-0001781,2026-01-18T09:05:17,RCPT-20260118-00171,P-0062,view,checkout_upsell,synthetic
INT-0001782,2026-01-18T09:05:17,RCPT-20260118-00171,P-0062,hover,checkout_upsell,synthetic
INT-0001783,2026-01-18T09:05:17,RCPT-20260118-00171,P-0044,view,checkout_upsell,synthetic
INT-0001784,2026-01-18T09:05:17,RCPT-20260118-00171,P-0044,hover,checkout_upsell,synthetic
INT-0001785,2026-01-18T10:05:11,RCPT-20260118-00172,P-0034,view,checkout_upsell,synthetic
INT-0001786,2026-01-18T10:05:11,RCPT-20260118-00172,P-0034,hover,checkout_upsell,synthetic
INT-0001787,2026-01-18T10:05:11,RCPT-20260118-00172,P-0033,view,checkout_upsell,synthetic
INT-0001788,2026-01-18T10:05:11,RCPT-20260118-00172,P-0033,hover,checkout_upsell,synthetic
INT-0001789,2026-01-18T10:05:11,RCPT-20260118-00172,P-0001,view,checkout_upsell,synthetic
INT-0001790,2026-01-18T10:05:11,RCPT-20260118-00172,P-0001,hover,checkout_upsell,synthetic
INT-0001791,2026-01-18T10:05:11,RCPT-20260118-00172,P-0045,view,checkout_upsell,synthetic
INT-0001792,2026-01-18T10:05:11,RCPT-20260118-00172,P-0004,view,checkout_upsell,synthetic
INT-0001793,2026-01-18T10:05:11,RCPT-20260118-00172,P-0004,hover,checkout_upsell,synthetic
INT-0001794,2026-01-18T10:05:11,RCPT-20260118-00172,P-0009,view,checkout_upsell,synthetic
INT-0001795,2026-01-19T12:26:24,RCPT-20260119-00173,P-0051,view,checkout_upsell,synthetic
INT-0001796,2026-01-19T12:26:24,RCPT-20260119-00173,P-0051,hover,checkout_upsell,synthetic
INT-0001797,2026-01-19T12:26:24,RCPT-20260119-00173,P-0012,view,checkout_upsell,synthetic
INT-0001798,2026-01-19T12:26:24,RCPT-20260119-00173,P-0060,view,checkout_upsell,synthetic
INT-0001799,2026-01-19T12:26:24,RCPT-20260119-00173,P-0060,hover,checkout_upsell,synthetic
INT-0001800,2026-01-19T12:26:24,RCPT-20260119-00173,P-0043,view,checkout_upsell,synthetic
INT-0001801,2026-01-19T12:26:24,RCPT-20260119-00173,P-0043,hover,checkout_upsell,synthetic
INT-0001802,2026-01-19T12:26:24,RCPT-20260119-00173,P-0010,view,checkout_upsell,synthetic
INT-0001803,2026-01-19T12:26:24,RCPT-20260119-00173,P-0010,hover,checkout_upsell,synthetic
INT-0001804,2026-01-19T12:26:24,RCPT-20260119-00173,P-0010,click,checkout_upsell,synthetic
INT-0001805,2026-01-19T12:26:24,RCPT-20260119-00173,P-0045,view,checkout_upsell,synthetic
INT-0001806,2026-01-19T12:26:24,RCPT-20260119-00173,P-0045,hover,checkout_upsell,synthetic
INT-0001807,2026-01-19T12:30:50,RCPT-20260119-00174,P-0069,view,checkout_upsell,synthetic
INT-0001808,2026-01-19T12:30:50,RCPT-20260119-00174,P-0059,view,checkout_upsell,synthetic
INT-0001809,2026-01-19T12:30:50,RCPT-20260119-00174,P-0059,hover,checkout_upsell,synthetic
INT-0001810,2026-01-19T12:30:50,RCPT-20260119-00174,P-0071,view,checkout_upsell,synthetic
INT-0001811,2026-01-19T12:30:50,RCPT-20260119-00174,P-0071,hover,checkout_upsell,synthetic
INT-0001812,2026-01-19T12:30:50,RCPT-20260119-00174,P-0055,view,checkout_upsell,synthetic
INT-0001813,2026-01-19T12:30:50,RCPT-20260119-00174,P-0055,hover,checkout_upsell,synthetic
INT-0001814,2026-01-19T12:30:50,RCPT-20260119-00174,P-0024,view,checkout_upsell,synthetic
INT-0001815,2026-01-19T12:30:50,RCPT-20260119-00174,P-0024,hover,checkout_upsell,synthetic
INT-0001816,2026-01-19T12:30:50,RCPT-20260119-00174,P-0009,view,checkout_upsell,synthetic
INT-0001817,2026-01-19T12:30:50,RCPT-20260119-00174,P-0009,hover,checkout_upsell,synthetic
INT-0001818,2026-01-19T14:21:53,RCPT-20260119-00175,P-0034,view,checkout_upsell,synthetic
INT-0001819,2026-01-19T14:21:53,RCPT-20260119-00175,P-0060,view,checkout_upsell,synthetic
INT-0001820,2026-01-19T14:21:53,RCPT-20260119-00175,P-0060,hover,checkout_upsell,synthetic
INT-0001821,2026-01-19T14:21:53,RCPT-20260119-00175,P-0057,view,checkout_upsell,synthetic
INT-0001822,2026-01-19T14:21:53,RCPT-20260119-00175,P-0007,view,checkout_upsell,synthetic
INT-0001823,2026-01-19T14:21:53,RCPT-20260119-00175,P-0007,hover,checkout_upsell,synthetic
INT-0001824,2026-01-19T14:21:53,RCPT-20260119-00175,P-0007,click,checkout_upsell,synthetic
INT-0001825,2026-01-19T14:21:53,RCPT-20260119-00175,P-0018,view,checkout_upsell,synthetic
INT-0001826,2026-01-19T14:21:53,RCPT-20260119-00175,P-0018,hover,checkout_upsell,synthetic
INT-0001827,2026-01-19T14:21:53,RCPT-20260119-00175,P-0053,view,checkout_upsell,synthetic
INT-0001828,2026-01-19T19:12:30,RCPT-20260119-00176,P-0060,view,checkout_upsell,synthetic
INT-0001829,2026-01-19T19:12:30,RCPT-20260119-00176,P-0060,hover,checkout_upsell,synthetic
INT-0001830,2026-01-19T19:12:30,RCPT-20260119-00176,P-0054,view,checkout_upsell,synthetic
INT-0001831,2026-01-19T19:12:30,RCPT-20260119-00176,P-0046,view,checkout_upsell,synthetic
INT-0001832,2026-01-19T19:12:30,RCPT-20260119-00176,P-0046,hover,checkout_upsell,synthetic
INT-0001833,2026-01-19T19:12:30,RCPT-20260119-00176,P-0038,view,checkout_upsell,synthetic
INT-0001834,2026-01-19T19:12:30,RCPT-20260119-00176,P-0022,view,checkout_upsell,synthetic
INT-0001835,2026-01-19T19:12:30,RCPT-20260119-00176,P-0052,view,checkout_upsell,synthetic
INT-0001836,2026-01-19T13:07:59,RCPT-20260119-00177,P-0069,view,checkout_upsell,synthetic
INT-0001837,2026-01-19T13:07:59,RCPT-20260119-00177,P-0036,view,checkout_upsell,synthetic
INT-0001838,2026-01-19T13:07:59,RCPT-20260119-00177,P-0036,hover,checkout_upsell,synthetic
INT-0001839,2026-01-19T13:07:59,RCPT-20260119-00177,P-0006,view,checkout_upsell,synthetic
INT-0001840,2026-01-19T13:07:59,RCPT-20260119-00177,P-0046,view,checkout_upsell,synthetic
INT-0001841,2026-01-19T13:07:59,RCPT-20260119-00177,P-0046,hover,checkout_upsell,synthetic
INT-0001842,2026-01-19T13:07:59,RCPT-20260119-00177,P-0007,view,checkout_upsell,synthetic
INT-0001843,2026-01-19T13:07:59,RCPT-20260119-00177,P-0018,view,checkout_upsell,synthetic
INT-0001844,2026-01-19T18:31:08,RCPT-20260119-00178,P-0061,view,checkout_upsell,synthetic
INT-0001845,2026-01-19T18:31:08,RCPT-20260119-00178,P-0061,hover,checkout_upsell,synthetic
INT-0001846,2026-01-19T18:31:08,RCPT-20260119-00178,P-0036,view,checkout_upsell,synthetic
INT-0001847,2026-01-19T18:31:08,RCPT-20260119-00178,P-0043,view,checkout_upsell,synthetic
INT-0001848,2026-01-19T18:31:08,RCPT-20260119-00178,P-0043,hover,checkout_upsell,synthetic
INT-0001849,2026-01-19T18:31:08,RCPT-20260119-00178,P-0068,view,checkout_upsell,synthetic
INT-0001850,2026-01-19T18:31:08,RCPT-20260119-00178,P-0068,hover,checkout_upsell,synthetic
INT-0001851,2026-01-19T18:31:08,RCPT-20260119-00178,P-0005,view,checkout_upsell,synthetic
INT-0001852,2026-01-19T18:31:08,RCPT-20260119-00178,P-0064,view,checkout_upsell,synthetic
INT-0001853,2026-01-19T18:31:08,RCPT-20260119-00178,P-0064,hover,checkout_upsell,synthetic
INT-0001854,2026-01-19T16:02:50,RCPT-20260119-00179,P-0005,view,checkout_upsell,synthetic
INT-0001855,2026-01-19T16:02:50,RCPT-20260119-00179,P-0073,view,checkout_upsell,synthetic
INT-0001856,2026-01-19T16:02:50,RCPT-20260119-00179,P-0073,hover,checkout_upsell,synthetic
INT-0001857,2026-01-19T16:02:50,RCPT-20260119-00179,P-0066,view,checkout_upsell,synthetic
INT-0001858,2026-01-19T16:02:50,RCPT-20260119-00179,P-0066,hover,checkout_upsell,synthetic
INT-0001859,2026-01-19T16:02:50,RCPT-20260119-00179,P-0031,view,checkout_upsell,synthetic
INT-0001860,2026-01-19T16:02:50,RCPT-20260119-00179,P-0031,click,checkout_upsell,synthetic
INT-0001861,2026-01-19T16:02:50,RCPT-20260119-00179,P-0045,view,checkout_upsell,synthetic
INT-0001862,2026-01-19T16:02:50,RCPT-20260119-00179,P-0045,hover,checkout_upsell,synthetic
INT-0001863,2026-01-19T16:02:50,RCPT-20260119-00179,P-0052,view,checkout_upsell,synthetic
INT-0001864,2026-01-19T16:02:50,RCPT-20260119-00179,P-0052,hover,checkout_upsell,synthetic
INT-0001865,2026-01-19T18:41:25,RCPT-20260119-00180,P-0061,view,checkout_upsell,synthetic
INT-0001866,2026-01-19T18:41:25,RCPT-20260119-00180,P-0060,view,checkout_upsell,synthetic
INT-0001867,2026-01-19T18:41:25,RCPT-20260119-00180,P-0060,hover,checkout_upsell,synthetic
INT-0001868,2026-01-19T18:41:25,RCPT-20260119-00180,P-0060,click,checkout_upsell,synthetic
INT-0001869,2026-01-19T18:41:25,RCPT-20260119-00180,P-0070,view,checkout_upsell,synthetic
INT-0001870,2026-01-19T18:41:25,RCPT-20260119-00180,P-0070,hover,checkout_upsell,synthetic
INT-0001871,2026-01-19T18:41:25,RCPT-20260119-00180,P-0058,view,checkout_upsell,synthetic
INT-0001872,2026-01-19T18:41:25,RCPT-20260119-00180,P-0063,view,checkout_upsell,synthetic
INT-0001873,2026-01-19T18:41:25,RCPT-20260119-00180,P-0063,hover,checkout_upsell,synthetic
INT-0001874,2026-01-19T18:41:25,RCPT-20260119-00180,P-0009,view,checkout_upsell,synthetic
INT-0001875,2026-01-19T18:41:25,RCPT-20260119-00180,P-0009,hover,checkout_upsell,synthetic
INT-0001876,2026-01-19T17:44:32,RCPT-20260119-00181,P-0051,view,checkout_upsell,synthetic
INT-0001877,2026-01-19T17:44:32,RCPT-20260119-00181,P-0060,view,checkout_upsell,synthetic
INT-0001878,2026-01-19T17:44:32,RCPT-20260119-00181,P-0060,hover,checkout_upsell,synthetic
INT-0001879,2026-01-19T17:44:32,RCPT-20260119-00181,P-0041,view,checkout_upsell,synthetic
INT-0001880,2026-01-19T17:44:32,RCPT-20260119-00181,P-0067,view,checkout_upsell,synthetic
INT-0001881,2026-01-19T17:44:32,RCPT-20260119-00181,P-0066,view,checkout_upsell,synthetic
INT-0001882,2026-01-19T17:44:32,RCPT-20260119-00181,P-0066,hover,checkout_upsell,synthetic
INT-0001883,2026-01-19T17:44:32,RCPT-20260119-00181,P-0022,view,checkout_upsell,synthetic
INT-0001884,2026-01-19T17:44:32,RCPT-20260119-00181,P-0022,hover,checkout_upsell,synthetic
INT-0001885,2026-01-19T13:29:50,RCPT-20260119-00182,P-0030,view,checkout_upsell,synthetic
INT-0001886,2026-01-19T13:29:50,RCPT-20260119-00182,P-0030,hover,checkout_upsell,synthetic
INT-0001887,2026-01-19T13:29:50,RCPT-20260119-00182,P-0060,view,checkout_upsell,synthetic
INT-0001888,2026-01-19T13:29:50,RCPT-20260119-00182,P-0060,hover,checkout_upsell,synthetic
INT-0001889,2026-01-19T13:29:50,RCPT-20260119-00182,P-0074,view,checkout_upsell,synthetic
INT-0001890,2026-01-19T13:29:50,RCPT-20260119-00182,P-0074,hover,checkout_upsell,synthetic
INT-0001891,2026-01-19T13:29:50,RCPT-20260119-00182,P-0054,view,checkout_upsell,synthetic
INT-0001892,2026-01-19T13:29:50,RCPT-20260119-00182,P-0054,hover,checkout_upsell,synthetic
INT-0001893,2026-01-19T13:29:50,RCPT-20260119-00182,P-0067,view,checkout_upsell,synthetic
INT-0001894,2026-01-19T13:29:50,RCPT-20260119-00182,P-0067,hover,checkout_upsell,synthetic
INT-0001895,2026-01-19T13:29:50,RCPT-20260119-00182,P-0031,view,checkout_upsell,synthetic
INT-0001896,2026-01-19T13:29:50,RCPT-20260119-00182,P-0031,hover,checkout_upsell,synthetic
INT-0001897,2026-01-19T13:41:06,RCPT-20260119-00183,P-0015,view,checkout_upsell,synthetic
INT-0001898,2026-01-19T13:41:06,RCPT-20260119-00183,P-0028,view,checkout_upsell,synthetic
INT-0001899,2026-01-19T13:41:06,RCPT-20260119-00183,P-0028,hover,checkout_upsell,synthetic
INT-0001900,2026-01-19T13:41:06,RCPT-20260119-00183,P-0028,click,checkout_upsell,synthetic
INT-0001901,2026-01-19T13:41:06,RCPT-20260119-00183,P-0002,view,checkout_upsell,synthetic
INT-0001902,2026-01-19T13:41:06,RCPT-20260119-00183,P-0057,view,checkout_upsell,synthetic
INT-0001903,2026-01-19T13:41:06,RCPT-20260119-00183,P-0063,view,checkout_upsell,synthetic
INT-0001904,2026-01-19T13:41:06,RCPT-20260119-00183,P-0044,view,checkout_upsell,synthetic
INT-0001905,2026-01-20T14:01:47,RCPT-20260120-00184,P-0036,view,checkout_upsell,synthetic
INT-0001906,2026-01-20T14:01:47,RCPT-20260120-00184,P-0036,click,checkout_upsell,synthetic
INT-0001907,2026-01-20T14:01:47,RCPT-20260120-00184,P-0027,view,checkout_upsell,synthetic
INT-0001908,2026-01-20T14:01:47,RCPT-20260120-00184,P-0027,hover,checkout_upsell,synthetic
INT-0001909,2026-01-20T14:01:47,RCPT-20260120-00184,P-0010,view,checkout_upsell,synthetic
INT-0001910,2026-01-20T14:01:47,RCPT-20260120-00184,P-0046,view,checkout_upsell,synthetic
INT-0001911,2026-01-20T14:01:47,RCPT-20260120-00184,P-0046,hover,checkout_upsell,synthetic
INT-0001912,2026-01-20T14:01:47,RCPT-20260120-00184,P-0013,view,checkout_upsell,synthetic
INT-0001913,2026-01-20T14:01:47,RCPT-20260120-00184,P-0075,view,checkout_upsell,synthetic
INT-0001914,2026-01-20T14:01:47,RCPT-20260120-00184,P-0075,hover,checkout_upsell,synthetic
INT-0001915,2026-01-20T09:16:42,RCPT-20260120-00185,P-0065,view,checkout_upsell,synthetic
INT-0001916,2026-01-20T09:16:42,RCPT-20260120-00185,P-0065,click,checkout_upsell,synthetic
INT-0001917,2026-01-20T09:16:42,RCPT-20260120-00185,P-0074,view,checkout_upsell,synthetic
INT-0001918,2026-01-20T09:16:42,RCPT-20260120-00185,P-0074,hover,checkout_upsell,synthetic
INT-0001919,2026-01-20T09:16:42,RCPT-20260120-00185,P-0074,click,checkout_upsell,synthetic
INT-0001920,2026-01-20T09:16:42,RCPT-20260120-00185,P-0037,view,checkout_upsell,synthetic
INT-0001921,2026-01-20T09:16:42,RCPT-20260120-00185,P-0037,hover,checkout_upsell,synthetic
INT-0001922,2026-01-20T09:16:42,RCPT-20260120-00185,P-0037,click,checkout_upsell,synthetic
INT-0001923,2026-01-20T09:16:42,RCPT-20260120-00185,P-0046,view,checkout_upsell,synthetic
INT-0001924,2026-01-20T09:16:42,RCPT-20260120-00185,P-0019,view,checkout_upsell,synthetic
INT-0001925,2026-01-20T09:16:42,RCPT-20260120-00185,P-0019,hover,checkout_upsell,synthetic
INT-0001926,2026-01-20T09:16:42,RCPT-20260120-00185,P-0019,click,checkout_upsell,synthetic
INT-0001927,2026-01-20T09:16:42,RCPT-20260120-00185,P-0005,view,checkout_upsell,synthetic
INT-0001928,2026-01-20T09:16:42,RCPT-20260120-00185,P-0005,hover,checkout_upsell,synthetic
INT-0001929,2026-01-20T22:39:37,RCPT-20260120-00186,P-0035,view,checkout_upsell,synthetic
INT-0001930,2026-01-20T22:39:37,RCPT-20260120-00186,P-0035,hover,checkout_upsell,synthetic
INT-0001931,2026-01-20T22:39:37,RCPT-20260120-00186,P-0027,view,checkout_upsell,synthetic
INT-0001932,2026-01-20T22:39:37,RCPT-20260120-00186,P-0071,view,checkout_upsell,synthetic
INT-0001933,2026-01-20T22:39:37,RCPT-20260120-00186,P-0071,hover,checkout_upsell,synthetic
INT-0001934,2026-01-20T22:39:37,RCPT-20260120-00186,P-0038,view,checkout_upsell,synthetic
INT-0001935,2026-01-20T22:39:37,RCPT-20260120-00186,P-0038,hover,checkout_upsell,synthetic
INT-0001936,2026-01-20T22:39:37,RCPT-20260120-00186,P-0057,view,checkout_upsell,synthetic
INT-0001937,2026-01-20T22:39:37,RCPT-20260120-00186,P-0057,hover,checkout_upsell,synthetic
INT-0001938,2026-01-20T22:39:37,RCPT-20260120-00186,P-0075,view,checkout_upsell,synthetic
INT-0001939,2026-01-20T17:08:36,RCPT-20260120-00187,P-0034,view,checkout_upsell,synthetic
INT-0001940,2026-01-20T17:08:36,RCPT-20260120-00187,P-0034,hover,checkout_upsell,synthetic
INT-0001941,2026-01-20T17:08:36,RCPT-20260120-00187,P-0043,view,checkout_upsell,synthetic
INT-0001942,2026-01-20T17:08:36,RCPT-20260120-00187,P-0010,view,checkout_upsell,synthetic
INT-0001943,2026-01-20T17:08:36,RCPT-20260120-00187,P-0010,hover,checkout_upsell,synthetic
INT-0001944,2026-01-20T17:08:36,RCPT-20260120-00187,P-0054,view,checkout_upsell,synthetic
INT-0001945,2026-01-20T17:08:36,RCPT-20260120-00187,P-0054,hover,checkout_upsell,synthetic
INT-0001946,2026-01-20T17:08:36,RCPT-20260120-00187,P-0041,view,checkout_upsell,synthetic
INT-0001947,2026-01-20T17:08:36,RCPT-20260120-00187,P-0029,view,checkout_upsell,synthetic
INT-0001948,2026-01-20T08:31:08,RCPT-20260120-00188,P-0036,view,checkout_upsell,synthetic
INT-0001949,2026-01-20T08:31:08,RCPT-20260120-00188,P-0036,hover,checkout_upsell,synthetic
INT-0001950,2026-01-20T08:31:08,RCPT-20260120-00188,P-0008,view,checkout_upsell,synthetic
INT-0001951,2026-01-20T08:31:08,RCPT-20260120-00188,P-0008,hover,checkout_upsell,synthetic
INT-0001952,2026-01-20T08:31:08,RCPT-20260120-00188,P-0059,view,checkout_upsell,synthetic
INT-0001953,2026-01-20T08:31:08,RCPT-20260120-00188,P-0032,view,checkout_upsell,synthetic
INT-0001954,2026-01-20T08:31:08,RCPT-20260120-00188,P-0032,hover,checkout_upsell,synthetic
INT-0001955,2026-01-20T08:31:08,RCPT-20260120-00188,P-0058,view,checkout_upsell,synthetic
INT-0001956,2026-01-20T08:31:08,RCPT-20260120-00188,P-0072,view,checkout_upsell,synthetic
INT-0001957,2026-01-20T12:10:49,RCPT-20260120-00189,P-0036,view,checkout_upsell,synthetic
INT-0001958,2026-01-20T12:10:49,RCPT-20260120-00189,P-0050,view,checkout_upsell,synthetic
INT-0001959,2026-01-20T12:10:49,RCPT-20260120-00189,P-0050,hover,checkout_upsell,synthetic
INT-0001960,2026-01-20T12:10:49,RCPT-20260120-00189,P-0060,view,checkout_upsell,synthetic
INT-0001961,2026-01-20T12:10:49,RCPT-20260120-00189,P-0038,view,checkout_upsell,synthetic
INT-0001962,2026-01-20T12:10:49,RCPT-20260120-00189,P-0038,hover,checkout_upsell,synthetic
INT-0001963,2026-01-20T12:10:49,RCPT-20260120-00189,P-0072,view,checkout_upsell,synthetic
INT-0001964,2026-01-20T12:10:49,RCPT-20260120-00189,P-0063,view,checkout_upsell,synthetic
INT-0001965,2026-01-20T12:10:49,RCPT-20260120-00189,P-0063,hover,checkout_upsell,synthetic
INT-0001966,2026-01-20T16:13:27,RCPT-20260120-00190,P-0036,view,checkout_upsell,synthetic
INT-0001967,2026-01-20T16:13:27,RCPT-20260120-00190,P-0036,hover,checkout_upsell,synthetic
INT-0001968,2026-01-20T16:13:27,RCPT-20260120-00190,P-0050,view,checkout_upsell,synthetic
INT-0001969,2026-01-20T16:13:27,RCPT-20260120-00190,P-0050,hover,checkout_upsell,synthetic
INT-0001970,2026-01-20T16:13:27,RCPT-20260120-00190,P-0050,click,checkout_upsell,synthetic
INT-0001971,2026-01-20T16:13:27,RCPT-20260120-00190,P-0027,view,checkout_upsell,synthetic
INT-0001972,2026-01-20T16:13:27,RCPT-20260120-00190,P-0027,hover,checkout_upsell,synthetic
INT-0001973,2026-01-20T16:13:27,RCPT-20260120-00190,P-0007,view,checkout_upsell,synthetic
INT-0001974,2026-01-20T16:13:27,RCPT-20260120-00190,P-0076,view,checkout_upsell,synthetic
INT-0001975,2026-01-20T16:13:27,RCPT-20260120-00190,P-0076,hover,checkout_upsell,synthetic
INT-0001976,2026-01-20T16:13:27,RCPT-20260120-00190,P-0076,click,checkout_upsell,synthetic
INT-0001977,2026-01-20T16:13:27,RCPT-20260120-00190,P-0052,view,checkout_upsell,synthetic
INT-0001978,2026-01-20T16:13:27,RCPT-20260120-00190,P-0052,hover,checkout_upsell,synthetic
INT-0001979,2026-01-20T21:52:05,RCPT-20260120-00191,P-0034,view,checkout_upsell,synthetic
INT-0001980,2026-01-20T21:52:05,RCPT-20260120-00191,P-0034,hover,checkout_upsell,synthetic
INT-0001981,2026-01-20T21:52:05,RCPT-20260120-00191,P-0069,view,checkout_upsell,synthetic
INT-0001982,2026-01-20T21:52:05,RCPT-20260120-00191,P-0069,hover,checkout_upsell,synthetic
INT-0001983,2026-01-20T21:52:05,RCPT-20260120-00191,P-0003,view,checkout_upsell,synthetic
INT-0001984,2026-01-20T21:52:05,RCPT-20260120-00191,P-0010,view,checkout_upsell,synthetic
INT-0001985,2026-01-20T21:52:05,RCPT-20260120-00191,P-0010,hover,checkout_upsell,synthetic
INT-0001986,2026-01-20T21:52:05,RCPT-20260120-00191,P-0045,view,checkout_upsell,synthetic
INT-0001987,2026-01-20T21:52:05,RCPT-20260120-00191,P-0045,hover,checkout_upsell,synthetic
INT-0001988,2026-01-20T21:52:05,RCPT-20260120-00191,P-0017,view,checkout_upsell,synthetic
INT-0001989,2026-01-20T21:52:05,RCPT-20260120-00191,P-0017,hover,checkout_upsell,synthetic
INT-0001990,2026-01-21T21:13:51,RCPT-20260121-00192,P-0011,view,checkout_upsell,synthetic
INT-0001991,2026-01-21T21:13:51,RCPT-20260121-00192,P-0074,view,checkout_upsell,synthetic
INT-0001992,2026-01-21T21:13:51,RCPT-20260121-00192,P-0068,view,checkout_upsell,synthetic
INT-0001993,2026-01-21T21:13:51,RCPT-20260121-00192,P-0068,hover,checkout_upsell,synthetic
INT-0001994,2026-01-21T21:13:51,RCPT-20260121-00192,P-0056,view,checkout_upsell,synthetic
INT-0001995,2026-01-21T21:13:51,RCPT-20260121-00192,P-0070,view,checkout_upsell,synthetic
INT-0001996,2026-01-21T21:13:51,RCPT-20260121-00192,P-0070,hover,checkout_upsell,synthetic
INT-0001997,2026-01-21T21:13:51,RCPT-20260121-00192,P-0067,view,checkout_upsell,synthetic
INT-0001998,2026-01-21T21:13:51,RCPT-20260121-00192,P-0067,hover,checkout_upsell,synthetic
INT-0001999,2026-01-21T22:03:17,RCPT-20260121-00193,P-0060,view,checkout_upsell,synthetic
INT-0002000,2026-01-21T22:03:17,RCPT-20260121-00193,P-0060,click,checkout_upsell,synthetic
INT-0002001,2026-01-21T22:03:17,RCPT-20260121-00193,P-0066,view,checkout_upsell,synthetic
INT-0002002,2026-01-21T22:03:17,RCPT-20260121-00193,P-0066,hover,checkout_upsell,synthetic
INT-0002003,2026-01-21T22:03:17,RCPT-20260121-00193,P-0045,view,checkout_upsell,synthetic
INT-0002004,2026-01-21T22:03:17,RCPT-20260121-00193,P-0007,view,checkout_upsell,synthetic
INT-0002005,2026-01-21T22:03:17,RCPT-20260121-00193,P-0007,hover,checkout_upsell,synthetic
INT-0002006,2026-01-21T22:03:17,RCPT-20260121-00193,P-0064,view,checkout_upsell,synthetic
INT-0002007,2026-01-21T22:03:17,RCPT-20260121-00193,P-0064,hover,checkout_upsell,synthetic
INT-0002008,2026-01-21T22:03:17,RCPT-20260121-00193,P-0009,view,checkout_upsell,synthetic
INT-0002009,2026-01-21T22:03:17,RCPT-20260121-00193,P-0009,hover,checkout_upsell,synthetic
INT-0002010,2026-01-21T22:03:17,RCPT-20260121-00193,P-0009,click,checkout_upsell,synthetic
INT-0002011,2026-01-21T18:17:40,RCPT-20260121-00194,P-0034,view,checkout_upsell,synthetic
INT-0002012,2026-01-21T18:17:40,RCPT-20260121-00194,P-0034,click,checkout_upsell,synthetic
INT-0002013,2026-01-21T18:17:40,RCPT-20260121-00194,P-0050,view,checkout_upsell,synthetic
INT-0002014,2026-01-21T18:17:40,RCPT-20260121-00194,P-0021,view,checkout_upsell,synthetic
INT-0002015,2026-01-21T18:17:40,RCPT-20260121-00194,P-0041,view,checkout_upsell,synthetic
INT-0002016,2026-01-21T18:17:40,RCPT-20260121-00194,P-0007,view,checkout_upsell,synthetic
INT-0002017,2026-01-21T18:17:40,RCPT-20260121-00194,P-0007,hover,checkout_upsell,synthetic
INT-0002018,2026-01-21T18:17:40,RCPT-20260121-00194,P-0031,view,checkout_upsell,synthetic
INT-0002019,2026-01-21T15:31:20,RCPT-20260121-00195,P-0069,view,checkout_upsell,synthetic
INT-0002020,2026-01-21T15:31:20,RCPT-20260121-00195,P-0006,view,checkout_upsell,synthetic
INT-0002021,2026-01-21T15:31:20,RCPT-20260121-00195,P-0006,hover,checkout_upsell,synthetic
INT-0002022,2026-01-21T15:31:20,RCPT-20260121-00195,P-0014,view,checkout_upsell,synthetic
INT-0002023,2026-01-21T15:31:20,RCPT-20260121-00195,P-0073,view,checkout_upsell,synthetic
INT-0002024,2026-01-21T15:31:20,RCPT-20260121-00195,P-0045,view,checkout_upsell,synthetic
INT-0002025,2026-01-21T15:31:20,RCPT-20260121-00195,P-0045,hover,checkout_upsell,synthetic
INT-0002026,2026-01-21T15:31:20,RCPT-20260121-00195,P-0075,view,checkout_upsell,synthetic
INT-0002027,2026-01-21T15:31:20,RCPT-20260121-00195,P-0075,hover,checkout_upsell,synthetic
INT-0002028,2026-01-21T15:31:20,RCPT-20260121-00195,P-0075,click,checkout_upsell,synthetic
INT-0002029,2026-01-21T17:08:36,RCPT-20260121-00196,P-0059,view,checkout_upsell,synthetic
INT-0002030,2026-01-21T17:08:36,RCPT-20260121-00196,P-0059,hover,checkout_upsell,synthetic
INT-0002031,2026-01-21T17:08:36,RCPT-20260121-00196,P-0071,view,checkout_upsell,synthetic
INT-0002032,2026-01-21T17:08:36,RCPT-20260121-00196,P-0071,hover,checkout_upsell,synthetic
INT-0002033,2026-01-21T17:08:36,RCPT-20260121-00196,P-0055,view,checkout_upsell,synthetic
INT-0002034,2026-01-21T17:08:36,RCPT-20260121-00196,P-0055,click,checkout_upsell,synthetic
INT-0002035,2026-01-21T17:08:36,RCPT-20260121-00196,P-0042,view,checkout_upsell,synthetic
INT-0002036,2026-01-21T17:08:36,RCPT-20260121-00196,P-0042,click,checkout_upsell,synthetic
INT-0002037,2026-01-21T17:08:36,RCPT-20260121-00196,P-0022,view,checkout_upsell,synthetic
INT-0002038,2026-01-21T17:08:36,RCPT-20260121-00196,P-0022,hover,checkout_upsell,synthetic
INT-0002039,2026-01-21T17:08:36,RCPT-20260121-00196,P-0062,view,checkout_upsell,synthetic
INT-0002040,2026-01-21T17:08:36,RCPT-20260121-00196,P-0062,hover,checkout_upsell,synthetic
INT-0002041,2026-01-21T11:44:58,RCPT-20260121-00197,P-0034,view,checkout_upsell,synthetic
INT-0002042,2026-01-21T11:44:58,RCPT-20260121-00197,P-0034,hover,checkout_upsell,synthetic
INT-0002043,2026-01-21T11:44:58,RCPT-20260121-00197,P-0040,view,checkout_upsell,synthetic
INT-0002044,2026-01-21T11:44:58,RCPT-20260121-00197,P-0040,hover,checkout_upsell,synthetic
INT-0002045,2026-01-21T11:44:58,RCPT-20260121-00197,P-0036,view,checkout_upsell,synthetic
INT-0002046,2026-01-21T11:44:58,RCPT-20260121-00197,P-0028,view,checkout_upsell,synthetic
INT-0002047,2026-01-21T11:44:58,RCPT-20260121-00197,P-0038,view,checkout_upsell,synthetic
INT-0002048,2026-01-21T11:44:58,RCPT-20260121-00197,P-0038,hover,checkout_upsell,synthetic
INT-0002049,2026-01-21T11:44:58,RCPT-20260121-00197,P-0038,click,checkout_upsell,synthetic
INT-0002050,2026-01-21T11:44:58,RCPT-20260121-00197,P-0066,view,checkout_upsell,synthetic
INT-0002051,2026-01-21T11:44:58,RCPT-20260121-00197,P-0066,hover,checkout_upsell,synthetic
INT-0002052,2026-01-21T08:25:40,RCPT-20260121-00198,P-0012,view,checkout_upsell,synthetic
INT-0002053,2026-01-21T08:25:40,RCPT-20260121-00198,P-0012,hover,checkout_upsell,synthetic
INT-0002054,2026-01-21T08:25:40,RCPT-20260121-00198,P-0012,click,checkout_upsell,synthetic
INT-0002055,2026-01-21T08:25:40,RCPT-20260121-00198,P-0025,view,checkout_upsell,synthetic
INT-0002056,2026-01-21T08:25:40,RCPT-20260121-00198,P-0006,view,checkout_upsell,synthetic
INT-0002057,2026-01-21T08:25:40,RCPT-20260121-00198,P-0006,click,checkout_upsell,synthetic
INT-0002058,2026-01-21T08:25:40,RCPT-20260121-00198,P-0071,view,checkout_upsell,synthetic
INT-0002059,2026-01-21T08:25:40,RCPT-20260121-00198,P-0071,hover,checkout_upsell,synthetic
INT-0002060,2026-01-21T08:25:40,RCPT-20260121-00198,P-0075,view,checkout_upsell,synthetic
INT-0002061,2026-01-21T08:25:40,RCPT-20260121-00198,P-0075,hover,checkout_upsell,synthetic
INT-0002062,2026-01-21T08:25:40,RCPT-20260121-00198,P-0058,view,checkout_upsell,synthetic
INT-0002063,2026-01-21T08:25:40,RCPT-20260121-00198,P-0058,hover,checkout_upsell,synthetic
INT-0002064,2026-01-21T16:43:28,RCPT-20260121-00199,P-0051,view,checkout_upsell,synthetic
INT-0002065,2026-01-21T16:43:28,RCPT-20260121-00199,P-0011,view,checkout_upsell,synthetic
INT-0002066,2026-01-21T16:43:28,RCPT-20260121-00199,P-0011,hover,checkout_upsell,synthetic
INT-0002067,2026-01-21T16:43:28,RCPT-20260121-00199,P-0003,view,checkout_upsell,synthetic
INT-0002068,2026-01-21T16:43:28,RCPT-20260121-00199,P-0003,hover,checkout_upsell,synthetic
INT-0002069,2026-01-21T16:43:28,RCPT-20260121-00199,P-0001,view,checkout_upsell,synthetic
INT-0002070,2026-01-21T16:43:28,RCPT-20260121-00199,P-0005,view,checkout_upsell,synthetic
INT-0002071,2026-01-21T16:43:28,RCPT-20260121-00199,P-0005,hover,checkout_upsell,synthetic
INT-0002072,2026-01-21T16:43:28,RCPT-20260121-00199,P-0053,view,checkout_upsell,synthetic
INT-0002073,2026-01-21T13:23:56,RCPT-20260121-00200,P-0069,view,checkout_upsell,synthetic
INT-0002074,2026-01-21T13:23:56,RCPT-20260121-00200,P-0069,hover,checkout_upsell,synthetic
INT-0002075,2026-01-21T13:23:56,RCPT-20260121-00200,P-0021,view,checkout_upsell,synthetic
INT-0002076,2026-01-21T13:23:56,RCPT-20260121-00200,P-0055,view,checkout_upsell,synthetic
INT-0002077,2026-01-21T13:23:56,RCPT-20260121-00200,P-0067,view,checkout_upsell,synthetic
INT-0002078,2026-01-21T13:23:56,RCPT-20260121-00200,P-0067,hover,checkout_upsell,synthetic
INT-0002079,2026-01-21T13:23:56,RCPT-20260121-00200,P-0067,click,checkout_upsell,synthetic
INT-0002080,2026-01-21T13:23:56,RCPT-20260121-00200,P-0014,view,checkout_upsell,synthetic
INT-0002081,2026-01-21T13:23:56,RCPT-20260121-00200,P-0014,hover,checkout_upsell,synthetic
INT-0002082,2026-01-21T13:23:56,RCPT-20260121-00200,P-0017,view,checkout_upsell,synthetic
INT-0002083,2026-01-21T15:22:46,RCPT-20260121-00201,P-0051,view,checkout_upsell,synthetic
INT-0002084,2026-01-21T15:22:46,RCPT-20260121-00201,P-0001,view,checkout_upsell,synthetic
INT-0002085,2026-01-21T15:22:46,RCPT-20260121-00201,P-0001,hover,checkout_upsell,synthetic
INT-0002086,2026-01-21T15:22:46,RCPT-20260121-00201,P-0070,view,checkout_upsell,synthetic
INT-0002087,2026-01-21T15:22:46,RCPT-20260121-00201,P-0070,hover,checkout_upsell,synthetic
INT-0002088,2026-01-21T15:22:46,RCPT-20260121-00201,P-0005,view,checkout_upsell,synthetic
INT-0002089,2026-01-21T15:22:46,RCPT-20260121-00201,P-0005,hover,checkout_upsell,synthetic
INT-0002090,2026-01-21T15:22:46,RCPT-20260121-00201,P-0052,view,checkout_upsell,synthetic
INT-0002091,2026-01-21T15:22:46,RCPT-20260121-00201,P-0052,hover,checkout_upsell,synthetic
INT-0002092,2026-01-21T15:22:46,RCPT-20260121-00201,P-0016,view,checkout_upsell,synthetic
INT-0002093,2026-01-21T20:07:37,RCPT-20260121-00202,P-0065,view,checkout_upsell,synthetic
INT-0002094,2026-01-21T20:07:37,RCPT-20260121-00202,P-0065,hover,checkout_upsell,synthetic
INT-0002095,2026-01-21T20:07:37,RCPT-20260121-00202,P-0051,view,checkout_upsell,synthetic
INT-0002096,2026-01-21T20:07:37,RCPT-20260121-00202,P-0051,hover,checkout_upsell,synthetic
INT-0002097,2026-01-21T20:07:37,RCPT-20260121-00202,P-0006,view,checkout_upsell,synthetic
INT-0002098,2026-01-21T20:07:37,RCPT-20260121-00202,P-0006,hover,checkout_upsell,synthetic
INT-0002099,2026-01-21T20:07:37,RCPT-20260121-00202,P-0060,view,checkout_upsell,synthetic
INT-0002100,2026-01-21T20:07:37,RCPT-20260121-00202,P-0003,view,checkout_upsell,synthetic
INT-0002101,2026-01-21T20:07:37,RCPT-20260121-00202,P-0003,click,checkout_upsell,synthetic
INT-0002102,2026-01-21T20:07:37,RCPT-20260121-00202,P-0014,view,checkout_upsell,synthetic
INT-0002103,2026-01-21T20:07:37,RCPT-20260121-00202,P-0014,hover,checkout_upsell,synthetic
INT-0002104,2026-01-22T17:32:12,RCPT-20260122-00203,P-0048,view,checkout_upsell,synthetic
INT-0002105,2026-01-22T17:32:12,RCPT-20260122-00203,P-0048,hover,checkout_upsell,synthetic
INT-0002106,2026-01-22T17:32:12,RCPT-20260122-00203,P-0034,view,checkout_upsell,synthetic
INT-0002107,2026-01-22T17:32:12,RCPT-20260122-00203,P-0034,hover,checkout_upsell,synthetic
INT-0002108,2026-01-22T17:32:12,RCPT-20260122-00203,P-0025,view,checkout_upsell,synthetic
INT-0002109,2026-01-22T17:32:12,RCPT-20260122-00203,P-0025,hover,checkout_upsell,synthetic
INT-0002110,2026-01-22T17:32:12,RCPT-20260122-00203,P-0056,view,checkout_upsell,synthetic
INT-0002111,2026-01-22T17:32:12,RCPT-20260122-00203,P-0041,view,checkout_upsell,synthetic
INT-0002112,2026-01-22T17:32:12,RCPT-20260122-00203,P-0041,hover,checkout_upsell,synthetic
INT-0002113,2026-01-22T17:32:12,RCPT-20260122-00203,P-0009,view,checkout_upsell,synthetic
INT-0002114,2026-01-22T13:59:20,RCPT-20260122-00204,P-0005,view,checkout_upsell,synthetic
INT-0002115,2026-01-22T13:59:20,RCPT-20260122-00204,P-0017,view,checkout_upsell,synthetic
INT-0002116,2026-01-22T13:59:20,RCPT-20260122-00204,P-0004,view,checkout_upsell,synthetic
INT-0002117,2026-01-22T13:59:20,RCPT-20260122-00204,P-0004,hover,checkout_upsell,synthetic
INT-0002118,2026-01-22T13:59:20,RCPT-20260122-00204,P-0049,view,checkout_upsell,synthetic
INT-0002119,2026-01-22T13:59:20,RCPT-20260122-00204,P-0049,hover,checkout_upsell,synthetic
INT-0002120,2026-01-22T13:59:20,RCPT-20260122-00204,P-0052,view,checkout_upsell,synthetic
INT-0002121,2026-01-22T13:59:20,RCPT-20260122-00204,P-0047,view,checkout_upsell,synthetic
INT-0002122,2026-01-22T13:59:20,RCPT-20260122-00204,P-0047,hover,checkout_upsell,synthetic
INT-0002123,2026-01-22T13:59:20,RCPT-20260122-00204,P-0047,click,checkout_upsell,synthetic
INT-0002124,2026-01-22T08:50:25,RCPT-20260122-00205,P-0065,view,checkout_upsell,synthetic
INT-0002125,2026-01-22T08:50:25,RCPT-20260122-00205,P-0037,view,checkout_upsell,synthetic
INT-0002126,2026-01-22T08:50:25,RCPT-20260122-00205,P-0037,hover,checkout_upsell,synthetic
INT-0002127,2026-01-22T08:50:25,RCPT-20260122-00205,P-0013,view,checkout_upsell,synthetic
INT-0002128,2026-01-22T08:50:25,RCPT-20260122-00205,P-0013,hover,checkout_upsell,synthetic
INT-0002129,2026-01-22T08:50:25,RCPT-20260122-00205,P-0057,view,checkout_upsell,synthetic
INT-0002130,2026-01-22T08:50:25,RCPT-20260122-00205,P-0031,view,checkout_upsell,synthetic
INT-0002131,2026-01-22T08:50:25,RCPT-20260122-00205,P-0018,view,checkout_upsell,synthetic
INT-0002132,2026-01-22T08:50:25,RCPT-20260122-00205,P-0018,hover,checkout_upsell,synthetic
INT-0002133,2026-01-22T22:13:51,RCPT-20260122-00206,P-0069,view,checkout_upsell,synthetic
INT-0002134,2026-01-22T22:13:51,RCPT-20260122-00206,P-0069,hover,checkout_upsell,synthetic
INT-0002135,2026-01-22T22:13:51,RCPT-20260122-00206,P-0043,view,checkout_upsell,synthetic
INT-0002136,2026-01-22T22:13:51,RCPT-20260122-00206,P-0037,view,checkout_upsell,synthetic
INT-0002137,2026-01-22T22:13:51,RCPT-20260122-00206,P-0037,hover,checkout_upsell,synthetic
INT-0002138,2026-01-22T22:13:51,RCPT-20260122-00206,P-0055,view,checkout_upsell,synthetic
INT-0002139,2026-01-22T22:13:51,RCPT-20260122-00206,P-0055,hover,checkout_upsell,synthetic
INT-0002140,2026-01-22T22:13:51,RCPT-20260122-00206,P-0076,view,checkout_upsell,synthetic
INT-0002141,2026-01-22T22:13:51,RCPT-20260122-00206,P-0076,hover,checkout_upsell,synthetic
INT-0002142,2026-01-22T22:13:51,RCPT-20260122-00206,P-0072,view,checkout_upsell,synthetic
INT-0002143,2026-01-22T08:15:05,RCPT-20260122-00207,P-0043,view,checkout_upsell,synthetic
INT-0002144,2026-01-22T08:15:05,RCPT-20260122-00207,P-0043,hover,checkout_upsell,synthetic
INT-0002145,2026-01-22T08:15:05,RCPT-20260122-00207,P-0027,view,checkout_upsell,synthetic
INT-0002146,2026-01-22T08:15:05,RCPT-20260122-00207,P-0027,hover,checkout_upsell,synthetic
INT-0002147,2026-01-22T08:15:05,RCPT-20260122-00207,P-0055,view,checkout_upsell,synthetic
INT-0002148,2026-01-22T08:15:05,RCPT-20260122-00207,P-0005,view,checkout_upsell,synthetic
INT-0002149,2026-01-22T08:15:05,RCPT-20260122-00207,P-0005,hover,checkout_upsell,synthetic
INT-0002150,2026-01-22T08:15:05,RCPT-20260122-00207,P-0005,click,checkout_upsell,synthetic
INT-0002151,2026-01-22T08:15:05,RCPT-20260122-00207,P-0058,view,checkout_upsell,synthetic
INT-0002152,2026-01-22T08:15:05,RCPT-20260122-00207,P-0058,hover,checkout_upsell,synthetic
INT-0002153,2026-01-22T08:15:05,RCPT-20260122-00207,P-0044,view,checkout_upsell,synthetic
INT-0002154,2026-01-22T08:15:05,RCPT-20260122-00207,P-0044,hover,checkout_upsell,synthetic
INT-0002155,2026-01-22T16:33:50,RCPT-20260122-00208,P-0010,view,checkout_upsell,synthetic
INT-0002156,2026-01-22T16:33:50,RCPT-20260122-00208,P-0010,hover,checkout_upsell,synthetic
INT-0002157,2026-01-22T16:33:50,RCPT-20260122-00208,P-0041,view,checkout_upsell,synthetic
INT-0002158,2026-01-22T16:33:50,RCPT-20260122-00208,P-0057,view,checkout_upsell,synthetic
INT-0002159,2026-01-22T16:33:50,RCPT-20260122-00208,P-0057,hover,checkout_upsell,synthetic
INT-0002160,2026-01-22T16:33:50,RCPT-20260122-00208,P-0005,view,checkout_upsell,synthetic
INT-0002161,2026-01-22T16:33:50,RCPT-20260122-00208,P-0005,hover,checkout_upsell,synthetic
INT-0002162,2026-01-22T16:33:50,RCPT-20260122-00208,P-0007,view,checkout_upsell,synthetic
INT-0002163,2026-01-22T16:33:50,RCPT-20260122-00208,P-0042,view,checkout_upsell,synthetic
INT-0002164,2026-01-22T15:29:32,RCPT-20260122-00209,P-0036,view,checkout_upsell,synthetic
INT-0002165,2026-01-22T15:29:32,RCPT-20260122-00209,P-0036,click,checkout_upsell,synthetic
INT-0002166,2026-01-22T15:29:32,RCPT-20260122-00209,P-0050,view,checkout_upsell,synthetic
INT-0002167,2026-01-22T15:29:32,RCPT-20260122-00209,P-0050,hover,checkout_upsell,synthetic
INT-0002168,2026-01-22T15:29:32,RCPT-20260122-00209,P-0050,click,checkout_upsell,synthetic
INT-0002169,2026-01-22T15:29:32,RCPT-20260122-00209,P-0008,view,checkout_upsell,synthetic
INT-0002170,2026-01-22T15:29:32,RCPT-20260122-00209,P-0008,hover,checkout_upsell,synthetic
INT-0002171,2026-01-22T15:29:32,RCPT-20260122-00209,P-0068,view,checkout_upsell,synthetic
INT-0002172,2026-01-22T15:29:32,RCPT-20260122-00209,P-0068,hover,checkout_upsell,synthetic
INT-0002173,2026-01-22T15:29:32,RCPT-20260122-00209,P-0066,view,checkout_upsell,synthetic
INT-0002174,2026-01-22T15:29:32,RCPT-20260122-00209,P-0066,hover,checkout_upsell,synthetic
INT-0002175,2026-01-22T15:29:32,RCPT-20260122-00209,P-0016,view,checkout_upsell,synthetic
INT-0002176,2026-01-22T15:29:32,RCPT-20260122-00209,P-0016,hover,checkout_upsell,synthetic
INT-0002177,2026-01-22T15:23:24,RCPT-20260122-00210,P-0040,view,checkout_upsell,synthetic
INT-0002178,2026-01-22T15:23:24,RCPT-20260122-00210,P-0040,hover,checkout_upsell,synthetic
INT-0002179,2026-01-22T15:23:24,RCPT-20260122-00210,P-0036,view,checkout_upsell,synthetic
INT-0002180,2026-01-22T15:23:24,RCPT-20260122-00210,P-0037,view,checkout_upsell,synthetic
INT-0002181,2026-01-22T15:23:24,RCPT-20260122-00210,P-0026,view,checkout_upsell,synthetic
INT-0002182,2026-01-22T15:23:24,RCPT-20260122-00210,P-0026,hover,checkout_upsell,synthetic
INT-0002183,2026-01-22T15:23:24,RCPT-20260122-00210,P-0075,view,checkout_upsell,synthetic
INT-0002184,2026-01-22T15:23:24,RCPT-20260122-00210,P-0075,hover,checkout_upsell,synthetic
INT-0002185,2026-01-22T15:23:24,RCPT-20260122-00210,P-0072,view,checkout_upsell,synthetic
INT-0002186,2026-01-22T15:23:24,RCPT-20260122-00210,P-0072,hover,checkout_upsell,synthetic
INT-0002187,2026-01-22T20:33:02,RCPT-20260122-00211,P-0040,view,checkout_upsell,synthetic
INT-0002188,2026-01-22T20:33:02,RCPT-20260122-00211,P-0040,hover,checkout_upsell,synthetic
INT-0002189,2026-01-22T20:33:02,RCPT-20260122-00211,P-0037,view,checkout_upsell,synthetic
INT-0002190,2026-01-22T20:33:02,RCPT-20260122-00211,P-0055,view,checkout_upsell,synthetic
INT-0002191,2026-01-22T20:33:02,RCPT-20260122-00211,P-0026,view,checkout_upsell,synthetic
INT-0002192,2026-01-22T20:33:02,RCPT-20260122-00211,P-0045,view,checkout_upsell,synthetic
INT-0002193,2026-01-22T20:33:02,RCPT-20260122-00211,P-0045,hover,checkout_upsell,synthetic
INT-0002194,2026-01-22T20:33:02,RCPT-20260122-00211,P-0031,view,checkout_upsell,synthetic
INT-0002195,2026-01-22T20:33:02,RCPT-20260122-00211,P-0031,hover,checkout_upsell,synthetic
INT-0002196,2026-01-22T19:39:15,RCPT-20260122-00212,P-0061,view,checkout_upsell,synthetic
INT-0002197,2026-01-22T19:39:15,RCPT-20260122-00212,P-0061,hover,checkout_upsell,synthetic
INT-0002198,2026-01-22T19:39:15,RCPT-20260122-00212,P-0012,view,checkout_upsell,synthetic
INT-0002199,2026-01-22T19:39:15,RCPT-20260122-00212,P-0012,hover,checkout_upsell,synthetic
INT-0002200,2026-01-22T19:39:15,RCPT-20260122-00212,P-0038,view,checkout_upsell,synthetic
INT-0002201,2026-01-22T19:39:15,RCPT-20260122-00212,P-0031,view,checkout_upsell,synthetic
INT-0002202,2026-01-22T19:39:15,RCPT-20260122-00212,P-0031,hover,checkout_upsell,synthetic
INT-0002203,2026-01-22T19:39:15,RCPT-20260122-00212,P-0076,view,checkout_upsell,synthetic
INT-0002204,2026-01-22T19:39:15,RCPT-20260122-00212,P-0076,click,checkout_upsell,synthetic
INT-0002205,2026-01-22T19:39:15,RCPT-20260122-00212,P-0052,view,checkout_upsell,synthetic
INT-0002206,2026-01-22T19:39:15,RCPT-20260122-00212,P-0052,click,checkout_upsell,synthetic
INT-0002207,2026-01-22T20:42:24,RCPT-20260122-00213,P-0034,view,checkout_upsell,synthetic
INT-0002208,2026-01-22T20:42:24,RCPT-20260122-00213,P-0011,view,checkout_upsell,synthetic
INT-0002209,2026-01-22T20:42:24,RCPT-20260122-00213,P-0011,hover,checkout_upsell,synthetic
INT-0002210,2026-01-22T20:42:24,RCPT-20260122-00213,P-0071,view,checkout_upsell,synthetic
INT-0002211,2026-01-22T20:42:24,RCPT-20260122-00213,P-0055,view,checkout_upsell,synthetic
INT-0002212,2026-01-22T20:42:24,RCPT-20260122-00213,P-0055,hover,checkout_upsell,synthetic
INT-0002213,2026-01-22T20:42:24,RCPT-20260122-00213,P-0055,click,checkout_upsell,synthetic
INT-0002214,2026-01-22T20:42:24,RCPT-20260122-00213,P-0072,view,checkout_upsell,synthetic
INT-0002215,2026-01-22T20:42:24,RCPT-20260122-00213,P-0024,view,checkout_upsell,synthetic
INT-0002216,2026-01-22T20:42:24,RCPT-20260122-00213,P-0024,hover,checkout_upsell,synthetic
INT-0002217,2026-01-23T22:14:57,RCPT-20260123-00214,P-0065,view,checkout_upsell,synthetic
INT-0002218,2026-01-23T22:14:57,RCPT-20260123-00214,P-0065,hover,checkout_upsell,synthetic
INT-0002219,2026-01-23T22:14:57,RCPT-20260123-00214,P-0056,view,checkout_upsell,synthetic
INT-0002220,2026-01-23T22:14:57,RCPT-20260123-00214,P-0056,hover,checkout_upsell,synthetic
INT-0002221,2026-01-23T22:14:57,RCPT-20260123-00214,P-0010,view,checkout_upsell,synthetic
INT-0002222,2026-01-23T22:14:57,RCPT-20260123-00214,P-0010,hover,checkout_upsell,synthetic
INT-0002223,2026-01-23T22:14:57,RCPT-20260123-00214,P-0019,view,checkout_upsell,synthetic
INT-0002224,2026-01-23T22:14:57,RCPT-20260123-00214,P-0019,hover,checkout_upsell,synthetic
INT-0002225,2026-01-23T22:14:57,RCPT-20260123-00214,P-0073,view,checkout_upsell,synthetic
INT-0002226,2026-01-23T22:14:57,RCPT-20260123-00214,P-0073,click,checkout_upsell,synthetic
INT-0002227,2026-01-23T22:14:57,RCPT-20260123-00214,P-0026,view,checkout_upsell,synthetic
INT-0002228,2026-01-23T22:14:57,RCPT-20260123-00214,P-0026,hover,checkout_upsell,synthetic
INT-0002229,2026-01-23T22:14:57,RCPT-20260123-00214,P-0026,click,checkout_upsell,synthetic
INT-0002230,2026-01-23T11:18:16,RCPT-20260123-00215,P-0025,view,checkout_upsell,synthetic
INT-0002231,2026-01-23T11:18:16,RCPT-20260123-00215,P-0025,hover,checkout_upsell,synthetic
INT-0002232,2026-01-23T11:18:16,RCPT-20260123-00215,P-0008,view,checkout_upsell,synthetic
INT-0002233,2026-01-23T11:18:16,RCPT-20260123-00215,P-0008,hover,checkout_upsell,synthetic
INT-0002234,2026-01-23T11:18:16,RCPT-20260123-00215,P-0056,view,checkout_upsell,synthetic
INT-0002235,2026-01-23T11:18:16,RCPT-20260123-00215,P-0056,hover,checkout_upsell,synthetic
INT-0002236,2026-01-23T11:18:16,RCPT-20260123-00215,P-0013,view,checkout_upsell,synthetic
INT-0002237,2026-01-23T11:18:16,RCPT-20260123-00215,P-0013,hover,checkout_upsell,synthetic
INT-0002238,2026-01-23T11:18:16,RCPT-20260123-00215,P-0020,view,checkout_upsell,synthetic
INT-0002239,2026-01-23T11:18:16,RCPT-20260123-00215,P-0070,view,checkout_upsell,synthetic
INT-0002240,2026-01-23T11:18:16,RCPT-20260123-00215,P-0070,hover,checkout_upsell,synthetic
INT-0002241,2026-01-23T14:07:34,RCPT-20260123-00216,P-0043,view,checkout_upsell,synthetic
INT-0002242,2026-01-23T14:07:34,RCPT-20260123-00216,P-0043,hover,checkout_upsell,synthetic
INT-0002243,2026-01-23T14:07:34,RCPT-20260123-00216,P-0059,view,checkout_upsell,synthetic
INT-0002244,2026-01-23T14:07:34,RCPT-20260123-00216,P-0023,view,checkout_upsell,synthetic
INT-0002245,2026-01-23T14:07:34,RCPT-20260123-00216,P-0023,hover,checkout_upsell,synthetic
INT-0002246,2026-01-23T14:07:34,RCPT-20260123-00216,P-0005,view,checkout_upsell,synthetic
INT-0002247,2026-01-23T14:07:34,RCPT-20260123-00216,P-0005,hover,checkout_upsell,synthetic
INT-0002248,2026-01-23T14:07:34,RCPT-20260123-00216,P-0075,view,checkout_upsell,synthetic
INT-0002249,2026-01-23T14:07:34,RCPT-20260123-00216,P-0039,view,checkout_upsell,synthetic
INT-0002250,2026-01-23T14:07:34,RCPT-20260123-00216,P-0039,hover,checkout_upsell,synthetic
INT-0002251,2026-01-23T14:07:34,RCPT-20260123-00216,P-0039,click,checkout_upsell,synthetic
INT-0002252,2026-01-23T16:03:43,RCPT-20260123-00217,P-0036,view,checkout_upsell,synthetic
INT-0002253,2026-01-23T16:03:43,RCPT-20260123-00217,P-0035,view,checkout_upsell,synthetic
INT-0002254,2026-01-23T16:03:43,RCPT-20260123-00217,P-0035,hover,checkout_upsell,synthetic
INT-0002255,2026-01-23T16:03:43,RCPT-20260123-00217,P-0035,click,checkout_upsell,synthetic
INT-0002256,2026-01-23T16:03:43,RCPT-20260123-00217,P-0024,view,checkout_upsell,synthetic
INT-0002257,2026-01-23T16:03:43,RCPT-20260123-00217,P-0024,hover,checkout_upsell,synthetic
INT-0002258,2026-01-23T16:03:43,RCPT-20260123-00217,P-0054,view,checkout_upsell,synthetic
INT-0002259,2026-01-23T16:03:43,RCPT-20260123-00217,P-0054,hover,checkout_upsell,synthetic
INT-0002260,2026-01-23T16:03:43,RCPT-20260123-00217,P-0058,view,checkout_upsell,synthetic
INT-0002261,2026-01-23T16:03:43,RCPT-20260123-00217,P-0058,hover,checkout_upsell,synthetic
INT-0002262,2026-01-23T16:03:43,RCPT-20260123-00217,P-0047,view,checkout_upsell,synthetic
INT-0002263,2026-01-23T16:03:43,RCPT-20260123-00217,P-0047,hover,checkout_upsell,synthetic
INT-0002264,2026-01-23T09:00:03,RCPT-20260123-00218,P-0008,view,checkout_upsell,synthetic
INT-0002265,2026-01-23T09:00:03,RCPT-20260123-00218,P-0008,hover,checkout_upsell,synthetic
INT-0002266,2026-01-23T09:00:03,RCPT-20260123-00218,P-0015,view,checkout_upsell,synthetic
INT-0002267,2026-01-23T09:00:03,RCPT-20260123-00218,P-0015,hover,checkout_upsell,synthetic
INT-0002268,2026-01-23T09:00:03,RCPT-20260123-00218,P-0023,view,checkout_upsell,synthetic
INT-0002269,2026-01-23T09:00:03,RCPT-20260123-00218,P-0023,hover,checkout_upsell,synthetic
INT-0002270,2026-01-23T09:00:03,RCPT-20260123-00218,P-0073,view,checkout_upsell,synthetic
INT-0002271,2026-01-23T09:00:03,RCPT-20260123-00218,P-0073,hover,checkout_upsell,synthetic
INT-0002272,2026-01-23T09:00:03,RCPT-20260123-00218,P-0007,view,checkout_upsell,synthetic
INT-0002273,2026-01-23T09:00:03,RCPT-20260123-00218,P-0024,view,checkout_upsell,synthetic
INT-0002274,2026-01-23T09:00:03,RCPT-20260123-00218,P-0024,hover,checkout_upsell,synthetic
INT-0002275,2026-01-23T18:28:51,RCPT-20260123-00219,P-0036,view,checkout_upsell,synthetic
INT-0002276,2026-01-23T18:28:51,RCPT-20260123-00219,P-0036,hover,checkout_upsell,synthetic
INT-0002277,2026-01-23T18:28:51,RCPT-20260123-00219,P-0037,view,checkout_upsell,synthetic
INT-0002278,2026-01-23T18:28:51,RCPT-20260123-00219,P-0032,view,checkout_upsell,synthetic
INT-0002279,2026-01-23T18:28:51,RCPT-20260123-00219,P-0032,hover,checkout_upsell,synthetic
INT-0002280,2026-01-23T18:28:51,RCPT-20260123-00219,P-0049,view,checkout_upsell,synthetic
INT-0002281,2026-01-23T18:28:51,RCPT-20260123-00219,P-0049,hover,checkout_upsell,synthetic
INT-0002282,2026-01-23T18:28:51,RCPT-20260123-00219,P-0039,view,checkout_upsell,synthetic
INT-0002283,2026-01-23T18:28:51,RCPT-20260123-00219,P-0044,view,checkout_upsell,synthetic
INT-0002284,2026-01-23T18:27:11,RCPT-20260123-00220,P-0069,view,checkout_upsell,synthetic
INT-0002285,2026-01-23T18:27:11,RCPT-20260123-00220,P-0069,hover,checkout_upsell,synthetic
INT-0002286,2026-01-23T18:27:11,RCPT-20260123-00220,P-0060,view,checkout_upsell,synthetic
INT-0002287,2026-01-23T18:27:11,RCPT-20260123-00220,P-0060,hover,checkout_upsell,synthetic
INT-0002288,2026-01-23T18:27:11,RCPT-20260123-00220,P-0043,view,checkout_upsell,synthetic
INT-0002289,2026-01-23T18:27:11,RCPT-20260123-00220,P-0043,hover,checkout_upsell,synthetic
INT-0002290,2026-01-23T18:27:11,RCPT-20260123-00220,P-0019,view,checkout_upsell,synthetic
INT-0002291,2026-01-23T18:27:11,RCPT-20260123-00220,P-0019,hover,checkout_upsell,synthetic
INT-0002292,2026-01-23T18:27:11,RCPT-20260123-00220,P-0053,view,checkout_upsell,synthetic
INT-0002293,2026-01-23T18:27:11,RCPT-20260123-00220,P-0009,view,checkout_upsell,synthetic
INT-0002294,2026-01-23T18:27:11,RCPT-20260123-00220,P-0009,click,checkout_upsell,synthetic
INT-0002295,2026-01-23T14:56:35,RCPT-20260123-00221,P-0012,view,checkout_upsell,synthetic
INT-0002296,2026-01-23T14:56:35,RCPT-20260123-00221,P-0036,view,checkout_upsell,synthetic
INT-0002297,2026-01-23T14:56:35,RCPT-20260123-00221,P-0030,view,checkout_upsell,synthetic
INT-0002298,2026-01-23T14:56:35,RCPT-20260123-00221,P-0003,view,checkout_upsell,synthetic
INT-0002299,2026-01-23T14:56:35,RCPT-20260123-00221,P-0003,click,checkout_upsell,synthetic
INT-0002300,2026-01-23T14:56:35,RCPT-20260123-00221,P-0052,view,checkout_upsell,synthetic
INT-0002301,2026-01-23T14:56:35,RCPT-20260123-00221,P-0052,hover,checkout_upsell,synthetic
INT-0002302,2026-01-23T14:56:35,RCPT-20260123-00221,P-0044,view,checkout_upsell,synthetic
INT-0002303,2026-01-23T17:32:20,RCPT-20260123-00222,P-0051,view,checkout_upsell,synthetic
INT-0002304,2026-01-23T17:32:20,RCPT-20260123-00222,P-0060,view,checkout_upsell,synthetic
INT-0002305,2026-01-23T17:32:20,RCPT-20260123-00222,P-0060,hover,checkout_upsell,synthetic
INT-0002306,2026-01-23T17:32:20,RCPT-20260123-00222,P-0068,view,checkout_upsell,synthetic
INT-0002307,2026-01-23T17:32:20,RCPT-20260123-00222,P-0068,hover,checkout_upsell,synthetic
INT-0002308,2026-01-23T17:32:20,RCPT-20260123-00222,P-0068,click,checkout_upsell,synthetic
INT-0002309,2026-01-23T17:32:20,RCPT-20260123-00222,P-0066,view,checkout_upsell,synthetic
INT-0002310,2026-01-23T17:32:20,RCPT-20260123-00222,P-0066,hover,checkout_upsell,synthetic
INT-0002311,2026-01-23T17:32:20,RCPT-20260123-00222,P-0072,view,checkout_upsell,synthetic
INT-0002312,2026-01-23T17:32:20,RCPT-20260123-00222,P-0072,click,checkout_upsell,synthetic
INT-0002313,2026-01-23T17:32:20,RCPT-20260123-00222,P-0062,view,checkout_upsell,synthetic
INT-0002314,2026-01-24T10:06:15,RCPT-20260124-00223,P-0067,view,checkout_upsell,synthetic
INT-0002315,2026-01-24T10:06:15,RCPT-20260124-00223,P-0026,view,checkout_upsell,synthetic
INT-0002316,2026-01-24T10:06:15,RCPT-20260124-00223,P-0026,hover,checkout_upsell,synthetic
INT-0002317,2026-01-24T10:06:15,RCPT-20260124-00223,P-0073,view,checkout_upsell,synthetic
INT-0002318,2026-01-24T10:06:15,RCPT-20260124-00223,P-0058,view,checkout_upsell,synthetic
INT-0002319,2026-01-24T10:06:15,RCPT-20260124-00223,P-0058,hover,checkout_upsell,synthetic
INT-0002320,2026-01-24T10:06:15,RCPT-20260124-00223,P-0004,view,checkout_upsell,synthetic
INT-0002321,2026-01-24T10:06:15,RCPT-20260124-00223,P-0004,click,checkout_upsell,synthetic
INT-0002322,2026-01-24T10:06:15,RCPT-20260124-00223,P-0072,view,checkout_upsell,synthetic
INT-0002323,2026-01-24T10:06:15,RCPT-20260124-00223,P-0072,hover,checkout_upsell,synthetic
INT-0002324,2026-01-24T10:06:15,RCPT-20260124-00223,P-0072,click,checkout_upsell,synthetic
INT-0002325,2026-01-24T17:20:51,RCPT-20260124-00224,P-0061,view,checkout_upsell,synthetic
INT-0002326,2026-01-24T17:20:51,RCPT-20260124-00224,P-0061,hover,checkout_upsell,synthetic
INT-0002327,2026-01-24T17:20:51,RCPT-20260124-00224,P-0012,view,checkout_upsell,synthetic
INT-0002328,2026-01-24T17:20:51,RCPT-20260124-00224,P-0012,hover,checkout_upsell,synthetic
INT-0002329,2026-01-24T17:20:51,RCPT-20260124-00224,P-0013,view,checkout_upsell,synthetic
INT-0002330,2026-01-24T17:20:51,RCPT-20260124-00224,P-0013,hover,checkout_upsell,synthetic
INT-0002331,2026-01-24T17:20:51,RCPT-20260124-00224,P-0067,view,checkout_upsell,synthetic
INT-0002332,2026-01-24T17:20:51,RCPT-20260124-00224,P-0067,hover,checkout_upsell,synthetic
INT-0002333,2026-01-24T17:20:51,RCPT-20260124-00224,P-0024,view,checkout_upsell,synthetic
INT-0002334,2026-01-24T17:20:51,RCPT-20260124-00224,P-0016,view,checkout_upsell,synthetic
INT-0002335,2026-01-24T11:38:14,RCPT-20260124-00225,P-0074,view,checkout_upsell,synthetic
INT-0002336,2026-01-24T11:38:14,RCPT-20260124-00225,P-0074,hover,checkout_upsell,synthetic
INT-0002337,2026-01-24T11:38:14,RCPT-20260124-00225,P-0074,click,checkout_upsell,synthetic
INT-0002338,2026-01-24T11:38:14,RCPT-20260124-00225,P-0068,view,checkout_upsell,synthetic
INT-0002339,2026-01-24T11:38:14,RCPT-20260124-00225,P-0023,view,checkout_upsell,synthetic
INT-0002340,2026-01-24T11:38:14,RCPT-20260124-00225,P-0023,hover,checkout_upsell,synthetic
INT-0002341,2026-01-24T11:38:14,RCPT-20260124-00225,P-0073,view,checkout_upsell,synthetic
INT-0002342,2026-01-24T11:38:14,RCPT-20260124-00225,P-0073,hover,checkout_upsell,synthetic
INT-0002343,2026-01-24T11:38:14,RCPT-20260124-00225,P-0066,view,checkout_upsell,synthetic
INT-0002344,2026-01-24T11:38:14,RCPT-20260124-00225,P-0066,click,checkout_upsell,synthetic
INT-0002345,2026-01-24T11:38:14,RCPT-20260124-00225,P-0058,view,checkout_upsell,synthetic
INT-0002346,2026-01-24T20:07:54,RCPT-20260124-00226,P-0003,view,checkout_upsell,synthetic
INT-0002347,2026-01-24T20:07:54,RCPT-20260124-00226,P-0003,hover,checkout_upsell,synthetic
INT-0002348,2026-01-24T20:07:54,RCPT-20260124-00226,P-0024,view,checkout_upsell,synthetic
INT-0002349,2026-01-24T20:07:54,RCPT-20260124-00226,P-0024,hover,checkout_upsell,synthetic
INT-0002350,2026-01-24T20:07:54,RCPT-20260124-00226,P-0039,view,checkout_upsell,synthetic
INT-0002351,2026-01-24T20:07:54,RCPT-20260124-00226,P-0039,hover,checkout_upsell,synthetic
INT-0002352,2026-01-24T20:07:54,RCPT-20260124-00226,P-0058,view,checkout_upsell,synthetic
INT-0002353,2026-01-24T20:07:54,RCPT-20260124-00226,P-0058,hover,checkout_upsell,synthetic
INT-0002354,2026-01-24T20:07:54,RCPT-20260124-00226,P-0076,view,checkout_upsell,synthetic
INT-0002355,2026-01-24T20:07:54,RCPT-20260124-00226,P-0047,view,checkout_upsell,synthetic
INT-0002356,2026-01-24T20:07:54,RCPT-20260124-00226,P-0047,click,checkout_upsell,synthetic
INT-0002357,2026-01-24T19:35:44,RCPT-20260124-00227,P-0035,view,checkout_upsell,synthetic
INT-0002358,2026-01-24T19:35:44,RCPT-20260124-00227,P-0054,view,checkout_upsell,synthetic
INT-0002359,2026-01-24T19:35:44,RCPT-20260124-00227,P-0054,hover,checkout_upsell,synthetic
INT-0002360,2026-01-24T19:35:44,RCPT-20260124-00227,P-0054,click,checkout_upsell,synthetic
INT-0002361,2026-01-24T19:35:44,RCPT-20260124-00227,P-0038,view,checkout_upsell,synthetic
INT-0002362,2026-01-24T19:35:44,RCPT-20260124-00227,P-0038,hover,checkout_upsell,synthetic
INT-0002363,2026-01-24T19:35:44,RCPT-20260124-00227,P-0038,click,checkout_upsell,synthetic
INT-0002364,2026-01-24T19:35:44,RCPT-20260124-00227,P-0055,view,checkout_upsell,synthetic
INT-0002365,2026-01-24T19:35:44,RCPT-20260124-00227,P-0007,view,checkout_upsell,synthetic
INT-0002366,2026-01-24T19:35:44,RCPT-20260124-00227,P-0007,hover,checkout_upsell,synthetic
INT-0002367,2026-01-24T19:35:44,RCPT-20260124-00227,P-0075,view,checkout_upsell,synthetic
INT-0002368,2026-01-24T19:35:44,RCPT-20260124-00227,P-0075,hover,checkout_upsell,synthetic
INT-0002369,2026-01-24T21:49:36,RCPT-20260124-00228,P-0048,view,checkout_upsell,synthetic
INT-0002370,2026-01-24T21:49:36,RCPT-20260124-00228,P-0048,click,checkout_upsell,synthetic
INT-0002371,2026-01-24T21:49:36,RCPT-20260124-00228,P-0001,view,checkout_upsell,synthetic
INT-0002372,2026-01-24T21:49:36,RCPT-20260124-00228,P-0067,view,checkout_upsell,synthetic
INT-0002373,2026-01-24T21:49:36,RCPT-20260124-00228,P-0067,hover,checkout_upsell,synthetic
INT-0002374,2026-01-24T21:49:36,RCPT-20260124-00228,P-0072,view,checkout_upsell,synthetic
INT-0002375,2026-01-24T21:49:36,RCPT-20260124-00228,P-0072,hover,checkout_upsell,synthetic
INT-0002376,2026-01-24T21:49:36,RCPT-20260124-00228,P-0064,view,checkout_upsell,synthetic
INT-0002377,2026-01-24T21:49:36,RCPT-20260124-00228,P-0052,view,checkout_upsell,synthetic
INT-0002378,2026-01-24T21:49:36,RCPT-20260124-00228,P-0052,hover,checkout_upsell,synthetic
INT-0002379,2026-01-24T10:21:47,RCPT-20260124-00229,P-0027,view,checkout_upsell,synthetic
INT-0002380,2026-01-24T10:21:47,RCPT-20260124-00229,P-0027,hover,checkout_upsell,synthetic
INT-0002381,2026-01-24T10:21:47,RCPT-20260124-00229,P-0046,view,checkout_upsell,synthetic
INT-0002382,2026-01-24T10:21:47,RCPT-20260124-00229,P-0046,hover,checkout_upsell,synthetic
INT-0002383,2026-01-24T10:21:47,RCPT-20260124-00229,P-0046,click,checkout_upsell,synthetic
INT-0002384,2026-01-24T10:21:47,RCPT-20260124-00229,P-0020,view,checkout_upsell,synthetic
INT-0002385,2026-01-24T10:21:47,RCPT-20260124-00229,P-0020,hover,checkout_upsell,synthetic
INT-0002386,2026-01-24T10:21:47,RCPT-20260124-00229,P-0014,view,checkout_upsell,synthetic
INT-0002387,2026-01-24T10:21:47,RCPT-20260124-00229,P-0014,hover,checkout_upsell,synthetic
INT-0002388,2026-01-24T10:21:47,RCPT-20260124-00229,P-0014,click,checkout_upsell,synthetic
INT-0002389,2026-01-24T10:21:47,RCPT-20260124-00229,P-0045,view,checkout_upsell,synthetic
INT-0002390,2026-01-24T10:21:47,RCPT-20260124-00229,P-0045,hover,checkout_upsell,synthetic
INT-0002391,2026-01-24T10:21:47,RCPT-20260124-00229,P-0045,click,checkout_upsell,synthetic
INT-0002392,2026-01-24T10:21:47,RCPT-20260124-00229,P-0047,view,checkout_upsell,synthetic
INT-0002393,2026-01-24T11:15:44,RCPT-20260124-00230,P-0048,view,checkout_upsell,synthetic
INT-0002394,2026-01-24T11:15:44,RCPT-20260124-00230,P-0034,view,checkout_upsell,synthetic
INT-0002395,2026-01-24T11:15:44,RCPT-20260124-00230,P-0034,hover,checkout_upsell,synthetic
INT-0002396,2026-01-24T11:15:44,RCPT-20260124-00230,P-0050,view,checkout_upsell,synthetic
INT-0002397,2026-01-24T11:15:44,RCPT-20260124-00230,P-0050,click,checkout_upsell,synthetic
INT-0002398,2026-01-24T11:15:44,RCPT-20260124-00230,P-0011,view,checkout_upsell,synthetic
INT-0002399,2026-01-24T11:15:44,RCPT-20260124-00230,P-0011,hover,checkout_upsell,synthetic
INT-0002400,2026-01-24T11:15:44,RCPT-20260124-00230,P-0064,view,checkout_upsell,synthetic
INT-0002401,2026-01-24T11:15:44,RCPT-20260124-00230,P-0047,view,checkout_upsell,synthetic
INT-0002402,2026-01-24T11:15:44,RCPT-20260124-00230,P-0047,hover,checkout_upsell,synthetic
INT-0002403,2026-01-25T16:24:06,RCPT-20260125-00231,P-0060,view,checkout_upsell,synthetic
INT-0002404,2026-01-25T16:24:06,RCPT-20260125-00231,P-0003,view,checkout_upsell,synthetic
INT-0002405,2026-01-25T16:24:06,RCPT-20260125-00231,P-0010,view,checkout_upsell,synthetic
INT-0002406,2026-01-25T16:24:06,RCPT-20260125-00231,P-0057,view,checkout_upsell,synthetic
INT-0002407,2026-01-25T16:24:06,RCPT-20260125-00231,P-0005,view,checkout_upsell,synthetic
INT-0002408,2026-01-25T16:24:06,RCPT-20260125-00231,P-0024,view,checkout_upsell,synthetic
INT-0002409,2026-01-25T16:24:06,RCPT-20260125-00231,P-0024,hover,checkout_upsell,synthetic
INT-0002410,2026-01-25T10:56:24,RCPT-20260125-00232,P-0012,view,checkout_upsell,synthetic
INT-0002411,2026-01-25T10:56:24,RCPT-20260125-00232,P-0003,view,checkout_upsell,synthetic
INT-0002412,2026-01-25T10:56:24,RCPT-20260125-00232,P-0003,hover,checkout_upsell,synthetic
INT-0002413,2026-01-25T10:56:24,RCPT-20260125-00232,P-0037,view,checkout_upsell,synthetic
INT-0002414,2026-01-25T10:56:24,RCPT-20260125-00232,P-0037,hover,checkout_upsell,synthetic
INT-0002415,2026-01-25T10:56:24,RCPT-20260125-00232,P-0037,click,checkout_upsell,synthetic
INT-0002416,2026-01-25T10:56:24,RCPT-20260125-00232,P-0070,view,checkout_upsell,synthetic
INT-0002417,2026-01-25T10:56:24,RCPT-20260125-00232,P-0017,view,checkout_upsell,synthetic
INT-0002418,2026-01-25T10:56:24,RCPT-20260125-00232,P-0058,view,checkout_upsell,synthetic
INT-0002419,2026-01-25T10:56:24,RCPT-20260125-00232,P-0058,hover,checkout_upsell,synthetic
INT-0002420,2026-01-25T10:56:24,RCPT-20260125-00232,P-0058,click,checkout_upsell,synthetic
INT-0002421,2026-01-25T09:21:13,RCPT-20260125-00233,P-0037,view,checkout_upsell,synthetic
INT-0002422,2026-01-25T09:21:13,RCPT-20260125-00233,P-0037,hover,checkout_upsell,synthetic
INT-0002423,2026-01-25T09:21:13,RCPT-20260125-00233,P-0028,view,checkout_upsell,synthetic
INT-0002424,2026-01-25T09:21:13,RCPT-20260125-00233,P-0028,hover,checkout_upsell,synthetic
INT-0002425,2026-01-25T09:21:13,RCPT-20260125-00233,P-0056,view,checkout_upsell,synthetic
INT-0002426,2026-01-25T09:21:13,RCPT-20260125-00233,P-0046,view,checkout_upsell,synthetic
INT-0002427,2026-01-25T09:21:13,RCPT-20260125-00233,P-0046,click,checkout_upsell,synthetic
INT-0002428,2026-01-25T09:21:13,RCPT-20260125-00233,P-0057,view,checkout_upsell,synthetic
INT-0002429,2026-01-25T09:21:13,RCPT-20260125-00233,P-0064,view,checkout_upsell,synthetic
INT-0002430,2026-01-25T09:21:13,RCPT-20260125-00233,P-0064,hover,checkout_upsell,synthetic
INT-0002431,2026-01-25T10:03:23,RCPT-20260125-00234,P-0027,view,checkout_upsell,synthetic
INT-0002432,2026-01-25T10:03:23,RCPT-20260125-00234,P-0059,view,checkout_upsell,synthetic
INT-0002433,2026-01-25T10:03:23,RCPT-20260125-00234,P-0059,hover,checkout_upsell,synthetic
INT-0002434,2026-01-25T10:03:23,RCPT-20260125-00234,P-0029,view,checkout_upsell,synthetic
INT-0002435,2026-01-25T10:03:23,RCPT-20260125-00234,P-0029,hover,checkout_upsell,synthetic
INT-0002436,2026-01-25T10:03:23,RCPT-20260125-00234,P-0007,view,checkout_upsell,synthetic
INT-0002437,2026-01-25T10:03:23,RCPT-20260125-00234,P-0007,hover,checkout_upsell,synthetic
INT-0002438,2026-01-25T10:03:23,RCPT-20260125-00234,P-0064,view,checkout_upsell,synthetic
INT-0002439,2026-01-25T10:03:23,RCPT-20260125-00234,P-0064,hover,checkout_upsell,synthetic
INT-0002440,2026-01-25T10:03:23,RCPT-20260125-00234,P-0009,view,checkout_upsell,synthetic
INT-0002441,2026-01-25T12:50:25,RCPT-20260125-00235,P-0061,view,checkout_upsell,synthetic
INT-0002442,2026-01-25T12:50:25,RCPT-20260125-00235,P-0061,hover,checkout_upsell,synthetic
INT-0002443,2026-01-25T12:50:25,RCPT-20260125-00235,P-0025,view,checkout_upsell,synthetic
INT-0002444,2026-01-25T12:50:25,RCPT-20260125-00235,P-0025,hover,checkout_upsell,synthetic
INT-0002445,2026-01-25T12:50:25,RCPT-20260125-00235,P-0006,view,checkout_upsell,synthetic
INT-0002446,2026-01-25T12:50:25,RCPT-20260125-00235,P-0006,hover,checkout_upsell,synthetic
INT-0002447,2026-01-25T12:50:25,RCPT-20260125-00235,P-0002,view,checkout_upsell,synthetic
INT-0002448,2026-01-25T12:50:25,RCPT-20260125-00235,P-0002,click,checkout_upsell,synthetic
INT-0002449,2026-01-25T12:50:25,RCPT-20260125-00235,P-0057,view,checkout_upsell,synthetic
INT-0002450,2026-01-25T12:50:25,RCPT-20260125-00235,P-0057,hover,checkout_upsell,synthetic
INT-0002451,2026-01-25T12:50:25,RCPT-20260125-00235,P-0073,view,checkout_upsell,synthetic
INT-0002452,2026-01-25T17:03:09,RCPT-20260125-00236,P-0003,view,checkout_upsell,synthetic
INT-0002453,2026-01-25T17:03:09,RCPT-20260125-00236,P-0003,click,checkout_upsell,synthetic
INT-0002454,2026-01-25T17:03:09,RCPT-20260125-00236,P-0046,view,checkout_upsell,synthetic
INT-0002455,2026-01-25T17:03:09,RCPT-20260125-00236,P-0046,hover,checkout_upsell,synthetic
INT-0002456,2026-01-25T17:03:09,RCPT-20260125-00236,P-0057,view,checkout_upsell,synthetic
INT-0002457,2026-01-25T17:03:09,RCPT-20260125-00236,P-0072,view,checkout_upsell,synthetic
INT-0002458,2026-01-25T17:03:09,RCPT-20260125-00236,P-0072,hover,checkout_upsell,synthetic
INT-0002459,2026-01-25T17:03:09,RCPT-20260125-00236,P-0062,view,checkout_upsell,synthetic
INT-0002460,2026-01-25T17:03:09,RCPT-20260125-00236,P-0039,view,checkout_upsell,synthetic
INT-0002461,2026-01-25T15:19:05,RCPT-20260125-00237,P-0051,view,checkout_upsell,synthetic
INT-0002462,2026-01-25T15:19:05,RCPT-20260125-00237,P-0051,hover,checkout_upsell,synthetic
INT-0002463,2026-01-25T15:19:05,RCPT-20260125-00237,P-0059,view,checkout_upsell,synthetic
INT-0002464,2026-01-25T15:19:05,RCPT-20260125-00237,P-0071,view,checkout_upsell,synthetic
INT-0002465,2026-01-25T15:19:05,RCPT-20260125-00237,P-0071,hover,checkout_upsell,synthetic
INT-0002466,2026-01-25T15:19:05,RCPT-20260125-00237,P-0066,view,checkout_upsell,synthetic
INT-0002467,2026-01-25T15:19:05,RCPT-20260125-00237,P-0066,hover,checkout_upsell,synthetic
INT-0002468,2026-01-25T15:19:05,RCPT-20260125-00237,P-0004,view,checkout_upsell,synthetic
INT-0002469,2026-01-25T15:19:05,RCPT-20260125-00237,P-0072,view,checkout_upsell,synthetic
INT-0002470,2026-01-25T15:19:05,RCPT-20260125-00237,P-0072,hover,checkout_upsell,synthetic
INT-0002471,2026-01-25T08:27:05,RCPT-20260125-00238,P-0034,view,checkout_upsell,synthetic
INT-0002472,2026-01-25T08:27:05,RCPT-20260125-00238,P-0034,hover,checkout_upsell,synthetic
INT-0002473,2026-01-25T08:27:05,RCPT-20260125-00238,P-0071,view,checkout_upsell,synthetic
INT-0002474,2026-01-25T08:27:05,RCPT-20260125-00238,P-0071,hover,checkout_upsell,synthetic
INT-0002475,2026-01-25T08:27:05,RCPT-20260125-00238,P-0005,view,checkout_upsell,synthetic
INT-0002476,2026-01-25T08:27:05,RCPT-20260125-00238,P-0049,view,checkout_upsell,synthetic
INT-0002477,2026-01-25T08:27:05,RCPT-20260125-00238,P-0049,hover,checkout_upsell,synthetic
INT-0002478,2026-01-25T08:27:05,RCPT-20260125-00238,P-0039,view,checkout_upsell,synthetic
INT-0002479,2026-01-25T08:27:05,RCPT-20260125-00238,P-0016,view,checkout_upsell,synthetic
INT-0002480,2026-01-25T08:27:05,RCPT-20260125-00238,P-0016,hover,checkout_upsell,synthetic
INT-0002481,2026-01-25T20:44:39,RCPT-20260125-00239,P-0035,view,checkout_upsell,synthetic
INT-0002482,2026-01-25T20:44:39,RCPT-20260125-00239,P-0010,view,checkout_upsell,synthetic
INT-0002483,2026-01-25T20:44:39,RCPT-20260125-00239,P-0010,hover,checkout_upsell,synthetic
INT-0002484,2026-01-25T20:44:39,RCPT-20260125-00239,P-0014,view,checkout_upsell,synthetic
INT-0002485,2026-01-25T20:44:39,RCPT-20260125-00239,P-0014,hover,checkout_upsell,synthetic
INT-0002486,2026-01-25T20:44:39,RCPT-20260125-00239,P-0073,view,checkout_upsell,synthetic
INT-0002487,2026-01-25T20:44:39,RCPT-20260125-00239,P-0058,view,checkout_upsell,synthetic
INT-0002488,2026-01-25T20:44:39,RCPT-20260125-00239,P-0076,view,checkout_upsell,synthetic
INT-0002489,2026-01-25T20:44:39,RCPT-20260125-00239,P-0076,hover,checkout_upsell,synthetic
INT-0002490,2026-01-25T14:41:31,RCPT-20260125-00240,P-0028,view,checkout_upsell,synthetic
INT-0002491,2026-01-25T14:41:31,RCPT-20260125-00240,P-0028,hover,checkout_upsell,synthetic
INT-0002492,2026-01-25T14:41:31,RCPT-20260125-00240,P-0070,view,checkout_upsell,synthetic
INT-0002493,2026-01-25T14:41:31,RCPT-20260125-00240,P-0070,hover,checkout_upsell,synthetic
INT-0002494,2026-01-25T14:41:31,RCPT-20260125-00240,P-0070,click,checkout_upsell,synthetic
INT-0002495,2026-01-25T14:41:31,RCPT-20260125-00240,P-0002,view,checkout_upsell,synthetic
INT-0002496,2026-01-25T14:41:31,RCPT-20260125-00240,P-0005,view,checkout_upsell,synthetic
INT-0002497,2026-01-25T14:41:31,RCPT-20260125-00240,P-0005,hover,checkout_upsell,synthetic
INT-0002498,2026-01-25T14:41:31,RCPT-20260125-00240,P-0072,view,checkout_upsell,synthetic
INT-0002499,2026-01-25T14:41:31,RCPT-20260125-00240,P-0039,view,checkout_upsell,synthetic
INT-0002500,2026-01-25T19:15:03,RCPT-20260125-00241,P-0060,view,checkout_upsell,synthetic
INT-0002501,2026-01-25T19:15:03,RCPT-20260125-00241,P-0060,hover,checkout_upsell,synthetic
INT-0002502,2026-01-25T19:15:03,RCPT-20260125-00241,P-0019,view,checkout_upsell,synthetic
INT-0002503,2026-01-25T19:15:03,RCPT-20260125-00241,P-0019,hover,checkout_upsell,synthetic
INT-0002504,2026-01-25T19:15:03,RCPT-20260125-00241,P-0002,view,checkout_upsell,synthetic
INT-0002505,2026-01-25T19:15:03,RCPT-20260125-00241,P-0002,hover,checkout_upsell,synthetic
INT-0002506,2026-01-25T19:15:03,RCPT-20260125-00241,P-0057,view,checkout_upsell,synthetic
INT-0002507,2026-01-25T19:15:03,RCPT-20260125-00241,P-0057,hover,checkout_upsell,synthetic
INT-0002508,2026-01-25T19:15:03,RCPT-20260125-00241,P-0042,view,checkout_upsell,synthetic
INT-0002509,2026-01-25T19:15:03,RCPT-20260125-00241,P-0042,hover,checkout_upsell,synthetic
INT-0002510,2026-01-25T19:15:03,RCPT-20260125-00241,P-0042,click,checkout_upsell,synthetic
INT-0002511,2026-01-25T19:15:03,RCPT-20260125-00241,P-0017,view,checkout_upsell,synthetic
INT-0002512,2026-01-25T19:28:49,RCPT-20260125-00242,P-0069,view,checkout_upsell,synthetic
INT-0002513,2026-01-25T19:28:49,RCPT-20260125-00242,P-0054,view,checkout_upsell,synthetic
INT-0002514,2026-01-25T19:28:49,RCPT-20260125-00242,P-0054,hover,checkout_upsell,synthetic
INT-0002515,2026-01-25T19:28:49,RCPT-20260125-00242,P-0010,view,checkout_upsell,synthetic
INT-0002516,2026-01-25T19:28:49,RCPT-20260125-00242,P-0010,hover,checkout_upsell,synthetic
INT-0002517,2026-01-25T19:28:49,RCPT-20260125-00242,P-0066,view,checkout_upsell,synthetic
INT-0002518,2026-01-25T19:28:49,RCPT-20260125-00242,P-0066,hover,checkout_upsell,synthetic
INT-0002519,2026-01-25T19:28:49,RCPT-20260125-00242,P-0039,view,checkout_upsell,synthetic
INT-0002520,2026-01-25T19:28:49,RCPT-20260125-00242,P-0039,hover,checkout_upsell,synthetic
INT-0002521,2026-01-25T19:28:49,RCPT-20260125-00242,P-0053,view,checkout_upsell,synthetic
INT-0002522,2026-01-25T19:28:49,RCPT-20260125-00242,P-0053,hover,checkout_upsell,synthetic
INT-0002523,2026-01-26T21:33:56,RCPT-20260126-00243,P-0061,view,checkout_upsell,synthetic
INT-0002524,2026-01-26T21:33:56,RCPT-20260126-00243,P-0061,hover,checkout_upsell,synthetic
INT-0002525,2026-01-26T21:33:56,RCPT-20260126-00243,P-0036,view,checkout_upsell,synthetic
INT-0002526,2026-01-26T21:33:56,RCPT-20260126-00243,P-0036,hover,checkout_upsell,synthetic
INT-0002527,2026-01-26T21:33:56,RCPT-20260126-00243,P-0060,view,checkout_upsell,synthetic
INT-0002528,2026-01-26T21:33:56,RCPT-20260126-00243,P-0060,hover,checkout_upsell,synthetic
INT-0002529,2026-01-26T21:33:56,RCPT-20260126-00243,P-0046,view,checkout_upsell,synthetic
INT-0002530,2026-01-26T21:33:56,RCPT-20260126-00243,P-0073,view,checkout_upsell,synthetic
INT-0002531,2026-01-26T21:33:56,RCPT-20260126-00243,P-0073,hover,checkout_upsell,synthetic
INT-0002532,2026-01-26T21:33:56,RCPT-20260126-00243,P-0076,view,checkout_upsell,synthetic
INT-0002533,2026-01-26T21:33:56,RCPT-20260126-00243,P-0076,hover,checkout_upsell,synthetic
INT-0002534,2026-01-26T21:29:32,RCPT-20260126-00244,P-0008,view,checkout_upsell,synthetic
INT-0002535,2026-01-26T21:29:32,RCPT-20260126-00244,P-0046,view,checkout_upsell,synthetic
INT-0002536,2026-01-26T21:29:32,RCPT-20260126-00244,P-0046,hover,checkout_upsell,synthetic
INT-0002537,2026-01-26T21:29:32,RCPT-20260126-00244,P-0038,view,checkout_upsell,synthetic
INT-0002538,2026-01-26T21:29:32,RCPT-20260126-00244,P-0020,view,checkout_upsell,synthetic
INT-0002539,2026-01-26T21:29:32,RCPT-20260126-00244,P-0020,hover,checkout_upsell,synthetic
INT-0002540,2026-01-26T21:29:32,RCPT-20260126-00244,P-0032,view,checkout_upsell,synthetic
INT-0002541,2026-01-26T21:29:32,RCPT-20260126-00244,P-0032,hover,checkout_upsell,synthetic
INT-0002542,2026-01-26T21:29:32,RCPT-20260126-00244,P-0018,view,checkout_upsell,synthetic
INT-0002543,2026-01-26T21:29:32,RCPT-20260126-00244,P-0018,hover,checkout_upsell,synthetic
INT-0002544,2026-01-26T21:29:32,RCPT-20260126-00244,P-0018,click,checkout_upsell,synthetic
INT-0002545,2026-01-26T14:03:10,RCPT-20260126-00245,P-0060,view,checkout_upsell,synthetic
INT-0002546,2026-01-26T14:03:10,RCPT-20260126-00245,P-0060,click,checkout_upsell,synthetic
INT-0002547,2026-01-26T14:03:10,RCPT-20260126-00245,P-0068,view,checkout_upsell,synthetic
INT-0002548,2026-01-26T14:03:10,RCPT-20260126-00245,P-0054,view,checkout_upsell,synthetic
INT-0002549,2026-01-26T14:03:10,RCPT-20260126-00245,P-0054,hover,checkout_upsell,synthetic
INT-0002550,2026-01-26T14:03:10,RCPT-20260126-00245,P-0022,view,checkout_upsell,synthetic
INT-0002551,2026-01-26T14:03:10,RCPT-20260126-00245,P-0022,hover,checkout_upsell,synthetic
INT-0002552,2026-01-26T14:03:10,RCPT-20260126-00245,P-0063,view,checkout_upsell,synthetic
INT-0002553,2026-01-26T14:03:10,RCPT-20260126-00245,P-0063,hover,checkout_upsell,synthetic
INT-0002554,2026-01-26T14:03:10,RCPT-20260126-00245,P-0016,view,checkout_upsell,synthetic
INT-0002555,2026-01-26T14:03:10,RCPT-20260126-00245,P-0016,hover,checkout_upsell,synthetic
INT-0002556,2026-01-26T11:16:38,RCPT-20260126-00246,P-0010,view,checkout_upsell,synthetic
INT-0002557,2026-01-26T11:16:38,RCPT-20260126-00246,P-0010,hover,checkout_upsell,synthetic
INT-0002558,2026-01-26T11:16:38,RCPT-20260126-00246,P-0010,click,checkout_upsell,synthetic
INT-0002559,2026-01-26T11:16:38,RCPT-20260126-00246,P-0071,view,checkout_upsell,synthetic
INT-0002560,2026-01-26T11:16:38,RCPT-20260126-00246,P-0071,click,checkout_upsell,synthetic
INT-0002561,2026-01-26T11:16:38,RCPT-20260126-00246,P-0042,view,checkout_upsell,synthetic
INT-0002562,2026-01-26T11:16:38,RCPT-20260126-00246,P-0042,hover,checkout_upsell,synthetic
INT-0002563,2026-01-26T11:16:38,RCPT-20260126-00246,P-0062,view,checkout_upsell,synthetic
INT-0002564,2026-01-26T11:16:38,RCPT-20260126-00246,P-0062,hover,checkout_upsell,synthetic
INT-0002565,2026-01-26T11:16:38,RCPT-20260126-00246,P-0024,view,checkout_upsell,synthetic
INT-0002566,2026-01-26T11:16:38,RCPT-20260126-00246,P-0024,hover,checkout_upsell,synthetic
INT-0002567,2026-01-26T11:16:38,RCPT-20260126-00246,P-0009,view,checkout_upsell,synthetic
INT-0002568,2026-01-26T11:16:38,RCPT-20260126-00246,P-0009,hover,checkout_upsell,synthetic
INT-0002569,2026-01-26T16:42:53,RCPT-20260126-00247,P-0040,view,checkout_upsell,synthetic
INT-0002570,2026-01-26T16:42:53,RCPT-20260126-00247,P-0040,hover,checkout_upsell,synthetic
INT-0002571,2026-01-26T16:42:53,RCPT-20260126-00247,P-0050,view,checkout_upsell,synthetic
INT-0002572,2026-01-26T16:42:53,RCPT-20260126-00247,P-0050,hover,checkout_upsell,synthetic
INT-0002573,2026-01-26T16:42:53,RCPT-20260126-00247,P-0046,view,checkout_upsell,synthetic
INT-0002574,2026-01-26T16:42:53,RCPT-20260126-00247,P-0046,hover,checkout_upsell,synthetic
INT-0002575,2026-01-26T16:42:53,RCPT-20260126-00247,P-0046,click,checkout_upsell,synthetic
INT-0002576,2026-01-26T16:42:53,RCPT-20260126-00247,P-0070,view,checkout_upsell,synthetic
INT-0002577,2026-01-26T16:42:53,RCPT-20260126-00247,P-0055,view,checkout_upsell,synthetic
INT-0002578,2026-01-26T16:42:53,RCPT-20260126-00247,P-0024,view,checkout_upsell,synthetic
INT-0002579,2026-01-26T16:42:53,RCPT-20260126-00247,P-0024,hover,checkout_upsell,synthetic
INT-0002580,2026-01-26T14:42:20,RCPT-20260126-00248,P-0068,view,checkout_upsell,synthetic
INT-0002581,2026-01-26T14:42:20,RCPT-20260126-00248,P-0035,view,checkout_upsell,synthetic
INT-0002582,2026-01-26T14:42:20,RCPT-20260126-00248,P-0010,view,checkout_upsell,synthetic
INT-0002583,2026-01-26T14:42:20,RCPT-20260126-00248,P-0046,view,checkout_upsell,synthetic
INT-0002584,2026-01-26T14:42:20,RCPT-20260126-00248,P-0046,hover,checkout_upsell,synthetic
INT-0002585,2026-01-26T14:42:20,RCPT-20260126-00248,P-0057,view,checkout_upsell,synthetic
INT-0002586,2026-01-26T14:42:20,RCPT-20260126-00248,P-0057,hover,checkout_upsell,synthetic
INT-0002587,2026-01-26T14:42:20,RCPT-20260126-00248,P-0057,click,checkout_upsell,synthetic
INT-0002588,2026-01-26T14:42:20,RCPT-20260126-00248,P-0055,view,checkout_upsell,synthetic
INT-0002589,2026-01-26T14:42:20,RCPT-20260126-00248,P-0055,hover,checkout_upsell,synthetic
INT-0002590,2026-01-26T14:42:20,RCPT-20260126-00248,P-0055,click,checkout_upsell,synthetic
INT-0002591,2026-01-26T18:34:40,RCPT-20260126-00249,P-0061,view,checkout_upsell,synthetic
INT-0002592,2026-01-26T18:34:40,RCPT-20260126-00249,P-0061,hover,checkout_upsell,synthetic
INT-0002593,2026-01-26T18:34:40,RCPT-20260126-00249,P-0025,view,checkout_upsell,synthetic
INT-0002594,2026-01-26T18:34:40,RCPT-20260126-00249,P-0025,hover,checkout_upsell,synthetic
INT-0002595,2026-01-26T18:34:40,RCPT-20260126-00249,P-0070,view,checkout_upsell,synthetic
INT-0002596,2026-01-26T18:34:40,RCPT-20260126-00249,P-0055,view,checkout_upsell,synthetic
INT-0002597,2026-01-26T18:34:40,RCPT-20260126-00249,P-0055,click,checkout_upsell,synthetic
INT-0002598,2026-01-26T18:34:40,RCPT-20260126-00249,P-0005,view,checkout_upsell,synthetic
INT-0002599,2026-01-26T18:34:40,RCPT-20260126-00249,P-0005,hover,checkout_upsell,synthetic
INT-0002600,2026-01-26T18:34:40,RCPT-20260126-00249,P-0005,click,checkout_upsell,synthetic
INT-0002601,2026-01-26T18:34:40,RCPT-20260126-00249,P-0049,view,checkout_upsell,synthetic
INT-0002602,2026-01-26T18:57:21,RCPT-20260126-00250,P-0074,view,checkout_upsell,synthetic
INT-0002603,2026-01-26T18:57:21,RCPT-20260126-00250,P-0035,view,checkout_upsell,synthetic
INT-0002604,2026-01-26T18:57:21,RCPT-20260126-00250,P-0035,hover,checkout_upsell,synthetic
INT-0002605,2026-01-26T18:57:21,RCPT-20260126-00250,P-0017,view,checkout_upsell,synthetic
INT-0002606,2026-01-26T18:57:21,RCPT-20260126-00250,P-0017,hover,checkout_upsell,synthetic
INT-0002607,2026-01-26T18:57:21,RCPT-20260126-00250,P-0018,view,checkout_upsell,synthetic
INT-0002608,2026-01-26T18:57:21,RCPT-20260126-00250,P-0018,hover,checkout_upsell,synthetic
INT-0002609,2026-01-26T18:57:21,RCPT-20260126-00250,P-0018,click,checkout_upsell,synthetic
INT-0002610,2026-01-26T18:57:21,RCPT-20260126-00250,P-0072,view,checkout_upsell,synthetic
INT-0002611,2026-01-26T18:57:21,RCPT-20260126-00250,P-0063,view,checkout_upsell,synthetic
INT-0002612,2026-01-26T18:57:21,RCPT-20260126-00250,P-0063,hover,checkout_upsell,synthetic
INT-0002613,2026-01-26T15:56:12,RCPT-20260126-00251,P-0051,view,checkout_upsell,synthetic
INT-0002614,2026-01-26T15:56:12,RCPT-20260126-00251,P-0025,view,checkout_upsell,synthetic
INT-0002615,2026-01-26T15:56:12,RCPT-20260126-00251,P-0025,hover,checkout_upsell,synthetic
INT-0002616,2026-01-26T15:56:12,RCPT-20260126-00251,P-0035,view,checkout_upsell,synthetic
INT-0002617,2026-01-26T15:56:12,RCPT-20260126-00251,P-0035,hover,checkout_upsell,synthetic
INT-0002618,2026-01-26T15:56:12,RCPT-20260126-00251,P-0054,view,checkout_upsell,synthetic
INT-0002619,2026-01-26T15:56:12,RCPT-20260126-00251,P-0054,click,checkout_upsell,synthetic
INT-0002620,2026-01-26T15:56:12,RCPT-20260126-00251,P-0071,view,checkout_upsell,synthetic
INT-0002621,2026-01-26T15:56:12,RCPT-20260126-00251,P-0071,hover,checkout_upsell,synthetic
INT-0002622,2026-01-26T15:56:12,RCPT-20260126-00251,P-0004,view,checkout_upsell,synthetic
INT-0002623,2026-01-27T10:20:55,RCPT-20260127-00252,P-0034,view,checkout_upsell,synthetic
INT-0002624,2026-01-27T10:20:55,RCPT-20260127-00252,P-0034,hover,checkout_upsell,synthetic
INT-0002625,2026-01-27T10:20:55,RCPT-20260127-00252,P-0025,view,checkout_upsell,synthetic
INT-0002626,2026-01-27T10:20:55,RCPT-20260127-00252,P-0025,hover,checkout_upsell,synthetic
INT-0002627,2026-01-27T10:20:55,RCPT-20260127-00252,P-0060,view,checkout_upsell,synthetic
INT-0002628,2026-01-27T10:20:55,RCPT-20260127-00252,P-0010,view,checkout_upsell,synthetic
INT-0002629,2026-01-27T10:20:55,RCPT-20260127-00252,P-0010,hover,checkout_upsell,synthetic
INT-0002630,2026-01-27T10:20:55,RCPT-20260127-00252,P-0057,view,checkout_upsell,synthetic
INT-0002631,2026-01-27T10:20:55,RCPT-20260127-00252,P-0024,view,checkout_upsell,synthetic
INT-0002632,2026-01-27T10:20:55,RCPT-20260127-00252,P-0024,hover,checkout_upsell,synthetic
INT-0002633,2026-01-27T10:39:27,RCPT-20260127-00253,P-0061,view,checkout_upsell,synthetic
INT-0002634,2026-01-27T10:39:27,RCPT-20260127-00253,P-0061,hover,checkout_upsell,synthetic
INT-0002635,2026-01-27T10:39:27,RCPT-20260127-00253,P-0056,view,checkout_upsell,synthetic
INT-0002636,2026-01-27T10:39:27,RCPT-20260127-00253,P-0057,view,checkout_upsell,synthetic
INT-0002637,2026-01-27T10:39:27,RCPT-20260127-00253,P-0064,view,checkout_upsell,synthetic
INT-0002638,2026-01-27T10:39:27,RCPT-20260127-00253,P-0076,view,checkout_upsell,synthetic
INT-0002639,2026-01-27T10:39:27,RCPT-20260127-00253,P-0076,hover,checkout_upsell,synthetic
INT-0002640,2026-01-27T10:39:27,RCPT-20260127-00253,P-0033,view,checkout_upsell,synthetic
INT-0002641,2026-01-27T08:40:46,RCPT-20260127-00254,P-0043,view,checkout_upsell,synthetic
INT-0002642,2026-01-27T08:40:46,RCPT-20260127-00254,P-0033,view,checkout_upsell,synthetic
INT-0002643,2026-01-27T08:40:46,RCPT-20260127-00254,P-0033,hover,checkout_upsell,synthetic
INT-0002644,2026-01-27T08:40:46,RCPT-20260127-00254,P-0021,view,checkout_upsell,synthetic
INT-0002645,2026-01-27T08:40:46,RCPT-20260127-00254,P-0001,view,checkout_upsell,synthetic
INT-0002646,2026-01-27T08:40:46,RCPT-20260127-00254,P-0001,hover,checkout_upsell,synthetic
INT-0002647,2026-01-27T08:40:46,RCPT-20260127-00254,P-0042,view,checkout_upsell,synthetic
INT-0002648,2026-01-27T08:40:46,RCPT-20260127-00254,P-0009,view,checkout_upsell,synthetic
INT-0002649,2026-01-27T17:33:21,RCPT-20260127-00255,P-0034,view,checkout_upsell,synthetic
INT-0002650,2026-01-27T17:33:21,RCPT-20260127-00255,P-0034,hover,checkout_upsell,synthetic
INT-0002651,2026-01-27T17:33:21,RCPT-20260127-00255,P-0036,view,checkout_upsell,synthetic
INT-0002652,2026-01-27T17:33:21,RCPT-20260127-00255,P-0015,view,checkout_upsell,synthetic
INT-0002653,2026-01-27T17:33:21,RCPT-20260127-00255,P-0060,view,checkout_upsell,synthetic
INT-0002654,2026-01-27T17:33:21,RCPT-20260127-00255,P-0060,hover,checkout_upsell,synthetic
INT-0002655,2026-01-27T17:33:21,RCPT-20260127-00255,P-0046,view,checkout_upsell,synthetic
INT-0002656,2026-01-27T17:33:21,RCPT-20260127-00255,P-0016,view,checkout_upsell,synthetic
INT-0002657,2026-01-27T17:33:21,RCPT-20260127-00255,P-0016,click,checkout_upsell,synthetic
INT-0002658,2026-01-27T08:14:14,RCPT-20260127-00256,P-0065,view,checkout_upsell,synthetic
INT-0002659,2026-01-27T08:14:14,RCPT-20260127-00256,P-0021,view,checkout_upsell,synthetic
INT-0002660,2026-01-27T08:14:14,RCPT-20260127-00256,P-0021,hover,checkout_upsell,synthetic
INT-0002661,2026-01-27T08:14:14,RCPT-20260127-00256,P-0054,view,checkout_upsell,synthetic
INT-0002662,2026-01-27T08:14:14,RCPT-20260127-00256,P-0054,hover,checkout_upsell,synthetic
INT-0002663,2026-01-27T08:14:14,RCPT-20260127-00256,P-0031,view,checkout_upsell,synthetic
INT-0002664,2026-01-27T08:14:14,RCPT-20260127-00256,P-0031,click,checkout_upsell,synthetic
INT-0002665,2026-01-27T08:14:14,RCPT-20260127-00256,P-0018,view,checkout_upsell,synthetic
INT-0002666,2026-01-27T08:14:14,RCPT-20260127-00256,P-0022,view,checkout_upsell,synthetic
INT-0002667,2026-01-27T08:14:14,RCPT-20260127-00256,P-0022,click,checkout_upsell,synthetic
INT-0002668,2026-01-27T18:06:41,RCPT-20260127-00257,P-0034,view,checkout_upsell,synthetic
INT-0002669,2026-01-27T18:06:41,RCPT-20260127-00257,P-0012,view,checkout_upsell,synthetic
INT-0002670,2026-01-27T18:06:41,RCPT-20260127-00257,P-0060,view,checkout_upsell,synthetic
INT-0002671,2026-01-27T18:06:41,RCPT-20260127-00257,P-0060,hover,checkout_upsell,synthetic
INT-0002672,2026-01-27T18:06:41,RCPT-20260127-00257,P-0022,view,checkout_upsell,synthetic
INT-0002673,2026-01-27T18:06:41,RCPT-20260127-00257,P-0022,hover,checkout_upsell,synthetic
INT-0002674,2026-01-27T18:06:41,RCPT-20260127-00257,P-0062,view,checkout_upsell,synthetic
INT-0002675,2026-01-27T18:06:41,RCPT-20260127-00257,P-0062,hover,checkout_upsell,synthetic
INT-0002676,2026-01-27T18:06:41,RCPT-20260127-00257,P-0009,view,checkout_upsell,synthetic
INT-0002677,2026-01-27T18:06:42,RCPT-20260127-00258,P-0050,view,checkout_upsell,synthetic
INT-0002678,2026-01-27T18:06:42,RCPT-20260127-00258,P-0050,hover,checkout_upsell,synthetic
INT-0002679,2026-01-27T18:06:42,RCPT-20260127-00258,P-0043,view,checkout_upsell,synthetic
INT-0002680,2026-01-27T18:06:42,RCPT-20260127-00258,P-0043,hover,checkout_upsell,synthetic
INT-0002681,2026-01-27T18:06:42,RCPT-20260127-00258,P-0071,view,checkout_upsell,synthetic
INT-0002682,2026-01-27T18:06:42,RCPT-20260127-00258,P-0071,hover,checkout_upsell,synthetic
INT-0002683,2026-01-27T18:06:42,RCPT-20260127-00258,P-0023,view,checkout_upsell,synthetic
INT-0002684,2026-01-27T18:06:42,RCPT-20260127-00258,P-0067,view,checkout_upsell,synthetic
INT-0002685,2026-01-27T18:06:42,RCPT-20260127-00258,P-0067,hover,checkout_upsell,synthetic
INT-0002686,2026-01-27T18:06:42,RCPT-20260127-00258,P-0067,click,checkout_upsell,synthetic
INT-0002687,2026-01-27T18:06:42,RCPT-20260127-00258,P-0049,view,checkout_upsell,synthetic
INT-0002688,2026-01-27T18:06:42,RCPT-20260127-00258,P-0049,hover,checkout_upsell,synthetic
INT-0002689,2026-01-27T11:22:45,RCPT-20260127-00259,P-0038,view,checkout_upsell,synthetic
INT-0002690,2026-01-27T11:22:45,RCPT-20260127-00259,P-0038,hover,checkout_upsell,synthetic
INT-0002691,2026-01-27T11:22:45,RCPT-20260127-00259,P-0067,view,checkout_upsell,synthetic
INT-0002692,2026-01-27T11:22:45,RCPT-20260127-00259,P-0067,hover,checkout_upsell,synthetic
INT-0002693,2026-01-27T11:22:45,RCPT-20260127-00259,P-0067,click,checkout_upsell,synthetic
INT-0002694,2026-01-27T11:22:45,RCPT-20260127-00259,P-0026,view,checkout_upsell,synthetic
INT-0002695,2026-01-27T11:22:45,RCPT-20260127-00259,P-0026,hover,checkout_upsell,synthetic
INT-0002696,2026-01-27T11:22:45,RCPT-20260127-00259,P-0026,click,checkout_upsell,synthetic
INT-0002697,2026-01-27T11:22:45,RCPT-20260127-00259,P-0049,view,checkout_upsell,synthetic
INT-0002698,2026-01-27T11:22:45,RCPT-20260127-00259,P-0049,hover,checkout_upsell,synthetic
INT-0002699,2026-01-27T11:22:45,RCPT-20260127-00259,P-0039,view,checkout_upsell,synthetic
INT-0002700,2026-01-27T11:22:45,RCPT-20260127-00259,P-0039,hover,checkout_upsell,synthetic
INT-0002701,2026-01-27T11:22:45,RCPT-20260127-00259,P-0033,view,checkout_upsell,synthetic
INT-0002702,2026-01-27T11:22:45,RCPT-20260127-00259,P-0033,hover,checkout_upsell,synthetic
INT-0002703,2026-01-28T10:05:49,RCPT-20260128-00260,P-0048,view,checkout_upsell,synthetic
INT-0002704,2026-01-28T10:05:49,RCPT-20260128-00260,P-0006,view,checkout_upsell,synthetic
INT-0002705,2026-01-28T10:05:49,RCPT-20260128-00260,P-0006,hover,checkout_upsell,synthetic
INT-0002706,2026-01-28T10:05:49,RCPT-20260128-00260,P-0001,view,checkout_upsell,synthetic
INT-0002707,2026-01-28T10:05:49,RCPT-20260128-00260,P-0001,hover,checkout_upsell,synthetic
INT-0002708,2026-01-28T10:05:49,RCPT-20260128-00260,P-0014,view,checkout_upsell,synthetic
INT-0002709,2026-01-28T10:05:49,RCPT-20260128-00260,P-0026,view,checkout_upsell,synthetic
INT-0002710,2026-01-28T10:05:49,RCPT-20260128-00260,P-0026,hover,checkout_upsell,synthetic
INT-0002711,2026-01-28T10:05:49,RCPT-20260128-00260,P-0017,view,checkout_upsell,synthetic
INT-0002712,2026-01-28T10:05:49,RCPT-20260128-00260,P-0017,hover,checkout_upsell,synthetic
INT-0002713,2026-01-28T14:47:07,RCPT-20260128-00261,P-0034,view,checkout_upsell,synthetic
INT-0002714,2026-01-28T14:47:07,RCPT-20260128-00261,P-0034,hover,checkout_upsell,synthetic
INT-0002715,2026-01-28T14:47:07,RCPT-20260128-00261,P-0036,view,checkout_upsell,synthetic
INT-0002716,2026-01-28T14:47:07,RCPT-20260128-00261,P-0036,hover,checkout_upsell,synthetic
INT-0002717,2026-01-28T14:47:07,RCPT-20260128-00261,P-0036,click,checkout_upsell,synthetic
INT-0002718,2026-01-28T14:47:07,RCPT-20260128-00261,P-0050,view,checkout_upsell,synthetic
INT-0002719,2026-01-28T14:47:07,RCPT-20260128-00261,P-0004,view,checkout_upsell,synthetic
INT-0002720,2026-01-28T14:47:07,RCPT-20260128-00261,P-0049,view,checkout_upsell,synthetic
INT-0002721,2026-01-28T14:47:07,RCPT-20260128-00261,P-0049,hover,checkout_upsell,synthetic
INT-0002722,2026-01-28T14:47:07,RCPT-20260128-00261,P-0062,view,checkout_upsell,synthetic
INT-0002723,2026-01-28T12:53:24,RCPT-20260128-00262,P-0048,view,checkout_upsell,synthetic
INT-0002724,2026-01-28T12:53:24,RCPT-20260128-00262,P-0048,hover,checkout_upsell,synthetic
INT-0002725,2026-01-28T12:53:24,RCPT-20260128-00262,P-0048,click,checkout_upsell,synthetic
INT-0002726,2026-01-28T12:53:24,RCPT-20260128-00262,P-0015,view,checkout_upsell,synthetic
INT-0002727,2026-01-28T12:53:24,RCPT-20260128-00262,P-0074,view,checkout_upsell,synthetic
INT-0002728,2026-01-28T12:53:24,RCPT-20260128-00262,P-0074,hover,checkout_upsell,synthetic
INT-0002729,2026-01-28T12:53:24,RCPT-20260128-00262,P-0001,view,checkout_upsell,synthetic
INT-0002730,2026-01-28T12:53:24,RCPT-20260128-00262,P-0001,hover,checkout_upsell,synthetic
INT-0002731,2026-01-28T12:53:24,RCPT-20260128-00262,P-0041,view,checkout_upsell,synthetic
INT-0002732,2026-01-28T12:53:24,RCPT-20260128-00262,P-0041,hover,checkout_upsell,synthetic
INT-0002733,2026-01-28T12:53:24,RCPT-20260128-00262,P-0041,click,checkout_upsell,synthetic
INT-0002734,2026-01-28T12:53:24,RCPT-20260128-00262,P-0064,view,checkout_upsell,synthetic
INT-0002735,2026-01-28T12:53:24,RCPT-20260128-00262,P-0064,hover,checkout_upsell,synthetic
INT-0002736,2026-01-28T14:49:22,RCPT-20260128-00263,P-0034,view,checkout_upsell,synthetic
INT-0002737,2026-01-28T14:49:22,RCPT-20260128-00263,P-0034,hover,checkout_upsell,synthetic
INT-0002738,2026-01-28T14:49:22,RCPT-20260128-00263,P-0040,view,checkout_upsell,synthetic
INT-0002739,2026-01-28T14:49:22,RCPT-20260128-00263,P-0060,view,checkout_upsell,synthetic
INT-0002740,2026-01-28T14:49:22,RCPT-20260128-00263,P-0060,hover,checkout_upsell,synthetic
INT-0002741,2026-01-28T14:49:22,RCPT-20260128-00263,P-0005,view,checkout_upsell,synthetic
INT-0002742,2026-01-28T14:49:22,RCPT-20260128-00263,P-0005,hover,checkout_upsell,synthetic
INT-0002743,2026-01-28T14:49:22,RCPT-20260128-00263,P-0075,view,checkout_upsell,synthetic
INT-0002744,2026-01-28T14:49:22,RCPT-20260128-00263,P-0075,click,checkout_upsell,synthetic
INT-0002745,2026-01-28T14:49:22,RCPT-20260128-00263,P-0063,view,checkout_upsell,synthetic
INT-0002746,2026-01-28T14:49:22,RCPT-20260128-00263,P-0063,hover,checkout_upsell,synthetic
INT-0002747,2026-01-28T18:55:21,RCPT-20260128-00264,P-0046,view,checkout_upsell,synthetic
INT-0002748,2026-01-28T18:55:21,RCPT-20260128-00264,P-0046,hover,checkout_upsell,synthetic
INT-0002749,2026-01-28T18:55:21,RCPT-20260128-00264,P-0071,view,checkout_upsell,synthetic
INT-0002750,2026-01-28T18:55:21,RCPT-20260128-00264,P-0071,hover,checkout_upsell,synthetic
INT-0002751,2026-01-28T18:55:21,RCPT-20260128-00264,P-0055,view,checkout_upsell,synthetic
INT-0002752,2026-01-28T18:55:21,RCPT-20260128-00264,P-0055,hover,checkout_upsell,synthetic
INT-0002753,2026-01-28T18:55:21,RCPT-20260128-00264,P-0073,view,checkout_upsell,synthetic
INT-0002754,2026-01-28T18:55:21,RCPT-20260128-00264,P-0039,view,checkout_upsell,synthetic
INT-0002755,2026-01-28T18:55:21,RCPT-20260128-00264,P-0009,view,checkout_upsell,synthetic
INT-0002756,2026-01-28T18:55:21,RCPT-20260128-00264,P-0009,click,checkout_upsell,synthetic
INT-0002757,2026-01-28T22:10:32,RCPT-20260128-00265,P-0065,view,checkout_upsell,synthetic
INT-0002758,2026-01-28T22:10:32,RCPT-20260128-00265,P-0012,view,checkout_upsell,synthetic
INT-0002759,2026-01-28T22:10:32,RCPT-20260128-00265,P-0012,hover,checkout_upsell,synthetic
INT-0002760,2026-01-28T22:10:32,RCPT-20260128-00265,P-0039,view,checkout_upsell,synthetic
INT-0002761,2026-01-28T22:10:32,RCPT-20260128-00265,P-0039,hover,checkout_upsell,synthetic
INT-0002762,2026-01-28T22:10:32,RCPT-20260128-00265,P-0076,view,checkout_upsell,synthetic
INT-0002763,2026-01-28T22:10:32,RCPT-20260128-00265,P-0076,hover,checkout_upsell,synthetic
INT-0002764,2026-01-28T22:10:32,RCPT-20260128-00265,P-0062,view,checkout_upsell,synthetic
INT-0002765,2026-01-28T22:10:32,RCPT-20260128-00265,P-0062,hover,checkout_upsell,synthetic
INT-0002766,2026-01-28T22:10:32,RCPT-20260128-00265,P-0024,view,checkout_upsell,synthetic
INT-0002767,2026-01-28T22:10:32,RCPT-20260128-00265,P-0024,hover,checkout_upsell,synthetic
INT-0002768,2026-01-28T15:28:51,RCPT-20260128-00266,P-0040,view,checkout_upsell,synthetic
INT-0002769,2026-01-28T15:28:51,RCPT-20260128-00266,P-0040,hover,checkout_upsell,synthetic
INT-0002770,2026-01-28T15:28:51,RCPT-20260128-00266,P-0021,view,checkout_upsell,synthetic
INT-0002771,2026-01-28T15:28:51,RCPT-20260128-00266,P-0021,hover,checkout_upsell,synthetic
INT-0002772,2026-01-28T15:28:51,RCPT-20260128-00266,P-0035,view,checkout_upsell,synthetic
INT-0002773,2026-01-28T15:28:51,RCPT-20260128-00266,P-0035,hover,checkout_upsell,synthetic
INT-0002774,2026-01-28T15:28:51,RCPT-20260128-00266,P-0054,view,checkout_upsell,synthetic
INT-0002775,2026-01-28T15:28:51,RCPT-20260128-00266,P-0054,hover,checkout_upsell,synthetic
INT-0002776,2026-01-28T15:28:51,RCPT-20260128-00266,P-0004,view,checkout_upsell,synthetic
INT-0002777,2026-01-28T15:28:51,RCPT-20260128-00266,P-0052,view,checkout_upsell,synthetic
INT-0002778,2026-01-28T15:28:51,RCPT-20260128-00266,P-0052,hover,checkout_upsell,synthetic
INT-0002779,2026-01-28T18:19:56,RCPT-20260128-00267,P-0034,view,checkout_upsell,synthetic
INT-0002780,2026-01-28T18:19:56,RCPT-20260128-00267,P-0034,hover,checkout_upsell,synthetic
INT-0002781,2026-01-28T18:19:56,RCPT-20260128-00267,P-0028,view,checkout_upsell,synthetic
INT-0002782,2026-01-28T18:19:56,RCPT-20260128-00267,P-0070,view,checkout_upsell,synthetic
INT-0002783,2026-01-28T18:19:56,RCPT-20260128-00267,P-0066,view,checkout_upsell,synthetic
INT-0002784,2026-01-28T18:19:56,RCPT-20260128-00267,P-0064,view,checkout_upsell,synthetic
INT-0002785,2026-01-28T18:19:56,RCPT-20260128-00267,P-0064,hover,checkout_upsell,synthetic
INT-0002786,2026-01-28T18:19:56,RCPT-20260128-00267,P-0076,view,checkout_upsell,synthetic
INT-0002787,2026-01-28T18:19:56,RCPT-20260128-00267,P-0076,hover,checkout_upsell,synthetic
INT-0002788,2026-01-29T18:14:00,RCPT-20260129-00268,P-0061,view,checkout_upsell,synthetic
INT-0002789,2026-01-29T18:14:00,RCPT-20260129-00268,P-0061,hover,checkout_upsell,synthetic
INT-0002790,2026-01-29T18:14:00,RCPT-20260129-00268,P-0061,click,checkout_upsell,synthetic
INT-0002791,2026-01-29T18:14:00,RCPT-20260129-00268,P-0060,view,checkout_upsell,synthetic
INT-0002792,2026-01-29T18:14:00,RCPT-20260129-00268,P-0060,hover,checkout_upsell,synthetic
INT-0002793,2026-01-29T18:14:00,RCPT-20260129-00268,P-0068,view,checkout_upsell,synthetic
INT-0002794,2026-01-29T18:14:00,RCPT-20260129-00268,P-0068,hover,checkout_upsell,synthetic
INT-0002795,2026-01-29T18:14:00,RCPT-20260129-00268,P-0059,view,checkout_upsell,synthetic
INT-0002796,2026-01-29T18:14:00,RCPT-20260129-00268,P-0039,view,checkout_upsell,synthetic
INT-0002797,2026-01-29T18:14:00,RCPT-20260129-00268,P-0047,view,checkout_upsell,synthetic
INT-0002798,2026-01-29T18:14:00,RCPT-20260129-00268,P-0047,hover,checkout_upsell,synthetic
INT-0002799,2026-01-29T09:16:39,RCPT-20260129-00269,P-0034,view,checkout_upsell,synthetic
INT-0002800,2026-01-29T09:16:39,RCPT-20260129-00269,P-0008,view,checkout_upsell,synthetic
INT-0002801,2026-01-29T09:16:39,RCPT-20260129-00269,P-0011,view,checkout_upsell,synthetic
INT-0002802,2026-01-29T09:16:39,RCPT-20260129-00269,P-0011,click,checkout_upsell,synthetic
INT-0002803,2026-01-29T09:16:39,RCPT-20260129-00269,P-0059,view,checkout_upsell,synthetic
INT-0002804,2026-01-29T09:16:39,RCPT-20260129-00269,P-0026,view,checkout_upsell,synthetic
INT-0002805,2026-01-29T09:16:39,RCPT-20260129-00269,P-0017,view,checkout_upsell,synthetic
INT-0002806,2026-01-29T09:16:39,RCPT-20260129-00269,P-0017,hover,checkout_upsell,synthetic
INT-0002807,2026-01-29T15:42:37,RCPT-20260129-00270,P-0043,view,checkout_upsell,synthetic
INT-0002808,2026-01-29T15:42:37,RCPT-20260129-00270,P-0043,hover,checkout_upsell,synthetic
INT-0002809,2026-01-29T15:42:37,RCPT-20260129-00270,P-0035,view,checkout_upsell,synthetic
INT-0002810,2026-01-29T15:42:37,RCPT-20260129-00270,P-0045,view,checkout_upsell,synthetic
INT-0002811,2026-01-29T15:42:37,RCPT-20260129-00270,P-0045,hover,checkout_upsell,synthetic
INT-0002812,2026-01-29T15:42:37,RCPT-20260129-00270,P-0017,view,checkout_upsell,synthetic
INT-0002813,2026-01-29T15:42:37,RCPT-20260129-00270,P-0017,hover,checkout_upsell,synthetic
INT-0002814,2026-01-29T15:42:37,RCPT-20260129-00270,P-0049,view,checkout_upsell,synthetic
INT-0002815,2026-01-29T15:42:37,RCPT-20260129-00270,P-0049,hover,checkout_upsell,synthetic
INT-0002816,2026-01-29T15:42:37,RCPT-20260129-00270,P-0039,view,checkout_upsell,synthetic
INT-0002817,2026-01-29T15:42:37,RCPT-20260129-00270,P-0039,hover,checkout_upsell,synthetic
INT-0002818,2026-01-29T19:52:08,RCPT-20260129-00271,P-0048,view,checkout_upsell,synthetic
INT-0002819,2026-01-29T19:52:08,RCPT-20260129-00271,P-0048,hover,checkout_upsell,synthetic
INT-0002820,2026-01-29T19:52:08,RCPT-20260129-00271,P-0048,click,checkout_upsell,synthetic
INT-0002821,2026-01-29T19:52:08,RCPT-20260129-00271,P-0036,view,checkout_upsell,synthetic
INT-0002822,2026-01-29T19:52:08,RCPT-20260129-00271,P-0031,view,checkout_upsell,synthetic
INT-0002823,2026-01-29T19:52:08,RCPT-20260129-00271,P-0058,view,checkout_upsell,synthetic
INT-0002824,2026-01-29T19:52:08,RCPT-20260129-00271,P-0058,hover,checkout_upsell,synthetic
INT-0002825,2026-01-29T19:52:08,RCPT-20260129-00271,P-0058,click,checkout_upsell,synthetic
INT-0002826,2026-01-29T19:52:08,RCPT-20260129-00271,P-0076,view,checkout_upsell,synthetic
INT-0002827,2026-01-29T19:52:08,RCPT-20260129-00271,P-0044,view,checkout_upsell,synthetic
INT-0002828,2026-01-29T15:51:08,RCPT-20260129-00272,P-0048,view,checkout_upsell,synthetic
INT-0002829,2026-01-29T15:51:08,RCPT-20260129-00272,P-0048,hover,checkout_upsell,synthetic
INT-0002830,2026-01-29T15:51:08,RCPT-20260129-00272,P-0060,view,checkout_upsell,synthetic
INT-0002831,2026-01-29T15:51:08,RCPT-20260129-00272,P-0060,hover,checkout_upsell,synthetic
INT-0002832,2026-01-29T15:51:08,RCPT-20260129-00272,P-0056,view,checkout_upsell,synthetic
INT-0002833,2026-01-29T15:51:08,RCPT-20260129-00272,P-0056,click,checkout_upsell,synthetic
INT-0002834,2026-01-29T15:51:08,RCPT-20260129-00272,P-0076,view,checkout_upsell,synthetic
INT-0002835,2026-01-29T15:51:08,RCPT-20260129-00272,P-0052,view,checkout_upsell,synthetic
INT-0002836,2026-01-29T15:51:08,RCPT-20260129-00272,P-0016,view,checkout_upsell,synthetic
INT-0002837,2026-01-29T11:39:45,RCPT-20260129-00273,P-0035,view,checkout_upsell,synthetic
INT-0002838,2026-01-29T11:39:45,RCPT-20260129-00273,P-0035,hover,checkout_upsell,synthetic
INT-0002839,2026-01-29T11:39:45,RCPT-20260129-00273,P-0014,view,checkout_upsell,synthetic
INT-0002840,2026-01-29T11:39:45,RCPT-20260129-00273,P-0014,hover,checkout_upsell,synthetic
INT-0002841,2026-01-29T11:39:45,RCPT-20260129-00273,P-0032,view,checkout_upsell,synthetic
INT-0002842,2026-01-29T11:39:45,RCPT-20260129-00273,P-0032,hover,checkout_upsell,synthetic
INT-0002843,2026-01-29T11:39:45,RCPT-20260129-00273,P-0072,view,checkout_upsell,synthetic
INT-0002844,2026-01-29T11:39:45,RCPT-20260129-00273,P-0076,view,checkout_upsell,synthetic
INT-0002845,2026-01-29T11:39:45,RCPT-20260129-00273,P-0076,click,checkout_upsell,synthetic
INT-0002846,2026-01-29T11:39:45,RCPT-20260129-00273,P-0052,view,checkout_upsell,synthetic
INT-0002847,2026-01-29T11:39:45,RCPT-20260129-00273,P-0052,hover,checkout_upsell,synthetic
INT-0002848,2026-01-29T11:39:45,RCPT-20260129-00273,P-0052,click,checkout_upsell,synthetic
INT-0002849,2026-01-29T18:47:57,RCPT-20260129-00274,P-0051,view,checkout_upsell,synthetic
INT-0002850,2026-01-29T18:47:57,RCPT-20260129-00274,P-0051,hover,checkout_upsell,synthetic
INT-0002851,2026-01-29T18:47:57,RCPT-20260129-00274,P-0051,click,checkout_upsell,synthetic
INT-0002852,2026-01-29T18:47:57,RCPT-20260129-00274,P-0006,view,checkout_upsell,synthetic
INT-0002853,2026-01-29T18:47:57,RCPT-20260129-00274,P-0006,hover,checkout_upsell,synthetic
INT-0002854,2026-01-29T18:47:57,RCPT-20260129-00274,P-0060,view,checkout_upsell,synthetic
INT-0002855,2026-01-29T18:47:57,RCPT-20260129-00274,P-0060,hover,checkout_upsell,synthetic
INT-0002856,2026-01-29T18:47:57,RCPT-20260129-00274,P-0070,view,checkout_upsell,synthetic
INT-0002857,2026-01-29T18:47:57,RCPT-20260129-00274,P-0070,hover,checkout_upsell,synthetic
INT-0002858,2026-01-29T18:47:57,RCPT-20260129-00274,P-0022,view,checkout_upsell,synthetic
INT-0002859,2026-01-29T18:47:57,RCPT-20260129-00274,P-0022,hover,checkout_upsell,synthetic
INT-0002860,2026-01-29T18:47:57,RCPT-20260129-00274,P-0047,view,checkout_upsell,synthetic
INT-0002861,2026-01-29T18:47:57,RCPT-20260129-00274,P-0047,hover,checkout_upsell,synthetic
INT-0002862,2026-01-29T18:47:57,RCPT-20260129-00274,P-0047,click,checkout_upsell,synthetic
INT-0002863,2026-01-29T12:48:50,RCPT-20260129-00275,P-0056,view,checkout_upsell,synthetic
INT-0002864,2026-01-29T12:48:50,RCPT-20260129-00275,P-0056,hover,checkout_upsell,synthetic
INT-0002865,2026-01-29T12:48:50,RCPT-20260129-00275,P-0010,view,checkout_upsell,synthetic
INT-0002866,2026-01-29T12:48:50,RCPT-20260129-00275,P-0010,hover,checkout_upsell,synthetic
INT-0002867,2026-01-29T12:48:50,RCPT-20260129-00275,P-0010,click,checkout_upsell,synthetic
INT-0002868,2026-01-29T12:48:50,RCPT-20260129-00275,P-0001,view,checkout_upsell,synthetic
INT-0002869,2026-01-29T12:48:50,RCPT-20260129-00275,P-0001,hover,checkout_upsell,synthetic
INT-0002870,2026-01-29T12:48:50,RCPT-20260129-00275,P-0002,view,checkout_upsell,synthetic
INT-0002871,2026-01-29T12:48:50,RCPT-20260129-00275,P-0002,hover,checkout_upsell,synthetic
INT-0002872,2026-01-29T12:48:50,RCPT-20260129-00275,P-0004,view,checkout_upsell,synthetic
INT-0002873,2026-01-29T12:48:50,RCPT-20260129-00275,P-0076,view,checkout_upsell,synthetic
INT-0002874,2026-01-29T19:41:35,RCPT-20260129-00276,P-0048,view,checkout_upsell,synthetic
INT-0002875,2026-01-29T19:41:35,RCPT-20260129-00276,P-0048,hover,checkout_upsell,synthetic
INT-0002876,2026-01-29T19:41:35,RCPT-20260129-00276,P-0069,view,checkout_upsell,synthetic
INT-0002877,2026-01-29T19:41:35,RCPT-20260129-00276,P-0069,hover,checkout_upsell,synthetic
INT-0002878,2026-01-29T19:41:35,RCPT-20260129-00276,P-0069,click,checkout_upsell,synthetic
INT-0002879,2026-01-29T19:41:35,RCPT-20260129-00276,P-0024,view,checkout_upsell,synthetic
INT-0002880,2026-01-29T19:41:35,RCPT-20260129-00276,P-0024,hover,checkout_upsell,synthetic
INT-0002881,2026-01-29T19:41:35,RCPT-20260129-00276,P-0056,view,checkout_upsell,synthetic
INT-0002882,2026-01-29T19:41:35,RCPT-20260129-00276,P-0049,view,checkout_upsell,synthetic
INT-0002883,2026-01-29T19:41:35,RCPT-20260129-00276,P-0049,hover,checkout_upsell,synthetic
INT-0002884,2026-01-29T19:41:35,RCPT-20260129-00276,P-0049,click,checkout_upsell,synthetic
INT-0002885,2026-01-29T19:41:35,RCPT-20260129-00276,P-0047,view,checkout_upsell,synthetic
INT-0002886,2026-01-29T21:14:58,RCPT-20260129-00277,P-0012,view,checkout_upsell,synthetic
INT-0002887,2026-01-29T21:14:58,RCPT-20260129-00277,P-0012,hover,checkout_upsell,synthetic
INT-0002888,2026-01-29T21:14:58,RCPT-20260129-00277,P-0043,view,checkout_upsell,synthetic
INT-0002889,2026-01-29T21:14:58,RCPT-20260129-00277,P-0043,hover,checkout_upsell,synthetic
INT-0002890,2026-01-29T21:14:58,RCPT-20260129-00277,P-0071,view,checkout_upsell,synthetic
INT-0002891,2026-01-29T21:14:58,RCPT-20260129-00277,P-0071,hover,checkout_upsell,synthetic
INT-0002892,2026-01-29T21:14:58,RCPT-20260129-00277,P-0014,view,checkout_upsell,synthetic
INT-0002893,2026-01-29T21:14:58,RCPT-20260129-00277,P-0014,hover,checkout_upsell,synthetic
INT-0002894,2026-01-29T21:14:58,RCPT-20260129-00277,P-0075,view,checkout_upsell,synthetic
INT-0002895,2026-01-29T21:14:58,RCPT-20260129-00277,P-0063,view,checkout_upsell,synthetic
INT-0002896,2026-01-29T21:14:58,RCPT-20260129-00277,P-0063,hover,checkout_upsell,synthetic
INT-0002897,2026-01-29T19:32:07,RCPT-20260129-00278,P-0012,view,checkout_upsell,synthetic
INT-0002898,2026-01-29T19:32:07,RCPT-20260129-00278,P-0012,click,checkout_upsell,synthetic
INT-0002899,2026-01-29T19:32:07,RCPT-20260129-00278,P-0010,view,checkout_upsell,synthetic
INT-0002900,2026-01-29T19:32:07,RCPT-20260129-00278,P-0073,view,checkout_upsell,synthetic
INT-0002901,2026-01-29T19:32:07,RCPT-20260129-00278,P-0075,view,checkout_upsell,synthetic
INT-0002902,2026-01-29T19:32:07,RCPT-20260129-00278,P-0004,view,checkout_upsell,synthetic
INT-0002903,2026-01-29T19:32:07,RCPT-20260129-00278,P-0004,hover,checkout_upsell,synthetic
INT-0002904,2026-01-29T19:32:07,RCPT-20260129-00278,P-0049,view,checkout_upsell,synthetic
INT-0002905,2026-01-29T19:32:07,RCPT-20260129-00278,P-0049,hover,checkout_upsell,synthetic
INT-0002906,2026-01-29T10:59:20,RCPT-20260129-00279,P-0030,view,checkout_upsell,synthetic
INT-0002907,2026-01-29T10:59:20,RCPT-20260129-00279,P-0030,hover,checkout_upsell,synthetic
INT-0002908,2026-01-29T10:59:20,RCPT-20260129-00279,P-0030,click,checkout_upsell,synthetic
INT-0002909,2026-01-29T10:59:20,RCPT-20260129-00279,P-0036,view,checkout_upsell,synthetic
INT-0002910,2026-01-29T10:59:20,RCPT-20260129-00279,P-0036,hover,checkout_upsell,synthetic
INT-0002911,2026-01-29T10:59:20,RCPT-20260129-00279,P-0068,view,checkout_upsell,synthetic
INT-0002912,2026-01-29T10:59:20,RCPT-20260129-00279,P-0001,view,checkout_upsell,synthetic
INT-0002913,2026-01-29T10:59:20,RCPT-20260129-00279,P-0073,view,checkout_upsell,synthetic
INT-0002914,2026-01-29T10:59:20,RCPT-20260129-00279,P-0073,hover,checkout_upsell,synthetic
INT-0002915,2026-01-29T10:59:20,RCPT-20260129-00279,P-0058,view,checkout_upsell,synthetic
INT-0002916,2026-01-29T10:59:20,RCPT-20260129-00279,P-0058,hover,checkout_upsell,synthetic
INT-0002917,2026-01-30T20:32:10,RCPT-20260130-00280,P-0012,view,checkout_upsell,synthetic
INT-0002918,2026-01-30T20:32:10,RCPT-20260130-00280,P-0050,view,checkout_upsell,synthetic
INT-0002919,2026-01-30T20:32:10,RCPT-20260130-00280,P-0010,view,checkout_upsell,synthetic
INT-0002920,2026-01-30T20:32:10,RCPT-20260130-00280,P-0010,hover,checkout_upsell,synthetic
INT-0002921,2026-01-30T20:32:10,RCPT-20260130-00280,P-0010,click,checkout_upsell,synthetic
INT-0002922,2026-01-30T20:32:10,RCPT-20260130-00280,P-0020,view,checkout_upsell,synthetic
INT-0002923,2026-01-30T20:32:10,RCPT-20260130-00280,P-0020,hover,checkout_upsell,synthetic
INT-0002924,2026-01-30T20:32:10,RCPT-20260130-00280,P-0067,view,checkout_upsell,synthetic
INT-0002925,2026-01-30T20:32:10,RCPT-20260130-00280,P-0067,hover,checkout_upsell,synthetic
INT-0002926,2026-01-30T20:32:10,RCPT-20260130-00280,P-0073,view,checkout_upsell,synthetic
INT-0002927,2026-01-30T20:32:10,RCPT-20260130-00280,P-0073,hover,checkout_upsell,synthetic
INT-0002928,2026-01-30T20:39:33,RCPT-20260130-00281,P-0034,view,checkout_upsell,synthetic
INT-0002929,2026-01-30T20:39:33,RCPT-20260130-00281,P-0034,hover,checkout_upsell,synthetic
INT-0002930,2026-01-30T20:39:33,RCPT-20260130-00281,P-0034,click,checkout_upsell,synthetic
INT-0002931,2026-01-30T20:39:33,RCPT-20260130-00281,P-0021,view,checkout_upsell,synthetic
INT-0002932,2026-01-30T20:39:33,RCPT-20260130-00281,P-0021,hover,checkout_upsell,synthetic
INT-0002933,2026-01-30T20:39:33,RCPT-20260130-00281,P-0059,view,checkout_upsell,synthetic
INT-0002934,2026-01-30T20:39:33,RCPT-20260130-00281,P-0059,hover,checkout_upsell,synthetic
INT-0002935,2026-01-30T20:39:33,RCPT-20260130-00281,P-0041,view,checkout_upsell,synthetic
INT-0002936,2026-01-30T20:39:33,RCPT-20260130-00281,P-0041,hover,checkout_upsell,synthetic
INT-0002937,2026-01-30T20:39:33,RCPT-20260130-00281,P-0014,view,checkout_upsell,synthetic
INT-0002938,2026-01-30T20:39:33,RCPT-20260130-00281,P-0014,hover,checkout_upsell,synthetic
INT-0002939,2026-01-30T20:39:33,RCPT-20260130-00281,P-0073,view,checkout_upsell,synthetic
INT-0002940,2026-01-30T20:39:33,RCPT-20260130-00281,P-0073,hover,checkout_upsell,synthetic
INT-0002941,2026-01-30T14:58:50,RCPT-20260130-00282,P-0025,view,checkout_upsell,synthetic
INT-0002942,2026-01-30T14:58:50,RCPT-20260130-00282,P-0025,click,checkout_upsell,synthetic
INT-0002943,2026-01-30T14:58:50,RCPT-20260130-00282,P-0003,view,checkout_upsell,synthetic
INT-0002944,2026-01-30T14:58:50,RCPT-20260130-00282,P-0002,view,checkout_upsell,synthetic
INT-0002945,2026-01-30T14:58:50,RCPT-20260130-00282,P-0067,view,checkout_upsell,synthetic
INT-0002946,2026-01-30T14:58:50,RCPT-20260130-00282,P-0075,view,checkout_upsell,synthetic
INT-0002947,2026-01-30T14:58:50,RCPT-20260130-00282,P-0009,view,checkout_upsell,synthetic
INT-0002948,2026-01-30T22:41:12,RCPT-20260130-00283,P-0060,view,checkout_upsell,synthetic
INT-0002949,2026-01-30T22:41:12,RCPT-20260130-00283,P-0060,hover,checkout_upsell,synthetic
INT-0002950,2026-01-30T22:41:12,RCPT-20260130-00283,P-0054,view,checkout_upsell,synthetic
INT-0002951,2026-01-30T22:41:12,RCPT-20260130-00283,P-0054,hover,checkout_upsell,synthetic
INT-0002952,2026-01-30T22:41:12,RCPT-20260130-00283,P-0066,view,checkout_upsell,synthetic
INT-0002953,2026-01-30T22:41:12,RCPT-20260130-00283,P-0045,view,checkout_upsell,synthetic
INT-0002954,2026-01-30T22:41:12,RCPT-20260130-00283,P-0062,view,checkout_upsell,synthetic
INT-0002955,2026-01-30T22:41:12,RCPT-20260130-00283,P-0016,view,checkout_upsell,synthetic
INT-0002956,2026-01-30T21:06:13,RCPT-20260130-00284,P-0008,view,checkout_upsell,synthetic
INT-0002957,2026-01-30T21:06:13,RCPT-20260130-00284,P-0008,hover,checkout_upsell,synthetic
INT-0002958,2026-01-30T21:06:13,RCPT-20260130-00284,P-0060,view,checkout_upsell,synthetic
INT-0002959,2026-01-30T21:06:13,RCPT-20260130-00284,P-0035,view,checkout_upsell,synthetic
INT-0002960,2026-01-30T21:06:13,RCPT-20260130-00284,P-0035,hover,checkout_upsell,synthetic
INT-0002961,2026-01-30T21:06:13,RCPT-20260130-00284,P-0019,view,checkout_upsell,synthetic
INT-0002962,2026-01-30T21:06:13,RCPT-20260130-00284,P-0019,hover,checkout_upsell,synthetic
INT-0002963,2026-01-30T21:06:13,RCPT-20260130-00284,P-0018,view,checkout_upsell,synthetic
INT-0002964,2026-01-30T21:06:13,RCPT-20260130-00284,P-0039,view,checkout_upsell,synthetic
INT-0002965,2026-01-30T16:04:36,RCPT-20260130-00285,P-0012,view,checkout_upsell,synthetic
INT-0002966,2026-01-30T16:04:36,RCPT-20260130-00285,P-0012,hover,checkout_upsell,synthetic
INT-0002967,2026-01-30T16:04:36,RCPT-20260130-00285,P-0068,view,checkout_upsell,synthetic
INT-0002968,2026-01-30T16:04:36,RCPT-20260130-00285,P-0003,view,checkout_upsell,synthetic
INT-0002969,2026-01-30T16:04:36,RCPT-20260130-00285,P-0003,hover,checkout_upsell,synthetic
INT-0002970,2026-01-30T16:04:36,RCPT-20260130-00285,P-0013,view,checkout_upsell,synthetic
INT-0002971,2026-01-30T16:04:36,RCPT-20260130-00285,P-0013,hover,checkout_upsell,synthetic
INT-0002972,2026-01-30T16:04:36,RCPT-20260130-00285,P-0070,view,checkout_upsell,synthetic
INT-0002973,2026-01-30T16:04:36,RCPT-20260130-00285,P-0070,hover,checkout_upsell,synthetic
INT-0002974,2026-01-30T16:04:36,RCPT-20260130-00285,P-0004,view,checkout_upsell,synthetic
INT-0002975,2026-01-30T16:04:36,RCPT-20260130-00285,P-0004,hover,checkout_upsell,synthetic
INT-0002976,2026-01-30T13:59:32,RCPT-20260130-00286,P-0040,view,checkout_upsell,synthetic
INT-0002977,2026-01-30T13:59:32,RCPT-20260130-00286,P-0040,hover,checkout_upsell,synthetic
INT-0002978,2026-01-30T13:59:32,RCPT-20260130-00286,P-0037,view,checkout_upsell,synthetic
INT-0002979,2026-01-30T13:59:32,RCPT-20260130-00286,P-0037,hover,checkout_upsell,synthetic
INT-0002980,2026-01-30T13:59:32,RCPT-20260130-00286,P-0068,view,checkout_upsell,synthetic
INT-0002981,2026-01-30T13:59:32,RCPT-20260130-00286,P-0068,hover,checkout_upsell,synthetic
INT-0002982,2026-01-30T13:59:32,RCPT-20260130-00286,P-0001,view,checkout_upsell,synthetic
INT-0002983,2026-01-30T13:59:32,RCPT-20260130-00286,P-0001,hover,checkout_upsell,synthetic
INT-0002984,2026-01-30T13:59:32,RCPT-20260130-00286,P-0057,view,checkout_upsell,synthetic
INT-0002985,2026-01-30T13:59:32,RCPT-20260130-00286,P-0057,hover,checkout_upsell,synthetic
INT-0002986,2026-01-30T13:59:32,RCPT-20260130-00286,P-0055,view,checkout_upsell,synthetic
INT-0002987,2026-01-30T13:59:32,RCPT-20260130-00286,P-0055,hover,checkout_upsell,synthetic
INT-0002988,2026-01-30T13:59:32,RCPT-20260130-00286,P-0055,click,checkout_upsell,synthetic
INT-0002989,2026-01-30T14:50:51,RCPT-20260130-00287,P-0059,view,checkout_upsell,synthetic
INT-0002990,2026-01-30T14:50:51,RCPT-20260130-00287,P-0020,view,checkout_upsell,synthetic
INT-0002991,2026-01-30T14:50:51,RCPT-20260130-00287,P-0020,hover,checkout_upsell,synthetic
INT-0002992,2026-01-30T14:50:51,RCPT-20260130-00287,P-0070,view,checkout_upsell,synthetic
INT-0002993,2026-01-30T14:50:51,RCPT-20260130-00287,P-0070,hover,checkout_upsell,synthetic
INT-0002994,2026-01-30T14:50:51,RCPT-20260130-00287,P-0002,view,checkout_upsell,synthetic
INT-0002995,2026-01-30T14:50:51,RCPT-20260130-00287,P-0002,hover,checkout_upsell,synthetic
INT-0002996,2026-01-30T14:50:51,RCPT-20260130-00287,P-0041,view,checkout_upsell,synthetic
INT-0002997,2026-01-30T14:50:51,RCPT-20260130-00287,P-0041,hover,checkout_upsell,synthetic
INT-0002998,2026-01-30T14:50:51,RCPT-20260130-00287,P-0017,view,checkout_upsell,synthetic
INT-0002999,2026-01-30T14:50:51,RCPT-20260130-00287,P-0017,hover,checkout_upsell,synthetic
INT-0003000,2026-01-30T17:25:34,RCPT-20260130-00288,P-0025,view,checkout_upsell,synthetic
INT-0003001,2026-01-30T17:25:34,RCPT-20260130-00288,P-0059,view,checkout_upsell,synthetic
INT-0003002,2026-01-30T17:25:34,RCPT-20260130-00288,P-0059,hover,checkout_upsell,synthetic
INT-0003003,2026-01-30T17:25:34,RCPT-20260130-00288,P-0001,view,checkout_upsell,synthetic
INT-0003004,2026-01-30T17:25:34,RCPT-20260130-00288,P-0001,hover,checkout_upsell,synthetic
INT-0003005,2026-01-30T17:25:34,RCPT-20260130-00288,P-0070,view,checkout_upsell,synthetic
INT-0003006,2026-01-30T17:25:34,RCPT-20260130-00288,P-0070,hover,checkout_upsell,synthetic
INT-0003007,2026-01-30T17:25:34,RCPT-20260130-00288,P-0067,view,checkout_upsell,synthetic
INT-0003008,2026-01-30T17:25:34,RCPT-20260130-00288,P-0067,hover,checkout_upsell,synthetic
INT-0003009,2026-01-30T17:25:34,RCPT-20260130-00288,P-0067,click,checkout_upsell,synthetic
INT-0003010,2026-01-30T17:25:34,RCPT-20260130-00288,P-0063,view,checkout_upsell,synthetic
INT-0003011,2026-01-30T17:25:34,RCPT-20260130-00288,P-0063,hover,checkout_upsell,synthetic
INT-0003012,2026-01-30T11:39:53,RCPT-20260130-00289,P-0012,view,checkout_upsell,synthetic
INT-0003013,2026-01-30T11:39:53,RCPT-20260130-00289,P-0012,hover,checkout_upsell,synthetic
INT-0003014,2026-01-30T11:39:53,RCPT-20260130-00289,P-0011,view,checkout_upsell,synthetic
INT-0003015,2026-01-30T11:39:53,RCPT-20260130-00289,P-0011,hover,checkout_upsell,synthetic
INT-0003016,2026-01-30T11:39:53,RCPT-20260130-00289,P-0043,view,checkout_upsell,synthetic
INT-0003017,2026-01-30T11:39:53,RCPT-20260130-00289,P-0056,view,checkout_upsell,synthetic
INT-0003018,2026-01-30T11:39:53,RCPT-20260130-00289,P-0019,view,checkout_upsell,synthetic
INT-0003019,2026-01-30T11:39:53,RCPT-20260130-00289,P-0063,view,checkout_upsell,synthetic
INT-0003020,2026-01-31T19:37:31,RCPT-20260131-00290,P-0040,view,checkout_upsell,synthetic
INT-0003021,2026-01-31T19:37:31,RCPT-20260131-00290,P-0071,view,checkout_upsell,synthetic
INT-0003022,2026-01-31T19:37:31,RCPT-20260131-00290,P-0002,view,checkout_upsell,synthetic
INT-0003023,2026-01-31T19:37:31,RCPT-20260131-00290,P-0002,hover,checkout_upsell,synthetic
INT-0003024,2026-01-31T19:37:31,RCPT-20260131-00290,P-0005,view,checkout_upsell,synthetic
INT-0003025,2026-01-31T19:37:31,RCPT-20260131-00290,P-0005,hover,checkout_upsell,synthetic
INT-0003026,2026-01-31T19:37:31,RCPT-20260131-00290,P-0014,view,checkout_upsell,synthetic
INT-0003027,2026-01-31T19:37:31,RCPT-20260131-00290,P-0067,view,checkout_upsell,synthetic
INT-0003028,2026-01-31T19:37:31,RCPT-20260131-00290,P-0067,hover,checkout_upsell,synthetic
INT-0003029,2026-01-31T17:36:23,RCPT-20260131-00291,P-0034,view,checkout_upsell,synthetic
INT-0003030,2026-01-31T17:36:23,RCPT-20260131-00291,P-0034,click,checkout_upsell,synthetic
INT-0003031,2026-01-31T17:36:23,RCPT-20260131-00291,P-0069,view,checkout_upsell,synthetic
INT-0003032,2026-01-31T17:36:23,RCPT-20260131-00291,P-0069,hover,checkout_upsell,synthetic
INT-0003033,2026-01-31T17:36:23,RCPT-20260131-00291,P-0036,view,checkout_upsell,synthetic
INT-0003034,2026-01-31T17:36:23,RCPT-20260131-00291,P-0036,hover,checkout_upsell,synthetic
INT-0003035,2026-01-31T17:36:23,RCPT-20260131-00291,P-0071,view,checkout_upsell,synthetic
INT-0003036,2026-01-31T17:36:23,RCPT-20260131-00291,P-0071,hover,checkout_upsell,synthetic
INT-0003037,2026-01-31T17:36:23,RCPT-20260131-00291,P-0071,click,checkout_upsell,synthetic
INT-0003038,2026-01-31T17:36:23,RCPT-20260131-00291,P-0076,view,checkout_upsell,synthetic
INT-0003039,2026-01-31T17:36:23,RCPT-20260131-00291,P-0076,hover,checkout_upsell,synthetic
INT-0003040,2026-01-31T17:36:23,RCPT-20260131-00291,P-0053,view,checkout_upsell,synthetic
INT-0003041,2026-01-31T10:41:38,RCPT-20260131-00292,P-0060,view,checkout_upsell,synthetic
INT-0003042,2026-01-31T10:41:38,RCPT-20260131-00292,P-0060,hover,checkout_upsell,synthetic
INT-0003043,2026-01-31T10:41:38,RCPT-20260131-00292,P-0021,view,checkout_upsell,synthetic
INT-0003044,2026-01-31T10:41:38,RCPT-20260131-00292,P-0059,view,checkout_upsell,synthetic
INT-0003045,2026-01-31T10:41:38,RCPT-20260131-00292,P-0059,hover,checkout_upsell,synthetic
INT-0003046,2026-01-31T10:41:38,RCPT-20260131-00292,P-0067,view,checkout_upsell,synthetic
INT-0003047,2026-01-31T10:41:38,RCPT-20260131-00292,P-0067,hover,checkout_upsell,synthetic
INT-0003048,2026-01-31T10:41:38,RCPT-20260131-00292,P-0042,view,checkout_upsell,synthetic
INT-0003049,2026-01-31T10:41:38,RCPT-20260131-00292,P-0042,click,checkout_upsell,synthetic
INT-0003050,2026-01-31T10:41:38,RCPT-20260131-00292,P-0062,view,checkout_upsell,synthetic
INT-0003051,2026-01-31T10:41:38,RCPT-20260131-00292,P-0062,hover,checkout_upsell,synthetic
INT-0003052,2026-01-31T14:49:37,RCPT-20260131-00293,P-0035,view,checkout_upsell,synthetic
INT-0003053,2026-01-31T14:49:37,RCPT-20260131-00293,P-0035,hover,checkout_upsell,synthetic
INT-0003054,2026-01-31T14:49:37,RCPT-20260131-00293,P-0002,view,checkout_upsell,synthetic
INT-0003055,2026-01-31T14:49:37,RCPT-20260131-00293,P-0002,hover,checkout_upsell,synthetic
INT-0003056,2026-01-31T14:49:37,RCPT-20260131-00293,P-0041,view,checkout_upsell,synthetic
INT-0003057,2026-01-31T14:49:37,RCPT-20260131-00293,P-0041,hover,checkout_upsell,synthetic
INT-0003058,2026-01-31T14:49:37,RCPT-20260131-00293,P-0063,view,checkout_upsell,synthetic
INT-0003059,2026-01-31T14:49:37,RCPT-20260131-00293,P-0063,click,checkout_upsell,synthetic
INT-0003060,2026-01-31T14:49:37,RCPT-20260131-00293,P-0058,view,checkout_upsell,synthetic
INT-0003061,2026-01-31T14:49:37,RCPT-20260131-00293,P-0058,hover,checkout_upsell,synthetic
INT-0003062,2026-01-31T14:49:37,RCPT-20260131-00293,P-0047,view,checkout_upsell,synthetic
INT-0003063,2026-01-31T14:49:37,RCPT-20260131-00293,P-0047,click,checkout_upsell,synthetic
INT-0003064,2026-01-31T10:29:32,RCPT-20260131-00294,P-0040,view,checkout_upsell,synthetic
INT-0003065,2026-01-31T10:29:32,RCPT-20260131-00294,P-0040,hover,checkout_upsell,synthetic
INT-0003066,2026-01-31T10:29:32,RCPT-20260131-00294,P-0050,view,checkout_upsell,synthetic
INT-0003067,2026-01-31T10:29:32,RCPT-20260131-00294,P-0068,view,checkout_upsell,synthetic
INT-0003068,2026-01-31T10:29:32,RCPT-20260131-00294,P-0068,hover,checkout_upsell,synthetic
INT-0003069,2026-01-31T10:29:32,RCPT-20260131-00294,P-0010,view,checkout_upsell,synthetic
INT-0003070,2026-01-31T10:29:32,RCPT-20260131-00294,P-0010,hover,checkout_upsell,synthetic
INT-0003071,2026-01-31T10:29:32,RCPT-20260131-00294,P-0042,view,checkout_upsell,synthetic
INT-0003072,2026-01-31T10:29:32,RCPT-20260131-00294,P-0047,view,checkout_upsell,synthetic
INT-0003073,2026-01-31T10:11:36,RCPT-20260131-00295,P-0065,view,checkout_upsell,synthetic
INT-0003074,2026-01-31T10:11:36,RCPT-20260131-00295,P-0060,view,checkout_upsell,synthetic
INT-0003075,2026-01-31T10:11:36,RCPT-20260131-00295,P-0060,hover,checkout_upsell,synthetic
INT-0003076,2026-01-31T10:11:36,RCPT-20260131-00295,P-0071,view,checkout_upsell,synthetic
INT-0003077,2026-01-31T10:11:36,RCPT-20260131-00295,P-0067,view,checkout_upsell,synthetic
INT-0003078,2026-01-31T10:11:36,RCPT-20260131-00295,P-0067,hover,checkout_upsell,synthetic
INT-0003079,2026-01-31T10:11:36,RCPT-20260131-00295,P-0076,view,checkout_upsell,synthetic
INT-0003080,2026-01-31T10:11:36,RCPT-20260131-00295,P-0076,click,checkout_upsell,synthetic
INT-0003081,2026-01-31T10:11:36,RCPT-20260131-00295,P-0009,view,checkout_upsell,synthetic
INT-0003082,2026-01-31T10:11:36,RCPT-20260131-00295,P-0009,hover,checkout_upsell,synthetic
INT-0003083,2026-01-31T14:30:58,RCPT-20260131-00296,P-0065,view,checkout_upsell,synthetic
INT-0003084,2026-01-31T14:30:58,RCPT-20260131-00296,P-0065,click,checkout_upsell,synthetic
INT-0003085,2026-01-31T14:30:58,RCPT-20260131-00296,P-0036,view,checkout_upsell,synthetic
INT-0003086,2026-01-31T14:30:58,RCPT-20260131-00296,P-0036,hover,checkout_upsell,synthetic
INT-0003087,2026-01-31T14:30:58,RCPT-20260131-00296,P-0006,view,checkout_upsell,synthetic
INT-0003088,2026-01-31T14:30:58,RCPT-20260131-00296,P-0006,click,checkout_upsell,synthetic
INT-0003089,2026-01-31T14:30:58,RCPT-20260131-00296,P-0017,view,checkout_upsell,synthetic
INT-0003090,2026-01-31T14:30:58,RCPT-20260131-00296,P-0072,view,checkout_upsell,synthetic
INT-0003091,2026-01-31T14:30:58,RCPT-20260131-00296,P-0047,view,checkout_upsell,synthetic
INT-0003092,2026-01-31T14:30:58,RCPT-20260131-00296,P-0047,hover,checkout_upsell,synthetic
INT-0003093,2026-01-31T10:24:41,RCPT-20260131-00297,P-0060,view,checkout_upsell,synthetic
INT-0003094,2026-01-31T10:24:41,RCPT-20260131-00297,P-0060,hover,checkout_upsell,synthetic
INT-0003095,2026-01-31T10:24:41,RCPT-20260131-00297,P-0060,click,checkout_upsell,synthetic
INT-0003096,2026-01-31T10:24:41,RCPT-20260131-00297,P-0003,view,checkout_upsell,synthetic
INT-0003097,2026-01-31T10:24:41,RCPT-20260131-00297,P-0003,hover,checkout_upsell,synthetic
INT-0003098,2026-01-31T10:24:41,RCPT-20260131-00297,P-0021,view,checkout_upsell,synthetic
INT-0003099,2026-01-31T10:24:41,RCPT-20260131-00297,P-0021,hover,checkout_upsell,synthetic
INT-0003100,2026-01-31T10:24:41,RCPT-20260131-00297,P-0045,view,checkout_upsell,synthetic
INT-0003101,2026-01-31T10:24:41,RCPT-20260131-00297,P-0045,hover,checkout_upsell,synthetic
INT-0003102,2026-01-31T10:24:41,RCPT-20260131-00297,P-0031,view,checkout_upsell,synthetic
INT-0003103,2026-01-31T10:24:41,RCPT-20260131-00297,P-0031,hover,checkout_upsell,synthetic
INT-0003104,2026-01-31T10:24:41,RCPT-20260131-00297,P-0075,view,checkout_upsell,synthetic
INT-0003105,2026-01-31T10:24:41,RCPT-20260131-00297,P-0075,hover,checkout_upsell,synthetic
INT-0003106,2026-01-31T16:56:08,RCPT-20260131-00298,P-0036,view,checkout_upsell,synthetic
INT-0003107,2026-01-31T16:56:08,RCPT-20260131-00298,P-0076,view,checkout_upsell,synthetic
INT-0003108,2026-01-31T16:56:08,RCPT-20260131-00298,P-0076,click,checkout_upsell,synthetic
INT-0003109,2026-01-31T16:56:08,RCPT-20260131-00298,P-0010,view,checkout_upsell,synthetic
INT-0003110,2026-01-31T16:56:08,RCPT-20260131-00298,P-0010,hover,checkout_upsell,synthetic
INT-0003111,2026-01-31T16:56:08,RCPT-20260131-00298,P-0058,view,checkout_upsell,synthetic
INT-0003112,2026-01-31T16:56:08,RCPT-20260131-00298,P-0058,hover,checkout_upsell,synthetic
INT-0003113,2026-01-31T16:56:08,RCPT-20260131-00298,P-0049,view,checkout_upsell,synthetic
INT-0003114,2026-01-31T16:56:08,RCPT-20260131-00298,P-0049,hover,checkout_upsell,synthetic
INT-0003115,2026-01-31T16:56:08,RCPT-20260131-00298,P-0049,click,checkout_upsell,synthetic
INT-0003116,2026-01-31T16:56:08,RCPT-20260131-00298,P-0052,view,checkout_upsell,synthetic
INT-0003117,2026-01-31T16:56:08,RCPT-20260131-00298,P-0052,hover,checkout_upsell,synthetic
INT-0003118,2026-01-31T18:14:26,RCPT-20260131-00299,P-0036,view,checkout_upsell,synthetic
INT-0003119,2026-01-31T18:14:26,RCPT-20260131-00299,P-0036,hover,checkout_upsell,synthetic
INT-0003120,2026-01-31T18:14:26,RCPT-20260131-00299,P-0010,view,checkout_upsell,synthetic
INT-0003121,2026-01-31T18:14:26,RCPT-20260131-00299,P-0055,view,checkout_upsell,synthetic
INT-0003122,2026-01-31T18:14:26,RCPT-20260131-00299,P-0055,hover,checkout_upsell,synthetic
INT-0003123,2026-01-31T18:14:26,RCPT-20260131-00299,P-0029,view,checkout_upsell,synthetic
INT-0003124,2026-01-31T18:14:26,RCPT-20260131-00299,P-0066,view,checkout_upsell,synthetic
INT-0003125,2026-01-31T18:14:26,RCPT-20260131-00299,P-0066,hover,checkout_upsell,synthetic
INT-0003126,2026-01-31T18:14:26,RCPT-20260131-00299,P-0066,click,checkout_upsell,synthetic
INT-0003127,2026-01-31T18:14:26,RCPT-20260131-00299,P-0062,view,checkout_upsell,synthetic
INT-0003128,2026-01-31T18:14:26,RCPT-20260131-00299,P-0062,hover,checkout_upsell,synthetic
INT-0003129,2026-01-31T22:36:09,RCPT-20260131-00300,P-0040,view,checkout_upsell,synthetic
INT-0003130,2026-01-31T22:36:09,RCPT-20260131-00300,P-0003,view,checkout_upsell,synthetic
INT-0003131,2026-01-31T22:36:09,RCPT-20260131-00300,P-0055,view,checkout_upsell,synthetic
INT-0003132,2026-01-31T22:36:09,RCPT-20260131-00300,P-0029,view,checkout_upsell,synthetic
INT-0003133,2026-01-31T22:36:09,RCPT-20260131-00300,P-0029,hover,checkout_upsell,synthetic
INT-0003134,2026-01-31T22:36:09,RCPT-20260131-00300,P-0064,view,checkout_upsell,synthetic
INT-0003135,2026-01-31T22:36:09,RCPT-20260131-00300,P-0076,view,checkout_upsell,synthetic
INT-0003136,2026-02-01T21:30:10,RCPT-20260201-00301,P-0074,view,checkout_upsell,synthetic
INT-0003137,2026-02-01T21:30:10,RCPT-20260201-00301,P-0074,click,checkout_upsell,synthetic
INT-0003138,2026-02-01T21:30:10,RCPT-20260201-00301,P-0028,view,checkout_upsell,synthetic
INT-0003139,2026-02-01T21:30:10,RCPT-20260201-00301,P-0039,view,checkout_upsell,synthetic
INT-0003140,2026-02-01T21:30:10,RCPT-20260201-00301,P-0039,hover,checkout_upsell,synthetic
INT-0003141,2026-02-01T21:30:10,RCPT-20260201-00301,P-0072,view,checkout_upsell,synthetic
INT-0003142,2026-02-01T21:30:10,RCPT-20260201-00301,P-0072,hover,checkout_upsell,synthetic
INT-0003143,2026-02-01T21:30:10,RCPT-20260201-00301,P-0063,view,checkout_upsell,synthetic
INT-0003144,2026-02-01T21:30:10,RCPT-20260201-00301,P-0063,hover,checkout_upsell,synthetic
INT-0003145,2026-02-01T21:30:10,RCPT-20260201-00301,P-0044,view,checkout_upsell,synthetic
INT-0003146,2026-02-01T19:43:21,RCPT-20260201-00302,P-0035,view,checkout_upsell,synthetic
INT-0003147,2026-02-01T19:43:21,RCPT-20260201-00302,P-0035,hover,checkout_upsell,synthetic
INT-0003148,2026-02-01T19:43:21,RCPT-20260201-00302,P-0021,view,checkout_upsell,synthetic
INT-0003149,2026-02-01T19:43:21,RCPT-20260201-00302,P-0021,hover,checkout_upsell,synthetic
INT-0003150,2026-02-01T19:43:21,RCPT-20260201-00302,P-0070,view,checkout_upsell,synthetic
INT-0003151,2026-02-01T19:43:21,RCPT-20260201-00302,P-0070,hover,checkout_upsell,synthetic
INT-0003152,2026-02-01T19:43:21,RCPT-20260201-00302,P-0045,view,checkout_upsell,synthetic
INT-0003153,2026-02-01T19:43:21,RCPT-20260201-00302,P-0049,view,checkout_upsell,synthetic
INT-0003154,2026-02-01T19:43:21,RCPT-20260201-00302,P-0049,hover,checkout_upsell,synthetic
INT-0003155,2026-02-01T19:43:21,RCPT-20260201-00302,P-0062,view,checkout_upsell,synthetic
INT-0003156,2026-02-01T17:02:56,RCPT-20260201-00303,P-0043,view,checkout_upsell,synthetic
INT-0003157,2026-02-01T17:02:56,RCPT-20260201-00303,P-0037,view,checkout_upsell,synthetic
INT-0003158,2026-02-01T17:02:56,RCPT-20260201-00303,P-0020,view,checkout_upsell,synthetic
INT-0003159,2026-02-01T17:02:56,RCPT-20260201-00303,P-0073,view,checkout_upsell,synthetic
INT-0003160,2026-02-01T17:02:56,RCPT-20260201-00303,P-0073,hover,checkout_upsell,synthetic
INT-0003161,2026-02-01T17:02:56,RCPT-20260201-00303,P-0073,click,checkout_upsell,synthetic
INT-0003162,2026-02-01T17:02:56,RCPT-20260201-00303,P-0075,view,checkout_upsell,synthetic
INT-0003163,2026-02-01T17:02:56,RCPT-20260201-00303,P-0072,view,checkout_upsell,synthetic
INT-0003164,2026-02-01T19:33:27,RCPT-20260201-00304,P-0061,view,checkout_upsell,synthetic
INT-0003165,2026-02-01T19:33:27,RCPT-20260201-00304,P-0059,view,checkout_upsell,synthetic
INT-0003166,2026-02-01T19:33:27,RCPT-20260201-00304,P-0059,hover,checkout_upsell,synthetic
INT-0003167,2026-02-01T19:33:27,RCPT-20260201-00304,P-0071,view,checkout_upsell,synthetic
INT-0003168,2026-02-01T19:33:27,RCPT-20260201-00304,P-0071,hover,checkout_upsell,synthetic
INT-0003169,2026-02-01T19:33:27,RCPT-20260201-00304,P-0071,click,checkout_upsell,synthetic
INT-0003170,2026-02-01T19:33:27,RCPT-20260201-00304,P-0001,view,checkout_upsell,synthetic
INT-0003171,2026-02-01T19:33:27,RCPT-20260201-00304,P-0001,hover,checkout_upsell,synthetic
INT-0003172,2026-02-01T19:33:27,RCPT-20260201-00304,P-0014,view,checkout_upsell,synthetic
INT-0003173,2026-02-01T19:33:27,RCPT-20260201-00304,P-0014,hover,checkout_upsell,synthetic
INT-0003174,2026-02-01T19:33:27,RCPT-20260201-00304,P-0072,view,checkout_upsell,synthetic
INT-0003175,2026-02-01T19:33:27,RCPT-20260201-00304,P-0072,hover,checkout_upsell,synthetic
INT-0003176,2026-02-01T22:54:05,RCPT-20260201-00305,P-0061,view,checkout_upsell,synthetic
INT-0003177,2026-02-01T22:54:05,RCPT-20260201-00305,P-0061,hover,checkout_upsell,synthetic
INT-0003178,2026-02-01T22:54:05,RCPT-20260201-00305,P-0065,view,checkout_upsell,synthetic
INT-0003179,2026-02-01T22:54:05,RCPT-20260201-00305,P-0023,view,checkout_upsell,synthetic
INT-0003180,2026-02-01T22:54:05,RCPT-20260201-00305,P-0057,view,checkout_upsell,synthetic
INT-0003181,2026-02-01T22:54:05,RCPT-20260201-00305,P-0057,hover,checkout_upsell,synthetic
INT-0003182,2026-02-01T22:54:05,RCPT-20260201-00305,P-0062,view,checkout_upsell,synthetic
INT-0003183,2026-02-01T22:54:05,RCPT-20260201-00305,P-0009,view,checkout_upsell,synthetic
INT-0003184,2026-02-01T22:54:05,RCPT-20260201-00305,P-0009,hover,checkout_upsell,synthetic
INT-0003185,2026-02-01T20:20:26,RCPT-20260201-00306,P-0040,view,checkout_upsell,synthetic
INT-0003186,2026-02-01T20:20:26,RCPT-20260201-00306,P-0040,hover,checkout_upsell,synthetic
INT-0003187,2026-02-01T20:20:26,RCPT-20260201-00306,P-0040,click,checkout_upsell,synthetic
INT-0003188,2026-02-01T20:20:26,RCPT-20260201-00306,P-0038,view,checkout_upsell,synthetic
INT-0003189,2026-02-01T20:20:26,RCPT-20260201-00306,P-0038,hover,checkout_upsell,synthetic
INT-0003190,2026-02-01T20:20:26,RCPT-20260201-00306,P-0001,view,checkout_upsell,synthetic
INT-0003191,2026-02-01T20:20:26,RCPT-20260201-00306,P-0041,view,checkout_upsell,synthetic
INT-0003192,2026-02-01T20:20:26,RCPT-20260201-00306,P-0032,view,checkout_upsell,synthetic
INT-0003193,2026-02-01T20:20:26,RCPT-20260201-00306,P-0032,hover,checkout_upsell,synthetic
INT-0003194,2026-02-01T20:20:26,RCPT-20260201-00306,P-0044,view,checkout_upsell,synthetic
INT-0003195,2026-02-01T20:20:26,RCPT-20260201-00306,P-0044,hover,checkout_upsell,synthetic
INT-0003196,2026-02-01T15:11:23,RCPT-20260201-00307,P-0060,view,checkout_upsell,synthetic
INT-0003197,2026-02-01T15:11:23,RCPT-20260201-00307,P-0060,hover,checkout_upsell,synthetic
INT-0003198,2026-02-01T15:11:23,RCPT-20260201-00307,P-0060,click,checkout_upsell,synthetic
INT-0003199,2026-02-01T15:11:23,RCPT-20260201-00307,P-0003,view,checkout_upsell,synthetic
INT-0003200,2026-02-01T15:11:23,RCPT-20260201-00307,P-0003,hover,checkout_upsell,synthetic
INT-0003201,2026-02-01T15:11:23,RCPT-20260201-00307,P-0035,view,checkout_upsell,synthetic
INT-0003202,2026-02-01T15:11:23,RCPT-20260201-00307,P-0035,hover,checkout_upsell,synthetic
INT-0003203,2026-02-01T15:11:23,RCPT-20260201-00307,P-0041,view,checkout_upsell,synthetic
INT-0003204,2026-02-01T15:11:23,RCPT-20260201-00307,P-0041,hover,checkout_upsell,synthetic
INT-0003205,2026-02-01T15:11:23,RCPT-20260201-00307,P-0072,view,checkout_upsell,synthetic
INT-0003206,2026-02-01T15:11:23,RCPT-20260201-00307,P-0052,view,checkout_upsell,synthetic
INT-0003207,2026-02-01T15:11:23,RCPT-20260201-00307,P-0052,hover,checkout_upsell,synthetic
INT-0003208,2026-02-01T11:32:25,RCPT-20260201-00308,P-0050,view,checkout_upsell,synthetic
INT-0003209,2026-02-01T11:32:25,RCPT-20260201-00308,P-0050,hover,checkout_upsell,synthetic
INT-0003210,2026-02-01T11:32:25,RCPT-20260201-00308,P-0021,view,checkout_upsell,synthetic
INT-0003211,2026-02-01T11:32:25,RCPT-20260201-00308,P-0021,click,checkout_upsell,synthetic
INT-0003212,2026-02-01T11:32:25,RCPT-20260201-00308,P-0035,view,checkout_upsell,synthetic
INT-0003213,2026-02-01T11:32:25,RCPT-20260201-00308,P-0035,hover,checkout_upsell,synthetic
INT-0003214,2026-02-01T11:32:25,RCPT-20260201-00308,P-0052,view,checkout_upsell,synthetic
INT-0003215,2026-02-01T11:32:25,RCPT-20260201-00308,P-0053,view,checkout_upsell,synthetic
INT-0003216,2026-02-01T11:32:25,RCPT-20260201-00308,P-0016,view,checkout_upsell,synthetic
INT-0003217,2026-02-01T11:32:25,RCPT-20260201-00308,P-0016,click,checkout_upsell,synthetic
INT-0003218,2026-02-01T09:04:16,RCPT-20260201-00309,P-0061,view,checkout_upsell,synthetic
INT-0003219,2026-02-01T09:04:16,RCPT-20260201-00309,P-0061,hover,checkout_upsell,synthetic
INT-0003220,2026-02-01T09:04:16,RCPT-20260201-00309,P-0061,click,checkout_upsell,synthetic
INT-0003221,2026-02-01T09:04:16,RCPT-20260201-00309,P-0034,view,checkout_upsell,synthetic
INT-0003222,2026-02-01T09:04:16,RCPT-20260201-00309,P-0034,hover,checkout_upsell,synthetic
INT-0003223,2026-02-01T09:04:16,RCPT-20260201-00309,P-0065,view,checkout_upsell,synthetic
INT-0003224,2026-02-01T09:04:16,RCPT-20260201-00309,P-0065,hover,checkout_upsell,synthetic
INT-0003225,2026-02-01T09:04:16,RCPT-20260201-00309,P-0046,view,checkout_upsell,synthetic
INT-0003226,2026-02-01T09:04:16,RCPT-20260201-00309,P-0046,click,checkout_upsell,synthetic
INT-0003227,2026-02-01T09:04:16,RCPT-20260201-00309,P-0004,view,checkout_upsell,synthetic
INT-0003228,2026-02-01T09:04:16,RCPT-20260201-00309,P-0004,hover,checkout_upsell,synthetic
INT-0003229,2026-02-01T09:04:16,RCPT-20260201-00309,P-0053,view,checkout_upsell,synthetic
INT-0003230,2026-02-01T09:04:16,RCPT-20260201-00309,P-0053,hover,checkout_upsell,synthetic
INT-0003231,2026-02-01T08:12:54,RCPT-20260201-00310,P-0040,view,checkout_upsell,synthetic
INT-0003232,2026-02-01T08:12:54,RCPT-20260201-00310,P-0036,view,checkout_upsell,synthetic
INT-0003233,2026-02-01T08:12:54,RCPT-20260201-00310,P-0019,view,checkout_upsell,synthetic
INT-0003234,2026-02-01T08:12:54,RCPT-20260201-00310,P-0019,hover,checkout_upsell,synthetic
INT-0003235,2026-02-01T08:12:54,RCPT-20260201-00310,P-0057,view,checkout_upsell,synthetic
INT-0003236,2026-02-01T08:12:54,RCPT-20260201-00310,P-0057,hover,checkout_upsell,synthetic
INT-0003237,2026-02-01T08:12:54,RCPT-20260201-00310,P-0005,view,checkout_upsell,synthetic
INT-0003238,2026-02-01T08:12:54,RCPT-20260201-00310,P-0005,hover,checkout_upsell,synthetic
INT-0003239,2026-02-01T08:12:54,RCPT-20260201-00310,P-0005,click,checkout_upsell,synthetic
INT-0003240,2026-02-01T08:12:54,RCPT-20260201-00310,P-0066,view,checkout_upsell,synthetic
INT-0003241,2026-02-01T08:12:54,RCPT-20260201-00310,P-0066,hover,checkout_upsell,synthetic
INT-0003242,2026-02-01T12:49:25,RCPT-20260201-00311,P-0012,view,checkout_upsell,synthetic
INT-0003243,2026-02-01T12:49:25,RCPT-20260201-00311,P-0011,view,checkout_upsell,synthetic
INT-0003244,2026-02-01T12:49:25,RCPT-20260201-00311,P-0011,click,checkout_upsell,synthetic
INT-0003245,2026-02-01T12:49:25,RCPT-20260201-00311,P-0041,view,checkout_upsell,synthetic
INT-0003246,2026-02-01T12:49:25,RCPT-20260201-00311,P-0005,view,checkout_upsell,synthetic
INT-0003247,2026-02-01T12:49:25,RCPT-20260201-00311,P-0005,hover,checkout_upsell,synthetic
INT-0003248,2026-02-01T12:49:25,RCPT-20260201-00311,P-0075,view,checkout_upsell,synthetic
INT-0003249,2026-02-01T12:49:25,RCPT-20260201-00311,P-0075,hover,checkout_upsell,synthetic
INT-0003250,2026-02-01T12:49:25,RCPT-20260201-00311,P-0058,view,checkout_upsell,synthetic
INT-0003251,2026-02-01T12:49:25,RCPT-20260201-00311,P-0058,hover,checkout_upsell,synthetic
INT-0003252,2026-02-01T13:52:17,RCPT-20260201-00312,P-0065,view,checkout_upsell,synthetic
INT-0003253,2026-02-01T13:52:17,RCPT-20260201-00312,P-0065,hover,checkout_upsell,synthetic
INT-0003254,2026-02-01T13:52:17,RCPT-20260201-00312,P-0006,view,checkout_upsell,synthetic
INT-0003255,2026-02-01T13:52:17,RCPT-20260201-00312,P-0006,hover,checkout_upsell,synthetic
INT-0003256,2026-02-01T13:52:17,RCPT-20260201-00312,P-0006,click,checkout_upsell,synthetic
INT-0003257,2026-02-01T13:52:17,RCPT-20260201-00312,P-0074,view,checkout_upsell,synthetic
INT-0003258,2026-02-01T13:52:17,RCPT-20260201-00312,P-0074,hover,checkout_upsell,synthetic
INT-0003259,2026-02-01T13:52:17,RCPT-20260201-00312,P-0074,click,checkout_upsell,synthetic
INT-0003260,2026-02-01T13:52:17,RCPT-20260201-00312,P-0041,view,checkout_upsell,synthetic
INT-0003261,2026-02-01T13:52:17,RCPT-20260201-00312,P-0041,hover,checkout_upsell,synthetic
INT-0003262,2026-02-01T13:52:17,RCPT-20260201-00312,P-0018,view,checkout_upsell,synthetic
INT-0003263,2026-02-01T13:52:17,RCPT-20260201-00312,P-0018,hover,checkout_upsell,synthetic
INT-0003264,2026-02-01T13:52:17,RCPT-20260201-00312,P-0018,click,checkout_upsell,synthetic
INT-0003265,2026-02-01T13:52:17,RCPT-20260201-00312,P-0052,view,checkout_upsell,synthetic
INT-0003266,2026-02-01T20:32:16,RCPT-20260201-00313,P-0035,view,checkout_upsell,synthetic
INT-0003267,2026-02-01T20:32:16,RCPT-20260201-00313,P-0010,view,checkout_upsell,synthetic
INT-0003268,2026-02-01T20:32:16,RCPT-20260201-00313,P-0010,hover,checkout_upsell,synthetic
INT-0003269,2026-02-01T20:32:16,RCPT-20260201-00313,P-0070,view,checkout_upsell,synthetic
INT-0003270,2026-02-01T20:32:16,RCPT-20260201-00313,P-0070,hover,checkout_upsell,synthetic
INT-0003271,2026-02-01T20:32:16,RCPT-20260201-00313,P-0029,view,checkout_upsell,synthetic
INT-0003272,2026-02-01T20:32:16,RCPT-20260201-00313,P-0029,hover,checkout_upsell,synthetic
INT-0003273,2026-02-01T20:32:16,RCPT-20260201-00313,P-0066,view,checkout_upsell,synthetic
INT-0003274,2026-02-01T20:32:16,RCPT-20260201-00313,P-0053,view,checkout_upsell,synthetic
INT-0003275,2026-02-01T21:01:30,RCPT-20260201-00314,P-0061,view,checkout_upsell,synthetic
INT-0003276,2026-02-01T21:01:30,RCPT-20260201-00314,P-0061,hover,checkout_upsell,synthetic
INT-0003277,2026-02-01T21:01:30,RCPT-20260201-00314,P-0036,view,checkout_upsell,synthetic
INT-0003278,2026-02-01T21:01:30,RCPT-20260201-00314,P-0036,hover,checkout_upsell,synthetic
INT-0003279,2026-02-01T21:01:30,RCPT-20260201-00314,P-0059,view,checkout_upsell,synthetic
INT-0003280,2026-02-01T21:01:30,RCPT-20260201-00314,P-0059,hover,checkout_upsell,synthetic
INT-0003281,2026-02-01T21:01:30,RCPT-20260201-00314,P-0046,view,checkout_upsell,synthetic
INT-0003282,2026-02-01T21:01:30,RCPT-20260201-00314,P-0049,view,checkout_upsell,synthetic
INT-0003283,2026-02-01T21:01:30,RCPT-20260201-00314,P-0009,view,checkout_upsell,synthetic
INT-0003284,2026-02-01T21:01:30,RCPT-20260201-00314,P-0009,hover,checkout_upsell,synthetic
INT-0003285,2026-02-01T19:53:16,RCPT-20260201-00315,P-0069,view,checkout_upsell,synthetic
INT-0003286,2026-02-01T19:53:16,RCPT-20260201-00315,P-0069,hover,checkout_upsell,synthetic
INT-0003287,2026-02-01T19:53:16,RCPT-20260201-00315,P-0060,view,checkout_upsell,synthetic
INT-0003288,2026-02-01T19:53:16,RCPT-20260201-00315,P-0060,hover,checkout_upsell,synthetic
INT-0003289,2026-02-01T19:53:16,RCPT-20260201-00315,P-0060,click,checkout_upsell,synthetic
INT-0003290,2026-02-01T19:53:16,RCPT-20260201-00315,P-0059,view,checkout_upsell,synthetic
INT-0003291,2026-02-01T19:53:16,RCPT-20260201-00315,P-0059,hover,checkout_upsell,synthetic
INT-0003292,2026-02-01T19:53:16,RCPT-20260201-00315,P-0057,view,checkout_upsell,synthetic
INT-0003293,2026-02-01T19:53:16,RCPT-20260201-00315,P-0057,hover,checkout_upsell,synthetic
INT-0003294,2026-02-01T19:53:16,RCPT-20260201-00315,P-0057,click,checkout_upsell,synthetic
INT-0003295,2026-02-01T19:53:16,RCPT-20260201-00315,P-0042,view,checkout_upsell,synthetic
INT-0003296,2026-02-01T19:53:16,RCPT-20260201-00315,P-0009,view,checkout_upsell,synthetic
INT-0003297,2026-02-01T19:53:16,RCPT-20260201-00315,P-0009,hover,checkout_upsell,synthetic
INT-0003298,2026-02-01T15:47:12,RCPT-20260201-00316,P-0036,view,checkout_upsell,synthetic
INT-0003299,2026-02-01T15:47:12,RCPT-20260201-00316,P-0036,hover,checkout_upsell,synthetic
INT-0003300,2026-02-01T15:47:12,RCPT-20260201-00316,P-0060,view,checkout_upsell,synthetic
INT-0003301,2026-02-01T15:47:12,RCPT-20260201-00316,P-0060,hover,checkout_upsell,synthetic
INT-0003302,2026-02-01T15:47:12,RCPT-20260201-00316,P-0046,view,checkout_upsell,synthetic
INT-0003303,2026-02-01T15:47:12,RCPT-20260201-00316,P-0046,hover,checkout_upsell,synthetic
INT-0003304,2026-02-01T15:47:12,RCPT-20260201-00316,P-0005,view,checkout_upsell,synthetic
INT-0003305,2026-02-01T15:47:12,RCPT-20260201-00316,P-0005,hover,checkout_upsell,synthetic
INT-0003306,2026-02-01T15:47:12,RCPT-20260201-00316,P-0005,click,checkout_upsell,synthetic
INT-0003307,2026-02-01T15:47:12,RCPT-20260201-00316,P-0064,view,checkout_upsell,synthetic
INT-0003308,2026-02-01T15:47:12,RCPT-20260201-00316,P-0064,hover,checkout_upsell,synthetic
INT-0003309,2026-02-01T15:47:12,RCPT-20260201-00316,P-0049,view,checkout_upsell,synthetic
INT-0003310,2026-02-01T15:47:12,RCPT-20260201-00316,P-0049,hover,checkout_upsell,synthetic
INT-0003311,2026-02-01T08:54:30,RCPT-20260201-00317,P-0048,view,checkout_upsell,synthetic
INT-0003312,2026-02-01T08:54:30,RCPT-20260201-00317,P-0060,view,checkout_upsell,synthetic
INT-0003313,2026-02-01T08:54:30,RCPT-20260201-00317,P-0060,hover,checkout_upsell,synthetic
INT-0003314,2026-02-01T08:54:30,RCPT-20260201-00317,P-0060,click,checkout_upsell,synthetic
INT-0003315,2026-02-01T08:54:30,RCPT-20260201-00317,P-0074,view,checkout_upsell,synthetic
INT-0003316,2026-02-01T08:54:30,RCPT-20260201-00317,P-0074,hover,checkout_upsell,synthetic
INT-0003317,2026-02-01T08:54:30,RCPT-20260201-00317,P-0020,view,checkout_upsell,synthetic
INT-0003318,2026-02-01T08:54:30,RCPT-20260201-00317,P-0020,hover,checkout_upsell,synthetic
INT-0003319,2026-02-01T08:54:30,RCPT-20260201-00317,P-0038,view,checkout_upsell,synthetic
INT-0003320,2026-02-01T08:54:30,RCPT-20260201-00317,P-0038,hover,checkout_upsell,synthetic
INT-0003321,2026-02-01T08:54:30,RCPT-20260201-00317,P-0039,view,checkout_upsell,synthetic
INT-0003322,2026-02-02T15:34:02,RCPT-20260202-00318,P-0025,view,checkout_upsell,synthetic
INT-0003323,2026-02-02T15:34:02,RCPT-20260202-00318,P-0054,view,checkout_upsell,synthetic
INT-0003324,2026-02-02T15:34:02,RCPT-20260202-00318,P-0041,view,checkout_upsell,synthetic
INT-0003325,2026-02-02T15:34:02,RCPT-20260202-00318,P-0041,hover,checkout_upsell,synthetic
INT-0003326,2026-02-02T15:34:02,RCPT-20260202-00318,P-0017,view,checkout_upsell,synthetic
INT-0003327,2026-02-02T15:34:02,RCPT-20260202-00318,P-0004,view,checkout_upsell,synthetic
INT-0003328,2026-02-02T15:34:02,RCPT-20260202-00318,P-0004,hover,checkout_upsell,synthetic
INT-0003329,2026-02-02T15:34:02,RCPT-20260202-00318,P-0047,view,checkout_upsell,synthetic
INT-0003330,2026-02-02T15:34:02,RCPT-20260202-00318,P-0047,click,checkout_upsell,synthetic
INT-0003331,2026-02-02T13:23:39,RCPT-20260202-00319,P-0012,view,checkout_upsell,synthetic
INT-0003332,2026-02-02T13:23:39,RCPT-20260202-00319,P-0068,view,checkout_upsell,synthetic
INT-0003333,2026-02-02T13:23:39,RCPT-20260202-00319,P-0068,hover,checkout_upsell,synthetic
INT-0003334,2026-02-02T13:23:39,RCPT-20260202-00319,P-0001,view,checkout_upsell,synthetic
INT-0003335,2026-02-02T13:23:39,RCPT-20260202-00319,P-0001,hover,checkout_upsell,synthetic
INT-0003336,2026-02-02T13:23:39,RCPT-20260202-00319,P-0004,view,checkout_upsell,synthetic
INT-0003337,2026-02-02T13:23:39,RCPT-20260202-00319,P-0004,hover,checkout_upsell,synthetic
INT-0003338,2026-02-02T13:23:39,RCPT-20260202-00319,P-0047,view,checkout_upsell,synthetic
INT-0003339,2026-02-02T13:23:39,RCPT-20260202-00319,P-0047,hover,checkout_upsell,synthetic
INT-0003340,2026-02-02T13:23:39,RCPT-20260202-00319,P-0009,view,checkout_upsell,synthetic
INT-0003341,2026-02-02T13:23:39,RCPT-20260202-00319,P-0009,click,checkout_upsell,synthetic
INT-0003342,2026-02-02T12:28:11,RCPT-20260202-00320,P-0030,view,checkout_upsell,synthetic
INT-0003343,2026-02-02T12:28:11,RCPT-20260202-00320,P-0074,view,checkout_upsell,synthetic
INT-0003344,2026-02-02T12:28:11,RCPT-20260202-00320,P-0064,view,checkout_upsell,synthetic
INT-0003345,2026-02-02T12:28:11,RCPT-20260202-00320,P-0064,hover,checkout_upsell,synthetic
INT-0003346,2026-02-02T12:28:11,RCPT-20260202-00320,P-0018,view,checkout_upsell,synthetic
INT-0003347,2026-02-02T12:28:11,RCPT-20260202-00320,P-0018,hover,checkout_upsell,synthetic
INT-0003348,2026-02-02T12:28:11,RCPT-20260202-00320,P-0049,view,checkout_upsell,synthetic
INT-0003349,2026-02-02T12:28:11,RCPT-20260202-00320,P-0049,hover,checkout_upsell,synthetic
INT-0003350,2026-02-02T12:28:11,RCPT-20260202-00320,P-0047,view,checkout_upsell,synthetic
INT-0003351,2026-02-02T12:28:11,RCPT-20260202-00320,P-0047,click,checkout_upsell,synthetic
INT-0003352,2026-02-02T15:51:00,RCPT-20260202-00321,P-0034,view,checkout_upsell,synthetic
INT-0003353,2026-02-02T15:51:00,RCPT-20260202-00321,P-0054,view,checkout_upsell,synthetic
INT-0003354,2026-02-02T15:51:00,RCPT-20260202-00321,P-0054,hover,checkout_upsell,synthetic
INT-0003355,2026-02-02T15:51:00,RCPT-20260202-00321,P-0054,click,checkout_upsell,synthetic
INT-0003356,2026-02-02T15:51:00,RCPT-20260202-00321,P-0010,view,checkout_upsell,synthetic
INT-0003357,2026-02-02T15:51:00,RCPT-20260202-00321,P-0071,view,checkout_upsell,synthetic
INT-0003358,2026-02-02T15:51:00,RCPT-20260202-00321,P-0071,hover,checkout_upsell,synthetic
INT-0003359,2026-02-02T15:51:00,RCPT-20260202-00321,P-0071,click,checkout_upsell,synthetic
INT-0003360,2026-02-02T15:51:00,RCPT-20260202-00321,P-0042,view,checkout_upsell,synthetic
INT-0003361,2026-02-02T15:51:00,RCPT-20260202-00321,P-0052,view,checkout_upsell,synthetic
INT-0003362,2026-02-02T15:51:00,RCPT-20260202-00321,P-0052,hover,checkout_upsell,synthetic
INT-0003363,2026-02-02T19:10:03,RCPT-20260202-00322,P-0068,view,checkout_upsell,synthetic
INT-0003364,2026-02-02T19:10:03,RCPT-20260202-00322,P-0068,hover,checkout_upsell,synthetic
INT-0003365,2026-02-02T19:10:03,RCPT-20260202-00322,P-0013,view,checkout_upsell,synthetic
INT-0003366,2026-02-02T19:10:03,RCPT-20260202-00322,P-0013,hover,checkout_upsell,synthetic
INT-0003367,2026-02-02T19:10:03,RCPT-20260202-00322,P-0013,click,checkout_upsell,synthetic
INT-0003368,2026-02-02T19:10:03,RCPT-20260202-00322,P-0041,view,checkout_upsell,synthetic
INT-0003369,2026-02-02T19:10:03,RCPT-20260202-00322,P-0041,hover,checkout_upsell,synthetic
INT-0003370,2026-02-02T19:10:03,RCPT-20260202-00322,P-0041,click,checkout_upsell,synthetic
INT-0003371,2026-02-02T19:10:03,RCPT-20260202-00322,P-0042,view,checkout_upsell,synthetic
INT-0003372,2026-02-02T19:10:03,RCPT-20260202-00322,P-0075,view,checkout_upsell,synthetic
INT-0003373,2026-02-02T19:10:03,RCPT-20260202-00322,P-0075,hover,checkout_upsell,synthetic
INT-0003374,2026-02-02T19:10:03,RCPT-20260202-00322,P-0018,view,checkout_upsell,synthetic
INT-0003375,2026-02-02T19:10:03,RCPT-20260202-00322,P-0018,hover,checkout_upsell,synthetic
INT-0003376,2026-02-02T13:01:26,RCPT-20260202-00323,P-0056,view,checkout_upsell,synthetic
INT-0003377,2026-02-02T13:01:26,RCPT-20260202-00323,P-0056,hover,checkout_upsell,synthetic
INT-0003378,2026-02-02T13:01:26,RCPT-20260202-00323,P-0020,view,checkout_upsell,synthetic
INT-0003379,2026-02-02T13:01:26,RCPT-20260202-00323,P-0020,hover,checkout_upsell,synthetic
INT-0003380,2026-02-02T13:01:26,RCPT-20260202-00323,P-0002,view,checkout_upsell,synthetic
INT-0003381,2026-02-02T13:01:26,RCPT-20260202-00323,P-0058,view,checkout_upsell,synthetic
INT-0003382,2026-02-02T13:01:26,RCPT-20260202-00323,P-0058,hover,checkout_upsell,synthetic
INT-0003383,2026-02-02T13:01:26,RCPT-20260202-00323,P-0058,click,checkout_upsell,synthetic
INT-0003384,2026-02-02T13:01:26,RCPT-20260202-00323,P-0076,view,checkout_upsell,synthetic
INT-0003385,2026-02-02T13:01:26,RCPT-20260202-00323,P-0076,hover,checkout_upsell,synthetic
INT-0003386,2026-02-02T13:01:26,RCPT-20260202-00323,P-0063,view,checkout_upsell,synthetic
INT-0003387,2026-02-02T13:01:26,RCPT-20260202-00323,P-0063,hover,checkout_upsell,synthetic
INT-0003388,2026-02-02T13:01:26,RCPT-20260202-00323,P-0063,click,checkout_upsell,synthetic
INT-0003389,2026-02-02T20:47:28,RCPT-20260202-00324,P-0051,view,checkout_upsell,synthetic
INT-0003390,2026-02-02T20:47:28,RCPT-20260202-00324,P-0051,hover,checkout_upsell,synthetic
INT-0003391,2026-02-02T20:47:28,RCPT-20260202-00324,P-0051,click,checkout_upsell,synthetic
INT-0003392,2026-02-02T20:47:28,RCPT-20260202-00324,P-0043,view,checkout_upsell,synthetic
INT-0003393,2026-02-02T20:47:28,RCPT-20260202-00324,P-0043,hover,checkout_upsell,synthetic
INT-0003394,2026-02-02T20:47:28,RCPT-20260202-00324,P-0037,view,checkout_upsell,synthetic
INT-0003395,2026-02-02T20:47:28,RCPT-20260202-00324,P-0037,hover,checkout_upsell,synthetic
INT-0003396,2026-02-02T20:47:28,RCPT-20260202-00324,P-0001,view,checkout_upsell,synthetic
INT-0003397,2026-02-02T20:47:28,RCPT-20260202-00324,P-0004,view,checkout_upsell,synthetic
INT-0003398,2026-02-02T20:47:28,RCPT-20260202-00324,P-0004,hover,checkout_upsell,synthetic
INT-0003399,2026-02-02T20:47:28,RCPT-20260202-00324,P-0062,view,checkout_upsell,synthetic
INT-0003400,2026-02-02T13:41:18,RCPT-20260202-00325,P-0040,view,checkout_upsell,synthetic
INT-0003401,2026-02-02T13:41:18,RCPT-20260202-00325,P-0040,hover,checkout_upsell,synthetic
INT-0003402,2026-02-02T13:41:18,RCPT-20260202-00325,P-0037,view,checkout_upsell,synthetic
INT-0003403,2026-02-02T13:41:18,RCPT-20260202-00325,P-0059,view,checkout_upsell,synthetic
INT-0003404,2026-02-02T13:41:18,RCPT-20260202-00325,P-0059,hover,checkout_upsell,synthetic
INT-0003405,2026-02-02T13:41:18,RCPT-20260202-00325,P-0038,view,checkout_upsell,synthetic
INT-0003406,2026-02-02T13:41:18,RCPT-20260202-00325,P-0038,hover,checkout_upsell,synthetic
INT-0003407,2026-02-02T13:41:18,RCPT-20260202-00325,P-0001,view,checkout_upsell,synthetic
INT-0003408,2026-02-02T13:41:18,RCPT-20260202-00325,P-0001,hover,checkout_upsell,synthetic
INT-0003409,2026-02-02T13:41:18,RCPT-20260202-00325,P-0063,view,checkout_upsell,synthetic
INT-0003410,2026-02-02T18:16:47,RCPT-20260202-00326,P-0015,view,checkout_upsell,synthetic
INT-0003411,2026-02-02T18:16:47,RCPT-20260202-00326,P-0015,click,checkout_upsell,synthetic
INT-0003412,2026-02-02T18:16:47,RCPT-20260202-00326,P-0003,view,checkout_upsell,synthetic
INT-0003413,2026-02-02T18:16:47,RCPT-20260202-00326,P-0071,view,checkout_upsell,synthetic
INT-0003414,2026-02-02T18:16:47,RCPT-20260202-00326,P-0041,view,checkout_upsell,synthetic
INT-0003415,2026-02-02T18:16:47,RCPT-20260202-00326,P-0041,click,checkout_upsell,synthetic
INT-0003416,2026-02-02T18:16:47,RCPT-20260202-00326,P-0058,view,checkout_upsell,synthetic
INT-0003417,2026-02-02T18:16:47,RCPT-20260202-00326,P-0058,hover,checkout_upsell,synthetic
INT-0003418,2026-02-02T18:16:47,RCPT-20260202-00326,P-0049,view,checkout_upsell,synthetic
INT-0003419,2026-02-02T18:16:47,RCPT-20260202-00326,P-0049,hover,checkout_upsell,synthetic
INT-0003420,2026-02-02T18:16:47,RCPT-20260202-00326,P-0049,click,checkout_upsell,synthetic
INT-0003421,2026-02-02T17:09:05,RCPT-20260202-00327,P-0034,view,checkout_upsell,synthetic
INT-0003422,2026-02-02T17:09:05,RCPT-20260202-00327,P-0034,hover,checkout_upsell,synthetic
INT-0003423,2026-02-02T17:09:05,RCPT-20260202-00327,P-0025,view,checkout_upsell,synthetic
INT-0003424,2026-02-02T17:09:05,RCPT-20260202-00327,P-0025,hover,checkout_upsell,synthetic
INT-0003425,2026-02-02T17:09:05,RCPT-20260202-00327,P-0036,view,checkout_upsell,synthetic
INT-0003426,2026-02-02T17:09:05,RCPT-20260202-00327,P-0036,hover,checkout_upsell,synthetic
INT-0003427,2026-02-02T17:09:05,RCPT-20260202-00327,P-0023,view,checkout_upsell,synthetic
INT-0003428,2026-02-02T17:09:05,RCPT-20260202-00327,P-0070,view,checkout_upsell,synthetic
INT-0003429,2026-02-02T17:09:05,RCPT-20260202-00327,P-0070,hover,checkout_upsell,synthetic
INT-0003430,2026-02-02T17:09:05,RCPT-20260202-00327,P-0016,view,checkout_upsell,synthetic
INT-0003431,2026-02-02T17:09:05,RCPT-20260202-00327,P-0016,hover,checkout_upsell,synthetic
INT-0003432,2026-02-02T08:02:42,RCPT-20260202-00328,P-0069,view,checkout_upsell,synthetic
INT-0003433,2026-02-02T08:02:42,RCPT-20260202-00328,P-0069,click,checkout_upsell,synthetic
INT-0003434,2026-02-02T08:02:42,RCPT-20260202-00328,P-0064,view,checkout_upsell,synthetic
INT-0003435,2026-02-02T08:02:42,RCPT-20260202-00328,P-0064,hover,checkout_upsell,synthetic
INT-0003436,2026-02-02T08:02:42,RCPT-20260202-00328,P-0026,view,checkout_upsell,synthetic
INT-0003437,2026-02-02T08:02:42,RCPT-20260202-00328,P-0026,hover,checkout_upsell,synthetic
INT-0003438,2026-02-02T08:02:42,RCPT-20260202-00328,P-0017,view,checkout_upsell,synthetic
INT-0003439,2026-02-02T08:02:42,RCPT-20260202-00328,P-0017,hover,checkout_upsell,synthetic
INT-0003440,2026-02-02T08:02:42,RCPT-20260202-00328,P-0044,view,checkout_upsell,synthetic
INT-0003441,2026-02-02T08:02:42,RCPT-20260202-00328,P-0044,hover,checkout_upsell,synthetic
INT-0003442,2026-02-02T08:02:42,RCPT-20260202-00328,P-0009,view,checkout_upsell,synthetic
INT-0003443,2026-02-02T08:02:42,RCPT-20260202-00328,P-0009,hover,checkout_upsell,synthetic
INT-0003444,2026-02-02T16:40:40,RCPT-20260202-00329,P-0036,view,checkout_upsell,synthetic
INT-0003445,2026-02-02T16:40:40,RCPT-20260202-00329,P-0036,hover,checkout_upsell,synthetic
INT-0003446,2026-02-02T16:40:40,RCPT-20260202-00329,P-0046,view,checkout_upsell,synthetic
INT-0003447,2026-02-02T16:40:40,RCPT-20260202-00329,P-0002,view,checkout_upsell,synthetic
INT-0003448,2026-02-02T16:40:40,RCPT-20260202-00329,P-0002,hover,checkout_upsell,synthetic
INT-0003449,2026-02-02T16:40:40,RCPT-20260202-00329,P-0075,view,checkout_upsell,synthetic
INT-0003450,2026-02-02T16:40:40,RCPT-20260202-00329,P-0064,view,checkout_upsell,synthetic
INT-0003451,2026-02-02T16:40:40,RCPT-20260202-00329,P-0064,hover,checkout_upsell,synthetic
INT-0003452,2026-02-02T16:40:40,RCPT-20260202-00329,P-0064,click,checkout_upsell,synthetic
INT-0003453,2026-02-02T16:40:40,RCPT-20260202-00329,P-0018,view,checkout_upsell,synthetic
INT-0003454,2026-02-02T16:40:40,RCPT-20260202-00329,P-0018,hover,checkout_upsell,synthetic
INT-0003455,2026-02-02T13:18:30,RCPT-20260202-00330,P-0061,view,checkout_upsell,synthetic
INT-0003456,2026-02-02T13:18:30,RCPT-20260202-00330,P-0061,hover,checkout_upsell,synthetic
INT-0003457,2026-02-02T13:18:30,RCPT-20260202-00330,P-0061,click,checkout_upsell,synthetic
INT-0003458,2026-02-02T13:18:30,RCPT-20260202-00330,P-0043,view,checkout_upsell,synthetic
INT-0003459,2026-02-02T13:18:30,RCPT-20260202-00330,P-0054,view,checkout_upsell,synthetic
INT-0003460,2026-02-02T13:18:30,RCPT-20260202-00330,P-0054,hover,checkout_upsell,synthetic
INT-0003461,2026-02-02T13:18:30,RCPT-20260202-00330,P-0046,view,checkout_upsell,synthetic
INT-0003462,2026-02-02T13:18:30,RCPT-20260202-00330,P-0070,view,checkout_upsell,synthetic
INT-0003463,2026-02-02T13:18:30,RCPT-20260202-00330,P-0070,hover,checkout_upsell,synthetic
INT-0003464,2026-02-02T13:18:30,RCPT-20260202-00330,P-0029,view,checkout_upsell,synthetic
INT-0003465,2026-02-02T13:18:30,RCPT-20260202-00330,P-0029,hover,checkout_upsell,synthetic
INT-0003466,2026-02-02T14:25:15,RCPT-20260202-00331,P-0060,view,checkout_upsell,synthetic
INT-0003467,2026-02-02T14:25:15,RCPT-20260202-00331,P-0060,hover,checkout_upsell,synthetic
INT-0003468,2026-02-02T14:25:15,RCPT-20260202-00331,P-0001,view,checkout_upsell,synthetic
INT-0003469,2026-02-02T14:25:15,RCPT-20260202-00331,P-0001,hover,checkout_upsell,synthetic
INT-0003470,2026-02-02T14:25:15,RCPT-20260202-00331,P-0041,view,checkout_upsell,synthetic
INT-0003471,2026-02-02T14:25:15,RCPT-20260202-00331,P-0041,hover,checkout_upsell,synthetic
INT-0003472,2026-02-02T14:25:15,RCPT-20260202-00331,P-0026,view,checkout_upsell,synthetic
INT-0003473,2026-02-02T14:25:15,RCPT-20260202-00331,P-0076,view,checkout_upsell,synthetic
INT-0003474,2026-02-02T14:25:15,RCPT-20260202-00331,P-0076,hover,checkout_upsell,synthetic
INT-0003475,2026-02-02T14:25:15,RCPT-20260202-00331,P-0052,view,checkout_upsell,synthetic
INT-0003476,2026-02-02T09:11:08,RCPT-20260202-00332,P-0074,view,checkout_upsell,synthetic
INT-0003477,2026-02-02T09:11:08,RCPT-20260202-00332,P-0074,hover,checkout_upsell,synthetic
INT-0003478,2026-02-02T09:11:08,RCPT-20260202-00332,P-0074,click,checkout_upsell,synthetic
INT-0003479,2026-02-02T09:11:08,RCPT-20260202-00332,P-0043,view,checkout_upsell,synthetic
INT-0003480,2026-02-02T09:11:08,RCPT-20260202-00332,P-0043,hover,checkout_upsell,synthetic
INT-0003481,2026-02-02T09:11:08,RCPT-20260202-00332,P-0054,view,checkout_upsell,synthetic
INT-0003482,2026-02-02T09:11:08,RCPT-20260202-00332,P-0023,view,checkout_upsell,synthetic
INT-0003483,2026-02-02T09:11:08,RCPT-20260202-00332,P-0023,hover,checkout_upsell,synthetic
INT-0003484,2026-02-02T09:11:08,RCPT-20260202-00332,P-0055,view,checkout_upsell,synthetic
INT-0003485,2026-02-02T09:11:08,RCPT-20260202-00332,P-0076,view,checkout_upsell,synthetic
INT-0003486,2026-02-02T09:11:08,RCPT-20260202-00332,P-0076,click,checkout_upsell,synthetic
INT-0003487,2026-02-03T10:06:18,RCPT-20260203-00333,P-0036,view,checkout_upsell,synthetic
INT-0003488,2026-02-03T10:06:18,RCPT-20260203-00333,P-0036,hover,checkout_upsell,synthetic
INT-0003489,2026-02-03T10:06:18,RCPT-20260203-00333,P-0050,view,checkout_upsell,synthetic
INT-0003490,2026-02-03T10:06:18,RCPT-20260203-00333,P-0050,hover,checkout_upsell,synthetic
INT-0003491,2026-02-03T10:06:18,RCPT-20260203-00333,P-0050,click,checkout_upsell,synthetic
INT-0003492,2026-02-03T10:06:18,RCPT-20260203-00333,P-0073,view,checkout_upsell,synthetic
INT-0003493,2026-02-03T10:06:18,RCPT-20260203-00333,P-0075,view,checkout_upsell,synthetic
INT-0003494,2026-02-03T10:06:18,RCPT-20260203-00333,P-0004,view,checkout_upsell,synthetic
INT-0003495,2026-02-03T10:06:18,RCPT-20260203-00333,P-0004,hover,checkout_upsell,synthetic
INT-0003496,2026-02-03T10:06:18,RCPT-20260203-00333,P-0076,view,checkout_upsell,synthetic
INT-0003497,2026-02-03T10:06:18,RCPT-20260203-00333,P-0076,hover,checkout_upsell,synthetic
INT-0003498,2026-02-03T19:50:02,RCPT-20260203-00334,P-0043,view,checkout_upsell,synthetic
INT-0003499,2026-02-03T19:50:02,RCPT-20260203-00334,P-0046,view,checkout_upsell,synthetic
INT-0003500,2026-02-03T19:50:02,RCPT-20260203-00334,P-0046,hover,checkout_upsell,synthetic
INT-0003501,2026-02-03T19:50:02,RCPT-20260203-00334,P-0071,view,checkout_upsell,synthetic
INT-0003502,2026-02-03T19:50:02,RCPT-20260203-00334,P-0071,hover,checkout_upsell,synthetic
INT-0003503,2026-02-03T19:50:02,RCPT-20260203-00334,P-0041,view,checkout_upsell,synthetic
INT-0003504,2026-02-03T19:50:02,RCPT-20260203-00334,P-0066,view,checkout_upsell,synthetic
INT-0003505,2026-02-03T19:50:02,RCPT-20260203-00334,P-0066,hover,checkout_upsell,synthetic
INT-0003506,2026-02-03T19:50:02,RCPT-20260203-00334,P-0064,view,checkout_upsell,synthetic
INT-0003507,2026-02-03T09:49:45,RCPT-20260203-00335,P-0048,view,checkout_upsell,synthetic
INT-0003508,2026-02-03T09:49:45,RCPT-20260203-00335,P-0061,view,checkout_upsell,synthetic
INT-0003509,2026-02-03T09:49:45,RCPT-20260203-00335,P-0061,hover,checkout_upsell,synthetic
INT-0003510,2026-02-03T09:49:45,RCPT-20260203-00335,P-0069,view,checkout_upsell,synthetic
INT-0003511,2026-02-03T09:49:45,RCPT-20260203-00335,P-0023,view,checkout_upsell,synthetic
INT-0003512,2026-02-03T09:49:45,RCPT-20260203-00335,P-0023,hover,checkout_upsell,synthetic
INT-0003513,2026-02-03T09:49:45,RCPT-20260203-00335,P-0066,view,checkout_upsell,synthetic
INT-0003514,2026-02-03T09:49:45,RCPT-20260203-00335,P-0066,hover,checkout_upsell,synthetic
INT-0003515,2026-02-03T09:49:45,RCPT-20260203-00335,P-0063,view,checkout_upsell,synthetic
INT-0003516,2026-02-03T15:24:43,RCPT-20260203-00336,P-0011,view,checkout_upsell,synthetic
INT-0003517,2026-02-03T15:24:43,RCPT-20260203-00336,P-0003,view,checkout_upsell,synthetic
INT-0003518,2026-02-03T15:24:43,RCPT-20260203-00336,P-0019,view,checkout_upsell,synthetic
INT-0003519,2026-02-03T15:24:43,RCPT-20260203-00336,P-0019,hover,checkout_upsell,synthetic
INT-0003520,2026-02-03T15:24:43,RCPT-20260203-00336,P-0070,view,checkout_upsell,synthetic
INT-0003521,2026-02-03T15:24:43,RCPT-20260203-00336,P-0070,hover,checkout_upsell,synthetic
INT-0003522,2026-02-03T15:24:43,RCPT-20260203-00336,P-0057,view,checkout_upsell,synthetic
INT-0003523,2026-02-03T15:24:43,RCPT-20260203-00336,P-0007,view,checkout_upsell,synthetic
INT-0003524,2026-02-03T18:19:12,RCPT-20260203-00337,P-0006,view,checkout_upsell,synthetic
INT-0003525,2026-02-03T18:19:12,RCPT-20260203-00337,P-0006,hover,checkout_upsell,synthetic
INT-0003526,2026-02-03T18:19:12,RCPT-20260203-00337,P-0021,view,checkout_upsell,synthetic
INT-0003527,2026-02-03T18:19:12,RCPT-20260203-00337,P-0021,hover,checkout_upsell,synthetic
INT-0003528,2026-02-03T18:19:12,RCPT-20260203-00337,P-0056,view,checkout_upsell,synthetic
INT-0003529,2026-02-03T18:19:12,RCPT-20260203-00337,P-0056,hover,checkout_upsell,synthetic
INT-0003530,2026-02-03T18:19:12,RCPT-20260203-00337,P-0056,click,checkout_upsell,synthetic
INT-0003531,2026-02-03T18:19:12,RCPT-20260203-00337,P-0055,view,checkout_upsell,synthetic
INT-0003532,2026-02-03T18:19:12,RCPT-20260203-00337,P-0055,hover,checkout_upsell,synthetic
INT-0003533,2026-02-03T18:19:12,RCPT-20260203-00337,P-0017,view,checkout_upsell,synthetic
INT-0003534,2026-02-03T18:19:12,RCPT-20260203-00337,P-0017,click,checkout_upsell,synthetic
INT-0003535,2026-02-03T18:19:12,RCPT-20260203-00337,P-0016,view,checkout_upsell,synthetic
INT-0003536,2026-02-03T18:19:12,RCPT-20260203-00337,P-0016,hover,checkout_upsell,synthetic
INT-0003537,2026-02-03T18:19:12,RCPT-20260203-00337,P-0016,click,checkout_upsell,synthetic
INT-0003538,2026-02-03T08:37:50,RCPT-20260203-00338,P-0060,view,checkout_upsell,synthetic
INT-0003539,2026-02-03T08:37:50,RCPT-20260203-00338,P-0001,view,checkout_upsell,synthetic
INT-0003540,2026-02-03T08:37:50,RCPT-20260203-00338,P-0001,hover,checkout_upsell,synthetic
INT-0003541,2026-02-03T08:37:50,RCPT-20260203-00338,P-0055,view,checkout_upsell,synthetic
INT-0003542,2026-02-03T08:37:50,RCPT-20260203-00338,P-0055,hover,checkout_upsell,synthetic
INT-0003543,2026-02-03T08:37:50,RCPT-20260203-00338,P-0055,click,checkout_upsell,synthetic
INT-0003544,2026-02-03T08:37:50,RCPT-20260203-00338,P-0005,view,checkout_upsell,synthetic
INT-0003545,2026-02-03T08:37:50,RCPT-20260203-00338,P-0005,hover,checkout_upsell,synthetic
INT-0003546,2026-02-03T08:37:50,RCPT-20260203-00338,P-0031,view,checkout_upsell,synthetic
INT-0003547,2026-02-03T08:37:50,RCPT-20260203-00338,P-0031,hover,checkout_upsell,synthetic
INT-0003548,2026-02-03T08:37:50,RCPT-20260203-00338,P-0053,view,checkout_upsell,synthetic
INT-0003549,2026-02-03T08:37:50,RCPT-20260203-00338,P-0053,hover,checkout_upsell,synthetic
INT-0003550,2026-02-03T11:20:35,RCPT-20260203-00339,P-0036,view,checkout_upsell,synthetic
INT-0003551,2026-02-03T11:20:35,RCPT-20260203-00339,P-0036,hover,checkout_upsell,synthetic
INT-0003552,2026-02-03T11:20:35,RCPT-20260203-00339,P-0050,view,checkout_upsell,synthetic
INT-0003553,2026-02-03T11:20:35,RCPT-20260203-00339,P-0050,hover,checkout_upsell,synthetic
INT-0003554,2026-02-03T11:20:35,RCPT-20260203-00339,P-0043,view,checkout_upsell,synthetic
INT-0003555,2026-02-03T11:20:35,RCPT-20260203-00339,P-0059,view,checkout_upsell,synthetic
INT-0003556,2026-02-03T11:20:35,RCPT-20260203-00339,P-0059,click,checkout_upsell,synthetic
INT-0003557,2026-02-03T11:20:35,RCPT-20260203-00339,P-0041,view,checkout_upsell,synthetic
INT-0003558,2026-02-03T11:20:35,RCPT-20260203-00339,P-0044,view,checkout_upsell,synthetic
INT-0003559,2026-02-03T16:18:34,RCPT-20260203-00340,P-0034,view,checkout_upsell,synthetic
INT-0003560,2026-02-03T16:18:34,RCPT-20260203-00340,P-0034,hover,checkout_upsell,synthetic
INT-0003561,2026-02-03T16:18:34,RCPT-20260203-00340,P-0051,view,checkout_upsell,synthetic
INT-0003562,2026-02-03T16:18:34,RCPT-20260203-00340,P-0051,hover,checkout_upsell,synthetic
INT-0003563,2026-02-03T16:18:34,RCPT-20260203-00340,P-0003,view,checkout_upsell,synthetic
INT-0003564,2026-02-03T16:18:34,RCPT-20260203-00340,P-0003,hover,checkout_upsell,synthetic
INT-0003565,2026-02-03T16:18:34,RCPT-20260203-00340,P-0020,view,checkout_upsell,synthetic
INT-0003566,2026-02-03T16:18:34,RCPT-20260203-00340,P-0020,hover,checkout_upsell,synthetic
INT-0003567,2026-02-03T16:18:34,RCPT-20260203-00340,P-0023,view,checkout_upsell,synthetic
INT-0003568,2026-02-03T16:18:34,RCPT-20260203-00340,P-0023,hover,checkout_upsell,synthetic
INT-0003569,2026-02-03T16:18:34,RCPT-20260203-00340,P-0009,view,checkout_upsell,synthetic
INT-0003570,2026-02-03T13:29:00,RCPT-20260203-00341,P-0061,view,checkout_upsell,synthetic
INT-0003571,2026-02-03T13:29:00,RCPT-20260203-00341,P-0019,view,checkout_upsell,synthetic
INT-0003572,2026-02-03T13:29:00,RCPT-20260203-00341,P-0070,view,checkout_upsell,synthetic
INT-0003573,2026-02-03T13:29:00,RCPT-20260203-00341,P-0063,view,checkout_upsell,synthetic
INT-0003574,2026-02-03T13:29:00,RCPT-20260203-00341,P-0063,hover,checkout_upsell,synthetic
INT-0003575,2026-02-03T13:29:00,RCPT-20260203-00341,P-0062,view,checkout_upsell,synthetic
INT-0003576,2026-02-03T13:29:00,RCPT-20260203-00341,P-0047,view,checkout_upsell,synthetic
INT-0003577,2026-02-03T20:35:09,RCPT-20260203-00342,P-0074,view,checkout_upsell,synthetic
INT-0003578,2026-02-03T20:35:09,RCPT-20260203-00342,P-0037,view,checkout_upsell,synthetic
INT-0003579,2026-02-03T20:35:09,RCPT-20260203-00342,P-0037,hover,checkout_upsell,synthetic
INT-0003580,2026-02-03T20:35:09,RCPT-20260203-00342,P-0037,click,checkout_upsell,synthetic
INT-0003581,2026-02-03T20:35:09,RCPT-20260203-00342,P-0057,view,checkout_upsell,synthetic
INT-0003582,2026-02-03T20:35:09,RCPT-20260203-00342,P-0057,hover,checkout_upsell,synthetic
INT-0003583,2026-02-03T20:35:09,RCPT-20260203-00342,P-0073,view,checkout_upsell,synthetic
INT-0003584,2026-02-03T20:35:09,RCPT-20260203-00342,P-0073,hover,checkout_upsell,synthetic
INT-0003585,2026-02-03T20:35:09,RCPT-20260203-00342,P-0017,view,checkout_upsell,synthetic
INT-0003586,2026-02-03T20:35:09,RCPT-20260203-00342,P-0017,hover,checkout_upsell,synthetic
INT-0003587,2026-02-03T20:35:09,RCPT-20260203-00342,P-0062,view,checkout_upsell,synthetic
INT-0003588,2026-02-03T11:06:31,RCPT-20260203-00343,P-0003,view,checkout_upsell,synthetic
INT-0003589,2026-02-03T11:06:31,RCPT-20260203-00343,P-0059,view,checkout_upsell,synthetic
INT-0003590,2026-02-03T11:06:31,RCPT-20260203-00343,P-0054,view,checkout_upsell,synthetic
INT-0003591,2026-02-03T11:06:31,RCPT-20260203-00343,P-0054,click,checkout_upsell,synthetic
INT-0003592,2026-02-03T11:06:31,RCPT-20260203-00343,P-0038,view,checkout_upsell,synthetic
INT-0003593,2026-02-03T11:06:31,RCPT-20260203-00343,P-0047,view,checkout_upsell,synthetic
INT-0003594,2026-02-03T11:06:31,RCPT-20260203-00343,P-0009,view,checkout_upsell,synthetic
INT-0003595,2026-02-03T22:58:13,RCPT-20260203-00344,P-0061,view,checkout_upsell,synthetic
INT-0003596,2026-02-03T22:58:13,RCPT-20260203-00344,P-0061,hover,checkout_upsell,synthetic
INT-0003597,2026-02-03T22:58:13,RCPT-20260203-00344,P-0014,view,checkout_upsell,synthetic
INT-0003598,2026-02-03T22:58:13,RCPT-20260203-00344,P-0014,hover,checkout_upsell,synthetic
INT-0003599,2026-02-03T22:58:13,RCPT-20260203-00344,P-0066,view,checkout_upsell,synthetic
INT-0003600,2026-02-03T22:58:13,RCPT-20260203-00344,P-0004,view,checkout_upsell,synthetic
INT-0003601,2026-02-03T22:58:13,RCPT-20260203-00344,P-0004,click,checkout_upsell,synthetic
INT-0003602,2026-02-03T22:58:13,RCPT-20260203-00344,P-0049,view,checkout_upsell,synthetic
INT-0003603,2026-02-03T22:58:13,RCPT-20260203-00344,P-0049,hover,checkout_upsell,synthetic
INT-0003604,2026-02-03T22:58:13,RCPT-20260203-00344,P-0062,view,checkout_upsell,synthetic
INT-0003605,2026-02-03T22:58:13,RCPT-20260203-00344,P-0062,hover,checkout_upsell,synthetic
INT-0003606,2026-02-03T22:58:13,RCPT-20260203-00344,P-0062,click,checkout_upsell,synthetic
INT-0003607,2026-02-03T11:33:06,RCPT-20260203-00345,P-0061,view,checkout_upsell,synthetic
INT-0003608,2026-02-03T11:33:06,RCPT-20260203-00345,P-0036,view,checkout_upsell,synthetic
INT-0003609,2026-02-03T11:33:06,RCPT-20260203-00345,P-0036,hover,checkout_upsell,synthetic
INT-0003610,2026-02-03T11:33:06,RCPT-20260203-00345,P-0068,view,checkout_upsell,synthetic
INT-0003611,2026-02-03T11:33:06,RCPT-20260203-00345,P-0068,hover,checkout_upsell,synthetic
INT-0003612,2026-02-03T11:33:06,RCPT-20260203-00345,P-0020,view,checkout_upsell,synthetic
INT-0003613,2026-02-03T11:33:06,RCPT-20260203-00345,P-0020,hover,checkout_upsell,synthetic
INT-0003614,2026-02-03T11:33:06,RCPT-20260203-00345,P-0073,view,checkout_upsell,synthetic
INT-0003615,2026-02-03T11:33:06,RCPT-20260203-00345,P-0024,view,checkout_upsell,synthetic
INT-0003616,2026-02-03T11:33:06,RCPT-20260203-00345,P-0024,hover,checkout_upsell,synthetic
INT-0003617,2026-02-03T13:43:29,RCPT-20260203-00346,P-0048,view,checkout_upsell,synthetic
INT-0003618,2026-02-03T13:43:29,RCPT-20260203-00346,P-0040,view,checkout_upsell,synthetic
INT-0003619,2026-02-03T13:43:29,RCPT-20260203-00346,P-0038,view,checkout_upsell,synthetic
INT-0003620,2026-02-03T13:43:29,RCPT-20260203-00346,P-0038,hover,checkout_upsell,synthetic
INT-0003621,2026-02-03T13:43:29,RCPT-20260203-00346,P-0076,view,checkout_upsell,synthetic
INT-0003622,2026-02-03T13:43:29,RCPT-20260203-00346,P-0047,view,checkout_upsell,synthetic
INT-0003623,2026-02-03T13:43:29,RCPT-20260203-00346,P-0053,view,checkout_upsell,synthetic
INT-0003624,2026-02-03T13:43:29,RCPT-20260203-00346,P-0053,hover,checkout_upsell,synthetic
INT-0003625,2026-02-03T21:23:26,RCPT-20260203-00347,P-0043,view,checkout_upsell,synthetic
INT-0003626,2026-02-03T21:23:26,RCPT-20260203-00347,P-0043,click,checkout_upsell,synthetic
INT-0003627,2026-02-03T21:23:26,RCPT-20260203-00347,P-0060,view,checkout_upsell,synthetic
INT-0003628,2026-02-03T21:23:26,RCPT-20260203-00347,P-0060,click,checkout_upsell,synthetic
INT-0003629,2026-02-03T21:23:26,RCPT-20260203-00347,P-0056,view,checkout_upsell,synthetic
INT-0003630,2026-02-03T21:23:26,RCPT-20260203-00347,P-0056,click,checkout_upsell,synthetic
INT-0003631,2026-02-03T21:23:26,RCPT-20260203-00347,P-0075,view,checkout_upsell,synthetic
INT-0003632,2026-02-03T21:23:26,RCPT-20260203-00347,P-0075,hover,checkout_upsell,synthetic
INT-0003633,2026-02-03T21:23:26,RCPT-20260203-00347,P-0058,view,checkout_upsell,synthetic
INT-0003634,2026-02-03T21:23:26,RCPT-20260203-00347,P-0063,view,checkout_upsell,synthetic
INT-0003635,2026-02-03T21:23:26,RCPT-20260203-00347,P-0063,hover,checkout_upsell,synthetic
INT-0003636,2026-02-03T21:23:26,RCPT-20260203-00347,P-0063,click,checkout_upsell,synthetic
INT-0003637,2026-02-03T12:38:01,RCPT-20260203-00348,P-0061,view,checkout_upsell,synthetic
INT-0003638,2026-02-03T12:38:01,RCPT-20260203-00348,P-0056,view,checkout_upsell,synthetic
INT-0003639,2026-02-03T12:38:01,RCPT-20260203-00348,P-0056,hover,checkout_upsell,synthetic
INT-0003640,2026-02-03T12:38:01,RCPT-20260203-00348,P-0056,click,checkout_upsell,synthetic
INT-0003641,2026-02-03T12:38:01,RCPT-20260203-00348,P-0071,view,checkout_upsell,synthetic
INT-0003642,2026-02-03T12:38:01,RCPT-20260203-00348,P-0071,hover,checkout_upsell,synthetic
INT-0003643,2026-02-03T12:38:01,RCPT-20260203-00348,P-0067,view,checkout_upsell,synthetic
INT-0003644,2026-02-03T12:38:01,RCPT-20260203-00348,P-0052,view,checkout_upsell,synthetic
INT-0003645,2026-02-03T12:38:01,RCPT-20260203-00348,P-0052,hover,checkout_upsell,synthetic
INT-0003646,2026-02-03T12:38:01,RCPT-20260203-00348,P-0052,click,checkout_upsell,synthetic
INT-0003647,2026-02-03T12:38:01,RCPT-20260203-00348,P-0044,view,checkout_upsell,synthetic
INT-0003648,2026-02-03T15:22:09,RCPT-20260203-00349,P-0008,view,checkout_upsell,synthetic
INT-0003649,2026-02-03T15:22:09,RCPT-20260203-00349,P-0008,hover,checkout_upsell,synthetic
INT-0003650,2026-02-03T15:22:09,RCPT-20260203-00349,P-0035,view,checkout_upsell,synthetic
INT-0003651,2026-02-03T15:22:09,RCPT-20260203-00349,P-0041,view,checkout_upsell,synthetic
INT-0003652,2026-02-03T15:22:09,RCPT-20260203-00349,P-0055,view,checkout_upsell,synthetic
INT-0003653,2026-02-03T15:22:09,RCPT-20260203-00349,P-0055,hover,checkout_upsell,synthetic
INT-0003654,2026-02-03T15:22:09,RCPT-20260203-00349,P-0072,view,checkout_upsell,synthetic
INT-0003655,2026-02-03T15:22:09,RCPT-20260203-00349,P-0072,hover,checkout_upsell,synthetic
INT-0003656,2026-02-03T15:22:09,RCPT-20260203-00349,P-0033,view,checkout_upsell,synthetic
INT-0003657,2026-02-03T15:22:09,RCPT-20260203-00349,P-0033,hover,checkout_upsell,synthetic
INT-0003658,2026-02-03T10:31:52,RCPT-20260203-00350,P-0036,view,checkout_upsell,synthetic
INT-0003659,2026-02-03T10:31:52,RCPT-20260203-00350,P-0037,view,checkout_upsell,synthetic
INT-0003660,2026-02-03T10:31:52,RCPT-20260203-00350,P-0037,hover,checkout_upsell,synthetic
INT-0003661,2026-02-03T10:31:52,RCPT-20260203-00350,P-0071,view,checkout_upsell,synthetic
INT-0003662,2026-02-03T10:31:52,RCPT-20260203-00350,P-0071,hover,checkout_upsell,synthetic
INT-0003663,2026-02-03T10:31:52,RCPT-20260203-00350,P-0067,view,checkout_upsell,synthetic
INT-0003664,2026-02-03T10:31:52,RCPT-20260203-00350,P-0067,hover,checkout_upsell,synthetic
INT-0003665,2026-02-03T10:31:52,RCPT-20260203-00350,P-0026,view,checkout_upsell,synthetic
INT-0003666,2026-02-03T10:31:52,RCPT-20260203-00350,P-0026,hover,checkout_upsell,synthetic
INT-0003667,2026-02-03T10:31:52,RCPT-20260203-00350,P-0044,view,checkout_upsell,synthetic
INT-0003668,2026-02-03T10:31:52,RCPT-20260203-00350,P-0044,hover,checkout_upsell,synthetic
INT-0003669,2026-02-03T13:56:52,RCPT-20260203-00351,P-0051,view,checkout_upsell,synthetic
INT-0003670,2026-02-03T13:56:52,RCPT-20260203-00351,P-0051,hover,checkout_upsell,synthetic
INT-0003671,2026-02-03T13:56:52,RCPT-20260203-00351,P-0011,view,checkout_upsell,synthetic
INT-0003672,2026-02-03T13:56:52,RCPT-20260203-00351,P-0011,hover,checkout_upsell,synthetic
INT-0003673,2026-02-03T13:56:52,RCPT-20260203-00351,P-0060,view,checkout_upsell,synthetic
INT-0003674,2026-02-03T13:56:52,RCPT-20260203-00351,P-0060,hover,checkout_upsell,synthetic
INT-0003675,2026-02-03T13:56:52,RCPT-20260203-00351,P-0043,view,checkout_upsell,synthetic
INT-0003676,2026-02-03T13:56:52,RCPT-20260203-00351,P-0043,hover,checkout_upsell,synthetic
INT-0003677,2026-02-03T13:56:52,RCPT-20260203-00351,P-0053,view,checkout_upsell,synthetic
INT-0003678,2026-02-03T13:56:52,RCPT-20260203-00351,P-0053,hover,checkout_upsell,synthetic
INT-0003679,2026-02-03T13:56:52,RCPT-20260203-00351,P-0016,view,checkout_upsell,synthetic
INT-0003680,2026-02-03T13:56:52,RCPT-20260203-00351,P-0016,hover,checkout_upsell,synthetic
INT-0003681,2026-02-04T13:32:44,RCPT-20260204-00352,P-0006,view,checkout_upsell,synthetic
INT-0003682,2026-02-04T13:32:44,RCPT-20260204-00352,P-0006,hover,checkout_upsell,synthetic
INT-0003683,2026-02-04T13:32:44,RCPT-20260204-00352,P-0060,view,checkout_upsell,synthetic
INT-0003684,2026-02-04T13:32:44,RCPT-20260204-00352,P-0047,view,checkout_upsell,synthetic
INT-0003685,2026-02-04T13:32:44,RCPT-20260204-00352,P-0047,hover,checkout_upsell,synthetic
INT-0003686,2026-02-04T13:32:44,RCPT-20260204-00352,P-0052,view,checkout_upsell,synthetic
INT-0003687,2026-02-04T13:32:44,RCPT-20260204-00352,P-0052,hover,checkout_upsell,synthetic
INT-0003688,2026-02-04T13:32:44,RCPT-20260204-00352,P-0024,view,checkout_upsell,synthetic
INT-0003689,2026-02-04T13:32:44,RCPT-20260204-00352,P-0024,hover,checkout_upsell,synthetic
INT-0003690,2026-02-04T13:32:44,RCPT-20260204-00352,P-0053,view,checkout_upsell,synthetic
INT-0003691,2026-02-04T12:50:25,RCPT-20260204-00353,P-0035,view,checkout_upsell,synthetic
INT-0003692,2026-02-04T12:50:25,RCPT-20260204-00353,P-0035,hover,checkout_upsell,synthetic
INT-0003693,2026-02-04T12:50:25,RCPT-20260204-00353,P-0054,view,checkout_upsell,synthetic
INT-0003694,2026-02-04T12:50:25,RCPT-20260204-00353,P-0054,click,checkout_upsell,synthetic
INT-0003695,2026-02-04T12:50:25,RCPT-20260204-00353,P-0029,view,checkout_upsell,synthetic
INT-0003696,2026-02-04T12:50:25,RCPT-20260204-00353,P-0029,hover,checkout_upsell,synthetic
INT-0003697,2026-02-04T12:50:25,RCPT-20260204-00353,P-0075,view,checkout_upsell,synthetic
INT-0003698,2026-02-04T12:50:25,RCPT-20260204-00353,P-0075,hover,checkout_upsell,synthetic
INT-0003699,2026-02-04T12:50:25,RCPT-20260204-00353,P-0044,view,checkout_upsell,synthetic
INT-0003700,2026-02-04T12:50:25,RCPT-20260204-00353,P-0009,view,checkout_upsell,synthetic
INT-0003701,2026-02-04T20:08:30,RCPT-20260204-00354,P-0069,view,checkout_upsell,synthetic
INT-0003702,2026-02-04T20:08:30,RCPT-20260204-00354,P-0069,hover,checkout_upsell,synthetic
INT-0003703,2026-02-04T20:08:30,RCPT-20260204-00354,P-0038,view,checkout_upsell,synthetic
INT-0003704,2026-02-04T20:08:30,RCPT-20260204-00354,P-0038,hover,checkout_upsell,synthetic
INT-0003705,2026-02-04T20:08:30,RCPT-20260204-00354,P-0070,view,checkout_upsell,synthetic
INT-0003706,2026-02-04T20:08:30,RCPT-20260204-00354,P-0023,view,checkout_upsell,synthetic
INT-0003707,2026-02-04T20:08:30,RCPT-20260204-00354,P-0023,hover,checkout_upsell,synthetic
INT-0003708,2026-02-04T20:08:30,RCPT-20260204-00354,P-0057,view,checkout_upsell,synthetic
INT-0003709,2026-02-04T20:08:30,RCPT-20260204-00354,P-0057,hover,checkout_upsell,synthetic
INT-0003710,2026-02-04T20:08:30,RCPT-20260204-00354,P-0014,view,checkout_upsell,synthetic
INT-0003711,2026-02-04T20:08:30,RCPT-20260204-00354,P-0014,hover,checkout_upsell,synthetic
INT-0003712,2026-02-04T09:42:26,RCPT-20260204-00355,P-0065,view,checkout_upsell,synthetic
INT-0003713,2026-02-04T09:42:26,RCPT-20260204-00355,P-0065,hover,checkout_upsell,synthetic
INT-0003714,2026-02-04T09:42:26,RCPT-20260204-00355,P-0065,click,checkout_upsell,synthetic
INT-0003715,2026-02-04T09:42:26,RCPT-20260204-00355,P-0040,view,checkout_upsell,synthetic
INT-0003716,2026-02-04T09:42:26,RCPT-20260204-00355,P-0040,hover,checkout_upsell,synthetic
INT-0003717,2026-02-04T09:42:26,RCPT-20260204-00355,P-0008,view,checkout_upsell,synthetic
INT-0003718,2026-02-04T09:42:26,RCPT-20260204-00355,P-0060,view,checkout_upsell,synthetic
INT-0003719,2026-02-04T09:42:26,RCPT-20260204-00355,P-0042,view,checkout_upsell,synthetic
INT-0003720,2026-02-04T09:42:26,RCPT-20260204-00355,P-0047,view,checkout_upsell,synthetic
INT-0003721,2026-02-04T17:09:28,RCPT-20260204-00356,P-0030,view,checkout_upsell,synthetic
INT-0003722,2026-02-04T17:09:28,RCPT-20260204-00356,P-0030,hover,checkout_upsell,synthetic
INT-0003723,2026-02-04T17:09:28,RCPT-20260204-00356,P-0028,view,checkout_upsell,synthetic
INT-0003724,2026-02-04T17:09:28,RCPT-20260204-00356,P-0046,view,checkout_upsell,synthetic
INT-0003725,2026-02-04T17:09:28,RCPT-20260204-00356,P-0046,hover,checkout_upsell,synthetic
INT-0003726,2026-02-04T17:09:28,RCPT-20260204-00356,P-0002,view,checkout_upsell,synthetic
INT-0003727,2026-02-04T17:09:28,RCPT-20260204-00356,P-0002,hover,checkout_upsell,synthetic
INT-0003728,2026-02-04T17:09:28,RCPT-20260204-00356,P-0055,view,checkout_upsell,synthetic
INT-0003729,2026-02-04T17:09:28,RCPT-20260204-00356,P-0055,hover,checkout_upsell,synthetic
INT-0003730,2026-02-04T17:09:28,RCPT-20260204-00356,P-0067,view,checkout_upsell,synthetic
INT-0003731,2026-02-04T17:09:28,RCPT-20260204-00356,P-0067,hover,checkout_upsell,synthetic
INT-0003732,2026-02-04T08:21:44,RCPT-20260204-00357,P-0061,view,checkout_upsell,synthetic
INT-0003733,2026-02-04T08:21:44,RCPT-20260204-00357,P-0061,hover,checkout_upsell,synthetic
INT-0003734,2026-02-04T08:21:44,RCPT-20260204-00357,P-0034,view,checkout_upsell,synthetic
INT-0003735,2026-02-04T08:21:44,RCPT-20260204-00357,P-0034,hover,checkout_upsell,synthetic
INT-0003736,2026-02-04T08:21:44,RCPT-20260204-00357,P-0065,view,checkout_upsell,synthetic
INT-0003737,2026-02-04T08:21:44,RCPT-20260204-00357,P-0056,view,checkout_upsell,synthetic
INT-0003738,2026-02-04T08:21:44,RCPT-20260204-00357,P-0056,hover,checkout_upsell,synthetic
INT-0003739,2026-02-04T08:21:44,RCPT-20260204-00357,P-0014,view,checkout_upsell,synthetic
INT-0003740,2026-02-04T08:21:44,RCPT-20260204-00357,P-0073,view,checkout_upsell,synthetic
INT-0003741,2026-02-04T08:21:44,RCPT-20260204-00357,P-0073,hover,checkout_upsell,synthetic
INT-0003742,2026-02-04T19:09:44,RCPT-20260204-00358,P-0030,view,checkout_upsell,synthetic
INT-0003743,2026-02-04T19:09:44,RCPT-20260204-00358,P-0030,hover,checkout_upsell,synthetic
INT-0003744,2026-02-04T19:09:44,RCPT-20260204-00358,P-0060,view,checkout_upsell,synthetic
INT-0003745,2026-02-04T19:09:44,RCPT-20260204-00358,P-0060,hover,checkout_upsell,synthetic
INT-0003746,2026-02-04T19:09:44,RCPT-20260204-00358,P-0035,view,checkout_upsell,synthetic
INT-0003747,2026-02-04T19:09:44,RCPT-20260204-00358,P-0019,view,checkout_upsell,synthetic
INT-0003748,2026-02-04T19:09:44,RCPT-20260204-00358,P-0019,click,checkout_upsell,synthetic
INT-0003749,2026-02-04T19:09:44,RCPT-20260204-00358,P-0057,view,checkout_upsell,synthetic
INT-0003750,2026-02-04T19:09:44,RCPT-20260204-00358,P-0022,view,checkout_upsell,synthetic
INT-0003751,2026-02-04T18:17:42,RCPT-20260204-00359,P-0008,view,checkout_upsell,synthetic
INT-0003752,2026-02-04T18:17:42,RCPT-20260204-00359,P-0008,hover,checkout_upsell,synthetic
INT-0003753,2026-02-04T18:17:42,RCPT-20260204-00359,P-0043,view,checkout_upsell,synthetic
INT-0003754,2026-02-04T18:17:42,RCPT-20260204-00359,P-0035,view,checkout_upsell,synthetic
INT-0003755,2026-02-04T18:17:42,RCPT-20260204-00359,P-0038,view,checkout_upsell,synthetic
INT-0003756,2026-02-04T18:17:42,RCPT-20260204-00359,P-0038,hover,checkout_upsell,synthetic
INT-0003757,2026-02-04T18:17:42,RCPT-20260204-00359,P-0055,view,checkout_upsell,synthetic
INT-0003758,2026-02-04T18:17:42,RCPT-20260204-00359,P-0055,hover,checkout_upsell,synthetic
INT-0003759,2026-02-04T18:17:42,RCPT-20260204-00359,P-0045,view,checkout_upsell,synthetic
INT-0003760,2026-02-04T21:38:34,RCPT-20260204-00360,P-0048,view,checkout_upsell,synthetic
INT-0003761,2026-02-04T21:38:34,RCPT-20260204-00360,P-0048,click,checkout_upsell,synthetic
INT-0003762,2026-02-04T21:38:34,RCPT-20260204-00360,P-0065,view,checkout_upsell,synthetic
INT-0003763,2026-02-04T21:38:34,RCPT-20260204-00360,P-0041,view,checkout_upsell,synthetic
INT-0003764,2026-02-04T21:38:34,RCPT-20260204-00360,P-0066,view,checkout_upsell,synthetic
INT-0003765,2026-02-04T21:38:34,RCPT-20260204-00360,P-0066,hover,checkout_upsell,synthetic
INT-0003766,2026-02-04T21:38:34,RCPT-20260204-00360,P-0007,view,checkout_upsell,synthetic
INT-0003767,2026-02-04T21:38:34,RCPT-20260204-00360,P-0007,hover,checkout_upsell,synthetic
INT-0003768,2026-02-04T21:38:34,RCPT-20260204-00360,P-0072,view,checkout_upsell,synthetic
INT-0003769,2026-02-04T21:38:34,RCPT-20260204-00360,P-0072,hover,checkout_upsell,synthetic
INT-0003770,2026-02-04T13:40:19,RCPT-20260204-00361,P-0061,view,checkout_upsell,synthetic
INT-0003771,2026-02-04T13:40:19,RCPT-20260204-00361,P-0003,view,checkout_upsell,synthetic
INT-0003772,2026-02-04T13:40:19,RCPT-20260204-00361,P-0035,view,checkout_upsell,synthetic
INT-0003773,2026-02-04T13:40:19,RCPT-20260204-00361,P-0035,hover,checkout_upsell,synthetic
INT-0003774,2026-02-04T13:40:19,RCPT-20260204-00361,P-0059,view,checkout_upsell,synthetic
INT-0003775,2026-02-04T13:40:19,RCPT-20260204-00361,P-0059,hover,checkout_upsell,synthetic
INT-0003776,2026-02-04T13:40:19,RCPT-20260204-00361,P-0029,view,checkout_upsell,synthetic
INT-0003777,2026-02-04T13:40:19,RCPT-20260204-00361,P-0029,hover,checkout_upsell,synthetic
INT-0003778,2026-02-04T13:40:19,RCPT-20260204-00361,P-0076,view,checkout_upsell,synthetic
INT-0003779,2026-02-04T13:40:19,RCPT-20260204-00361,P-0076,hover,checkout_upsell,synthetic
INT-0003780,2026-02-04T11:09:21,RCPT-20260204-00362,P-0065,view,checkout_upsell,synthetic
INT-0003781,2026-02-04T11:09:21,RCPT-20260204-00362,P-0065,hover,checkout_upsell,synthetic
INT-0003782,2026-02-04T11:09:21,RCPT-20260204-00362,P-0065,click,checkout_upsell,synthetic
INT-0003783,2026-02-04T11:09:21,RCPT-20260204-00362,P-0074,view,checkout_upsell,synthetic
INT-0003784,2026-02-04T11:09:21,RCPT-20260204-00362,P-0074,hover,checkout_upsell,synthetic
INT-0003785,2026-02-04T11:09:21,RCPT-20260204-00362,P-0002,view,checkout_upsell,synthetic
INT-0003786,2026-02-04T11:09:21,RCPT-20260204-00362,P-0002,hover,checkout_upsell,synthetic
INT-0003787,2026-02-04T11:09:21,RCPT-20260204-00362,P-0014,view,checkout_upsell,synthetic
INT-0003788,2026-02-04T11:09:21,RCPT-20260204-00362,P-0014,click,checkout_upsell,synthetic
INT-0003789,2026-02-04T11:09:21,RCPT-20260204-00362,P-0073,view,checkout_upsell,synthetic
INT-0003790,2026-02-04T11:09:21,RCPT-20260204-00362,P-0073,hover,checkout_upsell,synthetic
INT-0003791,2026-02-04T11:09:21,RCPT-20260204-00362,P-0073,click,checkout_upsell,synthetic
INT-0003792,2026-02-04T11:09:21,RCPT-20260204-00362,P-0042,view,checkout_upsell,synthetic
INT-0003793,2026-02-04T11:09:21,RCPT-20260204-00362,P-0042,hover,checkout_upsell,synthetic
INT-0003794,2026-02-04T15:34:08,RCPT-20260204-00363,P-0061,view,checkout_upsell,synthetic
INT-0003795,2026-02-04T15:34:08,RCPT-20260204-00363,P-0034,view,checkout_upsell,synthetic
INT-0003796,2026-02-04T15:34:08,RCPT-20260204-00363,P-0034,hover,checkout_upsell,synthetic
INT-0003797,2026-02-04T15:34:08,RCPT-20260204-00363,P-0034,click,checkout_upsell,synthetic
INT-0003798,2026-02-04T15:34:08,RCPT-20260204-00363,P-0074,view,checkout_upsell,synthetic
INT-0003799,2026-02-04T15:34:08,RCPT-20260204-00363,P-0074,hover,checkout_upsell,synthetic
INT-0003800,2026-02-04T15:34:08,RCPT-20260204-00363,P-0068,view,checkout_upsell,synthetic
INT-0003801,2026-02-04T15:34:08,RCPT-20260204-00363,P-0068,hover,checkout_upsell,synthetic
INT-0003802,2026-02-04T15:34:08,RCPT-20260204-00363,P-0054,view,checkout_upsell,synthetic
INT-0003803,2026-02-04T15:34:08,RCPT-20260204-00363,P-0054,hover,checkout_upsell,synthetic
INT-0003804,2026-02-04T15:34:08,RCPT-20260204-00363,P-0038,view,checkout_upsell,synthetic
INT-0003805,2026-02-04T15:34:08,RCPT-20260204-00363,P-0038,hover,checkout_upsell,synthetic
INT-0003806,2026-02-04T18:59:36,RCPT-20260204-00364,P-0050,view,checkout_upsell,synthetic
INT-0003807,2026-02-04T18:59:36,RCPT-20260204-00364,P-0050,hover,checkout_upsell,synthetic
INT-0003808,2026-02-04T18:59:36,RCPT-20260204-00364,P-0015,view,checkout_upsell,synthetic
INT-0003809,2026-02-04T18:59:36,RCPT-20260204-00364,P-0042,view,checkout_upsell,synthetic
INT-0003810,2026-02-04T18:59:36,RCPT-20260204-00364,P-0042,hover,checkout_upsell,synthetic
INT-0003811,2026-02-04T18:59:36,RCPT-20260204-00364,P-0042,click,checkout_upsell,synthetic
INT-0003812,2026-02-04T18:59:36,RCPT-20260204-00364,P-0058,view,checkout_upsell,synthetic
INT-0003813,2026-02-04T18:59:36,RCPT-20260204-00364,P-0018,view,checkout_upsell,synthetic
INT-0003814,2026-02-04T18:59:36,RCPT-20260204-00364,P-0018,hover,checkout_upsell,synthetic
INT-0003815,2026-02-04T18:59:36,RCPT-20260204-00364,P-0063,view,checkout_upsell,synthetic
INT-0003816,2026-02-04T15:47:59,RCPT-20260204-00365,P-0051,view,checkout_upsell,synthetic
INT-0003817,2026-02-04T15:47:59,RCPT-20260204-00365,P-0051,hover,checkout_upsell,synthetic
INT-0003818,2026-02-04T15:47:59,RCPT-20260204-00365,P-0040,view,checkout_upsell,synthetic
INT-0003819,2026-02-04T15:47:59,RCPT-20260204-00365,P-0040,hover,checkout_upsell,synthetic
INT-0003820,2026-02-04T15:47:59,RCPT-20260204-00365,P-0038,view,checkout_upsell,synthetic
INT-0003821,2026-02-04T15:47:59,RCPT-20260204-00365,P-0055,view,checkout_upsell,synthetic
INT-0003822,2026-02-04T15:47:59,RCPT-20260204-00365,P-0017,view,checkout_upsell,synthetic
INT-0003823,2026-02-04T15:47:59,RCPT-20260204-00365,P-0017,hover,checkout_upsell,synthetic
INT-0003824,2026-02-04T15:47:59,RCPT-20260204-00365,P-0058,view,checkout_upsell,synthetic
INT-0003825,2026-02-05T09:44:49,RCPT-20260205-00366,P-0030,view,checkout_upsell,synthetic
INT-0003826,2026-02-05T09:44:49,RCPT-20260205-00366,P-0030,hover,checkout_upsell,synthetic
INT-0003827,2026-02-05T09:44:49,RCPT-20260205-00366,P-0050,view,checkout_upsell,synthetic
INT-0003828,2026-02-05T09:44:49,RCPT-20260205-00366,P-0050,hover,checkout_upsell,synthetic
INT-0003829,2026-02-05T09:44:49,RCPT-20260205-00366,P-0050,click,checkout_upsell,synthetic
INT-0003830,2026-02-05T09:44:49,RCPT-20260205-00366,P-0043,view,checkout_upsell,synthetic
INT-0003831,2026-02-05T09:44:49,RCPT-20260205-00366,P-0043,hover,checkout_upsell,synthetic
INT-0003832,2026-02-05T09:44:49,RCPT-20260205-00366,P-0074,view,checkout_upsell,synthetic
INT-0003833,2026-02-05T09:44:49,RCPT-20260205-00366,P-0074,hover,checkout_upsell,synthetic
INT-0003834,2026-02-05T09:44:49,RCPT-20260205-00366,P-0021,view,checkout_upsell,synthetic
INT-0003835,2026-02-05T09:44:49,RCPT-20260205-00366,P-0021,hover,checkout_upsell,synthetic
INT-0003836,2026-02-05T09:44:49,RCPT-20260205-00366,P-0001,view,checkout_upsell,synthetic
INT-0003837,2026-02-05T09:44:49,RCPT-20260205-00366,P-0001,hover,checkout_upsell,synthetic
INT-0003838,2026-02-05T10:12:14,RCPT-20260205-00367,P-0012,view,checkout_upsell,synthetic
INT-0003839,2026-02-05T10:12:14,RCPT-20260205-00367,P-0012,click,checkout_upsell,synthetic
INT-0003840,2026-02-05T10:12:14,RCPT-20260205-00367,P-0059,view,checkout_upsell,synthetic
INT-0003841,2026-02-05T10:12:14,RCPT-20260205-00367,P-0059,hover,checkout_upsell,synthetic
INT-0003842,2026-02-05T10:12:14,RCPT-20260205-00367,P-0004,view,checkout_upsell,synthetic
INT-0003843,2026-02-05T10:12:14,RCPT-20260205-00367,P-0072,view,checkout_upsell,synthetic
INT-0003844,2026-02-05T10:12:14,RCPT-20260205-00367,P-0072,hover,checkout_upsell,synthetic
INT-0003845,2026-02-05T10:12:14,RCPT-20260205-00367,P-0053,view,checkout_upsell,synthetic
INT-0003846,2026-02-05T10:12:14,RCPT-20260205-00367,P-0062,view,checkout_upsell,synthetic
INT-0003847,2026-02-05T10:59:28,RCPT-20260205-00368,P-0027,view,checkout_upsell,synthetic
INT-0003848,2026-02-05T10:59:28,RCPT-20260205-00368,P-0027,hover,checkout_upsell,synthetic
INT-0003849,2026-02-05T10:59:28,RCPT-20260205-00368,P-0013,view,checkout_upsell,synthetic
INT-0003850,2026-02-05T10:59:28,RCPT-20260205-00368,P-0013,hover,checkout_upsell,synthetic
INT-0003851,2026-02-05T10:59:28,RCPT-20260205-00368,P-0014,view,checkout_upsell,synthetic
INT-0003852,2026-02-05T10:59:28,RCPT-20260205-00368,P-0042,view,checkout_upsell,synthetic
INT-0003853,2026-02-05T10:59:28,RCPT-20260205-00368,P-0042,hover,checkout_upsell,synthetic
INT-0003854,2026-02-05T10:59:28,RCPT-20260205-00368,P-0032,view,checkout_upsell,synthetic
INT-0003855,2026-02-05T10:59:28,RCPT-20260205-00368,P-0032,click,checkout_upsell,synthetic
INT-0003856,2026-02-05T10:59:28,RCPT-20260205-00368,P-0004,view,checkout_upsell,synthetic
INT-0003857,2026-02-05T10:59:28,RCPT-20260205-00368,P-0004,hover,checkout_upsell,synthetic
INT-0003858,2026-02-05T16:06:28,RCPT-20260205-00369,P-0069,view,checkout_upsell,synthetic
INT-0003859,2026-02-05T16:06:28,RCPT-20260205-00369,P-0069,hover,checkout_upsell,synthetic
INT-0003860,2026-02-05T16:06:28,RCPT-20260205-00369,P-0069,click,checkout_upsell,synthetic
INT-0003861,2026-02-05T16:06:28,RCPT-20260205-00369,P-0008,view,checkout_upsell,synthetic
INT-0003862,2026-02-05T16:06:28,RCPT-20260205-00369,P-0006,view,checkout_upsell,synthetic
INT-0003863,2026-02-05T16:06:28,RCPT-20260205-00369,P-0006,hover,checkout_upsell,synthetic
INT-0003864,2026-02-05T16:06:28,RCPT-20260205-00369,P-0035,view,checkout_upsell,synthetic
INT-0003865,2026-02-05T16:06:28,RCPT-20260205-00369,P-0035,hover,checkout_upsell,synthetic
INT-0003866,2026-02-05T16:06:28,RCPT-20260205-00369,P-0064,view,checkout_upsell,synthetic
INT-0003867,2026-02-05T16:06:28,RCPT-20260205-00369,P-0064,hover,checkout_upsell,synthetic
INT-0003868,2026-02-05T16:06:28,RCPT-20260205-00369,P-0062,view,checkout_upsell,synthetic
INT-0003869,2026-02-05T15:10:27,RCPT-20260205-00370,P-0052,view,checkout_upsell,synthetic
INT-0003870,2026-02-05T15:10:27,RCPT-20260205-00370,P-0052,hover,checkout_upsell,synthetic
INT-0003871,2026-02-05T15:10:27,RCPT-20260205-00370,P-0007,view,checkout_upsell,synthetic
INT-0003872,2026-02-05T15:10:27,RCPT-20260205-00370,P-0072,view,checkout_upsell,synthetic
INT-0003873,2026-02-05T15:10:27,RCPT-20260205-00370,P-0039,view,checkout_upsell,synthetic
INT-0003874,2026-02-05T15:10:27,RCPT-20260205-00370,P-0039,hover,checkout_upsell,synthetic
INT-0003875,2026-02-05T15:10:27,RCPT-20260205-00370,P-0044,view,checkout_upsell,synthetic
INT-0003876,2026-02-05T15:10:27,RCPT-20260205-00370,P-0062,view,checkout_upsell,synthetic
INT-0003877,2026-02-05T15:10:27,RCPT-20260205-00370,P-0062,hover,checkout_upsell,synthetic
INT-0003878,2026-02-05T15:01:11,RCPT-20260205-00371,P-0036,view,checkout_upsell,synthetic
INT-0003879,2026-02-05T15:01:11,RCPT-20260205-00371,P-0036,hover,checkout_upsell,synthetic
INT-0003880,2026-02-05T15:01:11,RCPT-20260205-00371,P-0041,view,checkout_upsell,synthetic
INT-0003881,2026-02-05T15:01:11,RCPT-20260205-00371,P-0041,hover,checkout_upsell,synthetic
INT-0003882,2026-02-05T15:01:11,RCPT-20260205-00371,P-0055,view,checkout_upsell,synthetic
INT-0003883,2026-02-05T15:01:11,RCPT-20260205-00371,P-0055,hover,checkout_upsell,synthetic
INT-0003884,2026-02-05T15:01:11,RCPT-20260205-00371,P-0042,view,checkout_upsell,synthetic
INT-0003885,2026-02-05T15:01:11,RCPT-20260205-00371,P-0042,hover,checkout_upsell,synthetic
INT-0003886,2026-02-05T15:01:11,RCPT-20260205-00371,P-0007,view,checkout_upsell,synthetic
INT-0003887,2026-02-05T15:01:11,RCPT-20260205-00371,P-0047,view,checkout_upsell,synthetic
INT-0003888,2026-02-05T15:01:11,RCPT-20260205-00371,P-0047,hover,checkout_upsell,synthetic
INT-0003889,2026-02-05T19:28:40,RCPT-20260205-00372,P-0061,view,checkout_upsell,synthetic
INT-0003890,2026-02-05T19:28:40,RCPT-20260205-00372,P-0061,hover,checkout_upsell,synthetic
INT-0003891,2026-02-05T19:28:40,RCPT-20260205-00372,P-0060,view,checkout_upsell,synthetic
INT-0003892,2026-02-05T19:28:40,RCPT-20260205-00372,P-0060,hover,checkout_upsell,synthetic
INT-0003893,2026-02-05T19:28:40,RCPT-20260205-00372,P-0060,click,checkout_upsell,synthetic
INT-0003894,2026-02-05T19:28:40,RCPT-20260205-00372,P-0056,view,checkout_upsell,synthetic
INT-0003895,2026-02-05T19:28:40,RCPT-20260205-00372,P-0023,view,checkout_upsell,synthetic
INT-0003896,2026-02-05T19:28:40,RCPT-20260205-00372,P-0023,hover,checkout_upsell,synthetic
INT-0003897,2026-02-05T19:28:40,RCPT-20260205-00372,P-0005,view,checkout_upsell,synthetic
INT-0003898,2026-02-05T19:28:40,RCPT-20260205-00372,P-0005,hover,checkout_upsell,synthetic
INT-0003899,2026-02-05T19:28:40,RCPT-20260205-00372,P-0049,view,checkout_upsell,synthetic
INT-0003900,2026-02-05T19:28:40,RCPT-20260205-00372,P-0049,hover,checkout_upsell,synthetic
INT-0003901,2026-02-05T10:55:09,RCPT-20260205-00373,P-0048,view,checkout_upsell,synthetic
INT-0003902,2026-02-05T10:55:09,RCPT-20260205-00373,P-0048,hover,checkout_upsell,synthetic
INT-0003903,2026-02-05T10:55:09,RCPT-20260205-00373,P-0003,view,checkout_upsell,synthetic
INT-0003904,2026-02-05T10:55:09,RCPT-20260205-00373,P-0003,hover,checkout_upsell,synthetic
INT-0003905,2026-02-05T10:55:09,RCPT-20260205-00373,P-0068,view,checkout_upsell,synthetic
INT-0003906,2026-02-05T10:55:09,RCPT-20260205-00373,P-0056,view,checkout_upsell,synthetic
INT-0003907,2026-02-05T10:55:09,RCPT-20260205-00373,P-0056,hover,checkout_upsell,synthetic
INT-0003908,2026-02-05T10:55:09,RCPT-20260205-00373,P-0056,click,checkout_upsell,synthetic
INT-0003909,2026-02-05T10:55:09,RCPT-20260205-00373,P-0004,view,checkout_upsell,synthetic
INT-0003910,2026-02-05T10:55:09,RCPT-20260205-00373,P-0004,hover,checkout_upsell,synthetic
INT-0003911,2026-02-05T10:55:09,RCPT-20260205-00373,P-0047,view,checkout_upsell,synthetic
INT-0003912,2026-02-05T10:55:09,RCPT-20260205-00373,P-0047,hover,checkout_upsell,synthetic
INT-0003913,2026-02-05T08:29:31,RCPT-20260205-00374,P-0056,view,checkout_upsell,synthetic
INT-0003914,2026-02-05T08:29:31,RCPT-20260205-00374,P-0056,hover,checkout_upsell,synthetic
INT-0003915,2026-02-05T08:29:31,RCPT-20260205-00374,P-0046,view,checkout_upsell,synthetic
INT-0003916,2026-02-05T08:29:31,RCPT-20260205-00374,P-0046,click,checkout_upsell,synthetic
INT-0003917,2026-02-05T08:29:31,RCPT-20260205-00374,P-0041,view,checkout_upsell,synthetic
INT-0003918,2026-02-05T08:29:31,RCPT-20260205-00374,P-0041,click,checkout_upsell,synthetic
INT-0003919,2026-02-05T08:29:31,RCPT-20260205-00374,P-0005,view,checkout_upsell,synthetic
INT-0003920,2026-02-05T08:29:31,RCPT-20260205-00374,P-0005,hover,checkout_upsell,synthetic
INT-0003921,2026-02-05T08:29:31,RCPT-20260205-00374,P-0063,view,checkout_upsell,synthetic
INT-0003922,2026-02-05T08:29:31,RCPT-20260205-00374,P-0063,hover,checkout_upsell,synthetic
INT-0003923,2026-02-05T08:29:31,RCPT-20260205-00374,P-0063,click,checkout_upsell,synthetic
INT-0003924,2026-02-05T08:29:31,RCPT-20260205-00374,P-0009,view,checkout_upsell,synthetic
INT-0003925,2026-02-05T08:29:31,RCPT-20260205-00374,P-0009,hover,checkout_upsell,synthetic
INT-0003926,2026-02-05T17:40:35,RCPT-20260205-00375,P-0065,view,checkout_upsell,synthetic
INT-0003927,2026-02-05T17:40:35,RCPT-20260205-00375,P-0065,hover,checkout_upsell,synthetic
INT-0003928,2026-02-05T17:40:35,RCPT-20260205-00375,P-0012,view,checkout_upsell,synthetic
INT-0003929,2026-02-05T17:40:35,RCPT-20260205-00375,P-0012,click,checkout_upsell,synthetic
INT-0003930,2026-02-05T17:40:35,RCPT-20260205-00375,P-0001,view,checkout_upsell,synthetic
INT-0003931,2026-02-05T17:40:35,RCPT-20260205-00375,P-0001,hover,checkout_upsell,synthetic
INT-0003932,2026-02-05T17:40:35,RCPT-20260205-00375,P-0029,view,checkout_upsell,synthetic
INT-0003933,2026-02-05T17:40:35,RCPT-20260205-00375,P-0029,hover,checkout_upsell,synthetic
INT-0003934,2026-02-05T17:40:35,RCPT-20260205-00375,P-0066,view,checkout_upsell,synthetic
INT-0003935,2026-02-05T17:40:35,RCPT-20260205-00375,P-0066,hover,checkout_upsell,synthetic
INT-0003936,2026-02-05T17:40:35,RCPT-20260205-00375,P-0063,view,checkout_upsell,synthetic
INT-0003937,2026-02-05T17:40:35,RCPT-20260205-00375,P-0063,hover,checkout_upsell,synthetic
INT-0003938,2026-02-05T17:40:35,RCPT-20260205-00375,P-0063,click,checkout_upsell,synthetic
INT-0003939,2026-02-05T09:03:06,RCPT-20260205-00376,P-0012,view,checkout_upsell,synthetic
INT-0003940,2026-02-05T09:03:06,RCPT-20260205-00376,P-0012,hover,checkout_upsell,synthetic
INT-0003941,2026-02-05T09:03:06,RCPT-20260205-00376,P-0060,view,checkout_upsell,synthetic
INT-0003942,2026-02-05T09:03:06,RCPT-20260205-00376,P-0060,hover,checkout_upsell,synthetic
INT-0003943,2026-02-05T09:03:06,RCPT-20260205-00376,P-0060,click,checkout_upsell,synthetic
INT-0003944,2026-02-05T09:03:06,RCPT-20260205-00376,P-0056,view,checkout_upsell,synthetic
INT-0003945,2026-02-05T09:03:06,RCPT-20260205-00376,P-0056,hover,checkout_upsell,synthetic
INT-0003946,2026-02-05T09:03:06,RCPT-20260205-00376,P-0023,view,checkout_upsell,synthetic
INT-0003947,2026-02-05T09:03:06,RCPT-20260205-00376,P-0007,view,checkout_upsell,synthetic
INT-0003948,2026-02-05T09:03:06,RCPT-20260205-00376,P-0007,hover,checkout_upsell,synthetic
INT-0003949,2026-02-05T09:03:06,RCPT-20260205-00376,P-0031,view,checkout_upsell,synthetic
INT-0003950,2026-02-05T20:19:20,RCPT-20260205-00377,P-0050,view,checkout_upsell,synthetic
INT-0003951,2026-02-05T20:19:20,RCPT-20260205-00377,P-0050,hover,checkout_upsell,synthetic
INT-0003952,2026-02-05T20:19:20,RCPT-20260205-00377,P-0056,view,checkout_upsell,synthetic
INT-0003953,2026-02-05T20:19:20,RCPT-20260205-00377,P-0056,hover,checkout_upsell,synthetic
INT-0003954,2026-02-05T20:19:20,RCPT-20260205-00377,P-0056,click,checkout_upsell,synthetic
INT-0003955,2026-02-05T20:19:20,RCPT-20260205-00377,P-0027,view,checkout_upsell,synthetic
INT-0003956,2026-02-05T20:19:20,RCPT-20260205-00377,P-0027,hover,checkout_upsell,synthetic
INT-0003957,2026-02-05T20:19:20,RCPT-20260205-00377,P-0054,view,checkout_upsell,synthetic
INT-0003958,2026-02-05T20:19:20,RCPT-20260205-00377,P-0054,hover,checkout_upsell,synthetic
INT-0003959,2026-02-05T20:19:20,RCPT-20260205-00377,P-0055,view,checkout_upsell,synthetic
INT-0003960,2026-02-05T20:19:20,RCPT-20260205-00377,P-0062,view,checkout_upsell,synthetic
INT-0003961,2026-02-05T17:03:06,RCPT-20260205-00378,P-0061,view,checkout_upsell,synthetic
INT-0003962,2026-02-05T17:03:06,RCPT-20260205-00378,P-0061,click,checkout_upsell,synthetic
INT-0003963,2026-02-05T17:03:06,RCPT-20260205-00378,P-0050,view,checkout_upsell,synthetic
INT-0003964,2026-02-05T17:03:06,RCPT-20260205-00378,P-0050,hover,checkout_upsell,synthetic
INT-0003965,2026-02-05T17:03:06,RCPT-20260205-00378,P-0060,view,checkout_upsell,synthetic
INT-0003966,2026-02-05T17:03:06,RCPT-20260205-00378,P-0020,view,checkout_upsell,synthetic
INT-0003967,2026-02-05T17:03:06,RCPT-20260205-00378,P-0020,hover,checkout_upsell,synthetic
INT-0003968,2026-02-05T17:03:06,RCPT-20260205-00378,P-0014,view,checkout_upsell,synthetic
INT-0003969,2026-02-05T17:03:06,RCPT-20260205-00378,P-0072,view,checkout_upsell,synthetic
INT-0003970,2026-02-05T22:08:39,RCPT-20260205-00379,P-0011,view,checkout_upsell,synthetic
INT-0003971,2026-02-05T22:08:39,RCPT-20260205-00379,P-0011,hover,checkout_upsell,synthetic
INT-0003972,2026-02-05T22:08:39,RCPT-20260205-00379,P-0074,view,checkout_upsell,synthetic
INT-0003973,2026-02-05T22:08:39,RCPT-20260205-00379,P-0041,view,checkout_upsell,synthetic
INT-0003974,2026-02-05T22:08:39,RCPT-20260205-00379,P-0041,click,checkout_upsell,synthetic
INT-0003975,2026-02-05T22:08:39,RCPT-20260205-00379,P-0066,view,checkout_upsell,synthetic
INT-0003976,2026-02-05T22:08:39,RCPT-20260205-00379,P-0066,hover,checkout_upsell,synthetic
INT-0003977,2026-02-05T22:08:39,RCPT-20260205-00379,P-0066,click,checkout_upsell,synthetic
INT-0003978,2026-02-05T22:08:39,RCPT-20260205-00379,P-0073,view,checkout_upsell,synthetic
INT-0003979,2026-02-05T22:08:39,RCPT-20260205-00379,P-0076,view,checkout_upsell,synthetic
INT-0003980,2026-02-05T22:08:39,RCPT-20260205-00379,P-0076,hover,checkout_upsell,synthetic
INT-0003981,2026-02-05T19:54:13,RCPT-20260205-00380,P-0060,view,checkout_upsell,synthetic
INT-0003982,2026-02-05T19:54:13,RCPT-20260205-00380,P-0060,hover,checkout_upsell,synthetic
INT-0003983,2026-02-05T19:54:13,RCPT-20260205-00380,P-0060,click,checkout_upsell,synthetic
INT-0003984,2026-02-05T19:54:13,RCPT-20260205-00380,P-0037,view,checkout_upsell,synthetic
INT-0003985,2026-02-05T19:54:13,RCPT-20260205-00380,P-0037,hover,checkout_upsell,synthetic
INT-0003986,2026-02-05T19:54:13,RCPT-20260205-00380,P-0056,view,checkout_upsell,synthetic
INT-0003987,2026-02-05T19:54:13,RCPT-20260205-00380,P-0056,hover,checkout_upsell,synthetic
INT-0003988,2026-02-05T19:54:13,RCPT-20260205-00380,P-0001,view,checkout_upsell,synthetic
INT-0003989,2026-02-05T19:54:13,RCPT-20260205-00380,P-0001,hover,checkout_upsell,synthetic
INT-0003990,2026-02-05T19:54:13,RCPT-20260205-00380,P-0001,click,checkout_upsell,synthetic
INT-0003991,2026-02-05T19:54:13,RCPT-20260205-00380,P-0057,view,checkout_upsell,synthetic
INT-0003992,2026-02-05T19:54:13,RCPT-20260205-00380,P-0062,view,checkout_upsell,synthetic
INT-0003993,2026-02-05T19:54:13,RCPT-20260205-00380,P-0062,hover,checkout_upsell,synthetic
INT-0003994,2026-02-05T12:32:35,RCPT-20260205-00381,P-0048,view,checkout_upsell,synthetic
INT-0003995,2026-02-05T12:32:35,RCPT-20260205-00381,P-0048,hover,checkout_upsell,synthetic
INT-0003996,2026-02-05T12:32:35,RCPT-20260205-00381,P-0015,view,checkout_upsell,synthetic
INT-0003997,2026-02-05T12:32:35,RCPT-20260205-00381,P-0060,view,checkout_upsell,synthetic
INT-0003998,2026-02-05T12:32:35,RCPT-20260205-00381,P-0060,hover,checkout_upsell,synthetic
INT-0003999,2026-02-05T12:32:35,RCPT-20260205-00381,P-0073,view,checkout_upsell,synthetic
INT-0004000,2026-02-05T12:32:35,RCPT-20260205-00381,P-0075,view,checkout_upsell,synthetic
INT-0004001,2026-02-05T12:32:35,RCPT-20260205-00381,P-0076,view,checkout_upsell,synthetic
INT-0004002,2026-02-05T12:32:35,RCPT-20260205-00381,P-0076,hover,checkout_upsell,synthetic
INT-0004003,2026-02-06T22:30:51,RCPT-20260206-00382,P-0048,view,checkout_upsell,synthetic
INT-0004004,2026-02-06T22:30:51,RCPT-20260206-00382,P-0071,view,checkout_upsell,synthetic
INT-0004005,2026-02-06T22:30:51,RCPT-20260206-00382,P-0071,hover,checkout_upsell,synthetic
INT-0004006,2026-02-06T22:30:51,RCPT-20260206-00382,P-0002,view,checkout_upsell,synthetic
INT-0004007,2026-02-06T22:30:51,RCPT-20260206-00382,P-0002,hover,checkout_upsell,synthetic
INT-0004008,2026-02-06T22:30:51,RCPT-20260206-00382,P-0002,click,checkout_upsell,synthetic
INT-0004009,2026-02-06T22:30:51,RCPT-20260206-00382,P-0057,view,checkout_upsell,synthetic
INT-0004010,2026-02-06T22:30:51,RCPT-20260206-00382,P-0057,hover,checkout_upsell,synthetic
INT-0004011,2026-02-06T22:30:51,RCPT-20260206-00382,P-0066,view,checkout_upsell,synthetic
INT-0004012,2026-02-06T22:30:51,RCPT-20260206-00382,P-0022,view,checkout_upsell,synthetic
INT-0004013,2026-02-06T21:33:19,RCPT-20260206-00383,P-0074,view,checkout_upsell,synthetic
INT-0004014,2026-02-06T21:33:19,RCPT-20260206-00383,P-0060,view,checkout_upsell,synthetic
INT-0004015,2026-02-06T21:33:19,RCPT-20260206-00383,P-0021,view,checkout_upsell,synthetic
INT-0004016,2026-02-06T21:33:19,RCPT-20260206-00383,P-0021,hover,checkout_upsell,synthetic
INT-0004017,2026-02-06T21:33:19,RCPT-20260206-00383,P-0046,view,checkout_upsell,synthetic
INT-0004018,2026-02-06T21:33:19,RCPT-20260206-00383,P-0046,hover,checkout_upsell,synthetic
INT-0004019,2026-02-06T21:33:19,RCPT-20260206-00383,P-0046,click,checkout_upsell,synthetic
INT-0004020,2026-02-06T21:33:19,RCPT-20260206-00383,P-0075,view,checkout_upsell,synthetic
INT-0004021,2026-02-06T21:33:19,RCPT-20260206-00383,P-0075,hover,checkout_upsell,synthetic
INT-0004022,2026-02-06T21:33:19,RCPT-20260206-00383,P-0052,view,checkout_upsell,synthetic
INT-0004023,2026-02-06T21:33:19,RCPT-20260206-00383,P-0052,hover,checkout_upsell,synthetic
INT-0004024,2026-02-06T14:40:34,RCPT-20260206-00384,P-0015,view,checkout_upsell,synthetic
INT-0004025,2026-02-06T14:40:34,RCPT-20260206-00384,P-0043,view,checkout_upsell,synthetic
INT-0004026,2026-02-06T14:40:34,RCPT-20260206-00384,P-0043,click,checkout_upsell,synthetic
INT-0004027,2026-02-06T14:40:34,RCPT-20260206-00384,P-0038,view,checkout_upsell,synthetic
INT-0004028,2026-02-06T14:40:34,RCPT-20260206-00384,P-0057,view,checkout_upsell,synthetic
INT-0004029,2026-02-06T14:40:34,RCPT-20260206-00384,P-0057,hover,checkout_upsell,synthetic
INT-0004030,2026-02-06T14:40:34,RCPT-20260206-00384,P-0057,click,checkout_upsell,synthetic
INT-0004031,2026-02-06T14:40:34,RCPT-20260206-00384,P-0041,view,checkout_upsell,synthetic
INT-0004032,2026-02-06T14:40:34,RCPT-20260206-00384,P-0041,hover,checkout_upsell,synthetic
INT-0004033,2026-02-06T14:40:34,RCPT-20260206-00384,P-0005,view,checkout_upsell,synthetic
INT-0004034,2026-02-06T14:40:34,RCPT-20260206-00384,P-0005,hover,checkout_upsell,synthetic
INT-0004035,2026-02-06T15:53:19,RCPT-20260206-00385,P-0054,view,checkout_upsell,synthetic
INT-0004036,2026-02-06T15:53:19,RCPT-20260206-00385,P-0054,hover,checkout_upsell,synthetic
INT-0004037,2026-02-06T15:53:19,RCPT-20260206-00385,P-0046,view,checkout_upsell,synthetic
INT-0004038,2026-02-06T15:53:19,RCPT-20260206-00385,P-0046,hover,checkout_upsell,synthetic
INT-0004039,2026-02-06T15:53:19,RCPT-20260206-00385,P-0055,view,checkout_upsell,synthetic
INT-0004040,2026-02-06T15:53:19,RCPT-20260206-00385,P-0055,hover,checkout_upsell,synthetic
INT-0004041,2026-02-06T15:53:19,RCPT-20260206-00385,P-0075,view,checkout_upsell,synthetic
INT-0004042,2026-02-06T15:53:19,RCPT-20260206-00385,P-0075,hover,checkout_upsell,synthetic
INT-0004043,2026-02-06T15:53:19,RCPT-20260206-00385,P-0058,view,checkout_upsell,synthetic
INT-0004044,2026-02-06T15:53:19,RCPT-20260206-00385,P-0052,view,checkout_upsell,synthetic
INT-0004045,2026-02-06T15:53:19,RCPT-20260206-00385,P-0052,hover,checkout_upsell,synthetic
INT-0004046,2026-02-06T10:12:21,RCPT-20260206-00386,P-0034,view,checkout_upsell,synthetic
INT-0004047,2026-02-06T10:12:21,RCPT-20260206-00386,P-0034,click,checkout_upsell,synthetic
INT-0004048,2026-02-06T10:12:21,RCPT-20260206-00386,P-0025,view,checkout_upsell,synthetic
INT-0004049,2026-02-06T10:12:21,RCPT-20260206-00386,P-0059,view,checkout_upsell,synthetic
INT-0004050,2026-02-06T10:12:21,RCPT-20260206-00386,P-0059,hover,checkout_upsell,synthetic
INT-0004051,2026-02-06T10:12:21,RCPT-20260206-00386,P-0020,view,checkout_upsell,synthetic
INT-0004052,2026-02-06T10:12:21,RCPT-20260206-00386,P-0005,view,checkout_upsell,synthetic
INT-0004053,2026-02-06T10:12:21,RCPT-20260206-00386,P-0005,hover,checkout_upsell,synthetic
INT-0004054,2026-02-06T10:12:21,RCPT-20260206-00386,P-0039,view,checkout_upsell,synthetic
INT-0004055,2026-02-06T11:46:02,RCPT-20260206-00387,P-0069,view,checkout_upsell,synthetic
INT-0004056,2026-02-06T11:46:02,RCPT-20260206-00387,P-0050,view,checkout_upsell,synthetic
INT-0004057,2026-02-06T11:46:02,RCPT-20260206-00387,P-0050,hover,checkout_upsell,synthetic
INT-0004058,2026-02-06T11:46:02,RCPT-20260206-00387,P-0003,view,checkout_upsell,synthetic
INT-0004059,2026-02-06T11:46:02,RCPT-20260206-00387,P-0003,hover,checkout_upsell,synthetic
INT-0004060,2026-02-06T11:46:02,RCPT-20260206-00387,P-0037,view,checkout_upsell,synthetic
INT-0004061,2026-02-06T11:46:02,RCPT-20260206-00387,P-0056,view,checkout_upsell,synthetic
INT-0004062,2026-02-06T11:46:02,RCPT-20260206-00387,P-0056,hover,checkout_upsell,synthetic
INT-0004063,2026-02-06T11:46:02,RCPT-20260206-00387,P-0056,click,checkout_upsell,synthetic
INT-0004064,2026-02-06T11:46:02,RCPT-20260206-00387,P-0013,view,checkout_upsell,synthetic
INT-0004065,2026-02-06T11:46:02,RCPT-20260206-00387,P-0013,hover,checkout_upsell,synthetic
INT-0004066,2026-02-06T11:46:02,RCPT-20260206-00387,P-0013,click,checkout_upsell,synthetic
INT-0004067,2026-02-06T20:42:47,RCPT-20260206-00388,P-0034,view,checkout_upsell,synthetic
INT-0004068,2026-02-06T20:42:47,RCPT-20260206-00388,P-0065,view,checkout_upsell,synthetic
INT-0004069,2026-02-06T20:42:47,RCPT-20260206-00388,P-0043,view,checkout_upsell,synthetic
INT-0004070,2026-02-06T20:42:47,RCPT-20260206-00388,P-0043,hover,checkout_upsell,synthetic
INT-0004071,2026-02-06T20:42:47,RCPT-20260206-00388,P-0060,view,checkout_upsell,synthetic
INT-0004072,2026-02-06T20:42:47,RCPT-20260206-00388,P-0060,hover,checkout_upsell,synthetic
INT-0004073,2026-02-06T20:42:47,RCPT-20260206-00388,P-0029,view,checkout_upsell,synthetic
INT-0004074,2026-02-06T20:42:47,RCPT-20260206-00388,P-0029,hover,checkout_upsell,synthetic
INT-0004075,2026-02-06T20:42:47,RCPT-20260206-00388,P-0064,view,checkout_upsell,synthetic
INT-0004076,2026-02-06T20:28:42,RCPT-20260206-00389,P-0015,view,checkout_upsell,synthetic
INT-0004077,2026-02-06T20:28:42,RCPT-20260206-00389,P-0015,hover,checkout_upsell,synthetic
INT-0004078,2026-02-06T20:28:42,RCPT-20260206-00389,P-0037,view,checkout_upsell,synthetic
INT-0004079,2026-02-06T20:28:42,RCPT-20260206-00389,P-0013,view,checkout_upsell,synthetic
INT-0004080,2026-02-06T20:28:42,RCPT-20260206-00389,P-0013,hover,checkout_upsell,synthetic
INT-0004081,2026-02-06T20:28:42,RCPT-20260206-00389,P-0013,click,checkout_upsell,synthetic
INT-0004082,2026-02-06T20:28:42,RCPT-20260206-00389,P-0066,view,checkout_upsell,synthetic
INT-0004083,2026-02-06T20:28:42,RCPT-20260206-00389,P-0075,view,checkout_upsell,synthetic
INT-0004084,2026-02-06T20:28:42,RCPT-20260206-00389,P-0075,hover,checkout_upsell,synthetic
INT-0004085,2026-02-06T20:28:42,RCPT-20260206-00389,P-0064,view,checkout_upsell,synthetic
INT-0004086,2026-02-06T09:19:39,RCPT-20260206-00390,P-0060,view,checkout_upsell,synthetic
INT-0004087,2026-02-06T09:19:39,RCPT-20260206-00390,P-0074,view,checkout_upsell,synthetic
INT-0004088,2026-02-06T09:19:39,RCPT-20260206-00390,P-0021,view,checkout_upsell,synthetic
INT-0004089,2026-02-06T09:19:39,RCPT-20260206-00390,P-0021,hover,checkout_upsell,synthetic
INT-0004090,2026-02-06T09:19:39,RCPT-20260206-00390,P-0055,view,checkout_upsell,synthetic
INT-0004091,2026-02-06T09:19:39,RCPT-20260206-00390,P-0055,hover,checkout_upsell,synthetic
INT-0004092,2026-02-06T09:19:39,RCPT-20260206-00390,P-0073,view,checkout_upsell,synthetic
INT-0004093,2026-02-06T09:19:39,RCPT-20260206-00390,P-0073,hover,checkout_upsell,synthetic
INT-0004094,2026-02-06T09:19:39,RCPT-20260206-00390,P-0039,view,checkout_upsell,synthetic
INT-0004095,2026-02-06T09:19:39,RCPT-20260206-00390,P-0039,hover,checkout_upsell,synthetic
INT-0004096,2026-02-06T17:57:37,RCPT-20260206-00391,P-0036,view,checkout_upsell,synthetic
INT-0004097,2026-02-06T17:57:37,RCPT-20260206-00391,P-0036,click,checkout_upsell,synthetic
INT-0004098,2026-02-06T17:57:37,RCPT-20260206-00391,P-0060,view,checkout_upsell,synthetic
INT-0004099,2026-02-06T17:57:37,RCPT-20260206-00391,P-0068,view,checkout_upsell,synthetic
INT-0004100,2026-02-06T17:57:37,RCPT-20260206-00391,P-0068,hover,checkout_upsell,synthetic
INT-0004101,2026-02-06T17:57:37,RCPT-20260206-00391,P-0005,view,checkout_upsell,synthetic
INT-0004102,2026-02-06T17:57:37,RCPT-20260206-00391,P-0005,hover,checkout_upsell,synthetic
INT-0004103,2026-02-06T17:57:37,RCPT-20260206-00391,P-0017,view,checkout_upsell,synthetic
INT-0004104,2026-02-06T17:57:37,RCPT-20260206-00391,P-0004,view,checkout_upsell,synthetic
INT-0004105,2026-02-06T15:06:29,RCPT-20260206-00392,P-0069,view,checkout_upsell,synthetic
INT-0004106,2026-02-06T15:06:29,RCPT-20260206-00392,P-0021,view,checkout_upsell,synthetic
INT-0004107,2026-02-06T15:06:29,RCPT-20260206-00392,P-0021,hover,checkout_upsell,synthetic
INT-0004108,2026-02-06T15:06:29,RCPT-20260206-00392,P-0013,view,checkout_upsell,synthetic
INT-0004109,2026-02-06T15:06:29,RCPT-20260206-00392,P-0013,hover,checkout_upsell,synthetic
INT-0004110,2026-02-06T15:06:29,RCPT-20260206-00392,P-0067,view,checkout_upsell,synthetic
INT-0004111,2026-02-06T15:06:29,RCPT-20260206-00392,P-0067,click,checkout_upsell,synthetic
INT-0004112,2026-02-06T15:06:29,RCPT-20260206-00392,P-0029,view,checkout_upsell,synthetic
INT-0004113,2026-02-06T15:06:29,RCPT-20260206-00392,P-0029,hover,checkout_upsell,synthetic
INT-0004114,2026-02-06T15:06:29,RCPT-20260206-00392,P-0052,view,checkout_upsell,synthetic
INT-0004115,2026-02-06T15:06:29,RCPT-20260206-00392,P-0052,hover,checkout_upsell,synthetic
INT-0004116,2026-02-06T15:31:01,RCPT-20260206-00393,P-0061,view,checkout_upsell,synthetic
INT-0004117,2026-02-06T15:31:01,RCPT-20260206-00393,P-0061,hover,checkout_upsell,synthetic
INT-0004118,2026-02-06T15:31:01,RCPT-20260206-00393,P-0025,view,checkout_upsell,synthetic
INT-0004119,2026-02-06T15:31:01,RCPT-20260206-00393,P-0025,hover,checkout_upsell,synthetic
INT-0004120,2026-02-06T15:31:01,RCPT-20260206-00393,P-0074,view,checkout_upsell,synthetic
INT-0004121,2026-02-06T15:31:01,RCPT-20260206-00393,P-0074,hover,checkout_upsell,synthetic
INT-0004122,2026-02-06T15:31:01,RCPT-20260206-00393,P-0019,view,checkout_upsell,synthetic
INT-0004123,2026-02-06T15:31:01,RCPT-20260206-00393,P-0019,hover,checkout_upsell,synthetic
INT-0004124,2026-02-06T15:31:01,RCPT-20260206-00393,P-0075,view,checkout_upsell,synthetic
INT-0004125,2026-02-06T15:31:01,RCPT-20260206-00393,P-0075,hover,checkout_upsell,synthetic
INT-0004126,2026-02-06T15:31:01,RCPT-20260206-00393,P-0009,view,checkout_upsell,synthetic
INT-0004127,2026-02-06T15:31:01,RCPT-20260206-00393,P-0009,hover,checkout_upsell,synthetic
INT-0004128,2026-02-06T18:04:50,RCPT-20260206-00394,P-0006,view,checkout_upsell,synthetic
INT-0004129,2026-02-06T18:04:50,RCPT-20260206-00394,P-0006,hover,checkout_upsell,synthetic
INT-0004130,2026-02-06T18:04:50,RCPT-20260206-00394,P-0060,view,checkout_upsell,synthetic
INT-0004131,2026-02-06T18:04:50,RCPT-20260206-00394,P-0060,hover,checkout_upsell,synthetic
INT-0004132,2026-02-06T18:04:50,RCPT-20260206-00394,P-0041,view,checkout_upsell,synthetic
INT-0004133,2026-02-06T18:04:50,RCPT-20260206-00394,P-0041,hover,checkout_upsell,synthetic
INT-0004134,2026-02-06T18:04:50,RCPT-20260206-00394,P-0052,view,checkout_upsell,synthetic
INT-0004135,2026-02-06T18:04:50,RCPT-20260206-00394,P-0052,click,checkout_upsell,synthetic
INT-0004136,2026-02-06T18:04:50,RCPT-20260206-00394,P-0063,view,checkout_upsell,synthetic
INT-0004137,2026-02-06T18:04:50,RCPT-20260206-00394,P-0063,hover,checkout_upsell,synthetic
INT-0004138,2026-02-06T18:04:50,RCPT-20260206-00394,P-0016,view,checkout_upsell,synthetic
INT-0004139,2026-02-06T18:04:50,RCPT-20260206-00394,P-0016,hover,checkout_upsell,synthetic
INT-0004140,2026-02-06T15:24:04,RCPT-20260206-00395,P-0035,view,checkout_upsell,synthetic
INT-0004141,2026-02-06T15:24:04,RCPT-20260206-00395,P-0021,view,checkout_upsell,synthetic
INT-0004142,2026-02-06T15:24:04,RCPT-20260206-00395,P-0021,hover,checkout_upsell,synthetic
INT-0004143,2026-02-06T15:24:04,RCPT-20260206-00395,P-0038,view,checkout_upsell,synthetic
INT-0004144,2026-02-06T15:24:04,RCPT-20260206-00395,P-0038,hover,checkout_upsell,synthetic
INT-0004145,2026-02-06T15:24:04,RCPT-20260206-00395,P-0029,view,checkout_upsell,synthetic
INT-0004146,2026-02-06T15:24:04,RCPT-20260206-00395,P-0029,hover,checkout_upsell,synthetic
INT-0004147,2026-02-06T15:24:04,RCPT-20260206-00395,P-0053,view,checkout_upsell,synthetic
INT-0004148,2026-02-06T15:24:04,RCPT-20260206-00395,P-0053,hover,checkout_upsell,synthetic
INT-0004149,2026-02-06T15:24:04,RCPT-20260206-00395,P-0016,view,checkout_upsell,synthetic
INT-0004150,2026-02-06T15:24:04,RCPT-20260206-00395,P-0016,hover,checkout_upsell,synthetic
INT-0004151,2026-02-06T19:59:45,RCPT-20260206-00396,P-0034,view,checkout_upsell,synthetic
INT-0004152,2026-02-06T19:59:45,RCPT-20260206-00396,P-0012,view,checkout_upsell,synthetic
INT-0004153,2026-02-06T19:59:45,RCPT-20260206-00396,P-0012,hover,checkout_upsell,synthetic
INT-0004154,2026-02-06T19:59:45,RCPT-20260206-00396,P-0011,view,checkout_upsell,synthetic
INT-0004155,2026-02-06T19:59:45,RCPT-20260206-00396,P-0055,view,checkout_upsell,synthetic
INT-0004156,2026-02-06T19:59:45,RCPT-20260206-00396,P-0055,hover,checkout_upsell,synthetic
INT-0004157,2026-02-06T19:59:45,RCPT-20260206-00396,P-0039,view,checkout_upsell,synthetic
INT-0004158,2026-02-06T19:59:45,RCPT-20260206-00396,P-0039,hover,checkout_upsell,synthetic
INT-0004159,2026-02-06T19:59:45,RCPT-20260206-00396,P-0016,view,checkout_upsell,synthetic
INT-0004160,2026-02-06T19:59:45,RCPT-20260206-00396,P-0016,click,checkout_upsell,synthetic
INT-0004161,2026-02-06T21:08:56,RCPT-20260206-00397,P-0061,view,checkout_upsell,synthetic
INT-0004162,2026-02-06T21:08:56,RCPT-20260206-00397,P-0039,view,checkout_upsell,synthetic
INT-0004163,2026-02-06T21:08:56,RCPT-20260206-00397,P-0039,hover,checkout_upsell,synthetic
INT-0004164,2026-02-06T21:08:56,RCPT-20260206-00397,P-0045,view,checkout_upsell,synthetic
INT-0004165,2026-02-06T21:08:56,RCPT-20260206-00397,P-0076,view,checkout_upsell,synthetic
INT-0004166,2026-02-06T21:08:56,RCPT-20260206-00397,P-0062,view,checkout_upsell,synthetic
INT-0004167,2026-02-06T21:08:56,RCPT-20260206-00397,P-0062,hover,checkout_upsell,synthetic
INT-0004168,2026-02-06T21:08:56,RCPT-20260206-00397,P-0063,view,checkout_upsell,synthetic
INT-0004169,2026-02-06T21:08:56,RCPT-20260206-00397,P-0063,hover,checkout_upsell,synthetic
INT-0004170,2026-02-06T21:08:56,RCPT-20260206-00397,P-0063,click,checkout_upsell,synthetic
INT-0004171,2026-02-06T22:59:27,RCPT-20260206-00398,P-0034,view,checkout_upsell,synthetic
INT-0004172,2026-02-06T22:59:27,RCPT-20260206-00398,P-0034,click,checkout_upsell,synthetic
INT-0004173,2026-02-06T22:59:27,RCPT-20260206-00398,P-0038,view,checkout_upsell,synthetic
INT-0004174,2026-02-06T22:59:27,RCPT-20260206-00398,P-0038,hover,checkout_upsell,synthetic
INT-0004175,2026-02-06T22:59:27,RCPT-20260206-00398,P-0057,view,checkout_upsell,synthetic
INT-0004176,2026-02-06T22:59:27,RCPT-20260206-00398,P-0057,hover,checkout_upsell,synthetic
INT-0004177,2026-02-06T22:59:27,RCPT-20260206-00398,P-0014,view,checkout_upsell,synthetic
INT-0004178,2026-02-06T22:59:27,RCPT-20260206-00398,P-0047,view,checkout_upsell,synthetic
INT-0004179,2026-02-06T22:59:27,RCPT-20260206-00398,P-0047,hover,checkout_upsell,synthetic
INT-0004180,2026-02-06T22:59:27,RCPT-20260206-00398,P-0044,view,checkout_upsell,synthetic
INT-0004181,2026-02-06T09:55:18,RCPT-20260206-00399,P-0037,view,checkout_upsell,synthetic
INT-0004182,2026-02-06T09:55:18,RCPT-20260206-00399,P-0037,hover,checkout_upsell,synthetic
INT-0004183,2026-02-06T09:55:18,RCPT-20260206-00399,P-0037,click,checkout_upsell,synthetic
INT-0004184,2026-02-06T09:55:18,RCPT-20260206-00399,P-0010,view,checkout_upsell,synthetic
INT-0004185,2026-02-06T09:55:18,RCPT-20260206-00399,P-0010,hover,checkout_upsell,synthetic
INT-0004186,2026-02-06T09:55:18,RCPT-20260206-00399,P-0001,view,checkout_upsell,synthetic
INT-0004187,2026-02-06T09:55:18,RCPT-20260206-00399,P-0001,hover,checkout_upsell,synthetic
INT-0004188,2026-02-06T09:55:18,RCPT-20260206-00399,P-0001,click,checkout_upsell,synthetic
INT-0004189,2026-02-06T09:55:18,RCPT-20260206-00399,P-0022,view,checkout_upsell,synthetic
INT-0004190,2026-02-06T09:55:18,RCPT-20260206-00399,P-0022,hover,checkout_upsell,synthetic
INT-0004191,2026-02-06T09:55:18,RCPT-20260206-00399,P-0072,view,checkout_upsell,synthetic
INT-0004192,2026-02-06T09:55:18,RCPT-20260206-00399,P-0072,hover,checkout_upsell,synthetic
INT-0004193,2026-02-06T09:55:18,RCPT-20260206-00399,P-0063,view,checkout_upsell,synthetic
INT-0004194,2026-02-06T09:55:18,RCPT-20260206-00399,P-0063,hover,checkout_upsell,synthetic
INT-0004195,2026-02-07T12:55:42,RCPT-20260207-00400,P-0048,view,checkout_upsell,synthetic
INT-0004196,2026-02-07T12:55:42,RCPT-20260207-00400,P-0008,view,checkout_upsell,synthetic
INT-0004197,2026-02-07T12:55:42,RCPT-20260207-00400,P-0008,hover,checkout_upsell,synthetic
INT-0004198,2026-02-07T12:55:42,RCPT-20260207-00400,P-0060,view,checkout_upsell,synthetic
INT-0004199,2026-02-07T12:55:42,RCPT-20260207-00400,P-0060,hover,checkout_upsell,synthetic
INT-0004200,2026-02-07T12:55:42,RCPT-20260207-00400,P-0068,view,checkout_upsell,synthetic
INT-0004201,2026-02-07T12:55:42,RCPT-20260207-00400,P-0068,hover,checkout_upsell,synthetic
INT-0004202,2026-02-07T12:55:42,RCPT-20260207-00400,P-0059,view,checkout_upsell,synthetic
INT-0004203,2026-02-07T12:55:42,RCPT-20260207-00400,P-0059,hover,checkout_upsell,synthetic
INT-0004204,2026-02-07T12:55:42,RCPT-20260207-00400,P-0076,view,checkout_upsell,synthetic
INT-0004205,2026-02-07T12:55:42,RCPT-20260207-00400,P-0076,hover,checkout_upsell,synthetic
INT-0004206,2026-02-07T21:29:57,RCPT-20260207-00401,P-0065,view,checkout_upsell,synthetic
INT-0004207,2026-02-07T21:29:57,RCPT-20260207-00401,P-0010,view,checkout_upsell,synthetic
INT-0004208,2026-02-07T21:29:57,RCPT-20260207-00401,P-0010,hover,checkout_upsell,synthetic
INT-0004209,2026-02-07T21:29:57,RCPT-20260207-00401,P-0045,view,checkout_upsell,synthetic
INT-0004210,2026-02-07T21:29:57,RCPT-20260207-00401,P-0045,hover,checkout_upsell,synthetic
INT-0004211,2026-02-07T21:29:57,RCPT-20260207-00401,P-0052,view,checkout_upsell,synthetic
INT-0004212,2026-02-07T21:29:57,RCPT-20260207-00401,P-0052,hover,checkout_upsell,synthetic
INT-0004213,2026-02-07T21:29:57,RCPT-20260207-00401,P-0044,view,checkout_upsell,synthetic
INT-0004214,2026-02-07T21:29:57,RCPT-20260207-00401,P-0044,hover,checkout_upsell,synthetic
INT-0004215,2026-02-07T21:29:57,RCPT-20260207-00401,P-0009,view,checkout_upsell,synthetic
INT-0004216,2026-02-07T21:29:57,RCPT-20260207-00401,P-0009,hover,checkout_upsell,synthetic
INT-0004217,2026-02-07T19:32:17,RCPT-20260207-00402,P-0012,view,checkout_upsell,synthetic
INT-0004218,2026-02-07T19:32:17,RCPT-20260207-00402,P-0012,hover,checkout_upsell,synthetic
INT-0004219,2026-02-07T19:32:17,RCPT-20260207-00402,P-0050,view,checkout_upsell,synthetic
INT-0004220,2026-02-07T19:32:17,RCPT-20260207-00402,P-0050,hover,checkout_upsell,synthetic
INT-0004221,2026-02-07T19:32:17,RCPT-20260207-00402,P-0050,click,checkout_upsell,synthetic
INT-0004222,2026-02-07T19:32:17,RCPT-20260207-00402,P-0059,view,checkout_upsell,synthetic
INT-0004223,2026-02-07T19:32:17,RCPT-20260207-00402,P-0059,hover,checkout_upsell,synthetic
INT-0004224,2026-02-07T19:32:17,RCPT-20260207-00402,P-0001,view,checkout_upsell,synthetic
INT-0004225,2026-02-07T19:32:17,RCPT-20260207-00402,P-0001,hover,checkout_upsell,synthetic
INT-0004226,2026-02-07T19:32:17,RCPT-20260207-00402,P-0057,view,checkout_upsell,synthetic
INT-0004227,2026-02-07T19:32:17,RCPT-20260207-00402,P-0063,view,checkout_upsell,synthetic
INT-0004228,2026-02-07T19:32:17,RCPT-20260207-00402,P-0063,hover,checkout_upsell,synthetic
INT-0004229,2026-02-07T15:44:05,RCPT-20260207-00403,P-0015,view,checkout_upsell,synthetic
INT-0004230,2026-02-07T15:44:05,RCPT-20260207-00403,P-0021,view,checkout_upsell,synthetic
INT-0004231,2026-02-07T15:44:05,RCPT-20260207-00403,P-0021,hover,checkout_upsell,synthetic
INT-0004232,2026-02-07T15:44:05,RCPT-20260207-00403,P-0020,view,checkout_upsell,synthetic
INT-0004233,2026-02-07T15:44:05,RCPT-20260207-00403,P-0057,view,checkout_upsell,synthetic
INT-0004234,2026-02-07T15:44:05,RCPT-20260207-00403,P-0022,view,checkout_upsell,synthetic
INT-0004235,2026-02-07T15:44:05,RCPT-20260207-00403,P-0022,hover,checkout_upsell,synthetic
INT-0004236,2026-02-07T15:44:05,RCPT-20260207-00403,P-0062,view,checkout_upsell,synthetic
INT-0004237,2026-02-07T16:49:00,RCPT-20260207-00404,P-0051,view,checkout_upsell,synthetic
INT-0004238,2026-02-07T16:49:00,RCPT-20260207-00404,P-0006,view,checkout_upsell,synthetic
INT-0004239,2026-02-07T16:49:00,RCPT-20260207-00404,P-0006,hover,checkout_upsell,synthetic
INT-0004240,2026-02-07T16:49:00,RCPT-20260207-00404,P-0074,view,checkout_upsell,synthetic
INT-0004241,2026-02-07T16:49:00,RCPT-20260207-00404,P-0074,hover,checkout_upsell,synthetic
INT-0004242,2026-02-07T16:49:00,RCPT-20260207-00404,P-0068,view,checkout_upsell,synthetic
INT-0004243,2026-02-07T16:49:00,RCPT-20260207-00404,P-0068,hover,checkout_upsell,synthetic
INT-0004244,2026-02-07T16:49:00,RCPT-20260207-00404,P-0037,view,checkout_upsell,synthetic
INT-0004245,2026-02-07T16:49:00,RCPT-20260207-00404,P-0073,view,checkout_upsell,synthetic
INT-0004246,2026-02-07T16:49:00,RCPT-20260207-00404,P-0073,hover,checkout_upsell,synthetic
INT-0004247,2026-02-07T19:50:36,RCPT-20260207-00405,P-0025,view,checkout_upsell,synthetic
INT-0004248,2026-02-07T19:50:36,RCPT-20260207-00405,P-0043,view,checkout_upsell,synthetic
INT-0004249,2026-02-07T19:50:36,RCPT-20260207-00405,P-0043,hover,checkout_upsell,synthetic
INT-0004250,2026-02-07T19:50:36,RCPT-20260207-00405,P-0003,view,checkout_upsell,synthetic
INT-0004251,2026-02-07T19:50:36,RCPT-20260207-00405,P-0003,hover,checkout_upsell,synthetic
INT-0004252,2026-02-07T19:50:36,RCPT-20260207-00405,P-0038,view,checkout_upsell,synthetic
INT-0004253,2026-02-07T19:50:36,RCPT-20260207-00405,P-0002,view,checkout_upsell,synthetic
INT-0004254,2026-02-07T19:50:36,RCPT-20260207-00405,P-0002,hover,checkout_upsell,synthetic
INT-0004255,2026-02-07T19:50:36,RCPT-20260207-00405,P-0052,view,checkout_upsell,synthetic
INT-0004256,2026-02-07T19:50:36,RCPT-20260207-00405,P-0052,hover,checkout_upsell,synthetic
INT-0004257,2026-02-07T12:31:05,RCPT-20260207-00406,P-0012,view,checkout_upsell,synthetic
INT-0004258,2026-02-07T12:31:05,RCPT-20260207-00406,P-0012,hover,checkout_upsell,synthetic
INT-0004259,2026-02-07T12:31:05,RCPT-20260207-00406,P-0050,view,checkout_upsell,synthetic
INT-0004260,2026-02-07T12:31:05,RCPT-20260207-00406,P-0050,click,checkout_upsell,synthetic
INT-0004261,2026-02-07T12:31:05,RCPT-20260207-00406,P-0019,view,checkout_upsell,synthetic
INT-0004262,2026-02-07T12:31:05,RCPT-20260207-00406,P-0019,hover,checkout_upsell,synthetic
INT-0004263,2026-02-07T12:31:05,RCPT-20260207-00406,P-0026,view,checkout_upsell,synthetic
INT-0004264,2026-02-07T12:31:05,RCPT-20260207-00406,P-0031,view,checkout_upsell,synthetic
INT-0004265,2026-02-07T12:31:05,RCPT-20260207-00406,P-0031,hover,checkout_upsell,synthetic
INT-0004266,2026-02-07T12:31:05,RCPT-20260207-00406,P-0044,view,checkout_upsell,synthetic
INT-0004267,2026-02-07T12:31:05,RCPT-20260207-00406,P-0044,hover,checkout_upsell,synthetic
INT-0004268,2026-02-07T10:42:28,RCPT-20260207-00407,P-0030,view,checkout_upsell,synthetic
INT-0004269,2026-02-07T10:42:28,RCPT-20260207-00407,P-0050,view,checkout_upsell,synthetic
INT-0004270,2026-02-07T10:42:28,RCPT-20260207-00407,P-0050,hover,checkout_upsell,synthetic
INT-0004271,2026-02-07T10:42:28,RCPT-20260207-00407,P-0050,click,checkout_upsell,synthetic
INT-0004272,2026-02-07T10:42:28,RCPT-20260207-00407,P-0013,view,checkout_upsell,synthetic
INT-0004273,2026-02-07T10:42:28,RCPT-20260207-00407,P-0013,hover,checkout_upsell,synthetic
INT-0004274,2026-02-07T10:42:28,RCPT-20260207-00407,P-0001,view,checkout_upsell,synthetic
INT-0004275,2026-02-07T10:42:28,RCPT-20260207-00407,P-0005,view,checkout_upsell,synthetic
INT-0004276,2026-02-07T10:42:28,RCPT-20260207-00407,P-0005,hover,checkout_upsell,synthetic
INT-0004277,2026-02-07T10:42:28,RCPT-20260207-00407,P-0005,click,checkout_upsell,synthetic
INT-0004278,2026-02-07T10:42:28,RCPT-20260207-00407,P-0004,view,checkout_upsell,synthetic
INT-0004279,2026-02-07T10:42:28,RCPT-20260207-00407,P-0004,hover,checkout_upsell,synthetic
INT-0004280,2026-02-07T21:31:48,RCPT-20260207-00408,P-0006,view,checkout_upsell,synthetic
INT-0004281,2026-02-07T21:31:48,RCPT-20260207-00408,P-0006,click,checkout_upsell,synthetic
INT-0004282,2026-02-07T21:31:48,RCPT-20260207-00408,P-0003,view,checkout_upsell,synthetic
INT-0004283,2026-02-07T21:31:48,RCPT-20260207-00408,P-0003,hover,checkout_upsell,synthetic
INT-0004284,2026-02-07T21:31:48,RCPT-20260207-00408,P-0057,view,checkout_upsell,synthetic
INT-0004285,2026-02-07T21:31:48,RCPT-20260207-00408,P-0057,hover,checkout_upsell,synthetic
INT-0004286,2026-02-07T21:31:48,RCPT-20260207-00408,P-0022,view,checkout_upsell,synthetic
INT-0004287,2026-02-07T21:31:48,RCPT-20260207-00408,P-0022,hover,checkout_upsell,synthetic
INT-0004288,2026-02-07T21:31:48,RCPT-20260207-00408,P-0022,click,checkout_upsell,synthetic
INT-0004289,2026-02-07T21:31:48,RCPT-20260207-00408,P-0072,view,checkout_upsell,synthetic
INT-0004290,2026-02-07T21:31:48,RCPT-20260207-00408,P-0072,hover,checkout_upsell,synthetic
INT-0004291,2026-02-07T21:31:48,RCPT-20260207-00408,P-0063,view,checkout_upsell,synthetic
INT-0004292,2026-02-07T21:31:48,RCPT-20260207-00408,P-0063,hover,checkout_upsell,synthetic
INT-0004293,2026-02-07T14:30:19,RCPT-20260207-00409,P-0008,view,checkout_upsell,synthetic
INT-0004294,2026-02-07T14:30:19,RCPT-20260207-00409,P-0008,hover,checkout_upsell,synthetic
INT-0004295,2026-02-07T14:30:19,RCPT-20260207-00409,P-0008,click,checkout_upsell,synthetic
INT-0004296,2026-02-07T14:30:19,RCPT-20260207-00409,P-0041,view,checkout_upsell,synthetic
INT-0004297,2026-02-07T14:30:19,RCPT-20260207-00409,P-0041,hover,checkout_upsell,synthetic
INT-0004298,2026-02-07T14:30:19,RCPT-20260207-00409,P-0057,view,checkout_upsell,synthetic
INT-0004299,2026-02-07T14:30:19,RCPT-20260207-00409,P-0031,view,checkout_upsell,synthetic
INT-0004300,2026-02-07T14:30:19,RCPT-20260207-00409,P-0049,view,checkout_upsell,synthetic
INT-0004301,2026-02-07T14:30:19,RCPT-20260207-00409,P-0044,view,checkout_upsell,synthetic
INT-0004302,2026-02-07T14:30:19,RCPT-20260207-00409,P-0044,hover,checkout_upsell,synthetic
INT-0004303,2026-02-07T16:43:02,RCPT-20260207-00410,P-0065,view,checkout_upsell,synthetic
INT-0004304,2026-02-07T16:43:02,RCPT-20260207-00410,P-0065,hover,checkout_upsell,synthetic
INT-0004305,2026-02-07T16:43:02,RCPT-20260207-00410,P-0065,click,checkout_upsell,synthetic
INT-0004306,2026-02-07T16:43:02,RCPT-20260207-00410,P-0051,view,checkout_upsell,synthetic
INT-0004307,2026-02-07T16:43:02,RCPT-20260207-00410,P-0051,hover,checkout_upsell,synthetic
INT-0004308,2026-02-07T16:43:02,RCPT-20260207-00410,P-0071,view,checkout_upsell,synthetic
INT-0004309,2026-02-07T16:43:02,RCPT-20260207-00410,P-0071,hover,checkout_upsell,synthetic
INT-0004310,2026-02-07T16:43:02,RCPT-20260207-00410,P-0001,view,checkout_upsell,synthetic
INT-0004311,2026-02-07T16:43:02,RCPT-20260207-00410,P-0001,hover,checkout_upsell,synthetic
INT-0004312,2026-02-07T16:43:02,RCPT-20260207-00410,P-0073,view,checkout_upsell,synthetic
INT-0004313,2026-02-07T16:43:02,RCPT-20260207-00410,P-0017,view,checkout_upsell,synthetic
INT-0004314,2026-02-07T16:43:02,RCPT-20260207-00410,P-0017,hover,checkout_upsell,synthetic
INT-0004315,2026-02-07T12:41:37,RCPT-20260207-00411,P-0048,view,checkout_upsell,synthetic
INT-0004316,2026-02-07T12:41:37,RCPT-20260207-00411,P-0048,hover,checkout_upsell,synthetic
INT-0004317,2026-02-07T12:41:37,RCPT-20260207-00411,P-0034,view,checkout_upsell,synthetic
INT-0004318,2026-02-07T12:41:37,RCPT-20260207-00411,P-0005,view,checkout_upsell,synthetic
INT-0004319,2026-02-07T12:41:37,RCPT-20260207-00411,P-0018,view,checkout_upsell,synthetic
INT-0004320,2026-02-07T12:41:37,RCPT-20260207-00411,P-0063,view,checkout_upsell,synthetic
INT-0004321,2026-02-07T12:41:37,RCPT-20260207-00411,P-0063,hover,checkout_upsell,synthetic
INT-0004322,2026-02-07T12:41:37,RCPT-20260207-00411,P-0009,view,checkout_upsell,synthetic
INT-0004323,2026-02-07T12:41:37,RCPT-20260207-00411,P-0009,click,checkout_upsell,synthetic
INT-0004324,2026-02-07T08:26:06,RCPT-20260207-00412,P-0012,view,checkout_upsell,synthetic
INT-0004325,2026-02-07T08:26:06,RCPT-20260207-00412,P-0012,hover,checkout_upsell,synthetic
INT-0004326,2026-02-07T08:26:06,RCPT-20260207-00412,P-0071,view,checkout_upsell,synthetic
INT-0004327,2026-02-07T08:26:06,RCPT-20260207-00412,P-0071,click,checkout_upsell,synthetic
INT-0004328,2026-02-07T08:26:06,RCPT-20260207-00412,P-0029,view,checkout_upsell,synthetic
INT-0004329,2026-02-07T08:26:06,RCPT-20260207-00412,P-0073,view,checkout_upsell,synthetic
INT-0004330,2026-02-07T08:26:06,RCPT-20260207-00412,P-0073,hover,checkout_upsell,synthetic
INT-0004331,2026-02-07T08:26:06,RCPT-20260207-00412,P-0047,view,checkout_upsell,synthetic
INT-0004332,2026-02-07T08:26:06,RCPT-20260207-00412,P-0047,hover,checkout_upsell,synthetic
INT-0004333,2026-02-07T08:26:06,RCPT-20260207-00412,P-0047,click,checkout_upsell,synthetic
INT-0004334,2026-02-07T08:26:06,RCPT-20260207-00412,P-0033,view,checkout_upsell,synthetic
INT-0004335,2026-02-07T08:26:06,RCPT-20260207-00412,P-0033,hover,checkout_upsell,synthetic
INT-0004336,2026-02-07T09:45:07,RCPT-20260207-00413,P-0036,view,checkout_upsell,synthetic
INT-0004337,2026-02-07T09:45:07,RCPT-20260207-00413,P-0036,hover,checkout_upsell,synthetic
INT-0004338,2026-02-07T09:45:07,RCPT-20260207-00413,P-0043,view,checkout_upsell,synthetic
INT-0004339,2026-02-07T09:45:07,RCPT-20260207-00413,P-0043,hover,checkout_upsell,synthetic
INT-0004340,2026-02-07T09:45:07,RCPT-20260207-00413,P-0038,view,checkout_upsell,synthetic
INT-0004341,2026-02-07T09:45:07,RCPT-20260207-00413,P-0032,view,checkout_upsell,synthetic
INT-0004342,2026-02-07T09:45:07,RCPT-20260207-00413,P-0076,view,checkout_upsell,synthetic
INT-0004343,2026-02-07T09:45:07,RCPT-20260207-00413,P-0072,view,checkout_upsell,synthetic
INT-0004344,2026-02-07T12:18:29,RCPT-20260207-00414,P-0036,view,checkout_upsell,synthetic
INT-0004345,2026-02-07T12:18:29,RCPT-20260207-00414,P-0036,click,checkout_upsell,synthetic
INT-0004346,2026-02-07T12:18:29,RCPT-20260207-00414,P-0043,view,checkout_upsell,synthetic
INT-0004347,2026-02-07T12:18:29,RCPT-20260207-00414,P-0043,hover,checkout_upsell,synthetic
INT-0004348,2026-02-07T12:18:29,RCPT-20260207-00414,P-0057,view,checkout_upsell,synthetic
INT-0004349,2026-02-07T12:18:29,RCPT-20260207-00414,P-0057,hover,checkout_upsell,synthetic
INT-0004350,2026-02-07T12:18:29,RCPT-20260207-00414,P-0076,view,checkout_upsell,synthetic
INT-0004351,2026-02-07T12:18:29,RCPT-20260207-00414,P-0052,view,checkout_upsell,synthetic
INT-0004352,2026-02-07T12:18:29,RCPT-20260207-00414,P-0053,view,checkout_upsell,synthetic
INT-0004353,2026-02-07T20:04:17,RCPT-20260207-00415,P-0003,view,checkout_upsell,synthetic
INT-0004354,2026-02-07T20:04:17,RCPT-20260207-00415,P-0003,hover,checkout_upsell,synthetic
INT-0004355,2026-02-07T20:04:17,RCPT-20260207-00415,P-0020,view,checkout_upsell,synthetic
INT-0004356,2026-02-07T20:04:17,RCPT-20260207-00415,P-0020,hover,checkout_upsell,synthetic
INT-0004357,2026-02-07T20:04:17,RCPT-20260207-00415,P-0007,view,checkout_upsell,synthetic
INT-0004358,2026-02-07T20:04:17,RCPT-20260207-00415,P-0007,hover,checkout_upsell,synthetic
INT-0004359,2026-02-07T20:04:17,RCPT-20260207-00415,P-0045,view,checkout_upsell,synthetic
INT-0004360,2026-02-07T20:04:17,RCPT-20260207-00415,P-0045,click,checkout_upsell,synthetic
INT-0004361,2026-02-07T20:04:17,RCPT-20260207-00415,P-0017,view,checkout_upsell,synthetic
INT-0004362,2026-02-07T20:04:17,RCPT-20260207-00415,P-0017,hover,checkout_upsell,synthetic
INT-0004363,2026-02-07T20:04:17,RCPT-20260207-00415,P-0053,view,checkout_upsell,synthetic
INT-0004364,2026-02-08T17:25:11,RCPT-20260208-00416,P-0059,view,checkout_upsell,synthetic
INT-0004365,2026-02-08T17:25:11,RCPT-20260208-00416,P-0071,view,checkout_upsell,synthetic
INT-0004366,2026-02-08T17:25:11,RCPT-20260208-00416,P-0071,hover,checkout_upsell,synthetic
INT-0004367,2026-02-08T17:25:11,RCPT-20260208-00416,P-0014,view,checkout_upsell,synthetic
INT-0004368,2026-02-08T17:25:11,RCPT-20260208-00416,P-0014,hover,checkout_upsell,synthetic
INT-0004369,2026-02-08T17:25:11,RCPT-20260208-00416,P-0042,view,checkout_upsell,synthetic
INT-0004370,2026-02-08T17:25:11,RCPT-20260208-00416,P-0022,view,checkout_upsell,synthetic
INT-0004371,2026-02-08T17:25:11,RCPT-20260208-00416,P-0062,view,checkout_upsell,synthetic
INT-0004372,2026-02-08T22:31:09,RCPT-20260208-00417,P-0012,view,checkout_upsell,synthetic
INT-0004373,2026-02-08T22:31:09,RCPT-20260208-00417,P-0037,view,checkout_upsell,synthetic
INT-0004374,2026-02-08T22:31:09,RCPT-20260208-00417,P-0037,click,checkout_upsell,synthetic
INT-0004375,2026-02-08T22:31:09,RCPT-20260208-00417,P-0038,view,checkout_upsell,synthetic
INT-0004376,2026-02-08T22:31:09,RCPT-20260208-00417,P-0038,hover,checkout_upsell,synthetic
INT-0004377,2026-02-08T22:31:09,RCPT-20260208-00417,P-0042,view,checkout_upsell,synthetic
INT-0004378,2026-02-08T22:31:09,RCPT-20260208-00417,P-0042,hover,checkout_upsell,synthetic
INT-0004379,2026-02-08T22:31:09,RCPT-20260208-00417,P-0076,view,checkout_upsell,synthetic
INT-0004380,2026-02-08T22:31:09,RCPT-20260208-00417,P-0076,hover,checkout_upsell,synthetic
INT-0004381,2026-02-08T22:31:09,RCPT-20260208-00417,P-0063,view,checkout_upsell,synthetic
INT-0004382,2026-02-08T22:31:09,RCPT-20260208-00417,P-0063,hover,checkout_upsell,synthetic
INT-0004383,2026-02-08T16:14:00,RCPT-20260208-00418,P-0060,view,checkout_upsell,synthetic
INT-0004384,2026-02-08T16:14:00,RCPT-20260208-00418,P-0060,hover,checkout_upsell,synthetic
INT-0004385,2026-02-08T16:14:00,RCPT-20260208-00418,P-0060,click,checkout_upsell,synthetic
INT-0004386,2026-02-08T16:14:00,RCPT-20260208-00418,P-0071,view,checkout_upsell,synthetic
INT-0004387,2026-02-08T16:14:00,RCPT-20260208-00418,P-0055,view,checkout_upsell,synthetic
INT-0004388,2026-02-08T16:14:00,RCPT-20260208-00418,P-0055,hover,checkout_upsell,synthetic
INT-0004389,2026-02-08T16:14:00,RCPT-20260208-00418,P-0067,view,checkout_upsell,synthetic
INT-0004390,2026-02-08T16:14:00,RCPT-20260208-00418,P-0067,hover,checkout_upsell,synthetic
INT-0004391,2026-02-08T16:14:00,RCPT-20260208-00418,P-0067,click,checkout_upsell,synthetic
INT-0004392,2026-02-08T16:14:00,RCPT-20260208-00418,P-0029,view,checkout_upsell,synthetic
INT-0004393,2026-02-08T16:14:00,RCPT-20260208-00418,P-0029,hover,checkout_upsell,synthetic
INT-0004394,2026-02-08T16:14:00,RCPT-20260208-00418,P-0009,view,checkout_upsell,synthetic
INT-0004395,2026-02-08T16:14:00,RCPT-20260208-00418,P-0009,hover,checkout_upsell,synthetic
INT-0004396,2026-02-08T09:53:29,RCPT-20260208-00419,P-0069,view,checkout_upsell,synthetic
INT-0004397,2026-02-08T09:53:29,RCPT-20260208-00419,P-0069,click,checkout_upsell,synthetic
INT-0004398,2026-02-08T09:53:29,RCPT-20260208-00419,P-0037,view,checkout_upsell,synthetic
INT-0004399,2026-02-08T09:53:29,RCPT-20260208-00419,P-0068,view,checkout_upsell,synthetic
INT-0004400,2026-02-08T09:53:29,RCPT-20260208-00419,P-0068,hover,checkout_upsell,synthetic
INT-0004401,2026-02-08T09:53:29,RCPT-20260208-00419,P-0021,view,checkout_upsell,synthetic
INT-0004402,2026-02-08T09:53:29,RCPT-20260208-00419,P-0021,hover,checkout_upsell,synthetic
INT-0004403,2026-02-08T09:53:29,RCPT-20260208-00419,P-0038,view,checkout_upsell,synthetic
INT-0004404,2026-02-08T09:53:29,RCPT-20260208-00419,P-0067,view,checkout_upsell,synthetic
INT-0004405,2026-02-08T09:53:29,RCPT-20260208-00419,P-0067,hover,checkout_upsell,synthetic
INT-0004406,2026-02-08T19:12:08,RCPT-20260208-00420,P-0059,view,checkout_upsell,synthetic
INT-0004407,2026-02-08T19:12:08,RCPT-20260208-00420,P-0059,hover,checkout_upsell,synthetic
INT-0004408,2026-02-08T19:12:08,RCPT-20260208-00420,P-0005,view,checkout_upsell,synthetic
INT-0004409,2026-02-08T19:12:08,RCPT-20260208-00420,P-0007,view,checkout_upsell,synthetic
INT-0004410,2026-02-08T19:12:08,RCPT-20260208-00420,P-0049,view,checkout_upsell,synthetic
INT-0004411,2026-02-08T19:12:08,RCPT-20260208-00420,P-0062,view,checkout_upsell,synthetic
INT-0004412,2026-02-08T19:12:08,RCPT-20260208-00420,P-0062,hover,checkout_upsell,synthetic
INT-0004413,2026-02-08T19:12:08,RCPT-20260208-00420,P-0062,click,checkout_upsell,synthetic
INT-0004414,2026-02-08T19:12:08,RCPT-20260208-00420,P-0016,view,checkout_upsell,synthetic
INT-0004415,2026-02-08T13:50:46,RCPT-20260208-00421,P-0028,view,checkout_upsell,synthetic
INT-0004416,2026-02-08T13:50:46,RCPT-20260208-00421,P-0056,view,checkout_upsell,synthetic
INT-0004417,2026-02-08T13:50:46,RCPT-20260208-00421,P-0056,hover,checkout_upsell,synthetic
INT-0004418,2026-02-08T13:50:46,RCPT-20260208-00421,P-0002,view,checkout_upsell,synthetic
INT-0004419,2026-02-08T13:50:46,RCPT-20260208-00421,P-0057,view,checkout_upsell,synthetic
INT-0004420,2026-02-08T13:50:46,RCPT-20260208-00421,P-0057,hover,checkout_upsell,synthetic
INT-0004421,2026-02-08T13:50:46,RCPT-20260208-00421,P-0057,click,checkout_upsell,synthetic
INT-0004422,2026-02-08T13:50:46,RCPT-20260208-00421,P-0055,view,checkout_upsell,synthetic
INT-0004423,2026-02-08T13:50:46,RCPT-20260208-00421,P-0055,hover,checkout_upsell,synthetic
INT-0004424,2026-02-08T13:50:46,RCPT-20260208-00421,P-0049,view,checkout_upsell,synthetic
INT-0004425,2026-02-08T18:01:30,RCPT-20260208-00422,P-0060,view,checkout_upsell,synthetic
INT-0004426,2026-02-08T18:01:30,RCPT-20260208-00422,P-0060,hover,checkout_upsell,synthetic
INT-0004427,2026-02-08T18:01:30,RCPT-20260208-00422,P-0043,view,checkout_upsell,synthetic
INT-0004428,2026-02-08T18:01:30,RCPT-20260208-00422,P-0043,hover,checkout_upsell,synthetic
INT-0004429,2026-02-08T18:01:30,RCPT-20260208-00422,P-0035,view,checkout_upsell,synthetic
INT-0004430,2026-02-08T18:01:30,RCPT-20260208-00422,P-0035,hover,checkout_upsell,synthetic
INT-0004431,2026-02-08T18:01:30,RCPT-20260208-00422,P-0035,click,checkout_upsell,synthetic
INT-0004432,2026-02-08T18:01:30,RCPT-20260208-00422,P-0020,view,checkout_upsell,synthetic
INT-0004433,2026-02-08T18:01:30,RCPT-20260208-00422,P-0020,hover,checkout_upsell,synthetic
INT-0004434,2026-02-08T18:01:30,RCPT-20260208-00422,P-0070,view,checkout_upsell,synthetic
INT-0004435,2026-02-08T18:01:30,RCPT-20260208-00422,P-0005,view,checkout_upsell,synthetic
INT-0004436,2026-02-08T18:01:30,RCPT-20260208-00422,P-0005,hover,checkout_upsell,synthetic
INT-0004437,2026-02-08T09:52:52,RCPT-20260208-00423,P-0051,view,checkout_upsell,synthetic
INT-0004438,2026-02-08T09:52:52,RCPT-20260208-00423,P-0051,hover,checkout_upsell,synthetic
INT-0004439,2026-02-08T09:52:52,RCPT-20260208-00423,P-0011,view,checkout_upsell,synthetic
INT-0004440,2026-02-08T09:52:52,RCPT-20260208-00423,P-0011,hover,checkout_upsell,synthetic
INT-0004441,2026-02-08T09:52:52,RCPT-20260208-00423,P-0060,view,checkout_upsell,synthetic
INT-0004442,2026-02-08T09:52:52,RCPT-20260208-00423,P-0060,click,checkout_upsell,synthetic
INT-0004443,2026-02-08T09:52:52,RCPT-20260208-00423,P-0037,view,checkout_upsell,synthetic
INT-0004444,2026-02-08T09:52:52,RCPT-20260208-00423,P-0037,hover,checkout_upsell,synthetic
INT-0004445,2026-02-08T09:52:52,RCPT-20260208-00423,P-0022,view,checkout_upsell,synthetic
INT-0004446,2026-02-08T09:52:52,RCPT-20260208-00423,P-0022,hover,checkout_upsell,synthetic
INT-0004447,2026-02-08T09:52:52,RCPT-20260208-00423,P-0024,view,checkout_upsell,synthetic
INT-0004448,2026-02-08T18:36:34,RCPT-20260208-00424,P-0034,view,checkout_upsell,synthetic
INT-0004449,2026-02-08T18:36:34,RCPT-20260208-00424,P-0034,hover,checkout_upsell,synthetic
INT-0004450,2026-02-08T18:36:34,RCPT-20260208-00424,P-0012,view,checkout_upsell,synthetic
INT-0004451,2026-02-08T18:36:34,RCPT-20260208-00424,P-0012,hover,checkout_upsell,synthetic
INT-0004452,2026-02-08T18:36:34,RCPT-20260208-00424,P-0036,view,checkout_upsell,synthetic
INT-0004453,2026-02-08T18:36:34,RCPT-20260208-00424,P-0036,hover,checkout_upsell,synthetic
INT-0004454,2026-02-08T18:36:34,RCPT-20260208-00424,P-0006,view,checkout_upsell,synthetic
INT-0004455,2026-02-08T18:36:34,RCPT-20260208-00424,P-0006,hover,checkout_upsell,synthetic
INT-0004456,2026-02-08T18:36:34,RCPT-20260208-00424,P-0006,click,checkout_upsell,synthetic
INT-0004457,2026-02-08T18:36:34,RCPT-20260208-00424,P-0027,view,checkout_upsell,synthetic
INT-0004458,2026-02-08T18:36:34,RCPT-20260208-00424,P-0027,hover,checkout_upsell,synthetic
INT-0004459,2026-02-08T18:36:34,RCPT-20260208-00424,P-0033,view,checkout_upsell,synthetic
INT-0004460,2026-02-08T18:36:34,RCPT-20260208-00424,P-0033,hover,checkout_upsell,synthetic
INT-0004461,2026-02-08T20:26:10,RCPT-20260208-00425,P-0074,view,checkout_upsell,synthetic
INT-0004462,2026-02-08T20:26:10,RCPT-20260208-00425,P-0074,hover,checkout_upsell,synthetic
INT-0004463,2026-02-08T20:26:10,RCPT-20260208-00425,P-0042,view,checkout_upsell,synthetic
INT-0004464,2026-02-08T20:26:10,RCPT-20260208-00425,P-0018,view,checkout_upsell,synthetic
INT-0004465,2026-02-08T20:26:10,RCPT-20260208-00425,P-0018,click,checkout_upsell,synthetic
INT-0004466,2026-02-08T20:26:10,RCPT-20260208-00425,P-0076,view,checkout_upsell,synthetic
INT-0004467,2026-02-08T20:26:10,RCPT-20260208-00425,P-0062,view,checkout_upsell,synthetic
INT-0004468,2026-02-08T20:26:10,RCPT-20260208-00425,P-0062,hover,checkout_upsell,synthetic
INT-0004469,2026-02-08T20:26:10,RCPT-20260208-00425,P-0016,view,checkout_upsell,synthetic
INT-0004470,2026-02-08T20:26:10,RCPT-20260208-00425,P-0016,hover,checkout_upsell,synthetic
INT-0004471,2026-02-08T20:26:10,RCPT-20260208-00425,P-0016,click,checkout_upsell,synthetic
INT-0004472,2026-02-08T22:18:26,RCPT-20260208-00426,P-0034,view,checkout_upsell,synthetic
INT-0004473,2026-02-08T22:18:26,RCPT-20260208-00426,P-0046,view,checkout_upsell,synthetic
INT-0004474,2026-02-08T22:18:26,RCPT-20260208-00426,P-0046,hover,checkout_upsell,synthetic
INT-0004475,2026-02-08T22:18:26,RCPT-20260208-00426,P-0046,click,checkout_upsell,synthetic
INT-0004476,2026-02-08T22:18:26,RCPT-20260208-00426,P-0001,view,checkout_upsell,synthetic
INT-0004477,2026-02-08T22:18:26,RCPT-20260208-00426,P-0001,hover,checkout_upsell,synthetic
INT-0004478,2026-02-08T22:18:26,RCPT-20260208-00426,P-0031,view,checkout_upsell,synthetic
INT-0004479,2026-02-08T22:18:26,RCPT-20260208-00426,P-0062,view,checkout_upsell,synthetic
INT-0004480,2026-02-08T22:18:26,RCPT-20260208-00426,P-0062,hover,checkout_upsell,synthetic
INT-0004481,2026-02-08T22:18:26,RCPT-20260208-00426,P-0062,click,checkout_upsell,synthetic
INT-0004482,2026-02-08T22:18:26,RCPT-20260208-00426,P-0039,view,checkout_upsell,synthetic
INT-0004483,2026-02-08T13:26:00,RCPT-20260208-00427,P-0035,view,checkout_upsell,synthetic
INT-0004484,2026-02-08T13:26:00,RCPT-20260208-00427,P-0035,hover,checkout_upsell,synthetic
INT-0004485,2026-02-08T13:26:00,RCPT-20260208-00427,P-0071,view,checkout_upsell,synthetic
INT-0004486,2026-02-08T13:26:00,RCPT-20260208-00427,P-0071,hover,checkout_upsell,synthetic
INT-0004487,2026-02-08T13:26:00,RCPT-20260208-00427,P-0055,view,checkout_upsell,synthetic
INT-0004488,2026-02-08T13:26:00,RCPT-20260208-00427,P-0063,view,checkout_upsell,synthetic
INT-0004489,2026-02-08T13:26:00,RCPT-20260208-00427,P-0063,hover,checkout_upsell,synthetic
INT-0004490,2026-02-08T13:26:00,RCPT-20260208-00427,P-0063,click,checkout_upsell,synthetic
INT-0004491,2026-02-08T13:26:00,RCPT-20260208-00427,P-0047,view,checkout_upsell,synthetic
INT-0004492,2026-02-08T13:26:00,RCPT-20260208-00427,P-0047,hover,checkout_upsell,synthetic
INT-0004493,2026-02-08T13:26:00,RCPT-20260208-00427,P-0016,view,checkout_upsell,synthetic
INT-0004494,2026-02-08T13:26:00,RCPT-20260208-00427,P-0016,hover,checkout_upsell,synthetic
INT-0004495,2026-02-08T08:12:07,RCPT-20260208-00428,P-0048,view,checkout_upsell,synthetic
INT-0004496,2026-02-08T08:12:07,RCPT-20260208-00428,P-0048,hover,checkout_upsell,synthetic
INT-0004497,2026-02-08T08:12:07,RCPT-20260208-00428,P-0048,click,checkout_upsell,synthetic
INT-0004498,2026-02-08T08:12:07,RCPT-20260208-00428,P-0027,view,checkout_upsell,synthetic
INT-0004499,2026-02-08T08:12:07,RCPT-20260208-00428,P-0010,view,checkout_upsell,synthetic
INT-0004500,2026-02-08T08:12:07,RCPT-20260208-00428,P-0010,hover,checkout_upsell,synthetic
INT-0004501,2026-02-08T08:12:07,RCPT-20260208-00428,P-0071,view,checkout_upsell,synthetic
INT-0004502,2026-02-08T08:12:07,RCPT-20260208-00428,P-0071,hover,checkout_upsell,synthetic
INT-0004503,2026-02-08T08:12:07,RCPT-20260208-00428,P-0017,view,checkout_upsell,synthetic
INT-0004504,2026-02-08T08:12:07,RCPT-20260208-00428,P-0062,view,checkout_upsell,synthetic
INT-0004505,2026-02-08T08:12:07,RCPT-20260208-00428,P-0062,hover,checkout_upsell,synthetic
INT-0004506,2026-02-08T17:51:56,RCPT-20260208-00429,P-0061,view,checkout_upsell,synthetic
INT-0004507,2026-02-08T17:51:56,RCPT-20260208-00429,P-0003,view,checkout_upsell,synthetic
INT-0004508,2026-02-08T17:51:56,RCPT-20260208-00429,P-0028,view,checkout_upsell,synthetic
INT-0004509,2026-02-08T17:51:56,RCPT-20260208-00429,P-0042,view,checkout_upsell,synthetic
INT-0004510,2026-02-08T17:51:56,RCPT-20260208-00429,P-0042,hover,checkout_upsell,synthetic
INT-0004511,2026-02-08T17:51:56,RCPT-20260208-00429,P-0017,view,checkout_upsell,synthetic
INT-0004512,2026-02-08T17:51:56,RCPT-20260208-00429,P-0017,hover,checkout_upsell,synthetic
INT-0004513,2026-02-08T17:51:56,RCPT-20260208-00429,P-0004,view,checkout_upsell,synthetic
INT-0004514,2026-02-08T17:51:56,RCPT-20260208-00429,P-0004,hover,checkout_upsell,synthetic
INT-0004515,2026-02-08T14:12:47,RCPT-20260208-00430,P-0048,view,checkout_upsell,synthetic
INT-0004516,2026-02-08T14:12:47,RCPT-20260208-00430,P-0036,view,checkout_upsell,synthetic
INT-0004517,2026-02-08T14:12:47,RCPT-20260208-00430,P-0015,view,checkout_upsell,synthetic
INT-0004518,2026-02-08T14:12:47,RCPT-20260208-00430,P-0015,hover,checkout_upsell,synthetic
INT-0004519,2026-02-08T14:12:47,RCPT-20260208-00430,P-0010,view,checkout_upsell,synthetic
INT-0004520,2026-02-08T14:12:47,RCPT-20260208-00430,P-0010,hover,checkout_upsell,synthetic
INT-0004521,2026-02-08T14:12:47,RCPT-20260208-00430,P-0010,click,checkout_upsell,synthetic
INT-0004522,2026-02-08T14:12:47,RCPT-20260208-00430,P-0054,view,checkout_upsell,synthetic
INT-0004523,2026-02-08T14:12:47,RCPT-20260208-00430,P-0004,view,checkout_upsell,synthetic
INT-0004524,2026-02-08T14:09:13,RCPT-20260208-00431,P-0061,view,checkout_upsell,synthetic
INT-0004525,2026-02-08T14:09:13,RCPT-20260208-00431,P-0037,view,checkout_upsell,synthetic
INT-0004526,2026-02-08T14:09:13,RCPT-20260208-00431,P-0021,view,checkout_upsell,synthetic
INT-0004527,2026-02-08T14:09:13,RCPT-20260208-00431,P-0014,view,checkout_upsell,synthetic
INT-0004528,2026-02-08T14:09:13,RCPT-20260208-00431,P-0062,view,checkout_upsell,synthetic
INT-0004529,2026-02-08T14:09:13,RCPT-20260208-00431,P-0062,hover,checkout_upsell,synthetic
INT-0004530,2026-02-08T14:09:13,RCPT-20260208-00431,P-0052,view,checkout_upsell,synthetic
INT-0004531,2026-02-08T14:09:13,RCPT-20260208-00431,P-0052,hover,checkout_upsell,synthetic
INT-0004532,2026-02-08T11:21:08,RCPT-20260208-00432,P-0012,view,checkout_upsell,synthetic
INT-0004533,2026-02-08T11:21:08,RCPT-20260208-00432,P-0012,hover,checkout_upsell,synthetic
INT-0004534,2026-02-08T11:21:08,RCPT-20260208-00432,P-0068,view,checkout_upsell,synthetic
INT-0004535,2026-02-08T11:21:08,RCPT-20260208-00432,P-0035,view,checkout_upsell,synthetic
INT-0004536,2026-02-08T11:21:08,RCPT-20260208-00432,P-0013,view,checkout_upsell,synthetic
INT-0004537,2026-02-08T11:21:08,RCPT-20260208-00432,P-0013,hover,checkout_upsell,synthetic
INT-0004538,2026-02-08T11:21:08,RCPT-20260208-00432,P-0014,view,checkout_upsell,synthetic
INT-0004539,2026-02-08T11:21:08,RCPT-20260208-00432,P-0032,view,checkout_upsell,synthetic
INT-0004540,2026-02-08T11:21:08,RCPT-20260208-00432,P-0032,hover,checkout_upsell,synthetic
INT-0004541,2026-02-08T17:57:10,RCPT-20260208-00433,P-0050,view,checkout_upsell,synthetic
INT-0004542,2026-02-08T17:57:10,RCPT-20260208-00433,P-0050,hover,checkout_upsell,synthetic
INT-0004543,2026-02-08T17:57:10,RCPT-20260208-00433,P-0046,view,checkout_upsell,synthetic
INT-0004544,2026-02-08T17:57:10,RCPT-20260208-00433,P-0046,hover,checkout_upsell,synthetic
INT-0004545,2026-02-08T17:57:10,RCPT-20260208-00433,P-0057,view,checkout_upsell,synthetic
INT-0004546,2026-02-08T17:57:10,RCPT-20260208-00433,P-0007,view,checkout_upsell,synthetic
INT-0004547,2026-02-08T17:57:10,RCPT-20260208-00433,P-0007,hover,checkout_upsell,synthetic
INT-0004548,2026-02-08T17:57:10,RCPT-20260208-00433,P-0064,view,checkout_upsell,synthetic
INT-0004549,2026-02-08T17:57:10,RCPT-20260208-00433,P-0058,view,checkout_upsell,synthetic
INT-0004550,2026-02-08T17:57:10,RCPT-20260208-00433,P-0058,hover,checkout_upsell,synthetic
INT-0004551,2026-02-09T13:27:37,RCPT-20260209-00434,P-0060,view,checkout_upsell,synthetic
INT-0004552,2026-02-09T13:27:37,RCPT-20260209-00434,P-0060,hover,checkout_upsell,synthetic
INT-0004553,2026-02-09T13:27:37,RCPT-20260209-00434,P-0028,view,checkout_upsell,synthetic
INT-0004554,2026-02-09T13:27:37,RCPT-20260209-00434,P-0028,hover,checkout_upsell,synthetic
INT-0004555,2026-02-09T13:27:37,RCPT-20260209-00434,P-0059,view,checkout_upsell,synthetic
INT-0004556,2026-02-09T13:27:37,RCPT-20260209-00434,P-0059,hover,checkout_upsell,synthetic
INT-0004557,2026-02-09T13:27:37,RCPT-20260209-00434,P-0041,view,checkout_upsell,synthetic
INT-0004558,2026-02-09T13:27:37,RCPT-20260209-00434,P-0041,click,checkout_upsell,synthetic
INT-0004559,2026-02-09T13:27:37,RCPT-20260209-00434,P-0066,view,checkout_upsell,synthetic
INT-0004560,2026-02-09T13:27:37,RCPT-20260209-00434,P-0066,hover,checkout_upsell,synthetic
INT-0004561,2026-02-09T13:27:37,RCPT-20260209-00434,P-0066,click,checkout_upsell,synthetic
INT-0004562,2026-02-09T13:27:37,RCPT-20260209-00434,P-0031,view,checkout_upsell,synthetic
INT-0004563,2026-02-09T13:27:37,RCPT-20260209-00434,P-0031,hover,checkout_upsell,synthetic
INT-0004564,2026-02-09T15:31:15,RCPT-20260209-00435,P-0061,view,checkout_upsell,synthetic
INT-0004565,2026-02-09T15:31:15,RCPT-20260209-00435,P-0065,view,checkout_upsell,synthetic
INT-0004566,2026-02-09T15:31:15,RCPT-20260209-00435,P-0065,hover,checkout_upsell,synthetic
INT-0004567,2026-02-09T15:31:15,RCPT-20260209-00435,P-0051,view,checkout_upsell,synthetic
INT-0004568,2026-02-09T15:31:15,RCPT-20260209-00435,P-0051,hover,checkout_upsell,synthetic
INT-0004569,2026-02-09T15:31:15,RCPT-20260209-00435,P-0060,view,checkout_upsell,synthetic
INT-0004570,2026-02-09T15:31:15,RCPT-20260209-00435,P-0060,hover,checkout_upsell,synthetic
INT-0004571,2026-02-09T15:31:15,RCPT-20260209-00435,P-0064,view,checkout_upsell,synthetic
INT-0004572,2026-02-09T15:31:15,RCPT-20260209-00435,P-0064,hover,checkout_upsell,synthetic
INT-0004573,2026-02-09T15:31:15,RCPT-20260209-00435,P-0024,view,checkout_upsell,synthetic
INT-0004574,2026-02-09T15:31:15,RCPT-20260209-00435,P-0024,hover,checkout_upsell,synthetic
INT-0004575,2026-02-09T19:29:54,RCPT-20260209-00436,P-0040,view,checkout_upsell,synthetic
INT-0004576,2026-02-09T19:29:54,RCPT-20260209-00436,P-0040,hover,checkout_upsell,synthetic
INT-0004577,2026-02-09T19:29:54,RCPT-20260209-00436,P-0012,view,checkout_upsell,synthetic
INT-0004578,2026-02-09T19:29:54,RCPT-20260209-00436,P-0015,view,checkout_upsell,synthetic
INT-0004579,2026-02-09T19:29:54,RCPT-20260209-00436,P-0003,view,checkout_upsell,synthetic
INT-0004580,2026-02-09T19:29:54,RCPT-20260209-00436,P-0045,view,checkout_upsell,synthetic
INT-0004581,2026-02-09T19:29:54,RCPT-20260209-00436,P-0063,view,checkout_upsell,synthetic
INT-0004582,2026-02-09T19:29:54,RCPT-20260209-00436,P-0063,hover,checkout_upsell,synthetic
INT-0004583,2026-02-09T21:40:04,RCPT-20260209-00437,P-0065,view,checkout_upsell,synthetic
INT-0004584,2026-02-09T21:40:04,RCPT-20260209-00437,P-0065,hover,checkout_upsell,synthetic
INT-0004585,2026-02-09T21:40:04,RCPT-20260209-00437,P-0040,view,checkout_upsell,synthetic
INT-0004586,2026-02-09T21:40:04,RCPT-20260209-00437,P-0057,view,checkout_upsell,synthetic
INT-0004587,2026-02-09T21:40:04,RCPT-20260209-00437,P-0057,hover,checkout_upsell,synthetic
INT-0004588,2026-02-09T21:40:04,RCPT-20260209-00437,P-0018,view,checkout_upsell,synthetic
INT-0004589,2026-02-09T21:40:04,RCPT-20260209-00437,P-0018,hover,checkout_upsell,synthetic
INT-0004590,2026-02-09T21:40:04,RCPT-20260209-00437,P-0018,click,checkout_upsell,synthetic
INT-0004591,2026-02-09T21:40:04,RCPT-20260209-00437,P-0053,view,checkout_upsell,synthetic
INT-0004592,2026-02-09T21:40:04,RCPT-20260209-00437,P-0053,hover,checkout_upsell,synthetic
INT-0004593,2026-02-09T21:40:04,RCPT-20260209-00437,P-0033,view,checkout_upsell,synthetic
INT-0004594,2026-02-09T21:40:04,RCPT-20260209-00437,P-0033,hover,checkout_upsell,synthetic
INT-0004595,2026-02-09T16:58:43,RCPT-20260209-00438,P-0074,view,checkout_upsell,synthetic
INT-0004596,2026-02-09T16:58:43,RCPT-20260209-00438,P-0074,hover,checkout_upsell,synthetic
INT-0004597,2026-02-09T16:58:43,RCPT-20260209-00438,P-0038,view,checkout_upsell,synthetic
INT-0004598,2026-02-09T16:58:43,RCPT-20260209-00438,P-0071,view,checkout_upsell,synthetic
INT-0004599,2026-02-09T16:58:43,RCPT-20260209-00438,P-0071,hover,checkout_upsell,synthetic
INT-0004600,2026-02-09T16:58:43,RCPT-20260209-00438,P-0067,view,checkout_upsell,synthetic
INT-0004601,2026-02-09T16:58:43,RCPT-20260209-00438,P-0067,hover,checkout_upsell,synthetic
INT-0004602,2026-02-09T16:58:43,RCPT-20260209-00438,P-0032,view,checkout_upsell,synthetic
INT-0004603,2026-02-09T16:58:43,RCPT-20260209-00438,P-0032,hover,checkout_upsell,synthetic
INT-0004604,2026-02-09T16:58:43,RCPT-20260209-00438,P-0049,view,checkout_upsell,synthetic
INT-0004605,2026-02-09T16:58:43,RCPT-20260209-00438,P-0049,hover,checkout_upsell,synthetic
INT-0004606,2026-02-09T16:58:43,RCPT-20260209-00438,P-0049,click,checkout_upsell,synthetic
INT-0004607,2026-02-09T10:21:15,RCPT-20260209-00439,P-0069,view,checkout_upsell,synthetic
INT-0004608,2026-02-09T10:21:15,RCPT-20260209-00439,P-0069,click,checkout_upsell,synthetic
INT-0004609,2026-02-09T10:21:15,RCPT-20260209-00439,P-0008,view,checkout_upsell,synthetic
INT-0004610,2026-02-09T10:21:15,RCPT-20260209-00439,P-0008,hover,checkout_upsell,synthetic
INT-0004611,2026-02-09T10:21:15,RCPT-20260209-00439,P-0038,view,checkout_upsell,synthetic
INT-0004612,2026-02-09T10:21:15,RCPT-20260209-00439,P-0038,hover,checkout_upsell,synthetic
INT-0004613,2026-02-09T10:21:15,RCPT-20260209-00439,P-0005,view,checkout_upsell,synthetic
INT-0004614,2026-02-09T10:21:15,RCPT-20260209-00439,P-0005,hover,checkout_upsell,synthetic
INT-0004615,2026-02-09T10:21:15,RCPT-20260209-00439,P-0066,view,checkout_upsell,synthetic
INT-0004616,2026-02-09T10:21:15,RCPT-20260209-00439,P-0066,hover,checkout_upsell,synthetic
INT-0004617,2026-02-09T10:21:15,RCPT-20260209-00439,P-0044,view,checkout_upsell,synthetic
INT-0004618,2026-02-09T09:23:22,RCPT-20260209-00440,P-0061,view,checkout_upsell,synthetic
INT-0004619,2026-02-09T09:23:22,RCPT-20260209-00440,P-0061,hover,checkout_upsell,synthetic
INT-0004620,2026-02-09T09:23:22,RCPT-20260209-00440,P-0037,view,checkout_upsell,synthetic
INT-0004621,2026-02-09T09:23:22,RCPT-20260209-00440,P-0037,hover,checkout_upsell,synthetic
INT-0004622,2026-02-09T09:23:22,RCPT-20260209-00440,P-0037,click,checkout_upsell,synthetic
INT-0004623,2026-02-09T09:23:22,RCPT-20260209-00440,P-0076,view,checkout_upsell,synthetic
INT-0004624,2026-02-09T09:23:22,RCPT-20260209-00440,P-0018,view,checkout_upsell,synthetic
INT-0004625,2026-02-09T09:23:22,RCPT-20260209-00440,P-0049,view,checkout_upsell,synthetic
INT-0004626,2026-02-09T09:23:22,RCPT-20260209-00440,P-0049,hover,checkout_upsell,synthetic
INT-0004627,2026-02-09T09:23:22,RCPT-20260209-00440,P-0053,view,checkout_upsell,synthetic
INT-0004628,2026-02-09T11:57:56,RCPT-20260209-00441,P-0065,view,checkout_upsell,synthetic
INT-0004629,2026-02-09T11:57:56,RCPT-20260209-00441,P-0051,view,checkout_upsell,synthetic
INT-0004630,2026-02-09T11:57:56,RCPT-20260209-00441,P-0050,view,checkout_upsell,synthetic
INT-0004631,2026-02-09T11:57:56,RCPT-20260209-00441,P-0050,hover,checkout_upsell,synthetic
INT-0004632,2026-02-09T11:57:56,RCPT-20260209-00441,P-0043,view,checkout_upsell,synthetic
INT-0004633,2026-02-09T11:57:56,RCPT-20260209-00441,P-0043,hover,checkout_upsell,synthetic
INT-0004634,2026-02-09T11:57:56,RCPT-20260209-00441,P-0043,click,checkout_upsell,synthetic
INT-0004635,2026-02-09T11:57:56,RCPT-20260209-00441,P-0028,view,checkout_upsell,synthetic
INT-0004636,2026-02-09T11:57:56,RCPT-20260209-00441,P-0028,hover,checkout_upsell,synthetic
INT-0004637,2026-02-09T11:57:56,RCPT-20260209-00441,P-0070,view,checkout_upsell,synthetic
INT-0004638,2026-02-09T11:57:56,RCPT-20260209-00441,P-0070,hover,checkout_upsell,synthetic
INT-0004639,2026-02-09T09:44:09,RCPT-20260209-00442,P-0010,view,checkout_upsell,synthetic
INT-0004640,2026-02-09T09:44:09,RCPT-20260209-00442,P-0010,hover,checkout_upsell,synthetic
INT-0004641,2026-02-09T09:44:09,RCPT-20260209-00442,P-0010,click,checkout_upsell,synthetic
INT-0004642,2026-02-09T09:44:09,RCPT-20260209-00442,P-0055,view,checkout_upsell,synthetic
INT-0004643,2026-02-09T09:44:09,RCPT-20260209-00442,P-0055,hover,checkout_upsell,synthetic
INT-0004644,2026-02-09T09:44:09,RCPT-20260209-00442,P-0014,view,checkout_upsell,synthetic
INT-0004645,2026-02-09T09:44:09,RCPT-20260209-00442,P-0014,hover,checkout_upsell,synthetic
INT-0004646,2026-02-09T09:44:09,RCPT-20260209-00442,P-0066,view,checkout_upsell,synthetic
INT-0004647,2026-02-09T09:44:09,RCPT-20260209-00442,P-0066,hover,checkout_upsell,synthetic
INT-0004648,2026-02-09T09:44:09,RCPT-20260209-00442,P-0017,view,checkout_upsell,synthetic
INT-0004649,2026-02-09T09:44:09,RCPT-20260209-00442,P-0017,hover,checkout_upsell,synthetic
INT-0004650,2026-02-09T09:44:09,RCPT-20260209-00442,P-0022,view,checkout_upsell,synthetic
INT-0004651,2026-02-09T20:14:53,RCPT-20260209-00443,P-0034,view,checkout_upsell,synthetic
INT-0004652,2026-02-09T20:14:53,RCPT-20260209-00443,P-0034,hover,checkout_upsell,synthetic
INT-0004653,2026-02-09T20:14:53,RCPT-20260209-00443,P-0068,view,checkout_upsell,synthetic
INT-0004654,2026-02-09T20:14:53,RCPT-20260209-00443,P-0068,hover,checkout_upsell,synthetic
INT-0004655,2026-02-09T20:14:53,RCPT-20260209-00443,P-0021,view,checkout_upsell,synthetic
INT-0004656,2026-02-09T20:14:53,RCPT-20260209-00443,P-0021,hover,checkout_upsell,synthetic
INT-0004657,2026-02-09T20:14:53,RCPT-20260209-00443,P-0054,view,checkout_upsell,synthetic
INT-0004658,2026-02-09T20:14:53,RCPT-20260209-00443,P-0054,hover,checkout_upsell,synthetic
INT-0004659,2026-02-09T20:14:53,RCPT-20260209-00443,P-0066,view,checkout_upsell,synthetic
INT-0004660,2026-02-09T20:14:53,RCPT-20260209-00443,P-0018,view,checkout_upsell,synthetic
INT-0004661,2026-02-09T20:14:53,RCPT-20260209-00443,P-0018,hover,checkout_upsell,synthetic
INT-0004662,2026-02-09T10:50:16,RCPT-20260209-00444,P-0061,view,checkout_upsell,synthetic
INT-0004663,2026-02-09T10:50:16,RCPT-20260209-00444,P-0056,view,checkout_upsell,synthetic
INT-0004664,2026-02-09T10:50:16,RCPT-20260209-00444,P-0067,view,checkout_upsell,synthetic
INT-0004665,2026-02-09T10:50:16,RCPT-20260209-00444,P-0031,view,checkout_upsell,synthetic
INT-0004666,2026-02-09T10:50:16,RCPT-20260209-00444,P-0058,view,checkout_upsell,synthetic
INT-0004667,2026-02-09T10:50:16,RCPT-20260209-00444,P-0058,hover,checkout_upsell,synthetic
INT-0004668,2026-02-09T10:50:16,RCPT-20260209-00444,P-0053,view,checkout_upsell,synthetic
INT-0004669,2026-02-09T10:50:16,RCPT-20260209-00444,P-0053,hover,checkout_upsell,synthetic
INT-0004670,2026-02-09T10:11:53,RCPT-20260209-00445,P-0051,view,checkout_upsell,synthetic
INT-0004671,2026-02-09T10:11:53,RCPT-20260209-00445,P-0036,view,checkout_upsell,synthetic
INT-0004672,2026-02-09T10:11:53,RCPT-20260209-00445,P-0011,view,checkout_upsell,synthetic
INT-0004673,2026-02-09T10:11:53,RCPT-20260209-00445,P-0011,hover,checkout_upsell,synthetic
INT-0004674,2026-02-09T10:11:53,RCPT-20260209-00445,P-0056,view,checkout_upsell,synthetic
INT-0004675,2026-02-09T10:11:53,RCPT-20260209-00445,P-0057,view,checkout_upsell,synthetic
INT-0004676,2026-02-09T10:11:53,RCPT-20260209-00445,P-0057,hover,checkout_upsell,synthetic
INT-0004677,2026-02-09T10:11:53,RCPT-20260209-00445,P-0063,view,checkout_upsell,synthetic
INT-0004678,2026-02-09T10:11:53,RCPT-20260209-00445,P-0063,hover,checkout_upsell,synthetic
INT-0004679,2026-02-09T16:45:02,RCPT-20260209-00446,P-0060,view,checkout_upsell,synthetic
INT-0004680,2026-02-09T16:45:02,RCPT-20260209-00446,P-0060,hover,checkout_upsell,synthetic
INT-0004681,2026-02-09T16:45:02,RCPT-20260209-00446,P-0037,view,checkout_upsell,synthetic
INT-0004682,2026-02-09T16:45:02,RCPT-20260209-00446,P-0037,hover,checkout_upsell,synthetic
INT-0004683,2026-02-09T16:45:02,RCPT-20260209-00446,P-0041,view,checkout_upsell,synthetic
INT-0004684,2026-02-09T16:45:02,RCPT-20260209-00446,P-0067,view,checkout_upsell,synthetic
INT-0004685,2026-02-09T16:45:02,RCPT-20260209-00446,P-0067,hover,checkout_upsell,synthetic
INT-0004686,2026-02-09T16:45:02,RCPT-20260209-00446,P-0073,view,checkout_upsell,synthetic
INT-0004687,2026-02-09T16:45:02,RCPT-20260209-00446,P-0073,hover,checkout_upsell,synthetic
INT-0004688,2026-02-09T16:45:02,RCPT-20260209-00446,P-0017,view,checkout_upsell,synthetic
INT-0004689,2026-02-09T16:45:02,RCPT-20260209-00446,P-0017,hover,checkout_upsell,synthetic
INT-0004690,2026-02-09T16:45:02,RCPT-20260209-00446,P-0017,click,checkout_upsell,synthetic
INT-0004691,2026-02-09T20:09:29,RCPT-20260209-00447,P-0051,view,checkout_upsell,synthetic
INT-0004692,2026-02-09T20:09:29,RCPT-20260209-00447,P-0051,hover,checkout_upsell,synthetic
INT-0004693,2026-02-09T20:09:29,RCPT-20260209-00447,P-0051,click,checkout_upsell,synthetic
INT-0004694,2026-02-09T20:09:29,RCPT-20260209-00447,P-0074,view,checkout_upsell,synthetic
INT-0004695,2026-02-09T20:09:29,RCPT-20260209-00447,P-0074,hover,checkout_upsell,synthetic
INT-0004696,2026-02-09T20:09:29,RCPT-20260209-00447,P-0002,view,checkout_upsell,synthetic
INT-0004697,2026-02-09T20:09:29,RCPT-20260209-00447,P-0026,view,checkout_upsell,synthetic
INT-0004698,2026-02-09T20:09:29,RCPT-20260209-00447,P-0026,hover,checkout_upsell,synthetic
INT-0004699,2026-02-09T20:09:29,RCPT-20260209-00447,P-0007,view,checkout_upsell,synthetic
INT-0004700,2026-02-09T20:09:29,RCPT-20260209-00447,P-0007,hover,checkout_upsell,synthetic
INT-0004701,2026-02-09T20:09:29,RCPT-20260209-00447,P-0016,view,checkout_upsell,synthetic
INT-0004702,2026-02-09T20:09:29,RCPT-20260209-00447,P-0016,hover,checkout_upsell,synthetic
INT-0004703,2026-02-09T20:36:46,RCPT-20260209-00448,P-0065,view,checkout_upsell,synthetic
INT-0004704,2026-02-09T20:36:46,RCPT-20260209-00448,P-0065,hover,checkout_upsell,synthetic
INT-0004705,2026-02-09T20:36:46,RCPT-20260209-00448,P-0065,click,checkout_upsell,synthetic
INT-0004706,2026-02-09T20:36:46,RCPT-20260209-00448,P-0037,view,checkout_upsell,synthetic
INT-0004707,2026-02-09T20:36:46,RCPT-20260209-00448,P-0037,hover,checkout_upsell,synthetic
INT-0004708,2026-02-09T20:36:46,RCPT-20260209-00448,P-0073,view,checkout_upsell,synthetic
INT-0004709,2026-02-09T20:36:46,RCPT-20260209-00448,P-0064,view,checkout_upsell,synthetic
INT-0004710,2026-02-09T20:36:46,RCPT-20260209-00448,P-0064,hover,checkout_upsell,synthetic
INT-0004711,2026-02-09T20:36:46,RCPT-20260209-00448,P-0049,view,checkout_upsell,synthetic
INT-0004712,2026-02-09T20:36:46,RCPT-20260209-00448,P-0049,hover,checkout_upsell,synthetic
INT-0004713,2026-02-09T20:36:46,RCPT-20260209-00448,P-0049,click,checkout_upsell,synthetic
INT-0004714,2026-02-09T20:36:46,RCPT-20260209-00448,P-0053,view,checkout_upsell,synthetic
INT-0004715,2026-02-09T20:36:46,RCPT-20260209-00448,P-0053,click,checkout_upsell,synthetic
INT-0004716,2026-02-09T08:38:41,RCPT-20260209-00449,P-0034,view,checkout_upsell,synthetic
INT-0004717,2026-02-09T08:38:41,RCPT-20260209-00449,P-0012,view,checkout_upsell,synthetic
INT-0004718,2026-02-09T08:38:41,RCPT-20260209-00449,P-0012,hover,checkout_upsell,synthetic
INT-0004719,2026-02-09T08:38:41,RCPT-20260209-00449,P-0028,view,checkout_upsell,synthetic
INT-0004720,2026-02-09T08:38:41,RCPT-20260209-00449,P-0028,hover,checkout_upsell,synthetic
INT-0004721,2026-02-09T08:38:41,RCPT-20260209-00449,P-0029,view,checkout_upsell,synthetic
INT-0004722,2026-02-09T08:38:41,RCPT-20260209-00449,P-0029,hover,checkout_upsell,synthetic
INT-0004723,2026-02-09T08:38:41,RCPT-20260209-00449,P-0029,click,checkout_upsell,synthetic
INT-0004724,2026-02-09T08:38:41,RCPT-20260209-00449,P-0073,view,checkout_upsell,synthetic
INT-0004725,2026-02-09T08:38:41,RCPT-20260209-00449,P-0073,hover,checkout_upsell,synthetic
INT-0004726,2026-02-09T08:38:41,RCPT-20260209-00449,P-0073,click,checkout_upsell,synthetic
INT-0004727,2026-02-09T08:38:41,RCPT-20260209-00449,P-0004,view,checkout_upsell,synthetic
INT-0004728,2026-02-10T13:38:38,RCPT-20260210-00450,P-0003,view,checkout_upsell,synthetic
INT-0004729,2026-02-10T13:38:38,RCPT-20260210-00450,P-0003,hover,checkout_upsell,synthetic
INT-0004730,2026-02-10T13:38:38,RCPT-20260210-00450,P-0064,view,checkout_upsell,synthetic
INT-0004731,2026-02-10T13:38:38,RCPT-20260210-00450,P-0064,hover,checkout_upsell,synthetic
INT-0004732,2026-02-10T13:38:38,RCPT-20260210-00450,P-0064,click,checkout_upsell,synthetic
INT-0004733,2026-02-10T13:38:38,RCPT-20260210-00450,P-0038,view,checkout_upsell,synthetic
INT-0004734,2026-02-10T13:38:38,RCPT-20260210-00450,P-0067,view,checkout_upsell,synthetic
INT-0004735,2026-02-10T13:38:38,RCPT-20260210-00450,P-0067,hover,checkout_upsell,synthetic
INT-0004736,2026-02-10T13:38:38,RCPT-20260210-00450,P-0075,view,checkout_upsell,synthetic
INT-0004737,2026-02-10T13:38:38,RCPT-20260210-00450,P-0075,hover,checkout_upsell,synthetic
INT-0004738,2026-02-10T13:38:38,RCPT-20260210-00450,P-0063,view,checkout_upsell,synthetic
INT-0004739,2026-02-10T13:38:38,RCPT-20260210-00450,P-0063,hover,checkout_upsell,synthetic
INT-0004740,2026-02-10T13:38:38,RCPT-20260210-00450,P-0063,click,checkout_upsell,synthetic
INT-0004741,2026-02-10T15:55:35,RCPT-20260210-00451,P-0059,view,checkout_upsell,synthetic
INT-0004742,2026-02-10T15:55:35,RCPT-20260210-00451,P-0059,hover,checkout_upsell,synthetic
INT-0004743,2026-02-10T15:55:35,RCPT-20260210-00451,P-0001,view,checkout_upsell,synthetic
INT-0004744,2026-02-10T15:55:35,RCPT-20260210-00451,P-0001,hover,checkout_upsell,synthetic
INT-0004745,2026-02-10T15:55:35,RCPT-20260210-00451,P-0066,view,checkout_upsell,synthetic
INT-0004746,2026-02-10T15:55:35,RCPT-20260210-00451,P-0066,click,checkout_upsell,synthetic
INT-0004747,2026-02-10T15:55:35,RCPT-20260210-00451,P-0045,view,checkout_upsell,synthetic
INT-0004748,2026-02-10T15:55:35,RCPT-20260210-00451,P-0017,view,checkout_upsell,synthetic
INT-0004749,2026-02-10T15:55:35,RCPT-20260210-00451,P-0017,hover,checkout_upsell,synthetic
INT-0004750,2026-02-10T15:55:35,RCPT-20260210-00451,P-0058,view,checkout_upsell,synthetic
INT-0004751,2026-02-10T15:55:35,RCPT-20260210-00451,P-0058,hover,checkout_upsell,synthetic
INT-0004752,2026-02-10T12:30:55,RCPT-20260210-00452,P-0012,view,checkout_upsell,synthetic
INT-0004753,2026-02-10T12:30:55,RCPT-20260210-00452,P-0056,view,checkout_upsell,synthetic
INT-0004754,2026-02-10T12:30:55,RCPT-20260210-00452,P-0056,hover,checkout_upsell,synthetic
INT-0004755,2026-02-10T12:30:55,RCPT-20260210-00452,P-0056,click,checkout_upsell,synthetic
INT-0004756,2026-02-10T12:30:55,RCPT-20260210-00452,P-0010,view,checkout_upsell,synthetic
INT-0004757,2026-02-10T12:30:55,RCPT-20260210-00452,P-0019,view,checkout_upsell,synthetic
INT-0004758,2026-02-10T12:30:55,RCPT-20260210-00452,P-0019,hover,checkout_upsell,synthetic
INT-0004759,2026-02-10T12:30:55,RCPT-20260210-00452,P-0019,click,checkout_upsell,synthetic
INT-0004760,2026-02-10T12:30:55,RCPT-20260210-00452,P-0023,view,checkout_upsell,synthetic
INT-0004761,2026-02-10T12:30:55,RCPT-20260210-00452,P-0070,view,checkout_upsell,synthetic
INT-0004762,2026-02-10T21:24:18,RCPT-20260210-00453,P-0036,view,checkout_upsell,synthetic
INT-0004763,2026-02-10T21:24:18,RCPT-20260210-00453,P-0050,view,checkout_upsell,synthetic
INT-0004764,2026-02-10T21:24:18,RCPT-20260210-00453,P-0050,hover,checkout_upsell,synthetic
INT-0004765,2026-02-10T21:24:18,RCPT-20260210-00453,P-0060,view,checkout_upsell,synthetic
INT-0004766,2026-02-10T21:24:18,RCPT-20260210-00453,P-0060,hover,checkout_upsell,synthetic
INT-0004767,2026-02-10T21:24:18,RCPT-20260210-00453,P-0060,click,checkout_upsell,synthetic
INT-0004768,2026-02-10T21:24:18,RCPT-20260210-00453,P-0023,view,checkout_upsell,synthetic
INT-0004769,2026-02-10T21:24:18,RCPT-20260210-00453,P-0023,hover,checkout_upsell,synthetic
INT-0004770,2026-02-10T21:24:18,RCPT-20260210-00453,P-0064,view,checkout_upsell,synthetic
INT-0004771,2026-02-10T21:24:18,RCPT-20260210-00453,P-0064,hover,checkout_upsell,synthetic
INT-0004772,2026-02-10T21:24:18,RCPT-20260210-00453,P-0016,view,checkout_upsell,synthetic
INT-0004773,2026-02-10T21:24:18,RCPT-20260210-00453,P-0016,hover,checkout_upsell,synthetic
INT-0004774,2026-02-10T12:19:40,RCPT-20260210-00454,P-0040,view,checkout_upsell,synthetic
INT-0004775,2026-02-10T12:19:40,RCPT-20260210-00454,P-0040,hover,checkout_upsell,synthetic
INT-0004776,2026-02-10T12:19:40,RCPT-20260210-00454,P-0020,view,checkout_upsell,synthetic
INT-0004777,2026-02-10T12:19:40,RCPT-20260210-00454,P-0067,view,checkout_upsell,synthetic
INT-0004778,2026-02-10T12:19:40,RCPT-20260210-00454,P-0073,view,checkout_upsell,synthetic
INT-0004779,2026-02-10T12:19:40,RCPT-20260210-00454,P-0075,view,checkout_upsell,synthetic
INT-0004780,2026-02-10T12:19:40,RCPT-20260210-00454,P-0004,view,checkout_upsell,synthetic
INT-0004781,2026-02-10T12:19:40,RCPT-20260210-00454,P-0004,hover,checkout_upsell,synthetic
INT-0004782,2026-02-10T12:19:40,RCPT-20260210-00454,P-0004,click,checkout_upsell,synthetic
INT-0004783,2026-02-10T18:30:44,RCPT-20260210-00455,P-0048,view,checkout_upsell,synthetic
INT-0004784,2026-02-10T18:30:44,RCPT-20260210-00455,P-0048,hover,checkout_upsell,synthetic
INT-0004785,2026-02-10T18:30:44,RCPT-20260210-00455,P-0061,view,checkout_upsell,synthetic
INT-0004786,2026-02-10T18:30:44,RCPT-20260210-00455,P-0069,view,checkout_upsell,synthetic
INT-0004787,2026-02-10T18:30:44,RCPT-20260210-00455,P-0069,hover,checkout_upsell,synthetic
INT-0004788,2026-02-10T18:30:44,RCPT-20260210-00455,P-0037,view,checkout_upsell,synthetic
INT-0004789,2026-02-10T18:30:44,RCPT-20260210-00455,P-0037,hover,checkout_upsell,synthetic
INT-0004790,2026-02-10T18:30:44,RCPT-20260210-00455,P-0055,view,checkout_upsell,synthetic
INT-0004791,2026-02-10T18:30:44,RCPT-20260210-00455,P-0055,hover,checkout_upsell,synthetic
INT-0004792,2026-02-10T18:30:44,RCPT-20260210-00455,P-0055,click,checkout_upsell,synthetic
INT-0004793,2026-02-10T18:30:44,RCPT-20260210-00455,P-0072,view,checkout_upsell,synthetic
INT-0004794,2026-02-10T18:30:44,RCPT-20260210-00455,P-0072,hover,checkout_upsell,synthetic
INT-0004795,2026-02-10T13:26:40,RCPT-20260210-00456,P-0061,view,checkout_upsell,synthetic
INT-0004796,2026-02-10T13:26:40,RCPT-20260210-00456,P-0061,hover,checkout_upsell,synthetic
INT-0004797,2026-02-10T13:26:40,RCPT-20260210-00456,P-0065,view,checkout_upsell,synthetic
INT-0004798,2026-02-10T13:26:40,RCPT-20260210-00456,P-0065,hover,checkout_upsell,synthetic
INT-0004799,2026-02-10T13:26:40,RCPT-20260210-00456,P-0051,view,checkout_upsell,synthetic
INT-0004800,2026-02-10T13:26:40,RCPT-20260210-00456,P-0008,view,checkout_upsell,synthetic
INT-0004801,2026-02-10T13:26:40,RCPT-20260210-00456,P-0008,hover,checkout_upsell,synthetic
INT-0004802,2026-02-10T13:26:40,RCPT-20260210-00456,P-0008,click,checkout_upsell,synthetic
INT-0004803,2026-02-10T13:26:40,RCPT-20260210-00456,P-0060,view,checkout_upsell,synthetic
INT-0004804,2026-02-10T13:26:40,RCPT-20260210-00456,P-0018,view,checkout_upsell,synthetic
INT-0004805,2026-02-10T16:20:55,RCPT-20260210-00457,P-0028,view,checkout_upsell,synthetic
INT-0004806,2026-02-10T16:20:55,RCPT-20260210-00457,P-0028,hover,checkout_upsell,synthetic
INT-0004807,2026-02-10T16:20:55,RCPT-20260210-00457,P-0070,view,checkout_upsell,synthetic
INT-0004808,2026-02-10T16:20:55,RCPT-20260210-00457,P-0070,hover,checkout_upsell,synthetic
INT-0004809,2026-02-10T16:20:55,RCPT-20260210-00457,P-0070,click,checkout_upsell,synthetic
INT-0004810,2026-02-10T16:20:55,RCPT-20260210-00457,P-0007,view,checkout_upsell,synthetic
INT-0004811,2026-02-10T16:20:55,RCPT-20260210-00457,P-0004,view,checkout_upsell,synthetic
INT-0004812,2026-02-10T16:20:55,RCPT-20260210-00457,P-0049,view,checkout_upsell,synthetic
INT-0004813,2026-02-10T16:20:55,RCPT-20260210-00457,P-0049,hover,checkout_upsell,synthetic
INT-0004814,2026-02-10T16:20:55,RCPT-20260210-00457,P-0063,view,checkout_upsell,synthetic
INT-0004815,2026-02-10T16:20:55,RCPT-20260210-00457,P-0063,hover,checkout_upsell,synthetic
INT-0004816,2026-02-10T08:08:33,RCPT-20260210-00458,P-0048,view,checkout_upsell,synthetic
INT-0004817,2026-02-10T08:08:33,RCPT-20260210-00458,P-0048,hover,checkout_upsell,synthetic
INT-0004818,2026-02-10T08:08:33,RCPT-20260210-00458,P-0051,view,checkout_upsell,synthetic
INT-0004819,2026-02-10T08:08:33,RCPT-20260210-00458,P-0051,click,checkout_upsell,synthetic
INT-0004820,2026-02-10T08:08:33,RCPT-20260210-00458,P-0015,view,checkout_upsell,synthetic
INT-0004821,2026-02-10T08:08:33,RCPT-20260210-00458,P-0015,hover,checkout_upsell,synthetic
INT-0004822,2026-02-10T08:08:33,RCPT-20260210-00458,P-0013,view,checkout_upsell,synthetic
INT-0004823,2026-02-10T08:08:33,RCPT-20260210-00458,P-0013,hover,checkout_upsell,synthetic
INT-0004824,2026-02-10T08:08:33,RCPT-20260210-00458,P-0073,view,checkout_upsell,synthetic
INT-0004825,2026-02-10T08:08:33,RCPT-20260210-00458,P-0073,hover,checkout_upsell,synthetic
INT-0004826,2026-02-10T08:08:33,RCPT-20260210-00458,P-0072,view,checkout_upsell,synthetic
INT-0004827,2026-02-10T14:29:58,RCPT-20260210-00459,P-0060,view,checkout_upsell,synthetic
INT-0004828,2026-02-10T14:29:58,RCPT-20260210-00459,P-0060,hover,checkout_upsell,synthetic
INT-0004829,2026-02-10T14:29:58,RCPT-20260210-00459,P-0037,view,checkout_upsell,synthetic
INT-0004830,2026-02-10T14:29:58,RCPT-20260210-00459,P-0037,hover,checkout_upsell,synthetic
INT-0004831,2026-02-10T14:29:58,RCPT-20260210-00459,P-0071,view,checkout_upsell,synthetic
INT-0004832,2026-02-10T14:29:58,RCPT-20260210-00459,P-0067,view,checkout_upsell,synthetic
INT-0004833,2026-02-10T14:29:58,RCPT-20260210-00459,P-0067,hover,checkout_upsell,synthetic
INT-0004834,2026-02-10T14:29:58,RCPT-20260210-00459,P-0007,view,checkout_upsell,synthetic
INT-0004835,2026-02-10T14:29:58,RCPT-20260210-00459,P-0007,hover,checkout_upsell,synthetic
INT-0004836,2026-02-10T14:29:58,RCPT-20260210-00459,P-0063,view,checkout_upsell,synthetic
INT-0004837,2026-02-10T14:29:58,RCPT-20260210-00459,P-0063,hover,checkout_upsell,synthetic
INT-0004838,2026-02-10T14:29:58,RCPT-20260210-00459,P-0063,click,checkout_upsell,synthetic
INT-0004839,2026-02-10T08:47:52,RCPT-20260210-00460,P-0048,view,checkout_upsell,synthetic
INT-0004840,2026-02-10T08:47:52,RCPT-20260210-00460,P-0034,view,checkout_upsell,synthetic
INT-0004841,2026-02-10T08:47:52,RCPT-20260210-00460,P-0034,hover,checkout_upsell,synthetic
INT-0004842,2026-02-10T08:47:52,RCPT-20260210-00460,P-0002,view,checkout_upsell,synthetic
INT-0004843,2026-02-10T08:47:52,RCPT-20260210-00460,P-0066,view,checkout_upsell,synthetic
INT-0004844,2026-02-10T08:47:52,RCPT-20260210-00460,P-0052,view,checkout_upsell,synthetic
INT-0004845,2026-02-10T08:47:52,RCPT-20260210-00460,P-0052,hover,checkout_upsell,synthetic
INT-0004846,2026-02-10T08:47:52,RCPT-20260210-00460,P-0039,view,checkout_upsell,synthetic
INT-0004847,2026-02-10T08:47:52,RCPT-20260210-00460,P-0039,hover,checkout_upsell,synthetic
INT-0004848,2026-02-10T08:47:52,RCPT-20260210-00460,P-0039,click,checkout_upsell,synthetic
INT-0004849,2026-02-10T20:27:02,RCPT-20260210-00461,P-0065,view,checkout_upsell,synthetic
INT-0004850,2026-02-10T20:27:02,RCPT-20260210-00461,P-0065,hover,checkout_upsell,synthetic
INT-0004851,2026-02-10T20:27:02,RCPT-20260210-00461,P-0006,view,checkout_upsell,synthetic
INT-0004852,2026-02-10T20:27:02,RCPT-20260210-00461,P-0038,view,checkout_upsell,synthetic
INT-0004853,2026-02-10T20:27:02,RCPT-20260210-00461,P-0005,view,checkout_upsell,synthetic
INT-0004854,2026-02-10T20:27:02,RCPT-20260210-00461,P-0026,view,checkout_upsell,synthetic
INT-0004855,2026-02-10T20:27:02,RCPT-20260210-00461,P-0026,hover,checkout_upsell,synthetic
INT-0004856,2026-02-10T20:27:02,RCPT-20260210-00461,P-0064,view,checkout_upsell,synthetic
INT-0004857,2026-02-10T20:27:02,RCPT-20260210-00461,P-0064,click,checkout_upsell,synthetic
INT-0004858,2026-02-10T17:57:12,RCPT-20260210-00462,P-0003,view,checkout_upsell,synthetic
INT-0004859,2026-02-10T17:57:12,RCPT-20260210-00462,P-0003,hover,checkout_upsell,synthetic
INT-0004860,2026-02-10T17:57:12,RCPT-20260210-00462,P-0021,view,checkout_upsell,synthetic
INT-0004861,2026-02-10T17:57:12,RCPT-20260210-00462,P-0021,hover,checkout_upsell,synthetic
INT-0004862,2026-02-10T17:57:12,RCPT-20260210-00462,P-0070,view,checkout_upsell,synthetic
INT-0004863,2026-02-10T17:57:12,RCPT-20260210-00462,P-0070,hover,checkout_upsell,synthetic
INT-0004864,2026-02-10T17:57:12,RCPT-20260210-00462,P-0007,view,checkout_upsell,synthetic
INT-0004865,2026-02-10T17:57:12,RCPT-20260210-00462,P-0007,hover,checkout_upsell,synthetic
INT-0004866,2026-02-10T17:57:12,RCPT-20260210-00462,P-0032,view,checkout_upsell,synthetic
INT-0004867,2026-02-10T17:57:12,RCPT-20260210-00462,P-0032,hover,checkout_upsell,synthetic
INT-0004868,2026-02-10T17:57:12,RCPT-20260210-00462,P-0032,click,checkout_upsell,synthetic
INT-0004869,2026-02-10T17:57:12,RCPT-20260210-00462,P-0044,view,checkout_upsell,synthetic
INT-0004870,2026-02-10T16:49:46,RCPT-20260210-00463,P-0036,view,checkout_upsell,synthetic
INT-0004871,2026-02-10T16:49:46,RCPT-20260210-00463,P-0036,hover,checkout_upsell,synthetic
INT-0004872,2026-02-10T16:49:46,RCPT-20260210-00463,P-0011,view,checkout_upsell,synthetic
INT-0004873,2026-02-10T16:49:46,RCPT-20260210-00463,P-0011,hover,checkout_upsell,synthetic
INT-0004874,2026-02-10T16:49:46,RCPT-20260210-00463,P-0076,view,checkout_upsell,synthetic
INT-0004875,2026-02-10T16:49:46,RCPT-20260210-00463,P-0076,hover,checkout_upsell,synthetic
INT-0004876,2026-02-10T16:49:46,RCPT-20260210-00463,P-0010,view,checkout_upsell,synthetic
INT-0004877,2026-02-10T16:49:46,RCPT-20260210-00463,P-0010,hover,checkout_upsell,synthetic
INT-0004878,2026-02-10T16:49:46,RCPT-20260210-00463,P-0013,view,checkout_upsell,synthetic
INT-0004879,2026-02-10T16:49:46,RCPT-20260210-00463,P-0013,hover,checkout_upsell,synthetic
INT-0004880,2026-02-10T16:49:46,RCPT-20260210-00463,P-0049,view,checkout_upsell,synthetic
INT-0004881,2026-02-10T20:34:00,RCPT-20260210-00464,P-0034,view,checkout_upsell,synthetic
INT-0004882,2026-02-10T20:34:00,RCPT-20260210-00464,P-0034,hover,checkout_upsell,synthetic
INT-0004883,2026-02-10T20:34:00,RCPT-20260210-00464,P-0060,view,checkout_upsell,synthetic
INT-0004884,2026-02-10T20:34:00,RCPT-20260210-00464,P-0028,view,checkout_upsell,synthetic
INT-0004885,2026-02-10T20:34:00,RCPT-20260210-00464,P-0028,hover,checkout_upsell,synthetic
INT-0004886,2026-02-10T20:34:00,RCPT-20260210-00464,P-0073,view,checkout_upsell,synthetic
INT-0004887,2026-02-10T20:34:00,RCPT-20260210-00464,P-0075,view,checkout_upsell,synthetic
INT-0004888,2026-02-10T20:34:00,RCPT-20260210-00464,P-0016,view,checkout_upsell,synthetic
INT-0004889,2026-02-10T20:34:00,RCPT-20260210-00464,P-0016,hover,checkout_upsell,synthetic
INT-0004890,2026-02-10T20:34:00,RCPT-20260210-00464,P-0016,click,checkout_upsell,synthetic
INT-0004891,2026-02-10T14:27:13,RCPT-20260210-00465,P-0061,view,checkout_upsell,synthetic
INT-0004892,2026-02-10T14:27:13,RCPT-20260210-00465,P-0061,hover,checkout_upsell,synthetic
INT-0004893,2026-02-10T14:27:13,RCPT-20260210-00465,P-0040,view,checkout_upsell,synthetic
INT-0004894,2026-02-10T14:27:13,RCPT-20260210-00465,P-0040,hover,checkout_upsell,synthetic
INT-0004895,2026-02-10T14:27:13,RCPT-20260210-00465,P-0046,view,checkout_upsell,synthetic
INT-0004896,2026-02-10T14:27:13,RCPT-20260210-00465,P-0046,hover,checkout_upsell,synthetic
INT-0004897,2026-02-10T14:27:13,RCPT-20260210-00465,P-0057,view,checkout_upsell,synthetic
INT-0004898,2026-02-10T14:27:13,RCPT-20260210-00465,P-0007,view,checkout_upsell,synthetic
INT-0004899,2026-02-10T14:27:13,RCPT-20260210-00465,P-0007,hover,checkout_upsell,synthetic
INT-0004900,2026-02-10T14:27:13,RCPT-20260210-00465,P-0033,view,checkout_upsell,synthetic
INT-0004901,2026-02-10T14:27:13,RCPT-20260210-00465,P-0033,hover,checkout_upsell,synthetic
INT-0004902,2026-02-10T09:20:31,RCPT-20260210-00466,P-0034,view,checkout_upsell,synthetic
INT-0004903,2026-02-10T09:20:31,RCPT-20260210-00466,P-0034,hover,checkout_upsell,synthetic
INT-0004904,2026-02-10T09:20:31,RCPT-20260210-00466,P-0065,view,checkout_upsell,synthetic
INT-0004905,2026-02-10T09:20:31,RCPT-20260210-00466,P-0003,view,checkout_upsell,synthetic
INT-0004906,2026-02-10T09:20:31,RCPT-20260210-00466,P-0038,view,checkout_upsell,synthetic
INT-0004907,2026-02-10T09:20:31,RCPT-20260210-00466,P-0038,hover,checkout_upsell,synthetic
INT-0004908,2026-02-10T09:20:31,RCPT-20260210-00466,P-0071,view,checkout_upsell,synthetic
INT-0004909,2026-02-10T09:20:31,RCPT-20260210-00466,P-0071,hover,checkout_upsell,synthetic
INT-0004910,2026-02-10T09:20:31,RCPT-20260210-00466,P-0009,view,checkout_upsell,synthetic
INT-0004911,2026-02-11T18:23:11,RCPT-20260211-00467,P-0048,view,checkout_upsell,synthetic
INT-0004912,2026-02-11T18:23:11,RCPT-20260211-00467,P-0048,hover,checkout_upsell,synthetic
INT-0004913,2026-02-11T18:23:11,RCPT-20260211-00467,P-0069,view,checkout_upsell,synthetic
INT-0004914,2026-02-11T18:23:11,RCPT-20260211-00467,P-0068,view,checkout_upsell,synthetic
INT-0004915,2026-02-11T18:23:11,RCPT-20260211-00467,P-0071,view,checkout_upsell,synthetic
INT-0004916,2026-02-11T18:23:11,RCPT-20260211-00467,P-0073,view,checkout_upsell,synthetic
INT-0004917,2026-02-11T18:23:11,RCPT-20260211-00467,P-0073,hover,checkout_upsell,synthetic
INT-0004918,2026-02-11T18:23:11,RCPT-20260211-00467,P-0064,view,checkout_upsell,synthetic
INT-0004919,2026-02-11T18:23:11,RCPT-20260211-00467,P-0064,hover,checkout_upsell,synthetic
INT-0004920,2026-02-11T09:23:12,RCPT-20260211-00468,P-0061,view,checkout_upsell,synthetic
INT-0004921,2026-02-11T09:23:12,RCPT-20260211-00468,P-0061,hover,checkout_upsell,synthetic
INT-0004922,2026-02-11T09:23:12,RCPT-20260211-00468,P-0034,view,checkout_upsell,synthetic
INT-0004923,2026-02-11T09:23:12,RCPT-20260211-00468,P-0054,view,checkout_upsell,synthetic
INT-0004924,2026-02-11T09:23:12,RCPT-20260211-00468,P-0054,hover,checkout_upsell,synthetic
INT-0004925,2026-02-11T09:23:12,RCPT-20260211-00468,P-0026,view,checkout_upsell,synthetic
INT-0004926,2026-02-11T09:23:12,RCPT-20260211-00468,P-0026,hover,checkout_upsell,synthetic
INT-0004927,2026-02-11T09:23:12,RCPT-20260211-00468,P-0007,view,checkout_upsell,synthetic
INT-0004928,2026-02-11T09:23:12,RCPT-20260211-00468,P-0007,hover,checkout_upsell,synthetic
INT-0004929,2026-02-11T09:23:12,RCPT-20260211-00468,P-0072,view,checkout_upsell,synthetic
INT-0004930,2026-02-11T14:22:30,RCPT-20260211-00469,P-0015,view,checkout_upsell,synthetic
INT-0004931,2026-02-11T14:22:30,RCPT-20260211-00469,P-0074,view,checkout_upsell,synthetic
INT-0004932,2026-02-11T14:22:30,RCPT-20260211-00469,P-0074,hover,checkout_upsell,synthetic
INT-0004933,2026-02-11T14:22:30,RCPT-20260211-00469,P-0060,view,checkout_upsell,synthetic
INT-0004934,2026-02-11T14:22:30,RCPT-20260211-00469,P-0060,hover,checkout_upsell,synthetic
INT-0004935,2026-02-11T14:22:30,RCPT-20260211-00469,P-0027,view,checkout_upsell,synthetic
INT-0004936,2026-02-11T14:22:30,RCPT-20260211-00469,P-0027,hover,checkout_upsell,synthetic
INT-0004937,2026-02-11T14:22:30,RCPT-20260211-00469,P-0019,view,checkout_upsell,synthetic
INT-0004938,2026-02-11T14:22:30,RCPT-20260211-00469,P-0019,hover,checkout_upsell,synthetic
INT-0004939,2026-02-11T14:22:30,RCPT-20260211-00469,P-0072,view,checkout_upsell,synthetic
INT-0004940,2026-02-11T14:22:30,RCPT-20260211-00469,P-0072,click,checkout_upsell,synthetic
INT-0004941,2026-02-11T19:03:53,RCPT-20260211-00470,P-0025,view,checkout_upsell,synthetic
INT-0004942,2026-02-11T19:03:53,RCPT-20260211-00470,P-0003,view,checkout_upsell,synthetic
INT-0004943,2026-02-11T19:03:53,RCPT-20260211-00470,P-0003,hover,checkout_upsell,synthetic
INT-0004944,2026-02-11T19:03:53,RCPT-20260211-00470,P-0021,view,checkout_upsell,synthetic
INT-0004945,2026-02-11T19:03:53,RCPT-20260211-00470,P-0071,view,checkout_upsell,synthetic
INT-0004946,2026-02-11T19:03:53,RCPT-20260211-00470,P-0071,hover,checkout_upsell,synthetic
INT-0004947,2026-02-11T19:03:53,RCPT-20260211-00470,P-0071,click,checkout_upsell,synthetic
INT-0004948,2026-02-11T19:03:53,RCPT-20260211-00470,P-0038,view,checkout_upsell,synthetic
INT-0004949,2026-02-11T19:03:53,RCPT-20260211-00470,P-0038,hover,checkout_upsell,synthetic
INT-0004950,2026-02-11T19:03:53,RCPT-20260211-00470,P-0066,view,checkout_upsell,synthetic
INT-0004951,2026-02-11T20:04:42,RCPT-20260211-00471,P-0060,view,checkout_upsell,synthetic
INT-0004952,2026-02-11T20:04:42,RCPT-20260211-00471,P-0010,view,checkout_upsell,synthetic
INT-0004953,2026-02-11T20:04:42,RCPT-20260211-00471,P-0010,hover,checkout_upsell,synthetic
INT-0004954,2026-02-11T20:04:42,RCPT-20260211-00471,P-0046,view,checkout_upsell,synthetic
INT-0004955,2026-02-11T20:04:42,RCPT-20260211-00471,P-0046,hover,checkout_upsell,synthetic
INT-0004956,2026-02-11T20:04:42,RCPT-20260211-00471,P-0019,view,checkout_upsell,synthetic
INT-0004957,2026-02-11T20:04:42,RCPT-20260211-00471,P-0064,view,checkout_upsell,synthetic
INT-0004958,2026-02-11T20:04:42,RCPT-20260211-00471,P-0064,hover,checkout_upsell,synthetic
INT-0004959,2026-02-11T20:04:42,RCPT-20260211-00471,P-0033,view,checkout_upsell,synthetic
INT-0004960,2026-02-11T20:04:42,RCPT-20260211-00471,P-0033,click,checkout_upsell,synthetic
INT-0004961,2026-02-11T14:28:20,RCPT-20260211-00472,P-0074,view,checkout_upsell,synthetic
INT-0004962,2026-02-11T14:28:20,RCPT-20260211-00472,P-0074,hover,checkout_upsell,synthetic
INT-0004963,2026-02-11T14:28:20,RCPT-20260211-00472,P-0074,click,checkout_upsell,synthetic
INT-0004964,2026-02-11T14:28:20,RCPT-20260211-00472,P-0004,view,checkout_upsell,synthetic
INT-0004965,2026-02-11T14:28:20,RCPT-20260211-00472,P-0004,hover,checkout_upsell,synthetic
INT-0004966,2026-02-11T14:28:20,RCPT-20260211-00472,P-0067,view,checkout_upsell,synthetic
INT-0004967,2026-02-11T14:28:20,RCPT-20260211-00472,P-0067,hover,checkout_upsell,synthetic
INT-0004968,2026-02-11T14:28:20,RCPT-20260211-00472,P-0042,view,checkout_upsell,synthetic
INT-0004969,2026-02-11T14:28:20,RCPT-20260211-00472,P-0058,view,checkout_upsell,synthetic
INT-0004970,2026-02-11T14:28:20,RCPT-20260211-00472,P-0058,hover,checkout_upsell,synthetic
INT-0004971,2026-02-11T14:28:20,RCPT-20260211-00472,P-0062,view,checkout_upsell,synthetic
INT-0004972,2026-02-11T14:28:20,RCPT-20260211-00472,P-0062,hover,checkout_upsell,synthetic
INT-0004973,2026-02-11T19:24:31,RCPT-20260211-00473,P-0034,view,checkout_upsell,synthetic
INT-0004974,2026-02-11T19:24:31,RCPT-20260211-00473,P-0008,view,checkout_upsell,synthetic
INT-0004975,2026-02-11T19:24:31,RCPT-20260211-00473,P-0060,view,checkout_upsell,synthetic
INT-0004976,2026-02-11T19:24:31,RCPT-20260211-00473,P-0060,hover,checkout_upsell,synthetic
INT-0004977,2026-02-11T19:24:31,RCPT-20260211-00473,P-0045,view,checkout_upsell,synthetic
INT-0004978,2026-02-11T19:24:31,RCPT-20260211-00473,P-0045,hover,checkout_upsell,synthetic
INT-0004979,2026-02-11T19:24:31,RCPT-20260211-00473,P-0032,view,checkout_upsell,synthetic
INT-0004980,2026-02-11T19:24:31,RCPT-20260211-00473,P-0033,view,checkout_upsell,synthetic
INT-0004981,2026-02-11T19:24:31,RCPT-20260211-00473,P-0033,hover,checkout_upsell,synthetic
INT-0004982,2026-02-11T20:18:20,RCPT-20260211-00474,P-0034,view,checkout_upsell,synthetic
INT-0004983,2026-02-11T20:18:20,RCPT-20260211-00474,P-0034,hover,checkout_upsell,synthetic
INT-0004984,2026-02-11T20:18:20,RCPT-20260211-00474,P-0051,view,checkout_upsell,synthetic
INT-0004985,2026-02-11T20:18:20,RCPT-20260211-00474,P-0037,view,checkout_upsell,synthetic
INT-0004986,2026-02-11T20:18:20,RCPT-20260211-00474,P-0042,view,checkout_upsell,synthetic
INT-0004987,2026-02-11T20:18:20,RCPT-20260211-00474,P-0042,hover,checkout_upsell,synthetic
INT-0004988,2026-02-11T20:18:20,RCPT-20260211-00474,P-0049,view,checkout_upsell,synthetic
INT-0004989,2026-02-11T20:18:20,RCPT-20260211-00474,P-0049,hover,checkout_upsell,synthetic
INT-0004990,2026-02-11T20:18:20,RCPT-20260211-00474,P-0009,view,checkout_upsell,synthetic
INT-0004991,2026-02-11T20:18:20,RCPT-20260211-00474,P-0009,hover,checkout_upsell,synthetic
INT-0004992,2026-02-11T14:22:03,RCPT-20260211-00475,P-0012,view,checkout_upsell,synthetic
INT-0004993,2026-02-11T14:22:03,RCPT-20260211-00475,P-0012,hover,checkout_upsell,synthetic
INT-0004994,2026-02-11T14:22:03,RCPT-20260211-00475,P-0008,view,checkout_upsell,synthetic
INT-0004995,2026-02-11T14:22:03,RCPT-20260211-00475,P-0060,view,checkout_upsell,synthetic
INT-0004996,2026-02-11T14:22:03,RCPT-20260211-00475,P-0060,hover,checkout_upsell,synthetic
INT-0004997,2026-02-11T14:22:03,RCPT-20260211-00475,P-0020,view,checkout_upsell,synthetic
INT-0004998,2026-02-11T14:22:03,RCPT-20260211-00475,P-0020,hover,checkout_upsell,synthetic
INT-0004999,2026-02-11T14:22:03,RCPT-20260211-00475,P-0022,view,checkout_upsell,synthetic
INT-0005000,2026-02-11T14:22:03,RCPT-20260211-00475,P-0022,hover,checkout_upsell,synthetic
INT-0005001,2026-02-11T14:22:03,RCPT-20260211-00475,P-0024,view,checkout_upsell,synthetic
INT-0005002,2026-02-11T14:22:03,RCPT-20260211-00475,P-0024,hover,checkout_upsell,synthetic
INT-0005003,2026-02-11T16:20:02,RCPT-20260211-00476,P-0061,view,checkout_upsell,synthetic
INT-0005004,2026-02-11T16:20:02,RCPT-20260211-00476,P-0061,hover,checkout_upsell,synthetic
INT-0005005,2026-02-11T16:20:02,RCPT-20260211-00476,P-0008,view,checkout_upsell,synthetic
INT-0005006,2026-02-11T16:20:02,RCPT-20260211-00476,P-0008,hover,checkout_upsell,synthetic
INT-0005007,2026-02-11T16:20:02,RCPT-20260211-00476,P-0008,click,checkout_upsell,synthetic
INT-0005008,2026-02-11T16:20:02,RCPT-20260211-00476,P-0073,view,checkout_upsell,synthetic
INT-0005009,2026-02-11T16:20:02,RCPT-20260211-00476,P-0073,hover,checkout_upsell,synthetic
INT-0005010,2026-02-11T16:20:02,RCPT-20260211-00476,P-0064,view,checkout_upsell,synthetic
INT-0005011,2026-02-11T16:20:02,RCPT-20260211-00476,P-0064,hover,checkout_upsell,synthetic
INT-0005012,2026-02-11T16:20:02,RCPT-20260211-00476,P-0047,view,checkout_upsell,synthetic
INT-0005013,2026-02-11T16:20:02,RCPT-20260211-00476,P-0047,hover,checkout_upsell,synthetic
INT-0005014,2026-02-11T16:20:02,RCPT-20260211-00476,P-0009,view,checkout_upsell,synthetic
INT-0005015,2026-02-11T16:20:02,RCPT-20260211-00476,P-0009,hover,checkout_upsell,synthetic
INT-0005016,2026-02-11T19:43:13,RCPT-20260211-00477,P-0051,view,checkout_upsell,synthetic
INT-0005017,2026-02-11T19:43:13,RCPT-20260211-00477,P-0057,view,checkout_upsell,synthetic
INT-0005018,2026-02-11T19:43:13,RCPT-20260211-00477,P-0057,hover,checkout_upsell,synthetic
INT-0005019,2026-02-11T19:43:13,RCPT-20260211-00477,P-0062,view,checkout_upsell,synthetic
INT-0005020,2026-02-11T19:43:13,RCPT-20260211-00477,P-0062,hover,checkout_upsell,synthetic
INT-0005021,2026-02-11T19:43:13,RCPT-20260211-00477,P-0062,click,checkout_upsell,synthetic
INT-0005022,2026-02-11T19:43:13,RCPT-20260211-00477,P-0072,view,checkout_upsell,synthetic
INT-0005023,2026-02-11T19:43:13,RCPT-20260211-00477,P-0072,hover,checkout_upsell,synthetic
INT-0005024,2026-02-11T19:43:13,RCPT-20260211-00477,P-0024,view,checkout_upsell,synthetic
INT-0005025,2026-02-11T19:43:13,RCPT-20260211-00477,P-0009,view,checkout_upsell,synthetic
INT-0005026,2026-02-11T17:25:51,RCPT-20260211-00478,P-0074,view,checkout_upsell,synthetic
INT-0005027,2026-02-11T17:25:51,RCPT-20260211-00478,P-0037,view,checkout_upsell,synthetic
INT-0005028,2026-02-11T17:25:51,RCPT-20260211-00478,P-0003,view,checkout_upsell,synthetic
INT-0005029,2026-02-11T17:25:51,RCPT-20260211-00478,P-0005,view,checkout_upsell,synthetic
INT-0005030,2026-02-11T17:25:51,RCPT-20260211-00478,P-0066,view,checkout_upsell,synthetic
INT-0005031,2026-02-11T17:25:51,RCPT-20260211-00478,P-0066,hover,checkout_upsell,synthetic
INT-0005032,2026-02-11T17:25:51,RCPT-20260211-00478,P-0062,view,checkout_upsell,synthetic
INT-0005033,2026-02-12T13:12:26,RCPT-20260212-00479,P-0068,view,checkout_upsell,synthetic
INT-0005034,2026-02-12T13:12:26,RCPT-20260212-00479,P-0037,view,checkout_upsell,synthetic
INT-0005035,2026-02-12T13:12:26,RCPT-20260212-00479,P-0037,hover,checkout_upsell,synthetic
INT-0005036,2026-02-12T13:12:26,RCPT-20260212-00479,P-0056,view,checkout_upsell,synthetic
INT-0005037,2026-02-12T13:12:26,RCPT-20260212-00479,P-0057,view,checkout_upsell,synthetic
INT-0005038,2026-02-12T13:12:26,RCPT-20260212-00479,P-0041,view,checkout_upsell,synthetic
INT-0005039,2026-02-12T13:12:26,RCPT-20260212-00479,P-0049,view,checkout_upsell,synthetic
INT-0005040,2026-02-12T13:12:26,RCPT-20260212-00479,P-0049,hover,checkout_upsell,synthetic
INT-0005041,2026-02-12T11:42:52,RCPT-20260212-00480,P-0048,view,checkout_upsell,synthetic
INT-0005042,2026-02-12T11:42:52,RCPT-20260212-00480,P-0048,hover,checkout_upsell,synthetic
INT-0005043,2026-02-12T11:42:52,RCPT-20260212-00480,P-0050,view,checkout_upsell,synthetic
INT-0005044,2026-02-12T11:42:52,RCPT-20260212-00480,P-0050,hover,checkout_upsell,synthetic
INT-0005045,2026-02-12T11:42:52,RCPT-20260212-00480,P-0003,view,checkout_upsell,synthetic
INT-0005046,2026-02-12T11:42:52,RCPT-20260212-00480,P-0003,hover,checkout_upsell,synthetic
INT-0005047,2026-02-12T11:42:52,RCPT-20260212-00480,P-0023,view,checkout_upsell,synthetic
INT-0005048,2026-02-12T11:42:52,RCPT-20260212-00480,P-0023,hover,checkout_upsell,synthetic
INT-0005049,2026-02-12T11:42:52,RCPT-20260212-00480,P-0072,view,checkout_upsell,synthetic
INT-0005050,2026-02-12T11:42:52,RCPT-20260212-00480,P-0072,click,checkout_upsell,synthetic
INT-0005051,2026-02-12T11:42:52,RCPT-20260212-00480,P-0053,view,checkout_upsell,synthetic
INT-0005052,2026-02-12T11:42:52,RCPT-20260212-00480,P-0053,hover,checkout_upsell,synthetic
INT-0005053,2026-02-12T14:20:55,RCPT-20260212-00481,P-0051,view,checkout_upsell,synthetic
INT-0005054,2026-02-12T14:20:55,RCPT-20260212-00481,P-0051,hover,checkout_upsell,synthetic
INT-0005055,2026-02-12T14:20:55,RCPT-20260212-00481,P-0036,view,checkout_upsell,synthetic
INT-0005056,2026-02-12T14:20:55,RCPT-20260212-00481,P-0036,hover,checkout_upsell,synthetic
INT-0005057,2026-02-12T14:20:55,RCPT-20260212-00481,P-0008,view,checkout_upsell,synthetic
INT-0005058,2026-02-12T14:20:55,RCPT-20260212-00481,P-0027,view,checkout_upsell,synthetic
INT-0005059,2026-02-12T14:20:55,RCPT-20260212-00481,P-0027,hover,checkout_upsell,synthetic
INT-0005060,2026-02-12T14:20:55,RCPT-20260212-00481,P-0057,view,checkout_upsell,synthetic
INT-0005061,2026-02-12T14:20:55,RCPT-20260212-00481,P-0057,hover,checkout_upsell,synthetic
INT-0005062,2026-02-12T14:20:55,RCPT-20260212-00481,P-0044,view,checkout_upsell,synthetic
INT-0005063,2026-02-12T14:20:55,RCPT-20260212-00481,P-0044,click,checkout_upsell,synthetic
INT-0005064,2026-02-12T08:15:51,RCPT-20260212-00482,P-0010,view,checkout_upsell,synthetic
INT-0005065,2026-02-12T08:15:51,RCPT-20260212-00482,P-0010,hover,checkout_upsell,synthetic
INT-0005066,2026-02-12T08:15:51,RCPT-20260212-00482,P-0020,view,checkout_upsell,synthetic
INT-0005067,2026-02-12T08:15:51,RCPT-20260212-00482,P-0041,view,checkout_upsell,synthetic
INT-0005068,2026-02-12T08:15:51,RCPT-20260212-00482,P-0041,hover,checkout_upsell,synthetic
INT-0005069,2026-02-12T08:15:51,RCPT-20260212-00482,P-0042,view,checkout_upsell,synthetic
INT-0005070,2026-02-12T08:15:51,RCPT-20260212-00482,P-0042,hover,checkout_upsell,synthetic
INT-0005071,2026-02-12T08:15:51,RCPT-20260212-00482,P-0018,view,checkout_upsell,synthetic
INT-0005072,2026-02-12T08:15:51,RCPT-20260212-00482,P-0018,hover,checkout_upsell,synthetic
INT-0005073,2026-02-12T08:15:51,RCPT-20260212-00482,P-0052,view,checkout_upsell,synthetic
INT-0005074,2026-02-12T18:35:11,RCPT-20260212-00483,P-0035,view,checkout_upsell,synthetic
INT-0005075,2026-02-12T18:35:11,RCPT-20260212-00483,P-0035,hover,checkout_upsell,synthetic
INT-0005076,2026-02-12T18:35:11,RCPT-20260212-00483,P-0021,view,checkout_upsell,synthetic
INT-0005077,2026-02-12T18:35:11,RCPT-20260212-00483,P-0013,view,checkout_upsell,synthetic
INT-0005078,2026-02-12T18:35:11,RCPT-20260212-00483,P-0013,click,checkout_upsell,synthetic
INT-0005079,2026-02-12T18:35:11,RCPT-20260212-00483,P-0002,view,checkout_upsell,synthetic
INT-0005080,2026-02-12T18:35:11,RCPT-20260212-00483,P-0002,hover,checkout_upsell,synthetic
INT-0005081,2026-02-12T18:35:11,RCPT-20260212-00483,P-0058,view,checkout_upsell,synthetic
INT-0005082,2026-02-12T18:35:11,RCPT-20260212-00483,P-0052,view,checkout_upsell,synthetic
INT-0005083,2026-02-12T18:35:11,RCPT-20260212-00483,P-0052,hover,checkout_upsell,synthetic
INT-0005084,2026-02-12T22:23:42,RCPT-20260212-00484,P-0008,view,checkout_upsell,synthetic
INT-0005085,2026-02-12T22:23:42,RCPT-20260212-00484,P-0008,hover,checkout_upsell,synthetic
INT-0005086,2026-02-12T22:23:42,RCPT-20260212-00484,P-0060,view,checkout_upsell,synthetic
INT-0005087,2026-02-12T22:23:42,RCPT-20260212-00484,P-0068,view,checkout_upsell,synthetic
INT-0005088,2026-02-12T22:23:42,RCPT-20260212-00484,P-0068,hover,checkout_upsell,synthetic
INT-0005089,2026-02-12T22:23:42,RCPT-20260212-00484,P-0010,view,checkout_upsell,synthetic
INT-0005090,2026-02-12T22:23:42,RCPT-20260212-00484,P-0010,hover,checkout_upsell,synthetic
INT-0005091,2026-02-12T22:23:42,RCPT-20260212-00484,P-0046,view,checkout_upsell,synthetic
INT-0005092,2026-02-12T22:23:42,RCPT-20260212-00484,P-0046,hover,checkout_upsell,synthetic
INT-0005093,2026-02-12T22:23:42,RCPT-20260212-00484,P-0014,view,checkout_upsell,synthetic
INT-0005094,2026-02-12T22:23:42,RCPT-20260212-00484,P-0014,hover,checkout_upsell,synthetic
INT-0005095,2026-02-12T11:38:07,RCPT-20260212-00485,P-0034,view,checkout_upsell,synthetic
INT-0005096,2026-02-12T11:38:07,RCPT-20260212-00485,P-0060,view,checkout_upsell,synthetic
INT-0005097,2026-02-12T11:38:07,RCPT-20260212-00485,P-0060,hover,checkout_upsell,synthetic
INT-0005098,2026-02-12T11:38:07,RCPT-20260212-00485,P-0068,view,checkout_upsell,synthetic
INT-0005099,2026-02-12T11:38:07,RCPT-20260212-00485,P-0068,hover,checkout_upsell,synthetic
INT-0005100,2026-02-12T11:38:07,RCPT-20260212-00485,P-0057,view,checkout_upsell,synthetic
INT-0005101,2026-02-12T11:38:07,RCPT-20260212-00485,P-0064,view,checkout_upsell,synthetic
INT-0005102,2026-02-12T11:38:07,RCPT-20260212-00485,P-0064,click,checkout_upsell,synthetic
INT-0005103,2026-02-12T11:38:07,RCPT-20260212-00485,P-0018,view,checkout_upsell,synthetic
INT-0005104,2026-02-12T11:38:07,RCPT-20260212-00485,P-0018,hover,checkout_upsell,synthetic
INT-0005105,2026-02-12T15:26:16,RCPT-20260212-00486,P-0030,view,checkout_upsell,synthetic
INT-0005106,2026-02-12T15:26:16,RCPT-20260212-00486,P-0030,hover,checkout_upsell,synthetic
INT-0005107,2026-02-12T15:26:16,RCPT-20260212-00486,P-0074,view,checkout_upsell,synthetic
INT-0005108,2026-02-12T15:26:16,RCPT-20260212-00486,P-0074,hover,checkout_upsell,synthetic
INT-0005109,2026-02-12T15:26:16,RCPT-20260212-00486,P-0056,view,checkout_upsell,synthetic
INT-0005110,2026-02-12T15:26:16,RCPT-20260212-00486,P-0023,view,checkout_upsell,synthetic
INT-0005111,2026-02-12T15:26:16,RCPT-20260212-00486,P-0023,hover,checkout_upsell,synthetic
INT-0005112,2026-02-12T15:26:16,RCPT-20260212-00486,P-0070,view,checkout_upsell,synthetic
INT-0005113,2026-02-12T15:26:16,RCPT-20260212-00486,P-0014,view,checkout_upsell,synthetic
INT-0005114,2026-02-12T15:26:16,RCPT-20260212-00486,P-0014,hover,checkout_upsell,synthetic
INT-0005115,2026-02-12T13:30:45,RCPT-20260212-00487,P-0003,view,checkout_upsell,synthetic
INT-0005116,2026-02-12T13:30:45,RCPT-20260212-00487,P-0003,hover,checkout_upsell,synthetic
INT-0005117,2026-02-12T13:30:45,RCPT-20260212-00487,P-0020,view,checkout_upsell,synthetic
INT-0005118,2026-02-12T13:30:45,RCPT-20260212-00487,P-0066,view,checkout_upsell,synthetic
INT-0005119,2026-02-12T13:30:45,RCPT-20260212-00487,P-0066,hover,checkout_upsell,synthetic
INT-0005120,2026-02-12T13:30:45,RCPT-20260212-00487,P-0042,view,checkout_upsell,synthetic
INT-0005121,2026-02-12T13:30:45,RCPT-20260212-00487,P-0018,view,checkout_upsell,synthetic
INT-0005122,2026-02-12T13:30:45,RCPT-20260212-00487,P-0018,hover,checkout_upsell,synthetic
INT-0005123,2026-02-12T13:30:45,RCPT-20260212-00487,P-0016,view,checkout_upsell,synthetic
INT-0005124,2026-02-12T16:55:15,RCPT-20260212-00488,P-0036,view,checkout_upsell,synthetic
INT-0005125,2026-02-12T16:55:15,RCPT-20260212-00488,P-0036,hover,checkout_upsell,synthetic
INT-0005126,2026-02-12T16:55:15,RCPT-20260212-00488,P-0055,view,checkout_upsell,synthetic
INT-0005127,2026-02-12T16:55:15,RCPT-20260212-00488,P-0055,hover,checkout_upsell,synthetic
INT-0005128,2026-02-12T16:55:15,RCPT-20260212-00488,P-0026,view,checkout_upsell,synthetic
INT-0005129,2026-02-12T16:55:15,RCPT-20260212-00488,P-0026,click,checkout_upsell,synthetic
INT-0005130,2026-02-12T16:55:15,RCPT-20260212-00488,P-0007,view,checkout_upsell,synthetic
INT-0005131,2026-02-12T16:55:15,RCPT-20260212-00488,P-0007,hover,checkout_upsell,synthetic
INT-0005132,2026-02-12T16:55:15,RCPT-20260212-00488,P-0052,view,checkout_upsell,synthetic
INT-0005133,2026-02-12T16:55:15,RCPT-20260212-00488,P-0052,click,checkout_upsell,synthetic
INT-0005134,2026-02-12T16:55:15,RCPT-20260212-00488,P-0053,view,checkout_upsell,synthetic
INT-0005135,2026-02-12T16:55:15,RCPT-20260212-00488,P-0053,hover,checkout_upsell,synthetic
INT-0005136,2026-02-12T21:56:10,RCPT-20260212-00489,P-0061,view,checkout_upsell,synthetic
INT-0005137,2026-02-12T21:56:10,RCPT-20260212-00489,P-0061,hover,checkout_upsell,synthetic
INT-0005138,2026-02-12T21:56:10,RCPT-20260212-00489,P-0040,view,checkout_upsell,synthetic
INT-0005139,2026-02-12T21:56:10,RCPT-20260212-00489,P-0069,view,checkout_upsell,synthetic
INT-0005140,2026-02-12T21:56:10,RCPT-20260212-00489,P-0069,hover,checkout_upsell,synthetic
INT-0005141,2026-02-12T21:56:10,RCPT-20260212-00489,P-0076,view,checkout_upsell,synthetic
INT-0005142,2026-02-12T21:56:10,RCPT-20260212-00489,P-0076,hover,checkout_upsell,synthetic
INT-0005143,2026-02-12T21:56:10,RCPT-20260212-00489,P-0063,view,checkout_upsell,synthetic
INT-0005144,2026-02-12T21:56:10,RCPT-20260212-00489,P-0044,view,checkout_upsell,synthetic
INT-0005145,2026-02-12T21:56:10,RCPT-20260212-00489,P-0044,click,checkout_upsell,synthetic
INT-0005146,2026-02-12T15:47:26,RCPT-20260212-00490,P-0069,view,checkout_upsell,synthetic
INT-0005147,2026-02-12T15:47:26,RCPT-20260212-00490,P-0069,hover,checkout_upsell,synthetic
INT-0005148,2026-02-12T15:47:26,RCPT-20260212-00490,P-0012,view,checkout_upsell,synthetic
INT-0005149,2026-02-12T15:47:26,RCPT-20260212-00490,P-0012,hover,checkout_upsell,synthetic
INT-0005150,2026-02-12T15:47:26,RCPT-20260212-00490,P-0015,view,checkout_upsell,synthetic
INT-0005151,2026-02-12T15:47:26,RCPT-20260212-00490,P-0015,hover,checkout_upsell,synthetic
INT-0005152,2026-02-12T15:47:26,RCPT-20260212-00490,P-0011,view,checkout_upsell,synthetic
INT-0005153,2026-02-12T15:47:26,RCPT-20260212-00490,P-0011,click,checkout_upsell,synthetic
INT-0005154,2026-02-12T15:47:26,RCPT-20260212-00490,P-0029,view,checkout_upsell,synthetic
INT-0005155,2026-02-12T15:47:26,RCPT-20260212-00490,P-0029,hover,checkout_upsell,synthetic
INT-0005156,2026-02-12T15:47:26,RCPT-20260212-00490,P-0018,view,checkout_upsell,synthetic
INT-0005157,2026-02-12T15:47:26,RCPT-20260212-00490,P-0018,hover,checkout_upsell,synthetic
INT-0005158,2026-02-12T18:41:11,RCPT-20260212-00491,P-0061,view,checkout_upsell,synthetic
INT-0005159,2026-02-12T18:41:11,RCPT-20260212-00491,P-0061,hover,checkout_upsell,synthetic
INT-0005160,2026-02-12T18:41:11,RCPT-20260212-00491,P-0002,view,checkout_upsell,synthetic
INT-0005161,2026-02-12T18:41:11,RCPT-20260212-00491,P-0002,hover,checkout_upsell,synthetic
INT-0005162,2026-02-12T18:41:11,RCPT-20260212-00491,P-0055,view,checkout_upsell,synthetic
INT-0005163,2026-02-12T18:41:11,RCPT-20260212-00491,P-0055,hover,checkout_upsell,synthetic
INT-0005164,2026-02-12T18:41:11,RCPT-20260212-00491,P-0073,view,checkout_upsell,synthetic
INT-0005165,2026-02-12T18:41:11,RCPT-20260212-00491,P-0066,view,checkout_upsell,synthetic
INT-0005166,2026-02-12T18:41:11,RCPT-20260212-00491,P-0066,hover,checkout_upsell,synthetic
INT-0005167,2026-02-12T18:41:11,RCPT-20260212-00491,P-0066,click,checkout_upsell,synthetic
INT-0005168,2026-02-12T18:41:11,RCPT-20260212-00491,P-0022,view,checkout_upsell,synthetic
INT-0005169,2026-02-12T18:41:11,RCPT-20260212-00491,P-0022,hover,checkout_upsell,synthetic
INT-0005170,2026-02-13T14:50:20,RCPT-20260213-00492,P-0048,view,checkout_upsell,synthetic
INT-0005171,2026-02-13T14:50:20,RCPT-20260213-00492,P-0048,hover,checkout_upsell,synthetic
INT-0005172,2026-02-13T14:50:20,RCPT-20260213-00492,P-0034,view,checkout_upsell,synthetic
INT-0005173,2026-02-13T14:50:20,RCPT-20260213-00492,P-0034,hover,checkout_upsell,synthetic
INT-0005174,2026-02-13T14:50:20,RCPT-20260213-00492,P-0034,click,checkout_upsell,synthetic
INT-0005175,2026-02-13T14:50:20,RCPT-20260213-00492,P-0043,view,checkout_upsell,synthetic
INT-0005176,2026-02-13T14:50:20,RCPT-20260213-00492,P-0043,hover,checkout_upsell,synthetic
INT-0005177,2026-02-13T14:50:20,RCPT-20260213-00492,P-0046,view,checkout_upsell,synthetic
INT-0005178,2026-02-13T14:50:20,RCPT-20260213-00492,P-0046,hover,checkout_upsell,synthetic
INT-0005179,2026-02-13T14:50:20,RCPT-20260213-00492,P-0071,view,checkout_upsell,synthetic
INT-0005180,2026-02-13T14:50:20,RCPT-20260213-00492,P-0071,hover,checkout_upsell,synthetic
INT-0005181,2026-02-13T14:50:20,RCPT-20260213-00492,P-0047,view,checkout_upsell,synthetic
INT-0005182,2026-02-13T08:59:35,RCPT-20260213-00493,P-0061,view,checkout_upsell,synthetic
INT-0005183,2026-02-13T08:59:35,RCPT-20260213-00493,P-0061,hover,checkout_upsell,synthetic
INT-0005184,2026-02-13T08:59:35,RCPT-20260213-00493,P-0034,view,checkout_upsell,synthetic
INT-0005185,2026-02-13T08:59:35,RCPT-20260213-00493,P-0034,hover,checkout_upsell,synthetic
INT-0005186,2026-02-13T08:59:35,RCPT-20260213-00493,P-0055,view,checkout_upsell,synthetic
INT-0005187,2026-02-13T08:59:35,RCPT-20260213-00493,P-0062,view,checkout_upsell,synthetic
INT-0005188,2026-02-13T08:59:35,RCPT-20260213-00493,P-0047,view,checkout_upsell,synthetic
INT-0005189,2026-02-13T08:59:35,RCPT-20260213-00493,P-0047,hover,checkout_upsell,synthetic
INT-0005190,2026-02-13T08:59:35,RCPT-20260213-00493,P-0033,view,checkout_upsell,synthetic
INT-0005191,2026-02-13T08:59:35,RCPT-20260213-00493,P-0033,hover,checkout_upsell,synthetic
INT-0005192,2026-02-13T13:10:36,RCPT-20260213-00494,P-0065,view,checkout_upsell,synthetic
INT-0005193,2026-02-13T13:10:36,RCPT-20260213-00494,P-0043,view,checkout_upsell,synthetic
INT-0005194,2026-02-13T13:10:36,RCPT-20260213-00494,P-0060,view,checkout_upsell,synthetic
INT-0005195,2026-02-13T13:10:36,RCPT-20260213-00494,P-0060,click,checkout_upsell,synthetic
INT-0005196,2026-02-13T13:10:36,RCPT-20260213-00494,P-0059,view,checkout_upsell,synthetic
INT-0005197,2026-02-13T13:10:36,RCPT-20260213-00494,P-0059,hover,checkout_upsell,synthetic
INT-0005198,2026-02-13T13:10:36,RCPT-20260213-00494,P-0020,view,checkout_upsell,synthetic
INT-0005199,2026-02-13T13:10:36,RCPT-20260213-00494,P-0020,hover,checkout_upsell,synthetic
INT-0005200,2026-02-13T13:10:36,RCPT-20260213-00494,P-0007,view,checkout_upsell,synthetic
INT-0005201,2026-02-13T13:10:36,RCPT-20260213-00494,P-0007,hover,checkout_upsell,synthetic
INT-0005202,2026-02-13T19:31:24,RCPT-20260213-00495,P-0012,view,checkout_upsell,synthetic
INT-0005203,2026-02-13T19:31:24,RCPT-20260213-00495,P-0012,hover,checkout_upsell,synthetic
INT-0005204,2026-02-13T19:31:24,RCPT-20260213-00495,P-0056,view,checkout_upsell,synthetic
INT-0005205,2026-02-13T19:31:24,RCPT-20260213-00495,P-0056,hover,checkout_upsell,synthetic
INT-0005206,2026-02-13T19:31:24,RCPT-20260213-00495,P-0072,view,checkout_upsell,synthetic
INT-0005207,2026-02-13T19:31:24,RCPT-20260213-00495,P-0072,click,checkout_upsell,synthetic
INT-0005208,2026-02-13T19:31:24,RCPT-20260213-00495,P-0075,view,checkout_upsell,synthetic
INT-0005209,2026-02-13T19:31:24,RCPT-20260213-00495,P-0075,hover,checkout_upsell,synthetic
INT-0005210,2026-02-13T19:31:24,RCPT-20260213-00495,P-0018,view,checkout_upsell,synthetic
INT-0005211,2026-02-13T19:31:24,RCPT-20260213-00495,P-0018,click,checkout_upsell,synthetic
INT-0005212,2026-02-13T19:31:24,RCPT-20260213-00495,P-0062,view,checkout_upsell,synthetic
INT-0005213,2026-02-13T19:31:24,RCPT-20260213-00495,P-0062,click,checkout_upsell,synthetic
INT-0005214,2026-02-13T12:16:15,RCPT-20260213-00496,P-0040,view,checkout_upsell,synthetic
INT-0005215,2026-02-13T12:16:15,RCPT-20260213-00496,P-0040,hover,checkout_upsell,synthetic
INT-0005216,2026-02-13T12:16:15,RCPT-20260213-00496,P-0025,view,checkout_upsell,synthetic
INT-0005217,2026-02-13T12:16:15,RCPT-20260213-00496,P-0025,hover,checkout_upsell,synthetic
INT-0005218,2026-02-13T12:16:15,RCPT-20260213-00496,P-0059,view,checkout_upsell,synthetic
INT-0005219,2026-02-13T12:16:15,RCPT-20260213-00496,P-0059,hover,checkout_upsell,synthetic
INT-0005220,2026-02-13T12:16:15,RCPT-20260213-00496,P-0019,view,checkout_upsell,synthetic
INT-0005221,2026-02-13T12:16:15,RCPT-20260213-00496,P-0019,hover,checkout_upsell,synthetic
INT-0005222,2026-02-13T12:16:15,RCPT-20260213-00496,P-0019,click,checkout_upsell,synthetic
INT-0005223,2026-02-13T12:16:15,RCPT-20260213-00496,P-0066,view,checkout_upsell,synthetic
INT-0005224,2026-02-13T12:16:15,RCPT-20260213-00496,P-0066,hover,checkout_upsell,synthetic
INT-0005225,2026-02-13T12:16:15,RCPT-20260213-00496,P-0052,view,checkout_upsell,synthetic
INT-0005226,2026-02-13T12:16:15,RCPT-20260213-00496,P-0052,hover,checkout_upsell,synthetic
INT-0005227,2026-02-13T18:13:45,RCPT-20260213-00497,P-0011,view,checkout_upsell,synthetic
INT-0005228,2026-02-13T18:13:45,RCPT-20260213-00497,P-0027,view,checkout_upsell,synthetic
INT-0005229,2026-02-13T18:13:45,RCPT-20260213-00497,P-0013,view,checkout_upsell,synthetic
INT-0005230,2026-02-13T18:13:45,RCPT-20260213-00497,P-0013,hover,checkout_upsell,synthetic
INT-0005231,2026-02-13T18:13:45,RCPT-20260213-00497,P-0001,view,checkout_upsell,synthetic
INT-0005232,2026-02-13T18:13:45,RCPT-20260213-00497,P-0001,hover,checkout_upsell,synthetic
INT-0005233,2026-02-13T18:13:45,RCPT-20260213-00497,P-0001,click,checkout_upsell,synthetic
INT-0005234,2026-02-13T18:13:45,RCPT-20260213-00497,P-0014,view,checkout_upsell,synthetic
INT-0005235,2026-02-13T18:13:45,RCPT-20260213-00497,P-0072,view,checkout_upsell,synthetic
INT-0005236,2026-02-13T18:13:45,RCPT-20260213-00497,P-0072,hover,checkout_upsell,synthetic
INT-0005237,2026-02-13T20:38:45,RCPT-20260213-00498,P-0048,view,checkout_upsell,synthetic
INT-0005238,2026-02-13T20:38:45,RCPT-20260213-00498,P-0034,view,checkout_upsell,synthetic
INT-0005239,2026-02-13T20:38:45,RCPT-20260213-00498,P-0061,view,checkout_upsell,synthetic
INT-0005240,2026-02-13T20:38:45,RCPT-20260213-00498,P-0061,hover,checkout_upsell,synthetic
INT-0005241,2026-02-13T20:38:45,RCPT-20260213-00498,P-0025,view,checkout_upsell,synthetic
INT-0005242,2026-02-13T20:38:45,RCPT-20260213-00498,P-0025,hover,checkout_upsell,synthetic
INT-0005243,2026-02-13T20:38:45,RCPT-20260213-00498,P-0010,view,checkout_upsell,synthetic
INT-0005244,2026-02-13T20:38:45,RCPT-20260213-00498,P-0010,hover,checkout_upsell,synthetic
INT-0005245,2026-02-13T20:38:45,RCPT-20260213-00498,P-0058,view,checkout_upsell,synthetic
INT-0005246,2026-02-13T16:31:59,RCPT-20260213-00499,P-0051,view,checkout_upsell,synthetic
INT-0005247,2026-02-13T16:31:59,RCPT-20260213-00499,P-0051,hover,checkout_upsell,synthetic
INT-0005248,2026-02-13T16:31:59,RCPT-20260213-00499,P-0050,view,checkout_upsell,synthetic
INT-0005249,2026-02-13T16:31:59,RCPT-20260213-00499,P-0050,hover,checkout_upsell,synthetic
INT-0005250,2026-02-13T16:31:59,RCPT-20260213-00499,P-0029,view,checkout_upsell,synthetic
INT-0005251,2026-02-13T16:31:59,RCPT-20260213-00499,P-0064,view,checkout_upsell,synthetic
INT-0005252,2026-02-13T16:31:59,RCPT-20260213-00499,P-0064,hover,checkout_upsell,synthetic
INT-0005253,2026-02-13T16:31:59,RCPT-20260213-00499,P-0058,view,checkout_upsell,synthetic
INT-0005254,2026-02-13T16:31:59,RCPT-20260213-00499,P-0058,hover,checkout_upsell,synthetic
INT-0005255,2026-02-13T16:31:59,RCPT-20260213-00499,P-0076,view,checkout_upsell,synthetic
INT-0005256,2026-02-13T16:31:59,RCPT-20260213-00499,P-0076,hover,checkout_upsell,synthetic
INT-0005257,2026-02-13T19:23:59,RCPT-20260213-00500,P-0040,view,checkout_upsell,synthetic
INT-0005258,2026-02-13T19:23:59,RCPT-20260213-00500,P-0030,view,checkout_upsell,synthetic
INT-0005259,2026-02-13T19:23:59,RCPT-20260213-00500,P-0004,view,checkout_upsell,synthetic
INT-0005260,2026-02-13T19:23:59,RCPT-20260213-00500,P-0004,hover,checkout_upsell,synthetic
INT-0005261,2026-02-13T19:23:59,RCPT-20260213-00500,P-0010,view,checkout_upsell,synthetic
INT-0005262,2026-02-13T19:23:59,RCPT-20260213-00500,P-0010,hover,checkout_upsell,synthetic
INT-0005263,2026-02-13T19:23:59,RCPT-20260213-00500,P-0029,view,checkout_upsell,synthetic
INT-0005264,2026-02-13T19:23:59,RCPT-20260213-00500,P-0029,hover,checkout_upsell,synthetic
INT-0005265,2026-02-13T19:23:59,RCPT-20260213-00500,P-0058,view,checkout_upsell,synthetic
INT-0005266,2026-02-13T20:09:35,RCPT-20260213-00501,P-0011,view,checkout_upsell,synthetic
INT-0005267,2026-02-13T20:09:35,RCPT-20260213-00501,P-0035,view,checkout_upsell,synthetic
INT-0005268,2026-02-13T20:09:35,RCPT-20260213-00501,P-0035,hover,checkout_upsell,synthetic
INT-0005269,2026-02-13T20:09:35,RCPT-20260213-00501,P-0001,view,checkout_upsell,synthetic
INT-0005270,2026-02-13T20:09:35,RCPT-20260213-00501,P-0002,view,checkout_upsell,synthetic
INT-0005271,2026-02-13T20:09:35,RCPT-20260213-00501,P-0002,hover,checkout_upsell,synthetic
INT-0005272,2026-02-13T20:09:35,RCPT-20260213-00501,P-0049,view,checkout_upsell,synthetic
INT-0005273,2026-02-13T20:09:35,RCPT-20260213-00501,P-0047,view,checkout_upsell,synthetic
INT-0005274,2026-02-13T08:28:22,RCPT-20260213-00502,P-0043,view,checkout_upsell,synthetic
INT-0005275,2026-02-13T08:28:22,RCPT-20260213-00502,P-0043,hover,checkout_upsell,synthetic
INT-0005276,2026-02-13T08:28:22,RCPT-20260213-00502,P-0060,view,checkout_upsell,synthetic
INT-0005277,2026-02-13T08:28:22,RCPT-20260213-00502,P-0027,view,checkout_upsell,synthetic
INT-0005278,2026-02-13T08:28:22,RCPT-20260213-00502,P-0027,hover,checkout_upsell,synthetic
INT-0005279,2026-02-13T08:28:22,RCPT-20260213-00502,P-0073,view,checkout_upsell,synthetic
INT-0005280,2026-02-13T08:28:22,RCPT-20260213-00502,P-0062,view,checkout_upsell,synthetic
INT-0005281,2026-02-13T08:28:22,RCPT-20260213-00502,P-0062,hover,checkout_upsell,synthetic
INT-0005282,2026-02-13T08:28:22,RCPT-20260213-00502,P-0053,view,checkout_upsell,synthetic
INT-0005283,2026-02-13T08:28:22,RCPT-20260213-00502,P-0053,hover,checkout_upsell,synthetic
INT-0005284,2026-02-13T10:47:32,RCPT-20260213-00503,P-0034,view,checkout_upsell,synthetic
INT-0005285,2026-02-13T10:47:32,RCPT-20260213-00503,P-0034,hover,checkout_upsell,synthetic
INT-0005286,2026-02-13T10:47:32,RCPT-20260213-00503,P-0027,view,checkout_upsell,synthetic
INT-0005287,2026-02-13T10:47:32,RCPT-20260213-00503,P-0027,hover,checkout_upsell,synthetic
INT-0005288,2026-02-13T10:47:32,RCPT-20260213-00503,P-0013,view,checkout_upsell,synthetic
INT-0005289,2026-02-13T10:47:32,RCPT-20260213-00503,P-0013,hover,checkout_upsell,synthetic
INT-0005290,2026-02-13T10:47:32,RCPT-20260213-00503,P-0002,view,checkout_upsell,synthetic
INT-0005291,2026-02-13T10:47:32,RCPT-20260213-00503,P-0018,view,checkout_upsell,synthetic
INT-0005292,2026-02-13T10:47:32,RCPT-20260213-00503,P-0018,hover,checkout_upsell,synthetic
INT-0005293,2026-02-13T10:47:32,RCPT-20260213-00503,P-0018,click,checkout_upsell,synthetic
INT-0005294,2026-02-13T10:47:32,RCPT-20260213-00503,P-0047,view,checkout_upsell,synthetic
INT-0005295,2026-02-13T18:06:56,RCPT-20260213-00504,P-0035,view,checkout_upsell,synthetic
INT-0005296,2026-02-13T18:06:56,RCPT-20260213-00504,P-0035,hover,checkout_upsell,synthetic
INT-0005297,2026-02-13T18:06:56,RCPT-20260213-00504,P-0010,view,checkout_upsell,synthetic
INT-0005298,2026-02-13T18:06:56,RCPT-20260213-00504,P-0010,hover,checkout_upsell,synthetic
INT-0005299,2026-02-13T18:06:56,RCPT-20260213-00504,P-0023,view,checkout_upsell,synthetic
INT-0005300,2026-02-13T18:06:56,RCPT-20260213-00504,P-0002,view,checkout_upsell,synthetic
INT-0005301,2026-02-13T18:06:56,RCPT-20260213-00504,P-0002,hover,checkout_upsell,synthetic
INT-0005302,2026-02-13T18:06:56,RCPT-20260213-00504,P-0044,view,checkout_upsell,synthetic
INT-0005303,2026-02-13T18:06:56,RCPT-20260213-00504,P-0044,hover,checkout_upsell,synthetic
INT-0005304,2026-02-13T18:06:56,RCPT-20260213-00504,P-0016,view,checkout_upsell,synthetic
INT-0005305,2026-02-13T18:06:56,RCPT-20260213-00504,P-0016,hover,checkout_upsell,synthetic
INT-0005306,2026-02-13T15:40:17,RCPT-20260213-00505,P-0034,view,checkout_upsell,synthetic
INT-0005307,2026-02-13T15:40:17,RCPT-20260213-00505,P-0034,hover,checkout_upsell,synthetic
INT-0005308,2026-02-13T15:40:17,RCPT-20260213-00505,P-0002,view,checkout_upsell,synthetic
INT-0005309,2026-02-13T15:40:17,RCPT-20260213-00505,P-0002,hover,checkout_upsell,synthetic
INT-0005310,2026-02-13T15:40:17,RCPT-20260213-00505,P-0057,view,checkout_upsell,synthetic
INT-0005311,2026-02-13T15:40:17,RCPT-20260213-00505,P-0057,hover,checkout_upsell,synthetic
INT-0005312,2026-02-13T15:40:17,RCPT-20260213-00505,P-0007,view,checkout_upsell,synthetic
INT-0005313,2026-02-13T15:40:17,RCPT-20260213-00505,P-0007,hover,checkout_upsell,synthetic
INT-0005314,2026-02-13T15:40:17,RCPT-20260213-00505,P-0039,view,checkout_upsell,synthetic
INT-0005315,2026-02-13T15:40:17,RCPT-20260213-00505,P-0039,hover,checkout_upsell,synthetic
INT-0005316,2026-02-13T15:40:17,RCPT-20260213-00505,P-0033,view,checkout_upsell,synthetic
INT-0005317,2026-02-13T15:40:17,RCPT-20260213-00505,P-0033,hover,checkout_upsell,synthetic
INT-0005318,2026-02-14T11:55:03,RCPT-20260214-00506,P-0002,view,checkout_upsell,synthetic
INT-0005319,2026-02-14T11:55:03,RCPT-20260214-00506,P-0002,hover,checkout_upsell,synthetic
INT-0005320,2026-02-14T11:55:03,RCPT-20260214-00506,P-0073,view,checkout_upsell,synthetic
INT-0005321,2026-02-14T11:55:03,RCPT-20260214-00506,P-0073,click,checkout_upsell,synthetic
INT-0005322,2026-02-14T11:55:03,RCPT-20260214-00506,P-0063,view,checkout_upsell,synthetic
INT-0005323,2026-02-14T11:55:03,RCPT-20260214-00506,P-0063,hover,checkout_upsell,synthetic
INT-0005324,2026-02-14T11:55:03,RCPT-20260214-00506,P-0075,view,checkout_upsell,synthetic
INT-0005325,2026-02-14T11:55:03,RCPT-20260214-00506,P-0075,hover,checkout_upsell,synthetic
INT-0005326,2026-02-14T11:55:03,RCPT-20260214-00506,P-0039,view,checkout_upsell,synthetic
INT-0005327,2026-02-14T11:55:03,RCPT-20260214-00506,P-0039,hover,checkout_upsell,synthetic
INT-0005328,2026-02-14T11:55:03,RCPT-20260214-00506,P-0053,view,checkout_upsell,synthetic
INT-0005329,2026-02-14T11:55:03,RCPT-20260214-00506,P-0053,hover,checkout_upsell,synthetic
INT-0005330,2026-02-14T10:24:49,RCPT-20260214-00507,P-0034,view,checkout_upsell,synthetic
INT-0005331,2026-02-14T10:24:49,RCPT-20260214-00507,P-0034,hover,checkout_upsell,synthetic
INT-0005332,2026-02-14T10:24:49,RCPT-20260214-00507,P-0034,click,checkout_upsell,synthetic
INT-0005333,2026-02-14T10:24:49,RCPT-20260214-00507,P-0036,view,checkout_upsell,synthetic
INT-0005334,2026-02-14T10:24:49,RCPT-20260214-00507,P-0036,hover,checkout_upsell,synthetic
INT-0005335,2026-02-14T10:24:49,RCPT-20260214-00507,P-0006,view,checkout_upsell,synthetic
INT-0005336,2026-02-14T10:24:49,RCPT-20260214-00507,P-0006,hover,checkout_upsell,synthetic
INT-0005337,2026-02-14T10:24:49,RCPT-20260214-00507,P-0037,view,checkout_upsell,synthetic
INT-0005338,2026-02-14T10:24:49,RCPT-20260214-00507,P-0037,hover,checkout_upsell,synthetic
INT-0005339,2026-02-14T10:24:49,RCPT-20260214-00507,P-0007,view,checkout_upsell,synthetic
INT-0005340,2026-02-14T10:24:49,RCPT-20260214-00507,P-0007,hover,checkout_upsell,synthetic
INT-0005341,2026-02-14T10:24:49,RCPT-20260214-00507,P-0052,view,checkout_upsell,synthetic
INT-0005342,2026-02-14T10:24:49,RCPT-20260214-00507,P-0052,hover,checkout_upsell,synthetic
INT-0005343,2026-02-14T12:36:38,RCPT-20260214-00508,P-0054,view,checkout_upsell,synthetic
INT-0005344,2026-02-14T12:36:38,RCPT-20260214-00508,P-0054,hover,checkout_upsell,synthetic
INT-0005345,2026-02-14T12:36:38,RCPT-20260214-00508,P-0041,view,checkout_upsell,synthetic
INT-0005346,2026-02-14T12:36:38,RCPT-20260214-00508,P-0041,hover,checkout_upsell,synthetic
INT-0005347,2026-02-14T12:36:38,RCPT-20260214-00508,P-0041,click,checkout_upsell,synthetic
INT-0005348,2026-02-14T12:36:38,RCPT-20260214-00508,P-0005,view,checkout_upsell,synthetic
INT-0005349,2026-02-14T12:36:38,RCPT-20260214-00508,P-0005,hover,checkout_upsell,synthetic
INT-0005350,2026-02-14T12:36:38,RCPT-20260214-00508,P-0076,view,checkout_upsell,synthetic
INT-0005351,2026-02-14T12:36:38,RCPT-20260214-00508,P-0076,hover,checkout_upsell,synthetic
INT-0005352,2026-02-14T12:36:38,RCPT-20260214-00508,P-0072,view,checkout_upsell,synthetic
INT-0005353,2026-02-14T12:36:38,RCPT-20260214-00508,P-0072,hover,checkout_upsell,synthetic
INT-0005354,2026-02-14T12:36:38,RCPT-20260214-00508,P-0039,view,checkout_upsell,synthetic
INT-0005355,2026-02-14T12:36:38,RCPT-20260214-00508,P-0039,hover,checkout_upsell,synthetic
INT-0005356,2026-02-14T12:36:38,RCPT-20260214-00508,P-0039,click,checkout_upsell,synthetic
INT-0005357,2026-02-14T22:31:33,RCPT-20260214-00509,P-0048,view,checkout_upsell,synthetic
INT-0005358,2026-02-14T22:31:33,RCPT-20260214-00509,P-0048,hover,checkout_upsell,synthetic
INT-0005359,2026-02-14T22:31:33,RCPT-20260214-00509,P-0010,view,checkout_upsell,synthetic
INT-0005360,2026-02-14T22:31:33,RCPT-20260214-00509,P-0010,hover,checkout_upsell,synthetic
INT-0005361,2026-02-14T22:31:33,RCPT-20260214-00509,P-0013,view,checkout_upsell,synthetic
INT-0005362,2026-02-14T22:31:33,RCPT-20260214-00509,P-0013,click,checkout_upsell,synthetic
INT-0005363,2026-02-14T22:31:33,RCPT-20260214-00509,P-0046,view,checkout_upsell,synthetic
INT-0005364,2026-02-14T22:31:33,RCPT-20260214-00509,P-0046,hover,checkout_upsell,synthetic
INT-0005365,2026-02-14T22:31:33,RCPT-20260214-00509,P-0066,view,checkout_upsell,synthetic
INT-0005366,2026-02-14T22:31:33,RCPT-20260214-00509,P-0058,view,checkout_upsell,synthetic
INT-0005367,2026-02-14T12:36:03,RCPT-20260214-00510,P-0069,view,checkout_upsell,synthetic
INT-0005368,2026-02-14T12:36:03,RCPT-20260214-00510,P-0069,hover,checkout_upsell,synthetic
INT-0005369,2026-02-14T12:36:03,RCPT-20260214-00510,P-0046,view,checkout_upsell,synthetic
INT-0005370,2026-02-14T12:36:03,RCPT-20260214-00510,P-0046,hover,checkout_upsell,synthetic
INT-0005371,2026-02-14T12:36:03,RCPT-20260214-00510,P-0020,view,checkout_upsell,synthetic
INT-0005372,2026-02-14T12:36:03,RCPT-20260214-00510,P-0020,hover,checkout_upsell,synthetic
INT-0005373,2026-02-14T12:36:03,RCPT-20260214-00510,P-0005,view,checkout_upsell,synthetic
INT-0005374,2026-02-14T12:36:03,RCPT-20260214-00510,P-0047,view,checkout_upsell,synthetic
INT-0005375,2026-02-14T12:36:03,RCPT-20260214-00510,P-0047,hover,checkout_upsell,synthetic
INT-0005376,2026-02-14T12:36:03,RCPT-20260214-00510,P-0009,view,checkout_upsell,synthetic
INT-0005377,2026-02-14T12:36:03,RCPT-20260214-00510,P-0009,hover,checkout_upsell,synthetic
INT-0005378,2026-02-14T12:36:03,RCPT-20260214-00510,P-0009,click,checkout_upsell,synthetic
INT-0005379,2026-02-14T09:47:42,RCPT-20260214-00511,P-0065,view,checkout_upsell,synthetic
INT-0005380,2026-02-14T09:47:42,RCPT-20260214-00511,P-0065,hover,checkout_upsell,synthetic
INT-0005381,2026-02-14T09:47:42,RCPT-20260214-00511,P-0065,click,checkout_upsell,synthetic
INT-0005382,2026-02-14T09:47:42,RCPT-20260214-00511,P-0006,view,checkout_upsell,synthetic
INT-0005383,2026-02-14T09:47:42,RCPT-20260214-00511,P-0059,view,checkout_upsell,synthetic
INT-0005384,2026-02-14T09:47:42,RCPT-20260214-00511,P-0059,hover,checkout_upsell,synthetic
INT-0005385,2026-02-14T09:47:42,RCPT-20260214-00511,P-0059,click,checkout_upsell,synthetic
INT-0005386,2026-02-14T09:47:42,RCPT-20260214-00511,P-0066,view,checkout_upsell,synthetic
INT-0005387,2026-02-14T09:47:42,RCPT-20260214-00511,P-0066,hover,checkout_upsell,synthetic
INT-0005388,2026-02-14T09:47:42,RCPT-20260214-00511,P-0049,view,checkout_upsell,synthetic
INT-0005389,2026-02-14T09:47:42,RCPT-20260214-00511,P-0047,view,checkout_upsell,synthetic
INT-0005390,2026-02-14T17:51:16,RCPT-20260214-00512,P-0060,view,checkout_upsell,synthetic
INT-0005391,2026-02-14T17:51:16,RCPT-20260214-00512,P-0060,hover,checkout_upsell,synthetic
INT-0005392,2026-02-14T17:51:16,RCPT-20260214-00512,P-0035,view,checkout_upsell,synthetic
INT-0005393,2026-02-14T17:51:16,RCPT-20260214-00512,P-0035,hover,checkout_upsell,synthetic
INT-0005394,2026-02-14T17:51:16,RCPT-20260214-00512,P-0017,view,checkout_upsell,synthetic
INT-0005395,2026-02-14T17:51:16,RCPT-20260214-00512,P-0017,hover,checkout_upsell,synthetic
INT-0005396,2026-02-14T17:51:16,RCPT-20260214-00512,P-0002,view,checkout_upsell,synthetic
INT-0005397,2026-02-14T17:51:16,RCPT-20260214-00512,P-0002,hover,checkout_upsell,synthetic
INT-0005398,2026-02-14T17:51:16,RCPT-20260214-00512,P-0064,view,checkout_upsell,synthetic
INT-0005399,2026-02-14T17:51:16,RCPT-20260214-00512,P-0064,hover,checkout_upsell,synthetic
INT-0005400,2026-02-14T17:51:16,RCPT-20260214-00512,P-0076,view,checkout_upsell,synthetic
INT-0005401,2026-02-14T17:51:16,RCPT-20260214-00512,P-0076,hover,checkout_upsell,synthetic
INT-0005402,2026-02-14T14:07:00,RCPT-20260214-00513,P-0036,view,checkout_upsell,synthetic
INT-0005403,2026-02-14T14:07:00,RCPT-20260214-00513,P-0036,click,checkout_upsell,synthetic
INT-0005404,2026-02-14T14:07:00,RCPT-20260214-00513,P-0021,view,checkout_upsell,synthetic
INT-0005405,2026-02-14T14:07:00,RCPT-20260214-00513,P-0021,hover,checkout_upsell,synthetic
INT-0005406,2026-02-14T14:07:00,RCPT-20260214-00513,P-0038,view,checkout_upsell,synthetic
INT-0005407,2026-02-14T14:07:00,RCPT-20260214-00513,P-0038,hover,checkout_upsell,synthetic
INT-0005408,2026-02-14T14:07:00,RCPT-20260214-00513,P-0057,view,checkout_upsell,synthetic
INT-0005409,2026-02-14T14:07:00,RCPT-20260214-00513,P-0075,view,checkout_upsell,synthetic
INT-0005410,2026-02-14T14:07:00,RCPT-20260214-00513,P-0004,view,checkout_upsell,synthetic
INT-0005411,2026-02-14T09:08:08,RCPT-20260214-00514,P-0061,view,checkout_upsell,synthetic
INT-0005412,2026-02-14T09:08:08,RCPT-20260214-00514,P-0061,hover,checkout_upsell,synthetic
INT-0005413,2026-02-14T09:08:08,RCPT-20260214-00514,P-0074,view,checkout_upsell,synthetic
INT-0005414,2026-02-14T09:08:08,RCPT-20260214-00514,P-0074,hover,checkout_upsell,synthetic
INT-0005415,2026-02-14T09:08:08,RCPT-20260214-00514,P-0038,view,checkout_upsell,synthetic
INT-0005416,2026-02-14T09:08:08,RCPT-20260214-00514,P-0038,hover,checkout_upsell,synthetic
INT-0005417,2026-02-14T09:08:08,RCPT-20260214-00514,P-0019,view,checkout_upsell,synthetic
INT-0005418,2026-02-14T09:08:08,RCPT-20260214-00514,P-0073,view,checkout_upsell,synthetic
INT-0005419,2026-02-14T09:08:08,RCPT-20260214-00514,P-0073,hover,checkout_upsell,synthetic
INT-0005420,2026-02-14T09:08:08,RCPT-20260214-00514,P-0066,view,checkout_upsell,synthetic
INT-0005421,2026-02-14T21:40:54,RCPT-20260214-00515,P-0051,view,checkout_upsell,synthetic
INT-0005422,2026-02-14T21:40:54,RCPT-20260214-00515,P-0069,view,checkout_upsell,synthetic
INT-0005423,2026-02-14T21:40:54,RCPT-20260214-00515,P-0069,hover,checkout_upsell,synthetic
INT-0005424,2026-02-14T21:40:54,RCPT-20260214-00515,P-0050,view,checkout_upsell,synthetic
INT-0005425,2026-02-14T21:40:54,RCPT-20260214-00515,P-0058,view,checkout_upsell,synthetic
INT-0005426,2026-02-14T21:40:54,RCPT-20260214-00515,P-0058,click,checkout_upsell,synthetic
INT-0005427,2026-02-14T21:40:54,RCPT-20260214-00515,P-0004,view,checkout_upsell,synthetic
INT-0005428,2026-02-14T21:40:54,RCPT-20260214-00515,P-0016,view,checkout_upsell,synthetic
INT-0005429,2026-02-14T21:40:54,RCPT-20260214-00515,P-0016,click,checkout_upsell,synthetic
INT-0005430,2026-02-14T15:30:01,RCPT-20260214-00516,P-0011,view,checkout_upsell,synthetic
INT-0005431,2026-02-14T15:30:01,RCPT-20260214-00516,P-0011,click,checkout_upsell,synthetic
INT-0005432,2026-02-14T15:30:01,RCPT-20260214-00516,P-0074,view,checkout_upsell,synthetic
INT-0005433,2026-02-14T15:30:01,RCPT-20260214-00516,P-0074,hover,checkout_upsell,synthetic
INT-0005434,2026-02-14T15:30:01,RCPT-20260214-00516,P-0068,view,checkout_upsell,synthetic
INT-0005435,2026-02-14T15:30:01,RCPT-20260214-00516,P-0055,view,checkout_upsell,synthetic
INT-0005436,2026-02-14T15:30:01,RCPT-20260214-00516,P-0055,hover,checkout_upsell,synthetic
INT-0005437,2026-02-14T15:30:01,RCPT-20260214-00516,P-0066,view,checkout_upsell,synthetic
INT-0005438,2026-02-14T15:30:01,RCPT-20260214-00516,P-0066,hover,checkout_upsell,synthetic
INT-0005439,2026-02-14T15:30:01,RCPT-20260214-00516,P-0066,click,checkout_upsell,synthetic
INT-0005440,2026-02-14T15:30:01,RCPT-20260214-00516,P-0018,view,checkout_upsell,synthetic
INT-0005441,2026-02-14T15:30:01,RCPT-20260214-00516,P-0018,hover,checkout_upsell,synthetic
INT-0005442,2026-02-14T19:35:18,RCPT-20260214-00517,P-0065,view,checkout_upsell,synthetic
INT-0005443,2026-02-14T19:35:18,RCPT-20260214-00517,P-0069,view,checkout_upsell,synthetic
INT-0005444,2026-02-14T19:35:18,RCPT-20260214-00517,P-0069,hover,checkout_upsell,synthetic
INT-0005445,2026-02-14T19:35:18,RCPT-20260214-00517,P-0008,view,checkout_upsell,synthetic
INT-0005446,2026-02-14T19:35:18,RCPT-20260214-00517,P-0060,view,checkout_upsell,synthetic
INT-0005447,2026-02-14T19:35:18,RCPT-20260214-00517,P-0060,hover,checkout_upsell,synthetic
INT-0005448,2026-02-14T19:35:18,RCPT-20260214-00517,P-0001,view,checkout_upsell,synthetic
INT-0005449,2026-02-14T19:35:18,RCPT-20260214-00517,P-0032,view,checkout_upsell,synthetic
INT-0005450,2026-02-15T22:30:07,RCPT-20260215-00518,P-0034,view,checkout_upsell,synthetic
INT-0005451,2026-02-15T22:30:07,RCPT-20260215-00518,P-0034,hover,checkout_upsell,synthetic
INT-0005452,2026-02-15T22:30:07,RCPT-20260215-00518,P-0074,view,checkout_upsell,synthetic
INT-0005453,2026-02-15T22:30:07,RCPT-20260215-00518,P-0074,hover,checkout_upsell,synthetic
INT-0005454,2026-02-15T22:30:07,RCPT-20260215-00518,P-0042,view,checkout_upsell,synthetic
INT-0005455,2026-02-15T22:30:07,RCPT-20260215-00518,P-0042,hover,checkout_upsell,synthetic
INT-0005456,2026-02-15T22:30:07,RCPT-20260215-00518,P-0004,view,checkout_upsell,synthetic
INT-0005457,2026-02-15T22:30:07,RCPT-20260215-00518,P-0004,hover,checkout_upsell,synthetic
INT-0005458,2026-02-15T22:30:07,RCPT-20260215-00518,P-0052,view,checkout_upsell,synthetic
INT-0005459,2026-02-15T22:30:07,RCPT-20260215-00518,P-0052,hover,checkout_upsell,synthetic
INT-0005460,2026-02-15T22:30:07,RCPT-20260215-00518,P-0009,view,checkout_upsell,synthetic
INT-0005461,2026-02-15T22:30:07,RCPT-20260215-00518,P-0009,hover,checkout_upsell,synthetic
INT-0005462,2026-02-15T17:58:43,RCPT-20260215-00519,P-0048,view,checkout_upsell,synthetic
INT-0005463,2026-02-15T17:58:43,RCPT-20260215-00519,P-0015,view,checkout_upsell,synthetic
INT-0005464,2026-02-15T17:58:43,RCPT-20260215-00519,P-0015,hover,checkout_upsell,synthetic
INT-0005465,2026-02-15T17:58:43,RCPT-20260215-00519,P-0068,view,checkout_upsell,synthetic
INT-0005466,2026-02-15T17:58:43,RCPT-20260215-00519,P-0027,view,checkout_upsell,synthetic
INT-0005467,2026-02-15T17:58:43,RCPT-20260215-00519,P-0027,hover,checkout_upsell,synthetic
INT-0005468,2026-02-15T17:58:43,RCPT-20260215-00519,P-0010,view,checkout_upsell,synthetic
INT-0005469,2026-02-15T17:58:43,RCPT-20260215-00519,P-0010,hover,checkout_upsell,synthetic
INT-0005470,2026-02-15T17:58:43,RCPT-20260215-00519,P-0047,view,checkout_upsell,synthetic
INT-0005471,2026-02-15T12:44:47,RCPT-20260215-00520,P-0051,view,checkout_upsell,synthetic
INT-0005472,2026-02-15T12:44:47,RCPT-20260215-00520,P-0021,view,checkout_upsell,synthetic
INT-0005473,2026-02-15T12:44:47,RCPT-20260215-00520,P-0021,hover,checkout_upsell,synthetic
INT-0005474,2026-02-15T12:44:47,RCPT-20260215-00520,P-0038,view,checkout_upsell,synthetic
INT-0005475,2026-02-15T12:44:47,RCPT-20260215-00520,P-0032,view,checkout_upsell,synthetic
INT-0005476,2026-02-15T12:44:47,RCPT-20260215-00520,P-0032,hover,checkout_upsell,synthetic
INT-0005477,2026-02-15T12:44:47,RCPT-20260215-00520,P-0007,view,checkout_upsell,synthetic
INT-0005478,2026-02-15T12:44:47,RCPT-20260215-00520,P-0007,hover,checkout_upsell,synthetic
INT-0005479,2026-02-15T12:44:47,RCPT-20260215-00520,P-0052,view,checkout_upsell,synthetic
INT-0005480,2026-02-15T12:44:47,RCPT-20260215-00520,P-0052,click,checkout_upsell,synthetic
INT-0005481,2026-02-15T11:35:03,RCPT-20260215-00521,P-0069,view,checkout_upsell,synthetic
INT-0005482,2026-02-15T11:35:03,RCPT-20260215-00521,P-0069,hover,checkout_upsell,synthetic
INT-0005483,2026-02-15T11:35:03,RCPT-20260215-00521,P-0054,view,checkout_upsell,synthetic
INT-0005484,2026-02-15T11:35:03,RCPT-20260215-00521,P-0001,view,checkout_upsell,synthetic
INT-0005485,2026-02-15T11:35:03,RCPT-20260215-00521,P-0001,hover,checkout_upsell,synthetic
INT-0005486,2026-02-15T11:35:03,RCPT-20260215-00521,P-0066,view,checkout_upsell,synthetic
INT-0005487,2026-02-15T11:35:03,RCPT-20260215-00521,P-0066,click,checkout_upsell,synthetic
INT-0005488,2026-02-15T11:35:03,RCPT-20260215-00521,P-0064,view,checkout_upsell,synthetic
INT-0005489,2026-02-15T11:35:03,RCPT-20260215-00521,P-0062,view,checkout_upsell,synthetic
INT-0005490,2026-02-15T16:14:31,RCPT-20260215-00522,P-0008,view,checkout_upsell,synthetic
INT-0005491,2026-02-15T16:14:31,RCPT-20260215-00522,P-0008,hover,checkout_upsell,synthetic
INT-0005492,2026-02-15T16:14:31,RCPT-20260215-00522,P-0059,view,checkout_upsell,synthetic
INT-0005493,2026-02-15T16:14:31,RCPT-20260215-00522,P-0059,hover,checkout_upsell,synthetic
INT-0005494,2026-02-15T16:14:31,RCPT-20260215-00522,P-0005,view,checkout_upsell,synthetic
INT-0005495,2026-02-15T16:14:31,RCPT-20260215-00522,P-0005,hover,checkout_upsell,synthetic
INT-0005496,2026-02-15T16:14:31,RCPT-20260215-00522,P-0005,click,checkout_upsell,synthetic
INT-0005497,2026-02-15T16:14:31,RCPT-20260215-00522,P-0076,view,checkout_upsell,synthetic
INT-0005498,2026-02-15T16:14:31,RCPT-20260215-00522,P-0076,hover,checkout_upsell,synthetic
INT-0005499,2026-02-15T16:14:31,RCPT-20260215-00522,P-0063,view,checkout_upsell,synthetic
INT-0005500,2026-02-15T16:14:31,RCPT-20260215-00522,P-0063,hover,checkout_upsell,synthetic
INT-0005501,2026-02-15T16:14:31,RCPT-20260215-00522,P-0033,view,checkout_upsell,synthetic
INT-0005502,2026-02-15T16:14:31,RCPT-20260215-00522,P-0033,hover,checkout_upsell,synthetic
INT-0005503,2026-02-15T19:03:59,RCPT-20260215-00523,P-0048,view,checkout_upsell,synthetic
INT-0005504,2026-02-15T19:03:59,RCPT-20260215-00523,P-0048,hover,checkout_upsell,synthetic
INT-0005505,2026-02-15T19:03:59,RCPT-20260215-00523,P-0065,view,checkout_upsell,synthetic
INT-0005506,2026-02-15T19:03:59,RCPT-20260215-00523,P-0071,view,checkout_upsell,synthetic
INT-0005507,2026-02-15T19:03:59,RCPT-20260215-00523,P-0071,hover,checkout_upsell,synthetic
INT-0005508,2026-02-15T19:03:59,RCPT-20260215-00523,P-0020,view,checkout_upsell,synthetic
INT-0005509,2026-02-15T19:03:59,RCPT-20260215-00523,P-0020,hover,checkout_upsell,synthetic
INT-0005510,2026-02-15T19:03:59,RCPT-20260215-00523,P-0057,view,checkout_upsell,synthetic
INT-0005511,2026-02-15T19:03:59,RCPT-20260215-00523,P-0076,view,checkout_upsell,synthetic
INT-0005512,2026-02-15T19:03:59,RCPT-20260215-00523,P-0076,hover,checkout_upsell,synthetic
INT-0005513,2026-02-15T10:40:07,RCPT-20260215-00524,P-0069,view,checkout_upsell,synthetic
INT-0005514,2026-02-15T10:40:07,RCPT-20260215-00524,P-0069,hover,checkout_upsell,synthetic
INT-0005515,2026-02-15T10:40:07,RCPT-20260215-00524,P-0012,view,checkout_upsell,synthetic
INT-0005516,2026-02-15T10:40:07,RCPT-20260215-00524,P-0012,hover,checkout_upsell,synthetic
INT-0005517,2026-02-15T10:40:07,RCPT-20260215-00524,P-0068,view,checkout_upsell,synthetic
INT-0005518,2026-02-15T10:40:07,RCPT-20260215-00524,P-0068,hover,checkout_upsell,synthetic
INT-0005519,2026-02-15T10:40:07,RCPT-20260215-00524,P-0037,view,checkout_upsell,synthetic
INT-0005520,2026-02-15T10:40:07,RCPT-20260215-00524,P-0046,view,checkout_upsell,synthetic
INT-0005521,2026-02-15T10:40:07,RCPT-20260215-00524,P-0046,hover,checkout_upsell,synthetic
INT-0005522,2026-02-15T10:40:07,RCPT-20260215-00524,P-0014,view,checkout_upsell,synthetic
INT-0005523,2026-02-15T10:40:07,RCPT-20260215-00524,P-0014,click,checkout_upsell,synthetic
INT-0005524,2026-02-15T13:52:08,RCPT-20260215-00525,P-0040,view,checkout_upsell,synthetic
INT-0005525,2026-02-15T13:52:08,RCPT-20260215-00525,P-0040,hover,checkout_upsell,synthetic
INT-0005526,2026-02-15T13:52:08,RCPT-20260215-00525,P-0060,view,checkout_upsell,synthetic
INT-0005527,2026-02-15T13:52:08,RCPT-20260215-00525,P-0060,hover,checkout_upsell,synthetic
INT-0005528,2026-02-15T13:52:08,RCPT-20260215-00525,P-0064,view,checkout_upsell,synthetic
INT-0005529,2026-02-15T13:52:08,RCPT-20260215-00525,P-0007,view,checkout_upsell,synthetic
INT-0005530,2026-02-15T13:52:08,RCPT-20260215-00525,P-0075,view,checkout_upsell,synthetic
INT-0005531,2026-02-15T13:52:08,RCPT-20260215-00525,P-0075,hover,checkout_upsell,synthetic
INT-0005532,2026-02-15T13:52:08,RCPT-20260215-00525,P-0076,view,checkout_upsell,synthetic
INT-0005533,2026-02-15T13:52:08,RCPT-20260215-00525,P-0076,hover,checkout_upsell,synthetic
INT-0005534,2026-02-15T19:48:26,RCPT-20260215-00526,P-0048,view,checkout_upsell,synthetic
INT-0005535,2026-02-15T19:48:26,RCPT-20260215-00526,P-0048,hover,checkout_upsell,synthetic
INT-0005536,2026-02-15T19:48:26,RCPT-20260215-00526,P-0036,view,checkout_upsell,synthetic
INT-0005537,2026-02-15T19:48:26,RCPT-20260215-00526,P-0036,hover,checkout_upsell,synthetic
INT-0005538,2026-02-15T19:48:26,RCPT-20260215-00526,P-0019,view,checkout_upsell,synthetic
INT-0005539,2026-02-15T19:48:26,RCPT-20260215-00526,P-0066,view,checkout_upsell,synthetic
INT-0005540,2026-02-15T19:48:26,RCPT-20260215-00526,P-0066,hover,checkout_upsell,synthetic
INT-0005541,2026-02-15T19:48:26,RCPT-20260215-00526,P-0018,view,checkout_upsell,synthetic
INT-0005542,2026-02-15T19:48:26,RCPT-20260215-00526,P-0018,hover,checkout_upsell,synthetic
INT-0005543,2026-02-15T19:48:26,RCPT-20260215-00526,P-0018,click,checkout_upsell,synthetic
INT-0005544,2026-02-15T19:48:26,RCPT-20260215-00526,P-0072,view,checkout_upsell,synthetic
INT-0005545,2026-02-15T08:28:09,RCPT-20260215-00527,P-0011,view,checkout_upsell,synthetic
INT-0005546,2026-02-15T08:28:09,RCPT-20260215-00527,P-0011,hover,checkout_upsell,synthetic
INT-0005547,2026-02-15T08:28:09,RCPT-20260215-00527,P-0071,view,checkout_upsell,synthetic
INT-0005548,2026-02-15T08:28:09,RCPT-20260215-00527,P-0071,hover,checkout_upsell,synthetic
INT-0005549,2026-02-15T08:28:09,RCPT-20260215-00527,P-0041,view,checkout_upsell,synthetic
INT-0005550,2026-02-15T08:28:09,RCPT-20260215-00527,P-0041,hover,checkout_upsell,synthetic
INT-0005551,2026-02-15T08:28:09,RCPT-20260215-00527,P-0066,view,checkout_upsell,synthetic
INT-0005552,2026-02-15T08:28:09,RCPT-20260215-00527,P-0066,hover,checkout_upsell,synthetic
INT-0005553,2026-02-15T08:28:09,RCPT-20260215-00527,P-0066,click,checkout_upsell,synthetic
INT-0005554,2026-02-15T08:28:09,RCPT-20260215-00527,P-0017,view,checkout_upsell,synthetic
INT-0005555,2026-02-15T08:28:09,RCPT-20260215-00527,P-0039,view,checkout_upsell,synthetic
INT-0005556,2026-02-15T08:28:09,RCPT-20260215-00527,P-0039,hover,checkout_upsell,synthetic
INT-0005557,2026-02-15T22:41:09,RCPT-20260215-00528,P-0034,view,checkout_upsell,synthetic
INT-0005558,2026-02-15T22:41:09,RCPT-20260215-00528,P-0034,hover,checkout_upsell,synthetic
INT-0005559,2026-02-15T22:41:09,RCPT-20260215-00528,P-0021,view,checkout_upsell,synthetic
INT-0005560,2026-02-15T22:41:09,RCPT-20260215-00528,P-0021,hover,checkout_upsell,synthetic
INT-0005561,2026-02-15T22:41:09,RCPT-20260215-00528,P-0046,view,checkout_upsell,synthetic
INT-0005562,2026-02-15T22:41:09,RCPT-20260215-00528,P-0001,view,checkout_upsell,synthetic
INT-0005563,2026-02-15T22:41:09,RCPT-20260215-00528,P-0001,hover,checkout_upsell,synthetic
INT-0005564,2026-02-15T22:41:09,RCPT-20260215-00528,P-0039,view,checkout_upsell,synthetic
INT-0005565,2026-02-15T22:41:09,RCPT-20260215-00528,P-0039,hover,checkout_upsell,synthetic
INT-0005566,2026-02-15T22:41:09,RCPT-20260215-00528,P-0033,view,checkout_upsell,synthetic
INT-0005567,2026-02-15T19:25:28,RCPT-20260215-00529,P-0061,view,checkout_upsell,synthetic
INT-0005568,2026-02-15T19:25:28,RCPT-20260215-00529,P-0061,hover,checkout_upsell,synthetic
INT-0005569,2026-02-15T19:25:28,RCPT-20260215-00529,P-0061,click,checkout_upsell,synthetic
INT-0005570,2026-02-15T19:25:28,RCPT-20260215-00529,P-0040,view,checkout_upsell,synthetic
INT-0005571,2026-02-15T19:25:28,RCPT-20260215-00529,P-0001,view,checkout_upsell,synthetic
INT-0005572,2026-02-15T19:25:28,RCPT-20260215-00529,P-0001,hover,checkout_upsell,synthetic
INT-0005573,2026-02-15T19:25:28,RCPT-20260215-00529,P-0057,view,checkout_upsell,synthetic
INT-0005574,2026-02-15T19:25:28,RCPT-20260215-00529,P-0066,view,checkout_upsell,synthetic
INT-0005575,2026-02-15T19:25:28,RCPT-20260215-00529,P-0066,hover,checkout_upsell,synthetic
INT-0005576,2026-02-15T19:25:28,RCPT-20260215-00529,P-0047,view,checkout_upsell,synthetic
INT-0005577,2026-02-15T19:25:28,RCPT-20260215-00529,P-0047,hover,checkout_upsell,synthetic
INT-0005578,2026-02-15T16:34:18,RCPT-20260215-00530,P-0051,view,checkout_upsell,synthetic
INT-0005579,2026-02-15T16:34:18,RCPT-20260215-00530,P-0051,hover,checkout_upsell,synthetic
INT-0005580,2026-02-15T16:34:18,RCPT-20260215-00530,P-0050,view,checkout_upsell,synthetic
INT-0005581,2026-02-15T16:34:18,RCPT-20260215-00530,P-0050,hover,checkout_upsell,synthetic
INT-0005582,2026-02-15T16:34:18,RCPT-20260215-00530,P-0020,view,checkout_upsell,synthetic
INT-0005583,2026-02-15T16:34:18,RCPT-20260215-00530,P-0020,hover,checkout_upsell,synthetic
INT-0005584,2026-02-15T16:34:18,RCPT-20260215-00530,P-0020,click,checkout_upsell,synthetic
INT-0005585,2026-02-15T16:34:18,RCPT-20260215-00530,P-0014,view,checkout_upsell,synthetic
INT-0005586,2026-02-15T16:34:18,RCPT-20260215-00530,P-0014,hover,checkout_upsell,synthetic
INT-0005587,2026-02-15T16:34:18,RCPT-20260215-00530,P-0063,view,checkout_upsell,synthetic
INT-0005588,2026-02-15T16:34:18,RCPT-20260215-00530,P-0063,hover,checkout_upsell,synthetic
INT-0005589,2026-02-15T16:34:18,RCPT-20260215-00530,P-0039,view,checkout_upsell,synthetic
INT-0005590,2026-02-16T19:03:53,RCPT-20260216-00531,P-0040,view,checkout_upsell,synthetic
INT-0005591,2026-02-16T19:03:53,RCPT-20260216-00531,P-0040,hover,checkout_upsell,synthetic
INT-0005592,2026-02-16T19:03:53,RCPT-20260216-00531,P-0040,click,checkout_upsell,synthetic
INT-0005593,2026-02-16T19:03:53,RCPT-20260216-00531,P-0003,view,checkout_upsell,synthetic
INT-0005594,2026-02-16T19:03:53,RCPT-20260216-00531,P-0046,view,checkout_upsell,synthetic
INT-0005595,2026-02-16T19:03:53,RCPT-20260216-00531,P-0002,view,checkout_upsell,synthetic
INT-0005596,2026-02-16T19:03:53,RCPT-20260216-00531,P-0002,click,checkout_upsell,synthetic
INT-0005597,2026-02-16T19:03:53,RCPT-20260216-00531,P-0072,view,checkout_upsell,synthetic
INT-0005598,2026-02-16T19:03:53,RCPT-20260216-00531,P-0072,hover,checkout_upsell,synthetic
INT-0005599,2026-02-16T19:03:53,RCPT-20260216-00531,P-0062,view,checkout_upsell,synthetic
INT-0005600,2026-02-16T19:03:53,RCPT-20260216-00531,P-0062,hover,checkout_upsell,synthetic
INT-0005601,2026-02-16T17:36:45,RCPT-20260216-00532,P-0034,view,checkout_upsell,synthetic
INT-0005602,2026-02-16T17:36:45,RCPT-20260216-00532,P-0006,view,checkout_upsell,synthetic
INT-0005603,2026-02-16T17:36:45,RCPT-20260216-00532,P-0006,hover,checkout_upsell,synthetic
INT-0005604,2026-02-16T17:36:45,RCPT-20260216-00532,P-0060,view,checkout_upsell,synthetic
INT-0005605,2026-02-16T17:36:45,RCPT-20260216-00532,P-0060,hover,checkout_upsell,synthetic
INT-0005606,2026-02-16T17:36:45,RCPT-20260216-00532,P-0003,view,checkout_upsell,synthetic
INT-0005607,2026-02-16T17:36:45,RCPT-20260216-00532,P-0056,view,checkout_upsell,synthetic
INT-0005608,2026-02-16T17:36:45,RCPT-20260216-00532,P-0056,hover,checkout_upsell,synthetic
INT-0005609,2026-02-16T17:36:45,RCPT-20260216-00532,P-0055,view,checkout_upsell,synthetic
INT-0005610,2026-02-16T17:36:45,RCPT-20260216-00532,P-0055,click,checkout_upsell,synthetic
INT-0005611,2026-02-16T21:49:23,RCPT-20260216-00533,P-0027,view,checkout_upsell,synthetic
INT-0005612,2026-02-16T21:49:23,RCPT-20260216-00533,P-0071,view,checkout_upsell,synthetic
INT-0005613,2026-02-16T21:49:23,RCPT-20260216-00533,P-0071,hover,checkout_upsell,synthetic
INT-0005614,2026-02-16T21:49:23,RCPT-20260216-00533,P-0071,click,checkout_upsell,synthetic
INT-0005615,2026-02-16T21:49:23,RCPT-20260216-00533,P-0041,view,checkout_upsell,synthetic
INT-0005616,2026-02-16T21:49:23,RCPT-20260216-00533,P-0041,hover,checkout_upsell,synthetic
INT-0005617,2026-02-16T21:49:23,RCPT-20260216-00533,P-0032,view,checkout_upsell,synthetic
INT-0005618,2026-02-16T21:49:23,RCPT-20260216-00533,P-0032,hover,checkout_upsell,synthetic
INT-0005619,2026-02-16T21:49:23,RCPT-20260216-00533,P-0062,view,checkout_upsell,synthetic
INT-0005620,2026-02-16T21:49:23,RCPT-20260216-00533,P-0062,hover,checkout_upsell,synthetic
INT-0005621,2026-02-16T21:49:23,RCPT-20260216-00533,P-0052,view,checkout_upsell,synthetic
INT-0005622,2026-02-16T18:33:25,RCPT-20260216-00534,P-0008,view,checkout_upsell,synthetic
INT-0005623,2026-02-16T18:33:25,RCPT-20260216-00534,P-0008,hover,checkout_upsell,synthetic
INT-0005624,2026-02-16T18:33:25,RCPT-20260216-00534,P-0010,view,checkout_upsell,synthetic
INT-0005625,2026-02-16T18:33:25,RCPT-20260216-00534,P-0010,hover,checkout_upsell,synthetic
INT-0005626,2026-02-16T18:33:25,RCPT-20260216-00534,P-0020,view,checkout_upsell,synthetic
INT-0005627,2026-02-16T18:33:25,RCPT-20260216-00534,P-0020,hover,checkout_upsell,synthetic
INT-0005628,2026-02-16T18:33:25,RCPT-20260216-00534,P-0066,view,checkout_upsell,synthetic
INT-0005629,2026-02-16T18:33:25,RCPT-20260216-00534,P-0017,view,checkout_upsell,synthetic
INT-0005630,2026-02-16T18:33:25,RCPT-20260216-00534,P-0017,hover,checkout_upsell,synthetic
INT-0005631,2026-02-16T18:33:25,RCPT-20260216-00534,P-0017,click,checkout_upsell,synthetic
INT-0005632,2026-02-16T18:33:25,RCPT-20260216-00534,P-0039,view,checkout_upsell,synthetic
INT-0005633,2026-02-16T18:33:25,RCPT-20260216-00534,P-0039,hover,checkout_upsell,synthetic
INT-0005634,2026-02-16T15:45:29,RCPT-20260216-00535,P-0065,view,checkout_upsell,synthetic
INT-0005635,2026-02-16T15:45:29,RCPT-20260216-00535,P-0065,hover,checkout_upsell,synthetic
INT-0005636,2026-02-16T15:45:29,RCPT-20260216-00535,P-0056,view,checkout_upsell,synthetic
INT-0005637,2026-02-16T15:45:29,RCPT-20260216-00535,P-0056,hover,checkout_upsell,synthetic
INT-0005638,2026-02-16T15:45:29,RCPT-20260216-00535,P-0056,click,checkout_upsell,synthetic
INT-0005639,2026-02-16T15:45:29,RCPT-20260216-00535,P-0019,view,checkout_upsell,synthetic
INT-0005640,2026-02-16T15:45:29,RCPT-20260216-00535,P-0019,hover,checkout_upsell,synthetic
INT-0005641,2026-02-16T15:45:29,RCPT-20260216-00535,P-0075,view,checkout_upsell,synthetic
INT-0005642,2026-02-16T15:45:29,RCPT-20260216-00535,P-0047,view,checkout_upsell,synthetic
INT-0005643,2026-02-16T15:45:29,RCPT-20260216-00535,P-0047,hover,checkout_upsell,synthetic
INT-0005644,2026-02-16T15:45:29,RCPT-20260216-00535,P-0044,view,checkout_upsell,synthetic
INT-0005645,2026-02-16T09:07:23,RCPT-20260216-00536,P-0008,view,checkout_upsell,synthetic
INT-0005646,2026-02-16T09:07:23,RCPT-20260216-00536,P-0002,view,checkout_upsell,synthetic
INT-0005647,2026-02-16T09:07:23,RCPT-20260216-00536,P-0041,view,checkout_upsell,synthetic
INT-0005648,2026-02-16T09:07:23,RCPT-20260216-00536,P-0005,view,checkout_upsell,synthetic
INT-0005649,2026-02-16T09:07:23,RCPT-20260216-00536,P-0005,hover,checkout_upsell,synthetic
INT-0005650,2026-02-16T09:07:23,RCPT-20260216-00536,P-0052,view,checkout_upsell,synthetic
INT-0005651,2026-02-16T09:07:23,RCPT-20260216-00536,P-0052,hover,checkout_upsell,synthetic
INT-0005652,2026-02-16T09:07:23,RCPT-20260216-00536,P-0053,view,checkout_upsell,synthetic
INT-0005653,2026-02-16T09:07:23,RCPT-20260216-00536,P-0053,hover,checkout_upsell,synthetic
INT-0005654,2026-02-16T17:26:03,RCPT-20260216-00537,P-0036,view,checkout_upsell,synthetic
INT-0005655,2026-02-16T17:26:03,RCPT-20260216-00537,P-0036,hover,checkout_upsell,synthetic
INT-0005656,2026-02-16T17:26:03,RCPT-20260216-00537,P-0008,view,checkout_upsell,synthetic
INT-0005657,2026-02-16T17:26:03,RCPT-20260216-00537,P-0014,view,checkout_upsell,synthetic
INT-0005658,2026-02-16T17:26:03,RCPT-20260216-00537,P-0014,hover,checkout_upsell,synthetic
INT-0005659,2026-02-16T17:26:03,RCPT-20260216-00537,P-0014,click,checkout_upsell,synthetic
INT-0005660,2026-02-16T17:26:03,RCPT-20260216-00537,P-0042,view,checkout_upsell,synthetic
INT-0005661,2026-02-16T17:26:03,RCPT-20260216-00537,P-0042,hover,checkout_upsell,synthetic
INT-0005662,2026-02-16T17:26:03,RCPT-20260216-00537,P-0018,view,checkout_upsell,synthetic
INT-0005663,2026-02-16T17:26:03,RCPT-20260216-00537,P-0063,view,checkout_upsell,synthetic
INT-0005664,2026-02-16T17:26:03,RCPT-20260216-00537,P-0063,hover,checkout_upsell,synthetic
INT-0005665,2026-02-16T22:21:50,RCPT-20260216-00538,P-0006,view,checkout_upsell,synthetic
INT-0005666,2026-02-16T22:21:50,RCPT-20260216-00538,P-0006,hover,checkout_upsell,synthetic
INT-0005667,2026-02-16T22:21:50,RCPT-20260216-00538,P-0056,view,checkout_upsell,synthetic
INT-0005668,2026-02-16T22:21:50,RCPT-20260216-00538,P-0056,hover,checkout_upsell,synthetic
INT-0005669,2026-02-16T22:21:50,RCPT-20260216-00538,P-0055,view,checkout_upsell,synthetic
INT-0005670,2026-02-16T22:21:50,RCPT-20260216-00538,P-0007,view,checkout_upsell,synthetic
INT-0005671,2026-02-16T22:21:50,RCPT-20260216-00538,P-0007,hover,checkout_upsell,synthetic
INT-0005672,2026-02-16T22:21:50,RCPT-20260216-00538,P-0007,click,checkout_upsell,synthetic
INT-0005673,2026-02-16T22:21:50,RCPT-20260216-00538,P-0076,view,checkout_upsell,synthetic
INT-0005674,2026-02-16T22:21:50,RCPT-20260216-00538,P-0016,view,checkout_upsell,synthetic
INT-0005675,2026-02-16T22:21:50,RCPT-20260216-00538,P-0016,hover,checkout_upsell,synthetic
INT-0005676,2026-02-16T14:14:57,RCPT-20260216-00539,P-0040,view,checkout_upsell,synthetic
INT-0005677,2026-02-16T14:14:57,RCPT-20260216-00539,P-0040,hover,checkout_upsell,synthetic
INT-0005678,2026-02-16T14:14:57,RCPT-20260216-00539,P-0006,view,checkout_upsell,synthetic
INT-0005679,2026-02-16T14:14:57,RCPT-20260216-00539,P-0006,click,checkout_upsell,synthetic
INT-0005680,2026-02-16T14:14:57,RCPT-20260216-00539,P-0059,view,checkout_upsell,synthetic
INT-0005681,2026-02-16T14:14:57,RCPT-20260216-00539,P-0070,view,checkout_upsell,synthetic
INT-0005682,2026-02-16T14:14:57,RCPT-20260216-00539,P-0070,hover,checkout_upsell,synthetic
INT-0005683,2026-02-16T14:14:57,RCPT-20260216-00539,P-0072,view,checkout_upsell,synthetic
INT-0005684,2026-02-16T14:14:57,RCPT-20260216-00539,P-0072,hover,checkout_upsell,synthetic
INT-0005685,2026-02-16T14:14:57,RCPT-20260216-00539,P-0062,view,checkout_upsell,synthetic
INT-0005686,2026-02-16T14:14:57,RCPT-20260216-00539,P-0062,hover,checkout_upsell,synthetic
INT-0005687,2026-02-16T18:35:05,RCPT-20260216-00540,P-0037,view,checkout_upsell,synthetic
INT-0005688,2026-02-16T18:35:05,RCPT-20260216-00540,P-0076,view,checkout_upsell,synthetic
INT-0005689,2026-02-16T18:35:05,RCPT-20260216-00540,P-0076,hover,checkout_upsell,synthetic
INT-0005690,2026-02-16T18:35:05,RCPT-20260216-00540,P-0005,view,checkout_upsell,synthetic
INT-0005691,2026-02-16T18:35:05,RCPT-20260216-00540,P-0005,hover,checkout_upsell,synthetic
INT-0005692,2026-02-16T18:35:05,RCPT-20260216-00540,P-0005,click,checkout_upsell,synthetic
INT-0005693,2026-02-16T18:35:05,RCPT-20260216-00540,P-0031,view,checkout_upsell,synthetic
INT-0005694,2026-02-16T18:35:05,RCPT-20260216-00540,P-0031,hover,checkout_upsell,synthetic
INT-0005695,2026-02-16T18:35:05,RCPT-20260216-00540,P-0004,view,checkout_upsell,synthetic
INT-0005696,2026-02-16T18:35:05,RCPT-20260216-00540,P-0004,hover,checkout_upsell,synthetic
INT-0005697,2026-02-16T18:35:05,RCPT-20260216-00540,P-0004,click,checkout_upsell,synthetic
INT-0005698,2026-02-16T18:35:05,RCPT-20260216-00540,P-0022,view,checkout_upsell,synthetic
INT-0005699,2026-02-16T18:35:05,RCPT-20260216-00540,P-0022,click,checkout_upsell,synthetic
INT-0005700,2026-02-16T11:53:45,RCPT-20260216-00541,P-0061,view,checkout_upsell,synthetic
INT-0005701,2026-02-16T11:53:45,RCPT-20260216-00541,P-0061,hover,checkout_upsell,synthetic
INT-0005702,2026-02-16T11:53:45,RCPT-20260216-00541,P-0060,view,checkout_upsell,synthetic
INT-0005703,2026-02-16T11:53:45,RCPT-20260216-00541,P-0060,hover,checkout_upsell,synthetic
INT-0005704,2026-02-16T11:53:45,RCPT-20260216-00541,P-0003,view,checkout_upsell,synthetic
INT-0005705,2026-02-16T11:53:45,RCPT-20260216-00541,P-0073,view,checkout_upsell,synthetic
INT-0005706,2026-02-16T11:53:45,RCPT-20260216-00541,P-0073,hover,checkout_upsell,synthetic
INT-0005707,2026-02-16T11:53:45,RCPT-20260216-00541,P-0073,click,checkout_upsell,synthetic
INT-0005708,2026-02-16T11:53:45,RCPT-20260216-00541,P-0032,view,checkout_upsell,synthetic
INT-0005709,2026-02-16T11:53:45,RCPT-20260216-00541,P-0032,hover,checkout_upsell,synthetic
INT-0005710,2026-02-16T11:53:45,RCPT-20260216-00541,P-0062,view,checkout_upsell,synthetic
INT-0005711,2026-02-16T14:16:05,RCPT-20260216-00542,P-0048,view,checkout_upsell,synthetic
INT-0005712,2026-02-16T14:16:05,RCPT-20260216-00542,P-0048,hover,checkout_upsell,synthetic
INT-0005713,2026-02-16T14:16:05,RCPT-20260216-00542,P-0069,view,checkout_upsell,synthetic
INT-0005714,2026-02-16T14:16:05,RCPT-20260216-00542,P-0037,view,checkout_upsell,synthetic
INT-0005715,2026-02-16T14:16:05,RCPT-20260216-00542,P-0054,view,checkout_upsell,synthetic
INT-0005716,2026-02-16T14:16:05,RCPT-20260216-00542,P-0054,hover,checkout_upsell,synthetic
INT-0005717,2026-02-16T14:16:05,RCPT-20260216-00542,P-0042,view,checkout_upsell,synthetic
INT-0005718,2026-02-16T14:16:05,RCPT-20260216-00542,P-0042,hover,checkout_upsell,synthetic
INT-0005719,2026-02-16T14:16:05,RCPT-20260216-00542,P-0076,view,checkout_upsell,synthetic
INT-0005720,2026-02-16T14:16:05,RCPT-20260216-00542,P-0076,hover,checkout_upsell,synthetic
INT-0005721,2026-02-17T09:20:09,RCPT-20260217-00543,P-0061,view,checkout_upsell,synthetic
INT-0005722,2026-02-17T09:20:09,RCPT-20260217-00543,P-0036,view,checkout_upsell,synthetic
INT-0005723,2026-02-17T09:20:09,RCPT-20260217-00543,P-0036,hover,checkout_upsell,synthetic
INT-0005724,2026-02-17T09:20:09,RCPT-20260217-00543,P-0036,click,checkout_upsell,synthetic
INT-0005725,2026-02-17T09:20:09,RCPT-20260217-00543,P-0015,view,checkout_upsell,synthetic
INT-0005726,2026-02-17T09:20:09,RCPT-20260217-00543,P-0020,view,checkout_upsell,synthetic
INT-0005727,2026-02-17T09:20:09,RCPT-20260217-00543,P-0058,view,checkout_upsell,synthetic
INT-0005728,2026-02-17T09:20:09,RCPT-20260217-00543,P-0024,view,checkout_upsell,synthetic
INT-0005729,2026-02-17T09:20:09,RCPT-20260217-00543,P-0024,hover,checkout_upsell,synthetic
INT-0005730,2026-02-17T08:20:29,RCPT-20260217-00544,P-0034,view,checkout_upsell,synthetic
INT-0005731,2026-02-17T08:20:29,RCPT-20260217-00544,P-0034,hover,checkout_upsell,synthetic
INT-0005732,2026-02-17T08:20:29,RCPT-20260217-00544,P-0015,view,checkout_upsell,synthetic
INT-0005733,2026-02-17T08:20:29,RCPT-20260217-00544,P-0015,hover,checkout_upsell,synthetic
INT-0005734,2026-02-17T08:20:29,RCPT-20260217-00544,P-0068,view,checkout_upsell,synthetic
INT-0005735,2026-02-17T08:20:29,RCPT-20260217-00544,P-0068,hover,checkout_upsell,synthetic
INT-0005736,2026-02-17T08:20:29,RCPT-20260217-00544,P-0035,view,checkout_upsell,synthetic
INT-0005737,2026-02-17T08:20:29,RCPT-20260217-00544,P-0070,view,checkout_upsell,synthetic
INT-0005738,2026-02-17T08:20:29,RCPT-20260217-00544,P-0007,view,checkout_upsell,synthetic
INT-0005739,2026-02-17T08:20:29,RCPT-20260217-00544,P-0007,hover,checkout_upsell,synthetic
INT-0005740,2026-02-17T08:20:29,RCPT-20260217-00544,P-0007,click,checkout_upsell,synthetic
INT-0005741,2026-02-17T16:41:50,RCPT-20260217-00545,P-0025,view,checkout_upsell,synthetic
INT-0005742,2026-02-17T16:41:50,RCPT-20260217-00545,P-0025,hover,checkout_upsell,synthetic
INT-0005743,2026-02-17T16:41:50,RCPT-20260217-00545,P-0060,view,checkout_upsell,synthetic
INT-0005744,2026-02-17T16:41:50,RCPT-20260217-00545,P-0060,hover,checkout_upsell,synthetic
INT-0005745,2026-02-17T16:41:50,RCPT-20260217-00545,P-0059,view,checkout_upsell,synthetic
INT-0005746,2026-02-17T16:41:50,RCPT-20260217-00545,P-0059,hover,checkout_upsell,synthetic
INT-0005747,2026-02-17T16:41:50,RCPT-20260217-00545,P-0054,view,checkout_upsell,synthetic
INT-0005748,2026-02-17T16:41:50,RCPT-20260217-00545,P-0054,hover,checkout_upsell,synthetic
INT-0005749,2026-02-17T16:41:50,RCPT-20260217-00545,P-0046,view,checkout_upsell,synthetic
INT-0005750,2026-02-17T16:41:50,RCPT-20260217-00545,P-0046,hover,checkout_upsell,synthetic
INT-0005751,2026-02-17T16:41:50,RCPT-20260217-00545,P-0027,view,checkout_upsell,synthetic
INT-0005752,2026-02-17T16:10:50,RCPT-20260217-00546,P-0054,view,checkout_upsell,synthetic
INT-0005753,2026-02-17T16:10:50,RCPT-20260217-00546,P-0054,hover,checkout_upsell,synthetic
INT-0005754,2026-02-17T16:10:50,RCPT-20260217-00546,P-0010,view,checkout_upsell,synthetic
INT-0005755,2026-02-17T16:10:50,RCPT-20260217-00546,P-0005,view,checkout_upsell,synthetic
INT-0005756,2026-02-17T16:10:50,RCPT-20260217-00546,P-0005,hover,checkout_upsell,synthetic
INT-0005757,2026-02-17T16:10:50,RCPT-20260217-00546,P-0045,view,checkout_upsell,synthetic
INT-0005758,2026-02-17T16:10:50,RCPT-20260217-00546,P-0049,view,checkout_upsell,synthetic
INT-0005759,2026-02-17T16:10:50,RCPT-20260217-00546,P-0049,hover,checkout_upsell,synthetic
INT-0005760,2026-02-17T16:10:50,RCPT-20260217-00546,P-0062,view,checkout_upsell,synthetic
INT-0005761,2026-02-17T16:10:50,RCPT-20260217-00546,P-0062,hover,checkout_upsell,synthetic
INT-0005762,2026-02-17T22:58:30,RCPT-20260217-00547,P-0025,view,checkout_upsell,synthetic
INT-0005763,2026-02-17T22:58:30,RCPT-20260217-00547,P-0025,hover,checkout_upsell,synthetic
INT-0005764,2026-02-17T22:58:30,RCPT-20260217-00547,P-0060,view,checkout_upsell,synthetic
INT-0005765,2026-02-17T22:58:30,RCPT-20260217-00547,P-0060,hover,checkout_upsell,synthetic
INT-0005766,2026-02-17T22:58:30,RCPT-20260217-00547,P-0066,view,checkout_upsell,synthetic
INT-0005767,2026-02-17T22:58:30,RCPT-20260217-00547,P-0066,hover,checkout_upsell,synthetic
INT-0005768,2026-02-17T22:58:30,RCPT-20260217-00547,P-0064,view,checkout_upsell,synthetic
INT-0005769,2026-02-17T22:58:30,RCPT-20260217-00547,P-0064,hover,checkout_upsell,synthetic
INT-0005770,2026-02-17T22:58:30,RCPT-20260217-00547,P-0049,view,checkout_upsell,synthetic
INT-0005771,2026-02-17T22:58:30,RCPT-20260217-00547,P-0049,hover,checkout_upsell,synthetic
INT-0005772,2026-02-17T22:58:30,RCPT-20260217-00547,P-0039,view,checkout_upsell,synthetic
INT-0005773,2026-02-17T22:58:30,RCPT-20260217-00547,P-0039,hover,checkout_upsell,synthetic
INT-0005774,2026-02-17T12:05:25,RCPT-20260217-00548,P-0021,view,checkout_upsell,synthetic
INT-0005775,2026-02-17T12:05:25,RCPT-20260217-00548,P-0021,hover,checkout_upsell,synthetic
INT-0005776,2026-02-17T12:05:25,RCPT-20260217-00548,P-0054,view,checkout_upsell,synthetic
INT-0005777,2026-02-17T12:05:25,RCPT-20260217-00548,P-0027,view,checkout_upsell,synthetic
INT-0005778,2026-02-17T12:05:25,RCPT-20260217-00548,P-0019,view,checkout_upsell,synthetic
INT-0005779,2026-02-17T12:05:25,RCPT-20260217-00548,P-0019,hover,checkout_upsell,synthetic
INT-0005780,2026-02-17T12:05:25,RCPT-20260217-00548,P-0071,view,checkout_upsell,synthetic
INT-0005781,2026-02-17T12:05:25,RCPT-20260217-00548,P-0071,hover,checkout_upsell,synthetic
INT-0005782,2026-02-17T12:05:25,RCPT-20260217-00548,P-0009,view,checkout_upsell,synthetic
INT-0005783,2026-02-17T12:05:25,RCPT-20260217-00548,P-0009,hover,checkout_upsell,synthetic
INT-0005784,2026-02-17T13:13:29,RCPT-20260217-00549,P-0029,view,checkout_upsell,synthetic
INT-0005785,2026-02-17T13:13:29,RCPT-20260217-00549,P-0066,view,checkout_upsell,synthetic
INT-0005786,2026-02-17T13:13:29,RCPT-20260217-00549,P-0066,hover,checkout_upsell,synthetic
INT-0005787,2026-02-17T13:13:29,RCPT-20260217-00549,P-0045,view,checkout_upsell,synthetic
INT-0005788,2026-02-17T13:13:29,RCPT-20260217-00549,P-0045,hover,checkout_upsell,synthetic
INT-0005789,2026-02-17T13:13:29,RCPT-20260217-00549,P-0045,click,checkout_upsell,synthetic
INT-0005790,2026-02-17T13:13:29,RCPT-20260217-00549,P-0049,view,checkout_upsell,synthetic
INT-0005791,2026-02-17T13:13:29,RCPT-20260217-00549,P-0062,view,checkout_upsell,synthetic
INT-0005792,2026-02-17T13:13:29,RCPT-20260217-00549,P-0063,view,checkout_upsell,synthetic
INT-0005793,2026-02-17T16:05:50,RCPT-20260217-00550,P-0061,view,checkout_upsell,synthetic
INT-0005794,2026-02-17T16:05:50,RCPT-20260217-00550,P-0061,hover,checkout_upsell,synthetic
INT-0005795,2026-02-17T16:05:50,RCPT-20260217-00550,P-0069,view,checkout_upsell,synthetic
INT-0005796,2026-02-17T16:05:50,RCPT-20260217-00550,P-0069,hover,checkout_upsell,synthetic
INT-0005797,2026-02-17T16:05:50,RCPT-20260217-00550,P-0068,view,checkout_upsell,synthetic
INT-0005798,2026-02-17T16:05:50,RCPT-20260217-00550,P-0068,hover,checkout_upsell,synthetic
INT-0005799,2026-02-17T16:05:50,RCPT-20260217-00550,P-0001,view,checkout_upsell,synthetic
INT-0005800,2026-02-17T16:05:50,RCPT-20260217-00550,P-0001,click,checkout_upsell,synthetic
INT-0005801,2026-02-17T16:05:50,RCPT-20260217-00550,P-0041,view,checkout_upsell,synthetic
INT-0005802,2026-02-17T16:05:50,RCPT-20260217-00550,P-0041,hover,checkout_upsell,synthetic
INT-0005803,2026-02-17T16:05:50,RCPT-20260217-00550,P-0072,view,checkout_upsell,synthetic
INT-0005804,2026-02-17T16:05:50,RCPT-20260217-00550,P-0072,hover,checkout_upsell,synthetic
INT-0005805,2026-02-17T08:14:47,RCPT-20260217-00551,P-0065,view,checkout_upsell,synthetic
INT-0005806,2026-02-17T08:14:47,RCPT-20260217-00551,P-0065,hover,checkout_upsell,synthetic
INT-0005807,2026-02-17T08:14:47,RCPT-20260217-00551,P-0065,click,checkout_upsell,synthetic
INT-0005808,2026-02-17T08:14:47,RCPT-20260217-00551,P-0036,view,checkout_upsell,synthetic
INT-0005809,2026-02-17T08:14:47,RCPT-20260217-00551,P-0060,view,checkout_upsell,synthetic
INT-0005810,2026-02-17T08:14:47,RCPT-20260217-00551,P-0060,click,checkout_upsell,synthetic
INT-0005811,2026-02-17T08:14:47,RCPT-20260217-00551,P-0001,view,checkout_upsell,synthetic
INT-0005812,2026-02-17T08:14:47,RCPT-20260217-00551,P-0014,view,checkout_upsell,synthetic
INT-0005813,2026-02-17T08:14:47,RCPT-20260217-00551,P-0014,hover,checkout_upsell,synthetic
INT-0005814,2026-02-17T08:14:47,RCPT-20260217-00551,P-0042,view,checkout_upsell,synthetic
INT-0005815,2026-02-17T08:17:31,RCPT-20260217-00552,P-0036,view,checkout_upsell,synthetic
INT-0005816,2026-02-17T08:17:31,RCPT-20260217-00552,P-0036,hover,checkout_upsell,synthetic
INT-0005817,2026-02-17T08:17:31,RCPT-20260217-00552,P-0011,view,checkout_upsell,synthetic
INT-0005818,2026-02-17T08:17:31,RCPT-20260217-00552,P-0002,view,checkout_upsell,synthetic
INT-0005819,2026-02-17T08:17:31,RCPT-20260217-00552,P-0002,hover,checkout_upsell,synthetic
INT-0005820,2026-02-17T08:17:31,RCPT-20260217-00552,P-0066,view,checkout_upsell,synthetic
INT-0005821,2026-02-17T08:17:31,RCPT-20260217-00552,P-0066,hover,checkout_upsell,synthetic
INT-0005822,2026-02-17T08:17:31,RCPT-20260217-00552,P-0026,view,checkout_upsell,synthetic
INT-0005823,2026-02-17T08:17:31,RCPT-20260217-00552,P-0026,hover,checkout_upsell,synthetic
INT-0005824,2026-02-17T08:17:31,RCPT-20260217-00552,P-0022,view,checkout_upsell,synthetic
INT-0005825,2026-02-17T08:17:31,RCPT-20260217-00552,P-0022,hover,checkout_upsell,synthetic
INT-0005826,2026-02-17T08:17:31,RCPT-20260217-00552,P-0022,click,checkout_upsell,synthetic
INT-0005827,2026-02-17T09:37:08,RCPT-20260217-00553,P-0069,view,checkout_upsell,synthetic
INT-0005828,2026-02-17T09:37:08,RCPT-20260217-00553,P-0069,click,checkout_upsell,synthetic
INT-0005829,2026-02-17T09:37:08,RCPT-20260217-00553,P-0050,view,checkout_upsell,synthetic
INT-0005830,2026-02-17T09:37:08,RCPT-20260217-00553,P-0050,hover,checkout_upsell,synthetic
INT-0005831,2026-02-17T09:37:08,RCPT-20260217-00553,P-0015,view,checkout_upsell,synthetic
INT-0005832,2026-02-17T09:37:08,RCPT-20260217-00553,P-0015,hover,checkout_upsell,synthetic
INT-0005833,2026-02-17T09:37:08,RCPT-20260217-00553,P-0001,view,checkout_upsell,synthetic
INT-0005834,2026-02-17T09:37:08,RCPT-20260217-00553,P-0001,hover,checkout_upsell,synthetic
INT-0005835,2026-02-17T09:37:08,RCPT-20260217-00553,P-0041,view,checkout_upsell,synthetic
INT-0005836,2026-02-17T09:37:08,RCPT-20260217-00553,P-0032,view,checkout_upsell,synthetic
INT-0005837,2026-02-17T09:37:08,RCPT-20260217-00553,P-0032,hover,checkout_upsell,synthetic
INT-0005838,2026-02-17T18:43:41,RCPT-20260217-00554,P-0074,view,checkout_upsell,synthetic
INT-0005839,2026-02-17T18:43:41,RCPT-20260217-00554,P-0074,hover,checkout_upsell,synthetic
INT-0005840,2026-02-17T18:43:41,RCPT-20260217-00554,P-0074,click,checkout_upsell,synthetic
INT-0005841,2026-02-17T18:43:41,RCPT-20260217-00554,P-0037,view,checkout_upsell,synthetic
INT-0005842,2026-02-17T18:43:41,RCPT-20260217-00554,P-0037,click,checkout_upsell,synthetic
INT-0005843,2026-02-17T18:43:41,RCPT-20260217-00554,P-0003,view,checkout_upsell,synthetic
INT-0005844,2026-02-17T18:43:41,RCPT-20260217-00554,P-0070,view,checkout_upsell,synthetic
INT-0005845,2026-02-17T18:43:41,RCPT-20260217-00554,P-0070,hover,checkout_upsell,synthetic
INT-0005846,2026-02-17T18:43:41,RCPT-20260217-00554,P-0064,view,checkout_upsell,synthetic
INT-0005847,2026-02-17T18:43:41,RCPT-20260217-00554,P-0064,hover,checkout_upsell,synthetic
INT-0005848,2026-02-17T18:43:41,RCPT-20260217-00554,P-0044,view,checkout_upsell,synthetic
INT-0005849,2026-02-17T18:43:41,RCPT-20260217-00554,P-0044,hover,checkout_upsell,synthetic
INT-0005850,2026-02-17T08:25:12,RCPT-20260217-00555,P-0050,view,checkout_upsell,synthetic
INT-0005851,2026-02-17T08:25:12,RCPT-20260217-00555,P-0017,view,checkout_upsell,synthetic
INT-0005852,2026-02-17T08:25:12,RCPT-20260217-00555,P-0017,hover,checkout_upsell,synthetic
INT-0005853,2026-02-17T08:25:12,RCPT-20260217-00555,P-0064,view,checkout_upsell,synthetic
INT-0005854,2026-02-17T08:25:12,RCPT-20260217-00555,P-0064,hover,checkout_upsell,synthetic
INT-0005855,2026-02-17T08:25:12,RCPT-20260217-00555,P-0064,click,checkout_upsell,synthetic
INT-0005856,2026-02-17T08:25:12,RCPT-20260217-00555,P-0004,view,checkout_upsell,synthetic
INT-0005857,2026-02-17T08:25:12,RCPT-20260217-00555,P-0004,hover,checkout_upsell,synthetic
INT-0005858,2026-02-17T08:25:12,RCPT-20260217-00555,P-0072,view,checkout_upsell,synthetic
INT-0005859,2026-02-17T08:25:12,RCPT-20260217-00555,P-0072,hover,checkout_upsell,synthetic
INT-0005860,2026-02-17T08:25:12,RCPT-20260217-00555,P-0062,view,checkout_upsell,synthetic
INT-0005861,2026-02-17T08:25:12,RCPT-20260217-00555,P-0062,hover,checkout_upsell,synthetic
INT-0005862,2026-02-17T18:40:06,RCPT-20260217-00556,P-0034,view,checkout_upsell,synthetic
INT-0005863,2026-02-17T18:40:06,RCPT-20260217-00556,P-0034,hover,checkout_upsell,synthetic
INT-0005864,2026-02-17T18:40:06,RCPT-20260217-00556,P-0056,view,checkout_upsell,synthetic
INT-0005865,2026-02-17T18:40:06,RCPT-20260217-00556,P-0010,view,checkout_upsell,synthetic
INT-0005866,2026-02-17T18:40:06,RCPT-20260217-00556,P-0010,hover,checkout_upsell,synthetic
INT-0005867,2026-02-17T18:40:06,RCPT-20260217-00556,P-0046,view,checkout_upsell,synthetic
INT-0005868,2026-02-17T18:40:06,RCPT-20260217-00556,P-0046,hover,checkout_upsell,synthetic
INT-0005869,2026-02-17T18:40:06,RCPT-20260217-00556,P-0045,view,checkout_upsell,synthetic
INT-0005870,2026-02-17T18:40:06,RCPT-20260217-00556,P-0004,view,checkout_upsell,synthetic
INT-0005871,2026-02-17T18:40:06,RCPT-20260217-00556,P-0004,hover,checkout_upsell,synthetic
INT-0005872,2026-02-18T15:15:21,RCPT-20260218-00557,P-0008,view,checkout_upsell,synthetic
INT-0005873,2026-02-18T15:15:21,RCPT-20260218-00557,P-0008,hover,checkout_upsell,synthetic
INT-0005874,2026-02-18T15:15:21,RCPT-20260218-00557,P-0006,view,checkout_upsell,synthetic
INT-0005875,2026-02-18T15:15:21,RCPT-20260218-00557,P-0046,view,checkout_upsell,synthetic
INT-0005876,2026-02-18T15:15:21,RCPT-20260218-00557,P-0046,hover,checkout_upsell,synthetic
INT-0005877,2026-02-18T15:15:21,RCPT-20260218-00557,P-0014,view,checkout_upsell,synthetic
INT-0005878,2026-02-18T15:15:21,RCPT-20260218-00557,P-0014,hover,checkout_upsell,synthetic
INT-0005879,2026-02-18T15:15:21,RCPT-20260218-00557,P-0044,view,checkout_upsell,synthetic
INT-0005880,2026-02-18T15:15:21,RCPT-20260218-00557,P-0044,hover,checkout_upsell,synthetic
INT-0005881,2026-02-18T15:15:21,RCPT-20260218-00557,P-0016,view,checkout_upsell,synthetic
INT-0005882,2026-02-18T13:56:54,RCPT-20260218-00558,P-0048,view,checkout_upsell,synthetic
INT-0005883,2026-02-18T13:56:54,RCPT-20260218-00558,P-0008,view,checkout_upsell,synthetic
INT-0005884,2026-02-18T13:56:54,RCPT-20260218-00558,P-0008,hover,checkout_upsell,synthetic
INT-0005885,2026-02-18T13:56:54,RCPT-20260218-00558,P-0011,view,checkout_upsell,synthetic
INT-0005886,2026-02-18T13:56:54,RCPT-20260218-00558,P-0011,hover,checkout_upsell,synthetic
INT-0005887,2026-02-18T13:56:54,RCPT-20260218-00558,P-0011,click,checkout_upsell,synthetic
INT-0005888,2026-02-18T13:56:54,RCPT-20260218-00558,P-0060,view,checkout_upsell,synthetic
INT-0005889,2026-02-18T13:56:54,RCPT-20260218-00558,P-0060,hover,checkout_upsell,synthetic
INT-0005890,2026-02-18T13:56:54,RCPT-20260218-00558,P-0021,view,checkout_upsell,synthetic
INT-0005891,2026-02-18T13:56:54,RCPT-20260218-00558,P-0021,hover,checkout_upsell,synthetic
INT-0005892,2026-02-18T13:56:54,RCPT-20260218-00558,P-0058,view,checkout_upsell,synthetic
INT-0005893,2026-02-18T13:56:54,RCPT-20260218-00558,P-0058,hover,checkout_upsell,synthetic
INT-0005894,2026-02-18T21:24:25,RCPT-20260218-00559,P-0061,view,checkout_upsell,synthetic
INT-0005895,2026-02-18T21:24:25,RCPT-20260218-00559,P-0061,click,checkout_upsell,synthetic
INT-0005896,2026-02-18T21:24:25,RCPT-20260218-00559,P-0011,view,checkout_upsell,synthetic
INT-0005897,2026-02-18T21:24:25,RCPT-20260218-00559,P-0011,hover,checkout_upsell,synthetic
INT-0005898,2026-02-18T21:24:25,RCPT-20260218-00559,P-0060,view,checkout_upsell,synthetic
INT-0005899,2026-02-18T21:24:25,RCPT-20260218-00559,P-0060,click,checkout_upsell,synthetic
INT-0005900,2026-02-18T21:24:25,RCPT-20260218-00559,P-0067,view,checkout_upsell,synthetic
INT-0005901,2026-02-18T21:24:25,RCPT-20260218-00559,P-0067,hover,checkout_upsell,synthetic
INT-0005902,2026-02-18T21:24:25,RCPT-20260218-00559,P-0064,view,checkout_upsell,synthetic
INT-0005903,2026-02-18T21:24:25,RCPT-20260218-00559,P-0064,hover,checkout_upsell,synthetic
INT-0005904,2026-02-18T21:24:25,RCPT-20260218-00559,P-0024,view,checkout_upsell,synthetic
INT-0005905,2026-02-18T21:24:25,RCPT-20260218-00559,P-0024,hover,checkout_upsell,synthetic
INT-0005906,2026-02-18T15:33:21,RCPT-20260218-00560,P-0054,view,checkout_upsell,synthetic
INT-0005907,2026-02-18T15:33:21,RCPT-20260218-00560,P-0054,click,checkout_upsell,synthetic
INT-0005908,2026-02-18T15:33:21,RCPT-20260218-00560,P-0013,view,checkout_upsell,synthetic
INT-0005909,2026-02-18T15:33:21,RCPT-20260218-00560,P-0070,view,checkout_upsell,synthetic
INT-0005910,2026-02-18T15:33:21,RCPT-20260218-00560,P-0002,view,checkout_upsell,synthetic
INT-0005911,2026-02-18T15:33:21,RCPT-20260218-00560,P-0002,hover,checkout_upsell,synthetic
INT-0005912,2026-02-18T15:33:21,RCPT-20260218-00560,P-0049,view,checkout_upsell,synthetic
INT-0005913,2026-02-18T15:33:21,RCPT-20260218-00560,P-0062,view,checkout_upsell,synthetic
INT-0005914,2026-02-18T15:33:21,RCPT-20260218-00560,P-0062,hover,checkout_upsell,synthetic
INT-0005915,2026-02-18T19:39:28,RCPT-20260218-00561,P-0015,view,checkout_upsell,synthetic
INT-0005916,2026-02-18T19:39:28,RCPT-20260218-00561,P-0015,hover,checkout_upsell,synthetic
INT-0005917,2026-02-18T19:39:28,RCPT-20260218-00561,P-0060,view,checkout_upsell,synthetic
INT-0005918,2026-02-18T19:39:28,RCPT-20260218-00561,P-0060,hover,checkout_upsell,synthetic
INT-0005919,2026-02-18T19:39:28,RCPT-20260218-00561,P-0057,view,checkout_upsell,synthetic
INT-0005920,2026-02-18T19:39:28,RCPT-20260218-00561,P-0057,click,checkout_upsell,synthetic
INT-0005921,2026-02-18T19:39:28,RCPT-20260218-00561,P-0067,view,checkout_upsell,synthetic
INT-0005922,2026-02-18T19:39:28,RCPT-20260218-00561,P-0014,view,checkout_upsell,synthetic
INT-0005923,2026-02-18T19:39:28,RCPT-20260218-00561,P-0014,hover,checkout_upsell,synthetic
INT-0005924,2026-02-18T19:39:28,RCPT-20260218-00561,P-0039,view,checkout_upsell,synthetic
INT-0005925,2026-02-18T19:39:28,RCPT-20260218-00561,P-0039,hover,checkout_upsell,synthetic
INT-0005926,2026-02-18T12:38:21,RCPT-20260218-00562,P-0036,view,checkout_upsell,synthetic
INT-0005927,2026-02-18T12:38:21,RCPT-20260218-00562,P-0036,hover,checkout_upsell,synthetic
INT-0005928,2026-02-18T12:38:21,RCPT-20260218-00562,P-0036,click,checkout_upsell,synthetic
INT-0005929,2026-02-18T12:38:21,RCPT-20260218-00562,P-0060,view,checkout_upsell,synthetic
INT-0005930,2026-02-18T12:38:21,RCPT-20260218-00562,P-0060,hover,checkout_upsell,synthetic
INT-0005931,2026-02-18T12:38:21,RCPT-20260218-00562,P-0060,click,checkout_upsell,synthetic
INT-0005932,2026-02-18T12:38:21,RCPT-20260218-00562,P-0021,view,checkout_upsell,synthetic
INT-0005933,2026-02-18T12:38:21,RCPT-20260218-00562,P-0020,view,checkout_upsell,synthetic
INT-0005934,2026-02-18T12:38:21,RCPT-20260218-00562,P-0020,hover,checkout_upsell,synthetic
INT-0005935,2026-02-18T12:38:21,RCPT-20260218-00562,P-0014,view,checkout_upsell,synthetic
INT-0005936,2026-02-18T12:38:21,RCPT-20260218-00562,P-0014,hover,checkout_upsell,synthetic
INT-0005937,2026-02-18T12:38:21,RCPT-20260218-00562,P-0022,view,checkout_upsell,synthetic
INT-0005938,2026-02-18T12:38:21,RCPT-20260218-00562,P-0022,hover,checkout_upsell,synthetic
INT-0005939,2026-02-18T22:12:50,RCPT-20260218-00563,P-0060,view,checkout_upsell,synthetic
INT-0005940,2026-02-18T22:12:50,RCPT-20260218-00563,P-0060,click,checkout_upsell,synthetic
INT-0005941,2026-02-18T22:12:50,RCPT-20260218-00563,P-0076,view,checkout_upsell,synthetic
INT-0005942,2026-02-18T22:12:50,RCPT-20260218-00563,P-0076,hover,checkout_upsell,synthetic
INT-0005943,2026-02-18T22:12:50,RCPT-20260218-00563,P-0054,view,checkout_upsell,synthetic
INT-0005944,2026-02-18T22:12:50,RCPT-20260218-00563,P-0054,hover,checkout_upsell,synthetic
INT-0005945,2026-02-18T22:12:50,RCPT-20260218-00563,P-0057,view,checkout_upsell,synthetic
INT-0005946,2026-02-18T22:12:50,RCPT-20260218-00563,P-0057,click,checkout_upsell,synthetic
INT-0005947,2026-02-18T22:12:50,RCPT-20260218-00563,P-0005,view,checkout_upsell,synthetic
INT-0005948,2026-02-18T22:12:50,RCPT-20260218-00563,P-0005,hover,checkout_upsell,synthetic
INT-0005949,2026-02-18T22:12:50,RCPT-20260218-00563,P-0049,view,checkout_upsell,synthetic
INT-0005950,2026-02-18T22:12:50,RCPT-20260218-00563,P-0049,hover,checkout_upsell,synthetic
INT-0005951,2026-02-18T15:14:58,RCPT-20260218-00564,P-0065,view,checkout_upsell,synthetic
INT-0005952,2026-02-18T15:14:58,RCPT-20260218-00564,P-0040,view,checkout_upsell,synthetic
INT-0005953,2026-02-18T15:14:58,RCPT-20260218-00564,P-0040,hover,checkout_upsell,synthetic
INT-0005954,2026-02-18T15:14:58,RCPT-20260218-00564,P-0054,view,checkout_upsell,synthetic
INT-0005955,2026-02-18T15:14:58,RCPT-20260218-00564,P-0046,view,checkout_upsell,synthetic
INT-0005956,2026-02-18T15:14:58,RCPT-20260218-00564,P-0007,view,checkout_upsell,synthetic
INT-0005957,2026-02-18T15:14:58,RCPT-20260218-00564,P-0007,hover,checkout_upsell,synthetic
INT-0005958,2026-02-18T15:14:58,RCPT-20260218-00564,P-0076,view,checkout_upsell,synthetic
INT-0005959,2026-02-18T15:14:58,RCPT-20260218-00564,P-0076,hover,checkout_upsell,synthetic
INT-0005960,2026-02-18T21:00:23,RCPT-20260218-00565,P-0048,view,checkout_upsell,synthetic
INT-0005961,2026-02-18T21:00:23,RCPT-20260218-00565,P-0048,hover,checkout_upsell,synthetic
INT-0005962,2026-02-18T21:00:23,RCPT-20260218-00565,P-0048,click,checkout_upsell,synthetic
INT-0005963,2026-02-18T21:00:23,RCPT-20260218-00565,P-0051,view,checkout_upsell,synthetic
INT-0005964,2026-02-18T21:00:23,RCPT-20260218-00565,P-0015,view,checkout_upsell,synthetic
INT-0005965,2026-02-18T21:00:23,RCPT-20260218-00565,P-0011,view,checkout_upsell,synthetic
INT-0005966,2026-02-18T21:00:23,RCPT-20260218-00565,P-0011,hover,checkout_upsell,synthetic
INT-0005967,2026-02-18T21:00:23,RCPT-20260218-00565,P-0059,view,checkout_upsell,synthetic
INT-0005968,2026-02-18T21:00:23,RCPT-20260218-00565,P-0044,view,checkout_upsell,synthetic
INT-0005969,2026-02-18T21:00:23,RCPT-20260218-00565,P-0044,hover,checkout_upsell,synthetic
INT-0005970,2026-02-18T10:14:56,RCPT-20260218-00566,P-0065,view,checkout_upsell,synthetic
INT-0005971,2026-02-18T10:14:56,RCPT-20260218-00566,P-0065,hover,checkout_upsell,synthetic
INT-0005972,2026-02-18T10:14:56,RCPT-20260218-00566,P-0065,click,checkout_upsell,synthetic
INT-0005973,2026-02-18T10:14:56,RCPT-20260218-00566,P-0040,view,checkout_upsell,synthetic
INT-0005974,2026-02-18T10:14:56,RCPT-20260218-00566,P-0040,hover,checkout_upsell,synthetic
INT-0005975,2026-02-18T10:14:56,RCPT-20260218-00566,P-0040,click,checkout_upsell,synthetic
INT-0005976,2026-02-18T10:14:56,RCPT-20260218-00566,P-0050,view,checkout_upsell,synthetic
INT-0005977,2026-02-18T10:14:56,RCPT-20260218-00566,P-0050,hover,checkout_upsell,synthetic
INT-0005978,2026-02-18T10:14:56,RCPT-20260218-00566,P-0002,view,checkout_upsell,synthetic
INT-0005979,2026-02-18T10:14:56,RCPT-20260218-00566,P-0002,hover,checkout_upsell,synthetic
INT-0005980,2026-02-18T10:14:56,RCPT-20260218-00566,P-0064,view,checkout_upsell,synthetic
INT-0005981,2026-02-18T10:14:56,RCPT-20260218-00566,P-0064,hover,checkout_upsell,synthetic
INT-0005982,2026-02-18T10:14:56,RCPT-20260218-00566,P-0049,view,checkout_upsell,synthetic
INT-0005983,2026-02-18T10:14:56,RCPT-20260218-00566,P-0049,hover,checkout_upsell,synthetic
INT-0005984,2026-02-18T21:43:08,RCPT-20260218-00567,P-0030,view,checkout_upsell,synthetic
INT-0005985,2026-02-18T21:43:08,RCPT-20260218-00567,P-0030,hover,checkout_upsell,synthetic
INT-0005986,2026-02-18T21:43:08,RCPT-20260218-00567,P-0011,view,checkout_upsell,synthetic
INT-0005987,2026-02-18T21:43:08,RCPT-20260218-00567,P-0003,view,checkout_upsell,synthetic
INT-0005988,2026-02-18T21:43:08,RCPT-20260218-00567,P-0003,hover,checkout_upsell,synthetic
INT-0005989,2026-02-18T21:43:08,RCPT-20260218-00567,P-0056,view,checkout_upsell,synthetic
INT-0005990,2026-02-18T21:43:08,RCPT-20260218-00567,P-0026,view,checkout_upsell,synthetic
INT-0005991,2026-02-18T21:43:08,RCPT-20260218-00567,P-0026,hover,checkout_upsell,synthetic
INT-0005992,2026-02-18T21:43:08,RCPT-20260218-00567,P-0039,view,checkout_upsell,synthetic
INT-0005993,2026-02-18T21:43:08,RCPT-20260218-00567,P-0039,hover,checkout_upsell,synthetic
INT-0005994,2026-02-18T18:10:33,RCPT-20260218-00568,P-0059,view,checkout_upsell,synthetic
INT-0005995,2026-02-18T18:10:33,RCPT-20260218-00568,P-0059,hover,checkout_upsell,synthetic
INT-0005996,2026-02-18T18:10:33,RCPT-20260218-00568,P-0038,view,checkout_upsell,synthetic
INT-0005997,2026-02-18T18:10:33,RCPT-20260218-00568,P-0020,view,checkout_upsell,synthetic
INT-0005998,2026-02-18T18:10:33,RCPT-20260218-00568,P-0014,view,checkout_upsell,synthetic
INT-0005999,2026-02-18T18:10:33,RCPT-20260218-00568,P-0014,hover,checkout_upsell,synthetic
INT-0006000,2026-02-18T18:10:33,RCPT-20260218-00568,P-0058,view,checkout_upsell,synthetic
INT-0006001,2026-02-18T18:10:33,RCPT-20260218-00568,P-0058,hover,checkout_upsell,synthetic
INT-0006002,2026-02-18T18:10:33,RCPT-20260218-00568,P-0053,view,checkout_upsell,synthetic
INT-0006003,2026-02-18T17:12:54,RCPT-20260218-00569,P-0043,view,checkout_upsell,synthetic
INT-0006004,2026-02-18T17:12:54,RCPT-20260218-00569,P-0057,view,checkout_upsell,synthetic
INT-0006005,2026-02-18T17:12:54,RCPT-20260218-00569,P-0058,view,checkout_upsell,synthetic
INT-0006006,2026-02-18T17:12:54,RCPT-20260218-00569,P-0058,click,checkout_upsell,synthetic
INT-0006007,2026-02-18T17:12:54,RCPT-20260218-00569,P-0062,view,checkout_upsell,synthetic
INT-0006008,2026-02-18T17:12:54,RCPT-20260218-00569,P-0062,hover,checkout_upsell,synthetic
INT-0006009,2026-02-18T17:12:54,RCPT-20260218-00569,P-0024,view,checkout_upsell,synthetic
INT-0006010,2026-02-18T17:12:54,RCPT-20260218-00569,P-0009,view,checkout_upsell,synthetic
INT-0006011,2026-02-18T09:50:30,RCPT-20260218-00570,P-0050,view,checkout_upsell,synthetic
INT-0006012,2026-02-18T09:50:30,RCPT-20260218-00570,P-0050,hover,checkout_upsell,synthetic
INT-0006013,2026-02-18T09:50:30,RCPT-20260218-00570,P-0003,view,checkout_upsell,synthetic
INT-0006014,2026-02-18T09:50:30,RCPT-20260218-00570,P-0038,view,checkout_upsell,synthetic
INT-0006015,2026-02-18T09:50:30,RCPT-20260218-00570,P-0014,view,checkout_upsell,synthetic
INT-0006016,2026-02-18T09:50:30,RCPT-20260218-00570,P-0067,view,checkout_upsell,synthetic
INT-0006017,2026-02-18T09:50:30,RCPT-20260218-00570,P-0067,hover,checkout_upsell,synthetic
INT-0006018,2026-02-18T09:50:30,RCPT-20260218-00570,P-0067,click,checkout_upsell,synthetic
INT-0006019,2026-02-18T09:50:30,RCPT-20260218-00570,P-0072,view,checkout_upsell,synthetic
INT-0006020,2026-02-18T14:40:58,RCPT-20260218-00571,P-0061,view,checkout_upsell,synthetic
INT-0006021,2026-02-18T14:40:58,RCPT-20260218-00571,P-0061,hover,checkout_upsell,synthetic
INT-0006022,2026-02-18T14:40:58,RCPT-20260218-00571,P-0059,view,checkout_upsell,synthetic
INT-0006023,2026-02-18T14:40:58,RCPT-20260218-00571,P-0059,hover,checkout_upsell,synthetic
INT-0006024,2026-02-18T14:40:58,RCPT-20260218-00571,P-0071,view,checkout_upsell,synthetic
INT-0006025,2026-02-18T14:40:58,RCPT-20260218-00571,P-0071,click,checkout_upsell,synthetic
INT-0006026,2026-02-18T14:40:58,RCPT-20260218-00571,P-0073,view,checkout_upsell,synthetic
INT-0006027,2026-02-18T14:40:58,RCPT-20260218-00571,P-0062,view,checkout_upsell,synthetic
INT-0006028,2026-02-18T14:40:58,RCPT-20260218-00571,P-0062,hover,checkout_upsell,synthetic
INT-0006029,2026-02-18T14:40:58,RCPT-20260218-00571,P-0062,click,checkout_upsell,synthetic
INT-0006030,2026-02-18T14:40:58,RCPT-20260218-00571,P-0053,view,checkout_upsell,synthetic
INT-0006031,2026-02-18T14:40:58,RCPT-20260218-00571,P-0053,hover,checkout_upsell,synthetic
INT-0006032,2026-02-18T12:35:05,RCPT-20260218-00572,P-0048,view,checkout_upsell,synthetic
INT-0006033,2026-02-18T12:35:05,RCPT-20260218-00572,P-0048,hover,checkout_upsell,synthetic
INT-0006034,2026-02-18T12:35:05,RCPT-20260218-00572,P-0003,view,checkout_upsell,synthetic
INT-0006035,2026-02-18T12:35:05,RCPT-20260218-00572,P-0003,hover,checkout_upsell,synthetic
INT-0006036,2026-02-18T12:35:05,RCPT-20260218-00572,P-0023,view,checkout_upsell,synthetic
INT-0006037,2026-02-18T12:35:05,RCPT-20260218-00572,P-0057,view,checkout_upsell,synthetic
INT-0006038,2026-02-18T12:35:05,RCPT-20260218-00572,P-0057,hover,checkout_upsell,synthetic
INT-0006039,2026-02-18T12:35:05,RCPT-20260218-00572,P-0057,click,checkout_upsell,synthetic
INT-0006040,2026-02-18T12:35:05,RCPT-20260218-00572,P-0066,view,checkout_upsell,synthetic
INT-0006041,2026-02-18T12:35:05,RCPT-20260218-00572,P-0066,hover,checkout_upsell,synthetic
INT-0006042,2026-02-18T12:35:05,RCPT-20260218-00572,P-0018,view,checkout_upsell,synthetic
INT-0006043,2026-02-18T12:35:05,RCPT-20260218-00572,P-0018,hover,checkout_upsell,synthetic
INT-0006044,2026-02-18T12:35:05,RCPT-20260218-00572,P-0018,click,checkout_upsell,synthetic
INT-0006045,2026-02-19T12:24:01,RCPT-20260219-00573,P-0040,view,checkout_upsell,synthetic
INT-0006046,2026-02-19T12:24:01,RCPT-20260219-00573,P-0040,hover,checkout_upsell,synthetic
INT-0006047,2026-02-19T12:24:01,RCPT-20260219-00573,P-0040,click,checkout_upsell,synthetic
INT-0006048,2026-02-19T12:24:01,RCPT-20260219-00573,P-0050,view,checkout_upsell,synthetic
INT-0006049,2026-02-19T12:24:01,RCPT-20260219-00573,P-0070,view,checkout_upsell,synthetic
INT-0006050,2026-02-19T12:24:01,RCPT-20260219-00573,P-0057,view,checkout_upsell,synthetic
INT-0006051,2026-02-19T12:24:01,RCPT-20260219-00573,P-0072,view,checkout_upsell,synthetic
INT-0006052,2026-02-19T12:24:01,RCPT-20260219-00573,P-0072,click,checkout_upsell,synthetic
INT-0006053,2026-02-19T12:24:01,RCPT-20260219-00573,P-0047,view,checkout_upsell,synthetic
INT-0006054,2026-02-19T12:24:01,RCPT-20260219-00573,P-0047,hover,checkout_upsell,synthetic
INT-0006055,2026-02-19T20:17:59,RCPT-20260219-00574,P-0011,view,checkout_upsell,synthetic
INT-0006056,2026-02-19T20:17:59,RCPT-20260219-00574,P-0011,hover,checkout_upsell,synthetic
INT-0006057,2026-02-19T20:17:59,RCPT-20260219-00574,P-0074,view,checkout_upsell,synthetic
INT-0006058,2026-02-19T20:17:59,RCPT-20260219-00574,P-0021,view,checkout_upsell,synthetic
INT-0006059,2026-02-19T20:17:59,RCPT-20260219-00574,P-0019,view,checkout_upsell,synthetic
INT-0006060,2026-02-19T20:17:59,RCPT-20260219-00574,P-0073,view,checkout_upsell,synthetic
INT-0006061,2026-02-19T20:17:59,RCPT-20260219-00574,P-0009,view,checkout_upsell,synthetic
INT-0006062,2026-02-19T20:17:59,RCPT-20260219-00574,P-0009,hover,checkout_upsell,synthetic
INT-0006063,2026-02-19T11:45:38,RCPT-20260219-00575,P-0011,view,checkout_upsell,synthetic
INT-0006064,2026-02-19T11:45:38,RCPT-20260219-00575,P-0011,hover,checkout_upsell,synthetic
INT-0006065,2026-02-19T11:45:38,RCPT-20260219-00575,P-0011,click,checkout_upsell,synthetic
INT-0006066,2026-02-19T11:45:38,RCPT-20260219-00575,P-0037,view,checkout_upsell,synthetic
INT-0006067,2026-02-19T11:45:38,RCPT-20260219-00575,P-0037,hover,checkout_upsell,synthetic
INT-0006068,2026-02-19T11:45:38,RCPT-20260219-00575,P-0042,view,checkout_upsell,synthetic
INT-0006069,2026-02-19T11:45:38,RCPT-20260219-00575,P-0042,hover,checkout_upsell,synthetic
INT-0006070,2026-02-19T11:45:38,RCPT-20260219-00575,P-0075,view,checkout_upsell,synthetic
INT-0006071,2026-02-19T11:45:38,RCPT-20260219-00575,P-0018,view,checkout_upsell,synthetic
INT-0006072,2026-02-19T11:45:38,RCPT-20260219-00575,P-0024,view,checkout_upsell,synthetic
INT-0006073,2026-02-19T11:45:38,RCPT-20260219-00575,P-0024,hover,checkout_upsell,synthetic
INT-0006074,2026-02-19T08:30:41,RCPT-20260219-00576,P-0060,view,checkout_upsell,synthetic
INT-0006075,2026-02-19T08:30:41,RCPT-20260219-00576,P-0060,hover,checkout_upsell,synthetic
INT-0006076,2026-02-19T08:30:41,RCPT-20260219-00576,P-0003,view,checkout_upsell,synthetic
INT-0006077,2026-02-19T08:30:41,RCPT-20260219-00576,P-0003,hover,checkout_upsell,synthetic
INT-0006078,2026-02-19T08:30:41,RCPT-20260219-00576,P-0070,view,checkout_upsell,synthetic
INT-0006079,2026-02-19T08:30:41,RCPT-20260219-00576,P-0070,hover,checkout_upsell,synthetic
INT-0006080,2026-02-19T08:30:41,RCPT-20260219-00576,P-0055,view,checkout_upsell,synthetic
INT-0006081,2026-02-19T08:30:41,RCPT-20260219-00576,P-0055,hover,checkout_upsell,synthetic
INT-0006082,2026-02-19T08:30:41,RCPT-20260219-00576,P-0018,view,checkout_upsell,synthetic
INT-0006083,2026-02-19T08:30:41,RCPT-20260219-00576,P-0018,hover,checkout_upsell,synthetic
INT-0006084,2026-02-19T08:30:41,RCPT-20260219-00576,P-0044,view,checkout_upsell,synthetic
INT-0006085,2026-02-19T08:30:41,RCPT-20260219-00576,P-0044,hover,checkout_upsell,synthetic
INT-0006086,2026-02-19T11:27:49,RCPT-20260219-00577,P-0065,view,checkout_upsell,synthetic
INT-0006087,2026-02-19T11:27:49,RCPT-20260219-00577,P-0065,hover,checkout_upsell,synthetic
INT-0006088,2026-02-19T11:27:49,RCPT-20260219-00577,P-0065,click,checkout_upsell,synthetic
INT-0006089,2026-02-19T11:27:49,RCPT-20260219-00577,P-0070,view,checkout_upsell,synthetic
INT-0006090,2026-02-19T11:27:49,RCPT-20260219-00577,P-0070,hover,checkout_upsell,synthetic
INT-0006091,2026-02-19T11:27:49,RCPT-20260219-00577,P-0067,view,checkout_upsell,synthetic
INT-0006092,2026-02-19T11:27:49,RCPT-20260219-00577,P-0067,click,checkout_upsell,synthetic
INT-0006093,2026-02-19T11:27:49,RCPT-20260219-00577,P-0018,view,checkout_upsell,synthetic
INT-0006094,2026-02-19T11:27:49,RCPT-20260219-00577,P-0018,hover,checkout_upsell,synthetic
INT-0006095,2026-02-19T11:27:49,RCPT-20260219-00577,P-0076,view,checkout_upsell,synthetic
INT-0006096,2026-02-19T11:27:49,RCPT-20260219-00577,P-0076,click,checkout_upsell,synthetic
INT-0006097,2026-02-19T11:27:49,RCPT-20260219-00577,P-0047,view,checkout_upsell,synthetic
INT-0006098,2026-02-19T15:51:42,RCPT-20260219-00578,P-0054,view,checkout_upsell,synthetic
INT-0006099,2026-02-19T15:51:42,RCPT-20260219-00578,P-0054,hover,checkout_upsell,synthetic
INT-0006100,2026-02-19T15:51:42,RCPT-20260219-00578,P-0001,view,checkout_upsell,synthetic
INT-0006101,2026-02-19T15:51:42,RCPT-20260219-00578,P-0001,hover,checkout_upsell,synthetic
INT-0006102,2026-02-19T15:51:42,RCPT-20260219-00578,P-0017,view,checkout_upsell,synthetic
INT-0006103,2026-02-19T15:51:42,RCPT-20260219-00578,P-0017,hover,checkout_upsell,synthetic
INT-0006104,2026-02-19T15:51:42,RCPT-20260219-00578,P-0018,view,checkout_upsell,synthetic
INT-0006105,2026-02-19T15:51:42,RCPT-20260219-00578,P-0018,click,checkout_upsell,synthetic
INT-0006106,2026-02-19T15:51:42,RCPT-20260219-00578,P-0049,view,checkout_upsell,synthetic
INT-0006107,2026-02-19T15:51:42,RCPT-20260219-00578,P-0049,hover,checkout_upsell,synthetic
INT-0006108,2026-02-19T15:51:42,RCPT-20260219-00578,P-0039,view,checkout_upsell,synthetic
INT-0006109,2026-02-19T13:36:40,RCPT-20260219-00579,P-0065,view,checkout_upsell,synthetic
INT-0006110,2026-02-19T13:36:40,RCPT-20260219-00579,P-0065,hover,checkout_upsell,synthetic
INT-0006111,2026-02-19T13:36:40,RCPT-20260219-00579,P-0051,view,checkout_upsell,synthetic
INT-0006112,2026-02-19T13:36:40,RCPT-20260219-00579,P-0003,view,checkout_upsell,synthetic
INT-0006113,2026-02-19T13:36:40,RCPT-20260219-00579,P-0003,hover,checkout_upsell,synthetic
INT-0006114,2026-02-19T13:36:40,RCPT-20260219-00579,P-0068,view,checkout_upsell,synthetic
INT-0006115,2026-02-19T13:36:40,RCPT-20260219-00579,P-0070,view,checkout_upsell,synthetic
INT-0006116,2026-02-19T13:36:40,RCPT-20260219-00579,P-0070,hover,checkout_upsell,synthetic
INT-0006117,2026-02-19T13:36:40,RCPT-20260219-00579,P-0055,view,checkout_upsell,synthetic
INT-0006118,2026-02-19T13:36:40,RCPT-20260219-00579,P-0055,hover,checkout_upsell,synthetic
INT-0006119,2026-02-19T13:36:40,RCPT-20260219-00579,P-0055,click,checkout_upsell,synthetic
INT-0006120,2026-02-19T18:57:19,RCPT-20260219-00580,P-0048,view,checkout_upsell,synthetic
INT-0006121,2026-02-19T18:57:19,RCPT-20260219-00580,P-0015,view,checkout_upsell,synthetic
INT-0006122,2026-02-19T18:57:19,RCPT-20260219-00580,P-0068,view,checkout_upsell,synthetic
INT-0006123,2026-02-19T18:57:19,RCPT-20260219-00580,P-0057,view,checkout_upsell,synthetic
INT-0006124,2026-02-19T18:57:19,RCPT-20260219-00580,P-0057,hover,checkout_upsell,synthetic
INT-0006125,2026-02-19T18:57:19,RCPT-20260219-00580,P-0014,view,checkout_upsell,synthetic
INT-0006126,2026-02-19T18:57:19,RCPT-20260219-00580,P-0052,view,checkout_upsell,synthetic
INT-0006127,2026-02-19T14:18:13,RCPT-20260219-00581,P-0060,view,checkout_upsell,synthetic
INT-0006128,2026-02-19T14:18:13,RCPT-20260219-00581,P-0060,hover,checkout_upsell,synthetic
INT-0006129,2026-02-19T14:18:13,RCPT-20260219-00581,P-0003,view,checkout_upsell,synthetic
INT-0006130,2026-02-19T14:18:13,RCPT-20260219-00581,P-0054,view,checkout_upsell,synthetic
INT-0006131,2026-02-19T14:18:13,RCPT-20260219-00581,P-0054,hover,checkout_upsell,synthetic
INT-0006132,2026-02-19T14:18:13,RCPT-20260219-00581,P-0070,view,checkout_upsell,synthetic
INT-0006133,2026-02-19T14:18:13,RCPT-20260219-00581,P-0023,view,checkout_upsell,synthetic
INT-0006134,2026-02-19T14:18:13,RCPT-20260219-00581,P-0023,click,checkout_upsell,synthetic
INT-0006135,2026-02-19T14:18:13,RCPT-20260219-00581,P-0031,view,checkout_upsell,synthetic
INT-0006136,2026-02-19T15:47:04,RCPT-20260219-00582,P-0008,view,checkout_upsell,synthetic
INT-0006137,2026-02-19T15:47:04,RCPT-20260219-00582,P-0054,view,checkout_upsell,synthetic
INT-0006138,2026-02-19T15:47:04,RCPT-20260219-00582,P-0054,hover,checkout_upsell,synthetic
INT-0006139,2026-02-19T15:47:04,RCPT-20260219-00582,P-0019,view,checkout_upsell,synthetic
INT-0006140,2026-02-19T15:47:04,RCPT-20260219-00582,P-0019,hover,checkout_upsell,synthetic
INT-0006141,2026-02-19T15:47:04,RCPT-20260219-00582,P-0001,view,checkout_upsell,synthetic
INT-0006142,2026-02-19T15:47:04,RCPT-20260219-00582,P-0057,view,checkout_upsell,synthetic
INT-0006143,2026-02-19T15:47:04,RCPT-20260219-00582,P-0057,hover,checkout_upsell,synthetic
INT-0006144,2026-02-19T15:47:04,RCPT-20260219-00582,P-0031,view,checkout_upsell,synthetic
INT-0006145,2026-02-19T15:17:12,RCPT-20260219-00583,P-0065,view,checkout_upsell,synthetic
INT-0006146,2026-02-19T15:17:12,RCPT-20260219-00583,P-0065,hover,checkout_upsell,synthetic
INT-0006147,2026-02-19T15:17:12,RCPT-20260219-00583,P-0065,click,checkout_upsell,synthetic
INT-0006148,2026-02-19T15:17:12,RCPT-20260219-00583,P-0015,view,checkout_upsell,synthetic
INT-0006149,2026-02-19T15:17:12,RCPT-20260219-00583,P-0068,view,checkout_upsell,synthetic
INT-0006150,2026-02-19T15:17:12,RCPT-20260219-00583,P-0068,hover,checkout_upsell,synthetic
INT-0006151,2026-02-19T15:17:12,RCPT-20260219-00583,P-0056,view,checkout_upsell,synthetic
INT-0006152,2026-02-19T15:17:12,RCPT-20260219-00583,P-0056,hover,checkout_upsell,synthetic
INT-0006153,2026-02-19T15:17:12,RCPT-20260219-00583,P-0076,view,checkout_upsell,synthetic
INT-0006154,2026-02-19T15:17:12,RCPT-20260219-00583,P-0009,view,checkout_upsell,synthetic
INT-0006155,2026-02-19T15:17:12,RCPT-20260219-00583,P-0009,hover,checkout_upsell,synthetic
INT-0006156,2026-02-19T15:17:12,RCPT-20260219-00583,P-0009,click,checkout_upsell,synthetic
INT-0006157,2026-02-19T08:47:05,RCPT-20260219-00584,P-0048,view,checkout_upsell,synthetic
INT-0006158,2026-02-19T08:47:05,RCPT-20260219-00584,P-0029,view,checkout_upsell,synthetic
INT-0006159,2026-02-19T08:47:05,RCPT-20260219-00584,P-0029,hover,checkout_upsell,synthetic
INT-0006160,2026-02-19T08:47:05,RCPT-20260219-00584,P-0073,view,checkout_upsell,synthetic
INT-0006161,2026-02-19T08:47:05,RCPT-20260219-00584,P-0031,view,checkout_upsell,synthetic
INT-0006162,2026-02-19T08:47:05,RCPT-20260219-00584,P-0075,view,checkout_upsell,synthetic
INT-0006163,2026-02-19T08:47:05,RCPT-20260219-00584,P-0075,hover,checkout_upsell,synthetic
INT-0006164,2026-02-19T08:47:05,RCPT-20260219-00584,P-0024,view,checkout_upsell,synthetic
INT-0006165,2026-02-19T11:11:57,RCPT-20260219-00585,P-0061,view,checkout_upsell,synthetic
INT-0006166,2026-02-19T11:11:57,RCPT-20260219-00585,P-0069,view,checkout_upsell,synthetic
INT-0006167,2026-02-19T11:11:57,RCPT-20260219-00585,P-0069,hover,checkout_upsell,synthetic
INT-0006168,2026-02-19T11:11:57,RCPT-20260219-00585,P-0012,view,checkout_upsell,synthetic
INT-0006169,2026-02-19T11:11:57,RCPT-20260219-00585,P-0012,hover,checkout_upsell,synthetic
INT-0006170,2026-02-19T11:11:57,RCPT-20260219-00585,P-0012,click,checkout_upsell,synthetic
INT-0006171,2026-02-19T11:11:57,RCPT-20260219-00585,P-0050,view,checkout_upsell,synthetic
INT-0006172,2026-02-19T11:11:57,RCPT-20260219-00585,P-0050,hover,checkout_upsell,synthetic
INT-0006173,2026-02-19T11:11:57,RCPT-20260219-00585,P-0050,click,checkout_upsell,synthetic
INT-0006174,2026-02-19T11:11:57,RCPT-20260219-00585,P-0019,view,checkout_upsell,synthetic
INT-0006175,2026-02-19T11:11:57,RCPT-20260219-00585,P-0053,view,checkout_upsell,synthetic
INT-0006176,2026-02-19T11:11:57,RCPT-20260219-00585,P-0053,hover,checkout_upsell,synthetic
INT-0006177,2026-02-19T12:56:40,RCPT-20260219-00586,P-0061,view,checkout_upsell,synthetic
INT-0006178,2026-02-19T12:56:40,RCPT-20260219-00586,P-0061,hover,checkout_upsell,synthetic
INT-0006179,2026-02-19T12:56:40,RCPT-20260219-00586,P-0061,click,checkout_upsell,synthetic
INT-0006180,2026-02-19T12:56:40,RCPT-20260219-00586,P-0074,view,checkout_upsell,synthetic
INT-0006181,2026-02-19T12:56:40,RCPT-20260219-00586,P-0074,hover,checkout_upsell,synthetic
INT-0006182,2026-02-19T12:56:40,RCPT-20260219-00586,P-0074,click,checkout_upsell,synthetic
INT-0006183,2026-02-19T12:56:40,RCPT-20260219-00586,P-0003,view,checkout_upsell,synthetic
INT-0006184,2026-02-19T12:56:40,RCPT-20260219-00586,P-0003,hover,checkout_upsell,synthetic
INT-0006185,2026-02-19T12:56:40,RCPT-20260219-00586,P-0052,view,checkout_upsell,synthetic
INT-0006186,2026-02-19T12:56:40,RCPT-20260219-00586,P-0052,hover,checkout_upsell,synthetic
INT-0006187,2026-02-19T12:56:40,RCPT-20260219-00586,P-0039,view,checkout_upsell,synthetic
INT-0006188,2026-02-19T12:56:40,RCPT-20260219-00586,P-0016,view,checkout_upsell,synthetic
INT-0006189,2026-02-20T20:06:32,RCPT-20260220-00587,P-0025,view,checkout_upsell,synthetic
INT-0006190,2026-02-20T20:06:32,RCPT-20260220-00587,P-0025,hover,checkout_upsell,synthetic
INT-0006191,2026-02-20T20:06:32,RCPT-20260220-00587,P-0008,view,checkout_upsell,synthetic
INT-0006192,2026-02-20T20:06:32,RCPT-20260220-00587,P-0008,hover,checkout_upsell,synthetic
INT-0006193,2026-02-20T20:06:32,RCPT-20260220-00587,P-0008,click,checkout_upsell,synthetic
INT-0006194,2026-02-20T20:06:32,RCPT-20260220-00587,P-0010,view,checkout_upsell,synthetic
INT-0006195,2026-02-20T20:06:32,RCPT-20260220-00587,P-0026,view,checkout_upsell,synthetic
INT-0006196,2026-02-20T20:06:32,RCPT-20260220-00587,P-0026,hover,checkout_upsell,synthetic
INT-0006197,2026-02-20T20:06:32,RCPT-20260220-00587,P-0058,view,checkout_upsell,synthetic
INT-0006198,2026-02-20T20:06:32,RCPT-20260220-00587,P-0009,view,checkout_upsell,synthetic
INT-0006199,2026-02-20T22:08:20,RCPT-20260220-00588,P-0037,view,checkout_upsell,synthetic
INT-0006200,2026-02-20T22:08:20,RCPT-20260220-00588,P-0067,view,checkout_upsell,synthetic
INT-0006201,2026-02-20T22:08:20,RCPT-20260220-00588,P-0067,hover,checkout_upsell,synthetic
INT-0006202,2026-02-20T22:08:20,RCPT-20260220-00588,P-0067,click,checkout_upsell,synthetic
INT-0006203,2026-02-20T22:08:20,RCPT-20260220-00588,P-0075,view,checkout_upsell,synthetic
INT-0006204,2026-02-20T22:08:20,RCPT-20260220-00588,P-0064,view,checkout_upsell,synthetic
INT-0006205,2026-02-20T22:08:20,RCPT-20260220-00588,P-0064,hover,checkout_upsell,synthetic
INT-0006206,2026-02-20T22:08:20,RCPT-20260220-00588,P-0047,view,checkout_upsell,synthetic
INT-0006207,2026-02-20T22:08:20,RCPT-20260220-00588,P-0063,view,checkout_upsell,synthetic
INT-0006208,2026-02-20T22:08:20,RCPT-20260220-00588,P-0063,hover,checkout_upsell,synthetic
INT-0006209,2026-02-20T10:53:01,RCPT-20260220-00589,P-0060,view,checkout_upsell,synthetic
INT-0006210,2026-02-20T10:53:01,RCPT-20260220-00589,P-0060,click,checkout_upsell,synthetic
INT-0006211,2026-02-20T10:53:01,RCPT-20260220-00589,P-0037,view,checkout_upsell,synthetic
INT-0006212,2026-02-20T10:53:01,RCPT-20260220-00589,P-0037,hover,checkout_upsell,synthetic
INT-0006213,2026-02-20T10:53:01,RCPT-20260220-00589,P-0049,view,checkout_upsell,synthetic
INT-0006214,2026-02-20T10:53:01,RCPT-20260220-00589,P-0049,hover,checkout_upsell,synthetic
INT-0006215,2026-02-20T10:53:01,RCPT-20260220-00589,P-0035,view,checkout_upsell,synthetic
INT-0006216,2026-02-20T10:53:01,RCPT-20260220-00589,P-0076,view,checkout_upsell,synthetic
INT-0006217,2026-02-20T10:53:01,RCPT-20260220-00589,P-0076,hover,checkout_upsell,synthetic
INT-0006218,2026-02-20T10:53:01,RCPT-20260220-00589,P-0072,view,checkout_upsell,synthetic
INT-0006219,2026-02-20T10:53:01,RCPT-20260220-00589,P-0072,hover,checkout_upsell,synthetic
INT-0006220,2026-02-20T11:45:02,RCPT-20260220-00590,P-0061,view,checkout_upsell,synthetic
INT-0006221,2026-02-20T11:45:02,RCPT-20260220-00590,P-0034,view,checkout_upsell,synthetic
INT-0006222,2026-02-20T11:45:02,RCPT-20260220-00590,P-0059,view,checkout_upsell,synthetic
INT-0006223,2026-02-20T11:45:02,RCPT-20260220-00590,P-0070,view,checkout_upsell,synthetic
INT-0006224,2026-02-20T11:45:02,RCPT-20260220-00590,P-0070,hover,checkout_upsell,synthetic
INT-0006225,2026-02-20T11:45:02,RCPT-20260220-00590,P-0026,view,checkout_upsell,synthetic
INT-0006226,2026-02-20T11:45:02,RCPT-20260220-00590,P-0026,hover,checkout_upsell,synthetic
INT-0006227,2026-02-20T11:45:02,RCPT-20260220-00590,P-0042,view,checkout_upsell,synthetic
INT-0006228,2026-02-20T11:45:02,RCPT-20260220-00590,P-0042,hover,checkout_upsell,synthetic
INT-0006229,2026-02-20T20:12:59,RCPT-20260220-00591,P-0037,view,checkout_upsell,synthetic
INT-0006230,2026-02-20T20:12:59,RCPT-20260220-00591,P-0037,hover,checkout_upsell,synthetic
INT-0006231,2026-02-20T20:12:59,RCPT-20260220-00591,P-0001,view,checkout_upsell,synthetic
INT-0006232,2026-02-20T20:12:59,RCPT-20260220-00591,P-0055,view,checkout_upsell,synthetic
INT-0006233,2026-02-20T20:12:59,RCPT-20260220-00591,P-0014,view,checkout_upsell,synthetic
INT-0006234,2026-02-20T20:12:59,RCPT-20260220-00591,P-0014,hover,checkout_upsell,synthetic
INT-0006235,2026-02-20T20:12:59,RCPT-20260220-00591,P-0032,view,checkout_upsell,synthetic
INT-0006236,2026-02-20T20:12:59,RCPT-20260220-00591,P-0032,click,checkout_upsell,synthetic
INT-0006237,2026-02-20T20:12:59,RCPT-20260220-00591,P-0062,view,checkout_upsell,synthetic
INT-0006238,2026-02-20T20:12:59,RCPT-20260220-00591,P-0062,click,checkout_upsell,synthetic
INT-0006239,2026-02-20T11:56:06,RCPT-20260220-00592,P-0034,view,checkout_upsell,synthetic
INT-0006240,2026-02-20T11:56:06,RCPT-20260220-00592,P-0036,view,checkout_upsell,synthetic
INT-0006241,2026-02-20T11:56:06,RCPT-20260220-00592,P-0036,hover,checkout_upsell,synthetic
INT-0006242,2026-02-20T11:56:06,RCPT-20260220-00592,P-0068,view,checkout_upsell,synthetic
INT-0006243,2026-02-20T11:56:06,RCPT-20260220-00592,P-0059,view,checkout_upsell,synthetic
INT-0006244,2026-02-20T11:56:06,RCPT-20260220-00592,P-0071,view,checkout_upsell,synthetic
INT-0006245,2026-02-20T11:56:06,RCPT-20260220-00592,P-0071,hover,checkout_upsell,synthetic
INT-0006246,2026-02-20T11:56:06,RCPT-20260220-00592,P-0002,view,checkout_upsell,synthetic
INT-0006247,2026-02-20T11:56:06,RCPT-20260220-00592,P-0002,hover,checkout_upsell,synthetic
INT-0006248,2026-02-20T11:13:06,RCPT-20260220-00593,P-0068,view,checkout_upsell,synthetic
INT-0006249,2026-02-20T11:13:06,RCPT-20260220-00593,P-0068,hover,checkout_upsell,synthetic
INT-0006250,2026-02-20T11:13:06,RCPT-20260220-00593,P-0068,click,checkout_upsell,synthetic
INT-0006251,2026-02-20T11:13:06,RCPT-20260220-00593,P-0035,view,checkout_upsell,synthetic
INT-0006252,2026-02-20T11:13:06,RCPT-20260220-00593,P-0038,view,checkout_upsell,synthetic
INT-0006253,2026-02-20T11:13:06,RCPT-20260220-00593,P-0038,hover,checkout_upsell,synthetic
INT-0006254,2026-02-20T11:13:06,RCPT-20260220-00593,P-0038,click,checkout_upsell,synthetic
INT-0006255,2026-02-20T11:13:06,RCPT-20260220-00593,P-0039,view,checkout_upsell,synthetic
INT-0006256,2026-02-20T11:13:06,RCPT-20260220-00593,P-0039,hover,checkout_upsell,synthetic
INT-0006257,2026-02-20T11:13:06,RCPT-20260220-00593,P-0039,click,checkout_upsell,synthetic
INT-0006258,2026-02-20T11:13:06,RCPT-20260220-00593,P-0052,view,checkout_upsell,synthetic
INT-0006259,2026-02-20T11:13:06,RCPT-20260220-00593,P-0063,view,checkout_upsell,synthetic
INT-0006260,2026-02-20T11:13:06,RCPT-20260220-00593,P-0063,hover,checkout_upsell,synthetic
INT-0006261,2026-02-20T14:19:49,RCPT-20260220-00594,P-0040,view,checkout_upsell,synthetic
INT-0006262,2026-02-20T14:19:49,RCPT-20260220-00594,P-0050,view,checkout_upsell,synthetic
INT-0006263,2026-02-20T14:19:49,RCPT-20260220-00594,P-0050,hover,checkout_upsell,synthetic
INT-0006264,2026-02-20T14:19:49,RCPT-20260220-00594,P-0057,view,checkout_upsell,synthetic
INT-0006265,2026-02-20T14:19:49,RCPT-20260220-00594,P-0045,view,checkout_upsell,synthetic
INT-0006266,2026-02-20T14:19:49,RCPT-20260220-00594,P-0042,view,checkout_upsell,synthetic
INT-0006267,2026-02-20T14:19:49,RCPT-20260220-00594,P-0042,click,checkout_upsell,synthetic
INT-0006268,2026-02-20T14:19:49,RCPT-20260220-00594,P-0039,view,checkout_upsell,synthetic
INT-0006269,2026-02-20T14:19:49,RCPT-20260220-00594,P-0039,hover,checkout_upsell,synthetic
INT-0006270,2026-02-20T15:04:21,RCPT-20260220-00595,P-0028,view,checkout_upsell,synthetic
INT-0006271,2026-02-20T15:04:21,RCPT-20260220-00595,P-0035,view,checkout_upsell,synthetic
INT-0006272,2026-02-20T15:04:21,RCPT-20260220-00595,P-0035,hover,checkout_upsell,synthetic
INT-0006273,2026-02-20T15:04:21,RCPT-20260220-00595,P-0041,view,checkout_upsell,synthetic
INT-0006274,2026-02-20T15:04:21,RCPT-20260220-00595,P-0041,hover,checkout_upsell,synthetic
INT-0006275,2026-02-20T15:04:21,RCPT-20260220-00595,P-0055,view,checkout_upsell,synthetic
INT-0006276,2026-02-20T15:04:21,RCPT-20260220-00595,P-0055,hover,checkout_upsell,synthetic
INT-0006277,2026-02-20T15:04:21,RCPT-20260220-00595,P-0073,view,checkout_upsell,synthetic
INT-0006278,2026-02-20T15:04:21,RCPT-20260220-00595,P-0073,hover,checkout_upsell,synthetic
INT-0006279,2026-02-20T15:04:21,RCPT-20260220-00595,P-0062,view,checkout_upsell,synthetic
INT-0006280,2026-02-20T15:04:21,RCPT-20260220-00595,P-0062,hover,checkout_upsell,synthetic
INT-0006281,2026-02-20T11:01:39,RCPT-20260220-00596,P-0015,view,checkout_upsell,synthetic
INT-0006282,2026-02-20T11:01:39,RCPT-20260220-00596,P-0015,hover,checkout_upsell,synthetic
INT-0006283,2026-02-20T11:01:39,RCPT-20260220-00596,P-0060,view,checkout_upsell,synthetic
INT-0006284,2026-02-20T11:01:39,RCPT-20260220-00596,P-0060,click,checkout_upsell,synthetic
INT-0006285,2026-02-20T11:01:39,RCPT-20260220-00596,P-0046,view,checkout_upsell,synthetic
INT-0006286,2026-02-20T11:01:39,RCPT-20260220-00596,P-0041,view,checkout_upsell,synthetic
INT-0006287,2026-02-20T11:01:39,RCPT-20260220-00596,P-0022,view,checkout_upsell,synthetic
INT-0006288,2026-02-20T11:01:39,RCPT-20260220-00596,P-0022,hover,checkout_upsell,synthetic
INT-0006289,2026-02-20T11:01:39,RCPT-20260220-00596,P-0047,view,checkout_upsell,synthetic
INT-0006290,2026-02-20T11:01:39,RCPT-20260220-00596,P-0047,hover,checkout_upsell,synthetic
INT-0006291,2026-02-20T11:41:02,RCPT-20260220-00597,P-0048,view,checkout_upsell,synthetic
INT-0006292,2026-02-20T11:41:02,RCPT-20260220-00597,P-0048,hover,checkout_upsell,synthetic
INT-0006293,2026-02-20T11:41:02,RCPT-20260220-00597,P-0034,view,checkout_upsell,synthetic
INT-0006294,2026-02-20T11:41:02,RCPT-20260220-00597,P-0034,hover,checkout_upsell,synthetic
INT-0006295,2026-02-20T11:41:02,RCPT-20260220-00597,P-0008,view,checkout_upsell,synthetic
INT-0006296,2026-02-20T11:41:02,RCPT-20260220-00597,P-0015,view,checkout_upsell,synthetic
INT-0006297,2026-02-20T11:41:02,RCPT-20260220-00597,P-0015,hover,checkout_upsell,synthetic
INT-0006298,2026-02-20T11:41:02,RCPT-20260220-00597,P-0010,view,checkout_upsell,synthetic
INT-0006299,2026-02-20T11:41:02,RCPT-20260220-00597,P-0046,view,checkout_upsell,synthetic
INT-0006300,2026-02-20T11:41:02,RCPT-20260220-00597,P-0046,hover,checkout_upsell,synthetic
INT-0006301,2026-02-20T21:46:21,RCPT-20260220-00598,P-0050,view,checkout_upsell,synthetic
INT-0006302,2026-02-20T21:46:21,RCPT-20260220-00598,P-0050,hover,checkout_upsell,synthetic
INT-0006303,2026-02-20T21:46:21,RCPT-20260220-00598,P-0068,view,checkout_upsell,synthetic
INT-0006304,2026-02-20T21:46:21,RCPT-20260220-00598,P-0068,hover,checkout_upsell,synthetic
INT-0006305,2026-02-20T21:46:21,RCPT-20260220-00598,P-0020,view,checkout_upsell,synthetic
INT-0006306,2026-02-20T21:46:21,RCPT-20260220-00598,P-0041,view,checkout_upsell,synthetic
INT-0006307,2026-02-20T21:46:21,RCPT-20260220-00598,P-0041,hover,checkout_upsell,synthetic
INT-0006308,2026-02-20T21:46:21,RCPT-20260220-00598,P-0064,view,checkout_upsell,synthetic
INT-0006309,2026-02-20T21:46:21,RCPT-20260220-00598,P-0064,hover,checkout_upsell,synthetic
INT-0006310,2026-02-20T21:46:21,RCPT-20260220-00598,P-0047,view,checkout_upsell,synthetic
INT-0006311,2026-02-20T21:46:21,RCPT-20260220-00598,P-0047,hover,checkout_upsell,synthetic
INT-0006312,2026-02-20T16:20:11,RCPT-20260220-00599,P-0034,view,checkout_upsell,synthetic
INT-0006313,2026-02-20T16:20:11,RCPT-20260220-00599,P-0051,view,checkout_upsell,synthetic
INT-0006314,2026-02-20T16:20:11,RCPT-20260220-00599,P-0041,view,checkout_upsell,synthetic
INT-0006315,2026-02-20T16:20:11,RCPT-20260220-00599,P-0041,hover,checkout_upsell,synthetic
INT-0006316,2026-02-20T16:20:11,RCPT-20260220-00599,P-0073,view,checkout_upsell,synthetic
INT-0006317,2026-02-20T16:20:11,RCPT-20260220-00599,P-0073,hover,checkout_upsell,synthetic
INT-0006318,2026-02-20T16:20:11,RCPT-20260220-00599,P-0042,view,checkout_upsell,synthetic
INT-0006319,2026-02-20T16:20:11,RCPT-20260220-00599,P-0042,hover,checkout_upsell,synthetic
INT-0006320,2026-02-20T16:20:11,RCPT-20260220-00599,P-0032,view,checkout_upsell,synthetic
INT-0006321,2026-02-20T16:20:11,RCPT-20260220-00599,P-0032,hover,checkout_upsell,synthetic
INT-0006322,2026-02-20T10:05:11,RCPT-20260220-00600,P-0019,view,checkout_upsell,synthetic
INT-0006323,2026-02-20T10:05:11,RCPT-20260220-00600,P-0019,hover,checkout_upsell,synthetic
INT-0006324,2026-02-20T10:05:11,RCPT-20260220-00600,P-0007,view,checkout_upsell,synthetic
INT-0006325,2026-02-20T10:05:11,RCPT-20260220-00600,P-0007,hover,checkout_upsell,synthetic
INT-0006326,2026-02-20T10:05:11,RCPT-20260220-00600,P-0007,click,checkout_upsell,synthetic
INT-0006327,2026-02-20T10:05:11,RCPT-20260220-00600,P-0058,view,checkout_upsell,synthetic
INT-0006328,2026-02-20T10:05:11,RCPT-20260220-00600,P-0058,hover,checkout_upsell,synthetic
INT-0006329,2026-02-20T10:05:11,RCPT-20260220-00600,P-0049,view,checkout_upsell,synthetic
INT-0006330,2026-02-20T10:05:11,RCPT-20260220-00600,P-0049,hover,checkout_upsell,synthetic
INT-0006331,2026-02-20T10:05:11,RCPT-20260220-00600,P-0062,view,checkout_upsell,synthetic
INT-0006332,2026-02-20T10:05:11,RCPT-20260220-00600,P-0062,hover,checkout_upsell,synthetic
INT-0006333,2026-02-20T10:05:11,RCPT-20260220-00600,P-0016,view,checkout_upsell,synthetic
INT-0006334,2026-02-20T10:05:11,RCPT-20260220-00600,P-0016,hover,checkout_upsell,synthetic
INT-0006335,2026-02-21T12:36:28,RCPT-20260221-00601,P-0034,view,checkout_upsell,synthetic
INT-0006336,2026-02-21T12:36:28,RCPT-20260221-00601,P-0034,hover,checkout_upsell,synthetic
INT-0006337,2026-02-21T12:36:28,RCPT-20260221-00601,P-0036,view,checkout_upsell,synthetic
INT-0006338,2026-02-21T12:36:28,RCPT-20260221-00601,P-0036,hover,checkout_upsell,synthetic
INT-0006339,2026-02-21T12:36:28,RCPT-20260221-00601,P-0036,click,checkout_upsell,synthetic
INT-0006340,2026-02-21T12:36:28,RCPT-20260221-00601,P-0070,view,checkout_upsell,synthetic
INT-0006341,2026-02-21T12:36:28,RCPT-20260221-00601,P-0070,hover,checkout_upsell,synthetic
INT-0006342,2026-02-21T12:36:28,RCPT-20260221-00601,P-0018,view,checkout_upsell,synthetic
INT-0006343,2026-02-21T12:36:28,RCPT-20260221-00601,P-0022,view,checkout_upsell,synthetic
INT-0006344,2026-02-21T12:36:28,RCPT-20260221-00601,P-0022,hover,checkout_upsell,synthetic
INT-0006345,2026-02-21T12:36:28,RCPT-20260221-00601,P-0039,view,checkout_upsell,synthetic
INT-0006346,2026-02-21T14:54:05,RCPT-20260221-00602,P-0050,view,checkout_upsell,synthetic
INT-0006347,2026-02-21T14:54:05,RCPT-20260221-00602,P-0050,hover,checkout_upsell,synthetic
INT-0006348,2026-02-21T14:54:05,RCPT-20260221-00602,P-0003,view,checkout_upsell,synthetic
INT-0006349,2026-02-21T14:54:05,RCPT-20260221-00602,P-0003,hover,checkout_upsell,synthetic
INT-0006350,2026-02-21T14:54:05,RCPT-20260221-00602,P-0059,view,checkout_upsell,synthetic
INT-0006351,2026-02-21T14:54:05,RCPT-20260221-00602,P-0059,click,checkout_upsell,synthetic
INT-0006352,2026-02-21T14:54:05,RCPT-20260221-00602,P-0067,view,checkout_upsell,synthetic
INT-0006353,2026-02-21T14:54:05,RCPT-20260221-00602,P-0066,view,checkout_upsell,synthetic
INT-0006354,2026-02-21T14:54:05,RCPT-20260221-00602,P-0066,hover,checkout_upsell,synthetic
INT-0006355,2026-02-21T14:54:05,RCPT-20260221-00602,P-0058,view,checkout_upsell,synthetic
INT-0006356,2026-02-21T11:09:58,RCPT-20260221-00603,P-0048,view,checkout_upsell,synthetic
INT-0006357,2026-02-21T11:09:58,RCPT-20260221-00603,P-0048,hover,checkout_upsell,synthetic
INT-0006358,2026-02-21T11:09:58,RCPT-20260221-00603,P-0043,view,checkout_upsell,synthetic
INT-0006359,2026-02-21T11:09:58,RCPT-20260221-00603,P-0043,hover,checkout_upsell,synthetic
INT-0006360,2026-02-21T11:09:58,RCPT-20260221-00603,P-0070,view,checkout_upsell,synthetic
INT-0006361,2026-02-21T11:09:58,RCPT-20260221-00603,P-0070,click,checkout_upsell,synthetic
INT-0006362,2026-02-21T11:09:58,RCPT-20260221-00603,P-0057,view,checkout_upsell,synthetic
INT-0006363,2026-02-21T11:09:58,RCPT-20260221-00603,P-0057,hover,checkout_upsell,synthetic
INT-0006364,2026-02-21T11:09:58,RCPT-20260221-00603,P-0057,click,checkout_upsell,synthetic
INT-0006365,2026-02-21T11:09:58,RCPT-20260221-00603,P-0005,view,checkout_upsell,synthetic
INT-0006366,2026-02-21T11:09:58,RCPT-20260221-00603,P-0005,click,checkout_upsell,synthetic
INT-0006367,2026-02-21T11:09:58,RCPT-20260221-00603,P-0063,view,checkout_upsell,synthetic
INT-0006368,2026-02-21T11:09:58,RCPT-20260221-00603,P-0063,hover,checkout_upsell,synthetic
INT-0006369,2026-02-21T11:09:58,RCPT-20260221-00603,P-0063,click,checkout_upsell,synthetic
INT-0006370,2026-02-21T14:56:02,RCPT-20260221-00604,P-0040,view,checkout_upsell,synthetic
INT-0006371,2026-02-21T14:56:02,RCPT-20260221-00604,P-0050,view,checkout_upsell,synthetic
INT-0006372,2026-02-21T14:56:02,RCPT-20260221-00604,P-0046,view,checkout_upsell,synthetic
INT-0006373,2026-02-21T14:56:02,RCPT-20260221-00604,P-0046,hover,checkout_upsell,synthetic
INT-0006374,2026-02-21T14:56:02,RCPT-20260221-00604,P-0020,view,checkout_upsell,synthetic
INT-0006375,2026-02-21T14:56:02,RCPT-20260221-00604,P-0001,view,checkout_upsell,synthetic
INT-0006376,2026-02-21T14:56:02,RCPT-20260221-00604,P-0001,hover,checkout_upsell,synthetic
INT-0006377,2026-02-21T14:56:02,RCPT-20260221-00604,P-0016,view,checkout_upsell,synthetic
INT-0006378,2026-02-21T14:56:02,RCPT-20260221-00604,P-0016,hover,checkout_upsell,synthetic
INT-0006379,2026-02-21T14:59:27,RCPT-20260221-00605,P-0060,view,checkout_upsell,synthetic
INT-0006380,2026-02-21T14:59:27,RCPT-20260221-00605,P-0060,hover,checkout_upsell,synthetic
INT-0006381,2026-02-21T14:59:27,RCPT-20260221-00605,P-0013,view,checkout_upsell,synthetic
INT-0006382,2026-02-21T14:59:27,RCPT-20260221-00605,P-0013,hover,checkout_upsell,synthetic
INT-0006383,2026-02-21T14:59:27,RCPT-20260221-00605,P-0071,view,checkout_upsell,synthetic
INT-0006384,2026-02-21T14:59:27,RCPT-20260221-00605,P-0071,hover,checkout_upsell,synthetic
INT-0006385,2026-02-21T14:59:27,RCPT-20260221-00605,P-0071,click,checkout_upsell,synthetic
INT-0006386,2026-02-21T14:59:27,RCPT-20260221-00605,P-0005,view,checkout_upsell,synthetic
INT-0006387,2026-02-21T14:59:27,RCPT-20260221-00605,P-0005,hover,checkout_upsell,synthetic
INT-0006388,2026-02-21T14:59:27,RCPT-20260221-00605,P-0049,view,checkout_upsell,synthetic
INT-0006389,2026-02-21T14:59:27,RCPT-20260221-00605,P-0062,view,checkout_upsell,synthetic
INT-0006390,2026-02-21T14:59:27,RCPT-20260221-00605,P-0062,hover,checkout_upsell,synthetic
INT-0006391,2026-02-21T11:38:37,RCPT-20260221-00606,P-0011,view,checkout_upsell,synthetic
INT-0006392,2026-02-21T11:38:37,RCPT-20260221-00606,P-0019,view,checkout_upsell,synthetic
INT-0006393,2026-02-21T11:38:37,RCPT-20260221-00606,P-0019,hover,checkout_upsell,synthetic
INT-0006394,2026-02-21T11:38:37,RCPT-20260221-00606,P-0031,view,checkout_upsell,synthetic
INT-0006395,2026-02-21T11:38:37,RCPT-20260221-00606,P-0031,hover,checkout_upsell,synthetic
INT-0006396,2026-02-21T11:38:37,RCPT-20260221-00606,P-0004,view,checkout_upsell,synthetic
INT-0006397,2026-02-21T11:38:37,RCPT-20260221-00606,P-0004,click,checkout_upsell,synthetic
INT-0006398,2026-02-21T11:38:37,RCPT-20260221-00606,P-0022,view,checkout_upsell,synthetic
INT-0006399,2026-02-21T11:38:37,RCPT-20260221-00606,P-0022,hover,checkout_upsell,synthetic
INT-0006400,2026-02-21T11:38:37,RCPT-20260221-00606,P-0039,view,checkout_upsell,synthetic
INT-0006401,2026-02-21T11:38:37,RCPT-20260221-00606,P-0039,hover,checkout_upsell,synthetic
INT-0006402,2026-02-21T11:38:37,RCPT-20260221-00606,P-0039,click,checkout_upsell,synthetic
INT-0006403,2026-02-21T10:53:27,RCPT-20260221-00607,P-0050,view,checkout_upsell,synthetic
INT-0006404,2026-02-21T10:53:27,RCPT-20260221-00607,P-0050,hover,checkout_upsell,synthetic
INT-0006405,2026-02-21T10:53:27,RCPT-20260221-00607,P-0011,view,checkout_upsell,synthetic
INT-0006406,2026-02-21T10:53:27,RCPT-20260221-00607,P-0011,hover,checkout_upsell,synthetic
INT-0006407,2026-02-21T10:53:27,RCPT-20260221-00607,P-0066,view,checkout_upsell,synthetic
INT-0006408,2026-02-21T10:53:27,RCPT-20260221-00607,P-0063,view,checkout_upsell,synthetic
INT-0006409,2026-02-21T10:53:27,RCPT-20260221-00607,P-0062,view,checkout_upsell,synthetic
INT-0006410,2026-02-21T10:53:27,RCPT-20260221-00607,P-0062,hover,checkout_upsell,synthetic
INT-0006411,2026-02-21T10:53:27,RCPT-20260221-00607,P-0039,view,checkout_upsell,synthetic
INT-0006412,2026-02-21T10:53:27,RCPT-20260221-00607,P-0039,hover,checkout_upsell,synthetic
INT-0006413,2026-02-21T10:53:27,RCPT-20260221-00607,P-0039,click,checkout_upsell,synthetic
INT-0006414,2026-02-21T21:09:17,RCPT-20260221-00608,P-0012,view,checkout_upsell,synthetic
INT-0006415,2026-02-21T21:09:17,RCPT-20260221-00608,P-0012,hover,checkout_upsell,synthetic
INT-0006416,2026-02-21T21:09:17,RCPT-20260221-00608,P-0020,view,checkout_upsell,synthetic
INT-0006417,2026-02-21T21:09:17,RCPT-20260221-00608,P-0001,view,checkout_upsell,synthetic
INT-0006418,2026-02-21T21:09:17,RCPT-20260221-00608,P-0001,hover,checkout_upsell,synthetic
INT-0006419,2026-02-21T21:09:17,RCPT-20260221-00608,P-0066,view,checkout_upsell,synthetic
INT-0006420,2026-02-21T21:09:17,RCPT-20260221-00608,P-0066,hover,checkout_upsell,synthetic
INT-0006421,2026-02-21T21:09:17,RCPT-20260221-00608,P-0007,view,checkout_upsell,synthetic
INT-0006422,2026-02-21T21:09:17,RCPT-20260221-00608,P-0039,view,checkout_upsell,synthetic
INT-0006423,2026-02-21T21:09:17,RCPT-20260221-00608,P-0039,hover,checkout_upsell,synthetic
INT-0006424,2026-02-21T16:26:41,RCPT-20260221-00609,P-0008,view,checkout_upsell,synthetic
INT-0006425,2026-02-21T16:26:41,RCPT-20260221-00609,P-0008,hover,checkout_upsell,synthetic
INT-0006426,2026-02-21T16:26:41,RCPT-20260221-00609,P-0074,view,checkout_upsell,synthetic
INT-0006427,2026-02-21T16:26:41,RCPT-20260221-00609,P-0074,hover,checkout_upsell,synthetic
INT-0006428,2026-02-21T16:26:41,RCPT-20260221-00609,P-0037,view,checkout_upsell,synthetic
INT-0006429,2026-02-21T16:26:41,RCPT-20260221-00609,P-0037,hover,checkout_upsell,synthetic
INT-0006430,2026-02-21T16:26:41,RCPT-20260221-00609,P-0060,view,checkout_upsell,synthetic
INT-0006431,2026-02-21T16:26:41,RCPT-20260221-00609,P-0013,view,checkout_upsell,synthetic
INT-0006432,2026-02-21T16:26:41,RCPT-20260221-00609,P-0013,hover,checkout_upsell,synthetic
INT-0006433,2026-02-21T16:26:41,RCPT-20260221-00609,P-0049,view,checkout_upsell,synthetic
INT-0006434,2026-02-21T08:47:11,RCPT-20260221-00610,P-0040,view,checkout_upsell,synthetic
INT-0006435,2026-02-21T08:47:11,RCPT-20260221-00610,P-0040,hover,checkout_upsell,synthetic
INT-0006436,2026-02-21T08:47:11,RCPT-20260221-00610,P-0030,view,checkout_upsell,synthetic
INT-0006437,2026-02-21T08:47:11,RCPT-20260221-00610,P-0035,view,checkout_upsell,synthetic
INT-0006438,2026-02-21T08:47:11,RCPT-20260221-00610,P-0039,view,checkout_upsell,synthetic
INT-0006439,2026-02-21T08:47:11,RCPT-20260221-00610,P-0039,click,checkout_upsell,synthetic
INT-0006440,2026-02-21T08:47:11,RCPT-20260221-00610,P-0064,view,checkout_upsell,synthetic
INT-0006441,2026-02-21T08:47:11,RCPT-20260221-00610,P-0064,hover,checkout_upsell,synthetic
INT-0006442,2026-02-21T08:47:11,RCPT-20260221-00610,P-0047,view,checkout_upsell,synthetic
INT-0006443,2026-02-21T08:47:11,RCPT-20260221-00610,P-0047,hover,checkout_upsell,synthetic
INT-0006444,2026-02-21T08:47:11,RCPT-20260221-00610,P-0047,click,checkout_upsell,synthetic
INT-0006445,2026-02-21T09:17:04,RCPT-20260221-00611,P-0025,view,checkout_upsell,synthetic
INT-0006446,2026-02-21T09:17:04,RCPT-20260221-00611,P-0006,view,checkout_upsell,synthetic
INT-0006447,2026-02-21T09:17:04,RCPT-20260221-00611,P-0038,view,checkout_upsell,synthetic
INT-0006448,2026-02-21T09:17:04,RCPT-20260221-00611,P-0038,hover,checkout_upsell,synthetic
INT-0006449,2026-02-21T09:17:04,RCPT-20260221-00611,P-0022,view,checkout_upsell,synthetic
INT-0006450,2026-02-21T09:17:04,RCPT-20260221-00611,P-0022,hover,checkout_upsell,synthetic
INT-0006451,2026-02-21T09:17:04,RCPT-20260221-00611,P-0022,click,checkout_upsell,synthetic
INT-0006452,2026-02-21T09:17:04,RCPT-20260221-00611,P-0072,view,checkout_upsell,synthetic
INT-0006453,2026-02-21T09:17:04,RCPT-20260221-00611,P-0072,hover,checkout_upsell,synthetic
INT-0006454,2026-02-21T09:17:04,RCPT-20260221-00611,P-0024,view,checkout_upsell,synthetic
INT-0006455,2026-02-21T18:37:50,RCPT-20260221-00612,P-0038,view,checkout_upsell,synthetic
INT-0006456,2026-02-21T18:37:50,RCPT-20260221-00612,P-0038,hover,checkout_upsell,synthetic
INT-0006457,2026-02-21T18:37:50,RCPT-20260221-00612,P-0001,view,checkout_upsell,synthetic
INT-0006458,2026-02-21T18:37:50,RCPT-20260221-00612,P-0001,hover,checkout_upsell,synthetic
INT-0006459,2026-02-21T18:37:50,RCPT-20260221-00612,P-0026,view,checkout_upsell,synthetic
INT-0006460,2026-02-21T18:37:50,RCPT-20260221-00612,P-0026,click,checkout_upsell,synthetic
INT-0006461,2026-02-21T18:37:50,RCPT-20260221-00612,P-0042,view,checkout_upsell,synthetic
INT-0006462,2026-02-21T18:37:50,RCPT-20260221-00612,P-0042,hover,checkout_upsell,synthetic
INT-0006463,2026-02-21T18:37:50,RCPT-20260221-00612,P-0007,view,checkout_upsell,synthetic
INT-0006464,2026-02-21T18:37:50,RCPT-20260221-00612,P-0007,hover,checkout_upsell,synthetic
INT-0006465,2026-02-21T18:37:50,RCPT-20260221-00612,P-0076,view,checkout_upsell,synthetic
INT-0006466,2026-02-21T13:52:15,RCPT-20260221-00613,P-0048,view,checkout_upsell,synthetic
INT-0006467,2026-02-21T13:52:15,RCPT-20260221-00613,P-0048,click,checkout_upsell,synthetic
INT-0006468,2026-02-21T13:52:15,RCPT-20260221-00613,P-0025,view,checkout_upsell,synthetic
INT-0006469,2026-02-21T13:52:15,RCPT-20260221-00613,P-0025,hover,checkout_upsell,synthetic
INT-0006470,2026-02-21T13:52:15,RCPT-20260221-00613,P-0060,view,checkout_upsell,synthetic
INT-0006471,2026-02-21T13:52:15,RCPT-20260221-00613,P-0059,view,checkout_upsell,synthetic
INT-0006472,2026-02-21T13:52:15,RCPT-20260221-00613,P-0059,hover,checkout_upsell,synthetic
INT-0006473,2026-02-21T13:52:15,RCPT-20260221-00613,P-0059,click,checkout_upsell,synthetic
INT-0006474,2026-02-21T13:52:15,RCPT-20260221-00613,P-0002,view,checkout_upsell,synthetic
INT-0006475,2026-02-21T13:52:15,RCPT-20260221-00613,P-0002,hover,checkout_upsell,synthetic
INT-0006476,2026-02-21T13:52:15,RCPT-20260221-00613,P-0066,view,checkout_upsell,synthetic
INT-0006477,2026-02-22T19:53:56,RCPT-20260222-00614,P-0060,view,checkout_upsell,synthetic
INT-0006478,2026-02-22T19:53:56,RCPT-20260222-00614,P-0060,click,checkout_upsell,synthetic
INT-0006479,2026-02-22T19:53:56,RCPT-20260222-00614,P-0028,view,checkout_upsell,synthetic
INT-0006480,2026-02-22T19:53:56,RCPT-20260222-00614,P-0028,hover,checkout_upsell,synthetic
INT-0006481,2026-02-22T19:53:56,RCPT-20260222-00614,P-0035,view,checkout_upsell,synthetic
INT-0006482,2026-02-22T19:53:56,RCPT-20260222-00614,P-0021,view,checkout_upsell,synthetic
INT-0006483,2026-02-22T19:53:56,RCPT-20260222-00614,P-0010,view,checkout_upsell,synthetic
INT-0006484,2026-02-22T19:53:56,RCPT-20260222-00614,P-0010,hover,checkout_upsell,synthetic
INT-0006485,2026-02-22T19:53:56,RCPT-20260222-00614,P-0019,view,checkout_upsell,synthetic
INT-0006486,2026-02-22T19:53:56,RCPT-20260222-00614,P-0019,hover,checkout_upsell,synthetic
INT-0006487,2026-02-22T15:39:43,RCPT-20260222-00615,P-0027,view,checkout_upsell,synthetic
INT-0006488,2026-02-22T15:39:43,RCPT-20260222-00615,P-0027,hover,checkout_upsell,synthetic
INT-0006489,2026-02-22T15:39:43,RCPT-20260222-00615,P-0013,view,checkout_upsell,synthetic
INT-0006490,2026-02-22T15:39:43,RCPT-20260222-00615,P-0007,view,checkout_upsell,synthetic
INT-0006491,2026-02-22T15:39:43,RCPT-20260222-00615,P-0007,hover,checkout_upsell,synthetic
INT-0006492,2026-02-22T15:39:43,RCPT-20260222-00615,P-0032,view,checkout_upsell,synthetic
INT-0006493,2026-02-22T15:39:43,RCPT-20260222-00615,P-0064,view,checkout_upsell,synthetic
INT-0006494,2026-02-22T15:39:43,RCPT-20260222-00615,P-0024,view,checkout_upsell,synthetic
INT-0006495,2026-02-22T15:39:43,RCPT-20260222-00615,P-0024,hover,checkout_upsell,synthetic
INT-0006496,2026-02-22T13:43:28,RCPT-20260222-00616,P-0040,view,checkout_upsell,synthetic
INT-0006497,2026-02-22T13:43:28,RCPT-20260222-00616,P-0040,hover,checkout_upsell,synthetic
INT-0006498,2026-02-22T13:43:28,RCPT-20260222-00616,P-0060,view,checkout_upsell,synthetic
INT-0006499,2026-02-22T13:43:28,RCPT-20260222-00616,P-0060,hover,checkout_upsell,synthetic
INT-0006500,2026-02-22T13:43:28,RCPT-20260222-00616,P-0060,click,checkout_upsell,synthetic
INT-0006501,2026-02-22T13:43:28,RCPT-20260222-00616,P-0003,view,checkout_upsell,synthetic
INT-0006502,2026-02-22T13:43:28,RCPT-20260222-00616,P-0059,view,checkout_upsell,synthetic
INT-0006503,2026-02-22T13:43:28,RCPT-20260222-00616,P-0059,hover,checkout_upsell,synthetic
INT-0006504,2026-02-22T13:43:28,RCPT-20260222-00616,P-0022,view,checkout_upsell,synthetic
INT-0006505,2026-02-22T13:43:28,RCPT-20260222-00616,P-0022,hover,checkout_upsell,synthetic
INT-0006506,2026-02-22T13:43:28,RCPT-20260222-00616,P-0049,view,checkout_upsell,synthetic
INT-0006507,2026-02-22T13:43:28,RCPT-20260222-00616,P-0049,hover,checkout_upsell,synthetic
INT-0006508,2026-02-22T17:12:45,RCPT-20260222-00617,P-0056,view,checkout_upsell,synthetic
INT-0006509,2026-02-22T17:12:45,RCPT-20260222-00617,P-0071,view,checkout_upsell,synthetic
INT-0006510,2026-02-22T17:12:45,RCPT-20260222-00617,P-0041,view,checkout_upsell,synthetic
INT-0006511,2026-02-22T17:12:45,RCPT-20260222-00617,P-0032,view,checkout_upsell,synthetic
INT-0006512,2026-02-22T17:12:45,RCPT-20260222-00617,P-0007,view,checkout_upsell,synthetic
INT-0006513,2026-02-22T17:12:45,RCPT-20260222-00617,P-0007,hover,checkout_upsell,synthetic
INT-0006514,2026-02-22T17:12:45,RCPT-20260222-00617,P-0072,view,checkout_upsell,synthetic
INT-0006515,2026-02-22T17:12:45,RCPT-20260222-00617,P-0072,hover,checkout_upsell,synthetic
INT-0006516,2026-02-22T17:12:45,RCPT-20260222-00617,P-0072,click,checkout_upsell,synthetic
INT-0006517,2026-02-22T15:07:30,RCPT-20260222-00618,P-0069,view,checkout_upsell,synthetic
INT-0006518,2026-02-22T15:07:30,RCPT-20260222-00618,P-0025,view,checkout_upsell,synthetic
INT-0006519,2026-02-22T15:07:30,RCPT-20260222-00618,P-0025,hover,checkout_upsell,synthetic
INT-0006520,2026-02-22T15:07:30,RCPT-20260222-00618,P-0036,view,checkout_upsell,synthetic
INT-0006521,2026-02-22T15:07:30,RCPT-20260222-00618,P-0036,hover,checkout_upsell,synthetic
INT-0006522,2026-02-22T15:07:30,RCPT-20260222-00618,P-0037,view,checkout_upsell,synthetic
INT-0006523,2026-02-22T15:07:30,RCPT-20260222-00618,P-0071,view,checkout_upsell,synthetic
INT-0006524,2026-02-22T15:07:30,RCPT-20260222-00618,P-0071,click,checkout_upsell,synthetic
INT-0006525,2026-02-22T15:07:30,RCPT-20260222-00618,P-0063,view,checkout_upsell,synthetic
INT-0006526,2026-02-22T15:07:30,RCPT-20260222-00618,P-0063,hover,checkout_upsell,synthetic
INT-0006527,2026-02-22T11:46:16,RCPT-20260222-00619,P-0034,view,checkout_upsell,synthetic
INT-0006528,2026-02-22T11:46:16,RCPT-20260222-00619,P-0034,hover,checkout_upsell,synthetic
INT-0006529,2026-02-22T11:46:16,RCPT-20260222-00619,P-0025,view,checkout_upsell,synthetic
INT-0006530,2026-02-22T11:46:16,RCPT-20260222-00619,P-0035,view,checkout_upsell,synthetic
INT-0006531,2026-02-22T11:46:16,RCPT-20260222-00619,P-0035,hover,checkout_upsell,synthetic
INT-0006532,2026-02-22T11:46:16,RCPT-20260222-00619,P-0010,view,checkout_upsell,synthetic
INT-0006533,2026-02-22T11:46:16,RCPT-20260222-00619,P-0002,view,checkout_upsell,synthetic
INT-0006534,2026-02-22T11:46:16,RCPT-20260222-00619,P-0002,hover,checkout_upsell,synthetic
INT-0006535,2026-02-22T11:46:16,RCPT-20260222-00619,P-0016,view,checkout_upsell,synthetic
INT-0006536,2026-02-22T22:45:47,RCPT-20260222-00620,P-0048,view,checkout_upsell,synthetic
INT-0006537,2026-02-22T22:45:47,RCPT-20260222-00620,P-0048,hover,checkout_upsell,synthetic
INT-0006538,2026-02-22T22:45:47,RCPT-20260222-00620,P-0048,click,checkout_upsell,synthetic
INT-0006539,2026-02-22T22:45:47,RCPT-20260222-00620,P-0034,view,checkout_upsell,synthetic
INT-0006540,2026-02-22T22:45:47,RCPT-20260222-00620,P-0034,hover,checkout_upsell,synthetic
INT-0006541,2026-02-22T22:45:47,RCPT-20260222-00620,P-0034,click,checkout_upsell,synthetic
INT-0006542,2026-02-22T22:45:47,RCPT-20260222-00620,P-0064,view,checkout_upsell,synthetic
INT-0006543,2026-02-22T22:45:47,RCPT-20260222-00620,P-0064,hover,checkout_upsell,synthetic
INT-0006544,2026-02-22T22:45:47,RCPT-20260222-00620,P-0004,view,checkout_upsell,synthetic
INT-0006545,2026-02-22T22:45:47,RCPT-20260222-00620,P-0004,hover,checkout_upsell,synthetic
INT-0006546,2026-02-22T22:45:47,RCPT-20260222-00620,P-0044,view,checkout_upsell,synthetic
INT-0006547,2026-02-22T22:45:47,RCPT-20260222-00620,P-0009,view,checkout_upsell,synthetic
INT-0006548,2026-02-22T22:45:47,RCPT-20260222-00620,P-0009,hover,checkout_upsell,synthetic
INT-0006549,2026-02-22T19:07:36,RCPT-20260222-00621,P-0012,view,checkout_upsell,synthetic
INT-0006550,2026-02-22T19:07:36,RCPT-20260222-00621,P-0012,hover,checkout_upsell,synthetic
INT-0006551,2026-02-22T19:07:36,RCPT-20260222-00621,P-0012,click,checkout_upsell,synthetic
INT-0006552,2026-02-22T19:07:36,RCPT-20260222-00621,P-0015,view,checkout_upsell,synthetic
INT-0006553,2026-02-22T19:07:36,RCPT-20260222-00621,P-0015,click,checkout_upsell,synthetic
INT-0006554,2026-02-22T19:07:36,RCPT-20260222-00621,P-0043,view,checkout_upsell,synthetic
INT-0006555,2026-02-22T19:07:36,RCPT-20260222-00621,P-0004,view,checkout_upsell,synthetic
INT-0006556,2026-02-22T19:07:36,RCPT-20260222-00621,P-0049,view,checkout_upsell,synthetic
INT-0006557,2026-02-22T19:07:36,RCPT-20260222-00621,P-0063,view,checkout_upsell,synthetic
INT-0006558,2026-02-22T16:42:38,RCPT-20260222-00622,P-0050,view,checkout_upsell,synthetic
INT-0006559,2026-02-22T16:42:38,RCPT-20260222-00622,P-0037,view,checkout_upsell,synthetic
INT-0006560,2026-02-22T16:42:38,RCPT-20260222-00622,P-0037,hover,checkout_upsell,synthetic
INT-0006561,2026-02-22T16:42:38,RCPT-20260222-00622,P-0046,view,checkout_upsell,synthetic
INT-0006562,2026-02-22T16:42:38,RCPT-20260222-00622,P-0046,hover,checkout_upsell,synthetic
INT-0006563,2026-02-22T16:42:38,RCPT-20260222-00622,P-0055,view,checkout_upsell,synthetic
INT-0006564,2026-02-22T16:42:38,RCPT-20260222-00622,P-0055,click,checkout_upsell,synthetic
INT-0006565,2026-02-22T16:42:38,RCPT-20260222-00622,P-0004,view,checkout_upsell,synthetic
INT-0006566,2026-02-22T16:42:38,RCPT-20260222-00622,P-0047,view,checkout_upsell,synthetic
INT-0006567,2026-02-22T16:42:38,RCPT-20260222-00622,P-0047,hover,checkout_upsell,synthetic
INT-0006568,2026-02-22T18:29:09,RCPT-20260222-00623,P-0065,view,checkout_upsell,synthetic
INT-0006569,2026-02-22T18:29:09,RCPT-20260222-00623,P-0065,hover,checkout_upsell,synthetic
INT-0006570,2026-02-22T18:29:09,RCPT-20260222-00623,P-0040,view,checkout_upsell,synthetic
INT-0006571,2026-02-22T18:29:09,RCPT-20260222-00623,P-0060,view,checkout_upsell,synthetic
INT-0006572,2026-02-22T18:29:09,RCPT-20260222-00623,P-0060,hover,checkout_upsell,synthetic
INT-0006573,2026-02-22T18:29:09,RCPT-20260222-00623,P-0060,click,checkout_upsell,synthetic
INT-0006574,2026-02-22T18:29:09,RCPT-20260222-00623,P-0041,view,checkout_upsell,synthetic
INT-0006575,2026-02-22T18:29:09,RCPT-20260222-00623,P-0041,hover,checkout_upsell,synthetic
INT-0006576,2026-02-22T18:29:09,RCPT-20260222-00623,P-0005,view,checkout_upsell,synthetic
INT-0006577,2026-02-22T18:29:09,RCPT-20260222-00623,P-0005,hover,checkout_upsell,synthetic
INT-0006578,2026-02-22T18:29:09,RCPT-20260222-00623,P-0073,view,checkout_upsell,synthetic
INT-0006579,2026-02-22T18:29:09,RCPT-20260222-00623,P-0073,click,checkout_upsell,synthetic
INT-0006580,2026-02-22T18:53:13,RCPT-20260222-00624,P-0050,view,checkout_upsell,synthetic
INT-0006581,2026-02-22T18:53:13,RCPT-20260222-00624,P-0050,hover,checkout_upsell,synthetic
INT-0006582,2026-02-22T18:53:13,RCPT-20260222-00624,P-0003,view,checkout_upsell,synthetic
INT-0006583,2026-02-22T18:53:13,RCPT-20260222-00624,P-0028,view,checkout_upsell,synthetic
INT-0006584,2026-02-22T18:53:13,RCPT-20260222-00624,P-0028,hover,checkout_upsell,synthetic
INT-0006585,2026-02-22T18:53:13,RCPT-20260222-00624,P-0028,click,checkout_upsell,synthetic
INT-0006586,2026-02-22T18:53:13,RCPT-20260222-00624,P-0027,view,checkout_upsell,synthetic
INT-0006587,2026-02-22T18:53:13,RCPT-20260222-00624,P-0027,hover,checkout_upsell,synthetic
INT-0006588,2026-02-22T18:53:13,RCPT-20260222-00624,P-0018,view,checkout_upsell,synthetic
INT-0006589,2026-02-22T18:53:13,RCPT-20260222-00624,P-0018,hover,checkout_upsell,synthetic
INT-0006590,2026-02-22T18:53:13,RCPT-20260222-00624,P-0016,view,checkout_upsell,synthetic
INT-0006591,2026-02-22T18:53:13,RCPT-20260222-00624,P-0016,hover,checkout_upsell,synthetic
INT-0006592,2026-02-22T19:25:19,RCPT-20260222-00625,P-0034,view,checkout_upsell,synthetic
INT-0006593,2026-02-22T19:25:19,RCPT-20260222-00625,P-0011,view,checkout_upsell,synthetic
INT-0006594,2026-02-22T19:25:19,RCPT-20260222-00625,P-0011,hover,checkout_upsell,synthetic
INT-0006595,2026-02-22T19:25:19,RCPT-20260222-00625,P-0054,view,checkout_upsell,synthetic
INT-0006596,2026-02-22T19:25:19,RCPT-20260222-00625,P-0023,view,checkout_upsell,synthetic
INT-0006597,2026-02-22T19:25:19,RCPT-20260222-00625,P-0023,hover,checkout_upsell,synthetic
INT-0006598,2026-02-22T19:25:19,RCPT-20260222-00625,P-0023,click,checkout_upsell,synthetic
INT-0006599,2026-02-22T19:25:19,RCPT-20260222-00625,P-0055,view,checkout_upsell,synthetic
INT-0006600,2026-02-22T19:25:19,RCPT-20260222-00625,P-0055,hover,checkout_upsell,synthetic
INT-0006601,2026-02-22T19:25:19,RCPT-20260222-00625,P-0029,view,checkout_upsell,synthetic
INT-0006602,2026-02-22T22:12:44,RCPT-20260222-00626,P-0021,view,checkout_upsell,synthetic
INT-0006603,2026-02-22T22:12:44,RCPT-20260222-00626,P-0019,view,checkout_upsell,synthetic
INT-0006604,2026-02-22T22:12:44,RCPT-20260222-00626,P-0057,view,checkout_upsell,synthetic
INT-0006605,2026-02-22T22:12:44,RCPT-20260222-00626,P-0057,hover,checkout_upsell,synthetic
INT-0006606,2026-02-22T22:12:44,RCPT-20260222-00626,P-0057,click,checkout_upsell,synthetic
INT-0006607,2026-02-22T22:12:44,RCPT-20260222-00626,P-0005,view,checkout_upsell,synthetic
INT-0006608,2026-02-22T22:12:44,RCPT-20260222-00626,P-0058,view,checkout_upsell,synthetic
INT-0006609,2026-02-22T22:12:44,RCPT-20260222-00626,P-0063,view,checkout_upsell,synthetic
INT-0006610,2026-02-22T22:12:44,RCPT-20260222-00626,P-0063,hover,checkout_upsell,synthetic
INT-0006611,2026-02-22T19:30:18,RCPT-20260222-00627,P-0034,view,checkout_upsell,synthetic
INT-0006612,2026-02-22T19:30:18,RCPT-20260222-00627,P-0034,hover,checkout_upsell,synthetic
INT-0006613,2026-02-22T19:30:18,RCPT-20260222-00627,P-0069,view,checkout_upsell,synthetic
INT-0006614,2026-02-22T19:30:18,RCPT-20260222-00627,P-0046,view,checkout_upsell,synthetic
INT-0006615,2026-02-22T19:30:18,RCPT-20260222-00627,P-0046,hover,checkout_upsell,synthetic
INT-0006616,2026-02-22T19:30:18,RCPT-20260222-00627,P-0057,view,checkout_upsell,synthetic
INT-0006617,2026-02-22T19:30:18,RCPT-20260222-00627,P-0057,hover,checkout_upsell,synthetic
INT-0006618,2026-02-22T19:30:18,RCPT-20260222-00627,P-0057,click,checkout_upsell,synthetic
INT-0006619,2026-02-22T19:30:18,RCPT-20260222-00627,P-0066,view,checkout_upsell,synthetic
INT-0006620,2026-02-22T19:30:18,RCPT-20260222-00627,P-0075,view,checkout_upsell,synthetic
INT-0006621,2026-02-23T18:53:10,RCPT-20260223-00628,P-0060,view,checkout_upsell,synthetic
INT-0006622,2026-02-23T18:53:10,RCPT-20260223-00628,P-0060,hover,checkout_upsell,synthetic
INT-0006623,2026-02-23T18:53:10,RCPT-20260223-00628,P-0060,click,checkout_upsell,synthetic
INT-0006624,2026-02-23T18:53:10,RCPT-20260223-00628,P-0076,view,checkout_upsell,synthetic
INT-0006625,2026-02-23T18:53:10,RCPT-20260223-00628,P-0029,view,checkout_upsell,synthetic
INT-0006626,2026-02-23T18:53:10,RCPT-20260223-00628,P-0029,hover,checkout_upsell,synthetic
INT-0006627,2026-02-23T18:53:10,RCPT-20260223-00628,P-0047,view,checkout_upsell,synthetic
INT-0006628,2026-02-23T18:53:10,RCPT-20260223-00628,P-0047,hover,checkout_upsell,synthetic
INT-0006629,2026-02-23T18:53:10,RCPT-20260223-00628,P-0063,view,checkout_upsell,synthetic
INT-0006630,2026-02-23T18:53:10,RCPT-20260223-00628,P-0009,view,checkout_upsell,synthetic
INT-0006631,2026-02-23T18:53:10,RCPT-20260223-00628,P-0009,hover,checkout_upsell,synthetic
INT-0006632,2026-02-23T15:19:44,RCPT-20260223-00629,P-0065,view,checkout_upsell,synthetic
INT-0006633,2026-02-23T15:19:44,RCPT-20260223-00629,P-0065,hover,checkout_upsell,synthetic
INT-0006634,2026-02-23T15:19:44,RCPT-20260223-00629,P-0038,view,checkout_upsell,synthetic
INT-0006635,2026-02-23T15:19:44,RCPT-20260223-00629,P-0038,hover,checkout_upsell,synthetic
INT-0006636,2026-02-23T15:19:44,RCPT-20260223-00629,P-0067,view,checkout_upsell,synthetic
INT-0006637,2026-02-23T15:19:44,RCPT-20260223-00629,P-0067,hover,checkout_upsell,synthetic
INT-0006638,2026-02-23T15:19:44,RCPT-20260223-00629,P-0067,click,checkout_upsell,synthetic
INT-0006639,2026-02-23T15:19:44,RCPT-20260223-00629,P-0042,view,checkout_upsell,synthetic
INT-0006640,2026-02-23T15:19:44,RCPT-20260223-00629,P-0063,view,checkout_upsell,synthetic
INT-0006641,2026-02-23T15:19:44,RCPT-20260223-00629,P-0009,view,checkout_upsell,synthetic
INT-0006642,2026-02-23T15:19:44,RCPT-20260223-00629,P-0009,hover,checkout_upsell,synthetic
INT-0006643,2026-02-23T15:19:44,RCPT-20260223-00629,P-0009,click,checkout_upsell,synthetic
INT-0006644,2026-02-23T18:42:58,RCPT-20260223-00630,P-0008,view,checkout_upsell,synthetic
INT-0006645,2026-02-23T18:42:58,RCPT-20260223-00630,P-0008,hover,checkout_upsell,synthetic
INT-0006646,2026-02-23T18:42:58,RCPT-20260223-00630,P-0060,view,checkout_upsell,synthetic
INT-0006647,2026-02-23T18:42:58,RCPT-20260223-00630,P-0060,hover,checkout_upsell,synthetic
INT-0006648,2026-02-23T18:42:58,RCPT-20260223-00630,P-0068,view,checkout_upsell,synthetic
INT-0006649,2026-02-23T18:42:58,RCPT-20260223-00630,P-0068,click,checkout_upsell,synthetic
INT-0006650,2026-02-23T18:42:58,RCPT-20260223-00630,P-0067,view,checkout_upsell,synthetic
INT-0006651,2026-02-23T18:42:58,RCPT-20260223-00630,P-0067,hover,checkout_upsell,synthetic
INT-0006652,2026-02-23T18:42:58,RCPT-20260223-00630,P-0075,view,checkout_upsell,synthetic
INT-0006653,2026-02-23T18:42:58,RCPT-20260223-00630,P-0075,hover,checkout_upsell,synthetic
INT-0006654,2026-02-23T18:42:58,RCPT-20260223-00630,P-0016,view,checkout_upsell,synthetic
INT-0006655,2026-02-23T10:25:52,RCPT-20260223-00631,P-0065,view,checkout_upsell,synthetic
INT-0006656,2026-02-23T10:25:52,RCPT-20260223-00631,P-0001,view,checkout_upsell,synthetic
INT-0006657,2026-02-23T10:25:52,RCPT-20260223-00631,P-0001,hover,checkout_upsell,synthetic
INT-0006658,2026-02-23T10:25:52,RCPT-20260223-00631,P-0041,view,checkout_upsell,synthetic
INT-0006659,2026-02-23T10:25:52,RCPT-20260223-00631,P-0067,view,checkout_upsell,synthetic
INT-0006660,2026-02-23T10:25:52,RCPT-20260223-00631,P-0067,hover,checkout_upsell,synthetic
INT-0006661,2026-02-23T10:25:52,RCPT-20260223-00631,P-0064,view,checkout_upsell,synthetic
INT-0006662,2026-02-23T10:25:52,RCPT-20260223-00631,P-0072,view,checkout_upsell,synthetic
INT-0006663,2026-02-23T18:57:07,RCPT-20260223-00632,P-0065,view,checkout_upsell,synthetic
INT-0006664,2026-02-23T18:57:07,RCPT-20260223-00632,P-0060,view,checkout_upsell,synthetic
INT-0006665,2026-02-23T18:57:07,RCPT-20260223-00632,P-0068,view,checkout_upsell,synthetic
INT-0006666,2026-02-23T18:57:07,RCPT-20260223-00632,P-0068,hover,checkout_upsell,synthetic
INT-0006667,2026-02-23T18:57:07,RCPT-20260223-00632,P-0071,view,checkout_upsell,synthetic
INT-0006668,2026-02-23T18:57:07,RCPT-20260223-00632,P-0071,hover,checkout_upsell,synthetic
INT-0006669,2026-02-23T18:57:07,RCPT-20260223-00632,P-0017,view,checkout_upsell,synthetic
INT-0006670,2026-02-23T18:57:07,RCPT-20260223-00632,P-0009,view,checkout_upsell,synthetic
INT-0006671,2026-02-23T18:57:07,RCPT-20260223-00632,P-0009,hover,checkout_upsell,synthetic
INT-0006672,2026-02-23T21:48:02,RCPT-20260223-00633,P-0030,view,checkout_upsell,synthetic
INT-0006673,2026-02-23T21:48:02,RCPT-20260223-00633,P-0030,hover,checkout_upsell,synthetic
INT-0006674,2026-02-23T21:48:02,RCPT-20260223-00633,P-0008,view,checkout_upsell,synthetic
INT-0006675,2026-02-23T21:48:02,RCPT-20260223-00633,P-0035,view,checkout_upsell,synthetic
INT-0006676,2026-02-23T21:48:02,RCPT-20260223-00633,P-0035,click,checkout_upsell,synthetic
INT-0006677,2026-02-23T21:48:02,RCPT-20260223-00633,P-0056,view,checkout_upsell,synthetic
INT-0006678,2026-02-23T21:48:02,RCPT-20260223-00633,P-0056,hover,checkout_upsell,synthetic
INT-0006679,2026-02-23T21:48:02,RCPT-20260223-00633,P-0032,view,checkout_upsell,synthetic
INT-0006680,2026-02-23T21:48:02,RCPT-20260223-00633,P-0064,view,checkout_upsell,synthetic
INT-0006681,2026-02-23T21:48:02,RCPT-20260223-00633,P-0064,hover,checkout_upsell,synthetic
INT-0006682,2026-02-23T08:33:57,RCPT-20260223-00634,P-0015,view,checkout_upsell,synthetic
INT-0006683,2026-02-23T08:33:57,RCPT-20260223-00634,P-0043,view,checkout_upsell,synthetic
INT-0006684,2026-02-23T08:33:57,RCPT-20260223-00634,P-0059,view,checkout_upsell,synthetic
INT-0006685,2026-02-23T08:33:57,RCPT-20260223-00634,P-0059,hover,checkout_upsell,synthetic
INT-0006686,2026-02-23T08:33:57,RCPT-20260223-00634,P-0071,view,checkout_upsell,synthetic
INT-0006687,2026-02-23T08:33:57,RCPT-20260223-00634,P-0070,view,checkout_upsell,synthetic
INT-0006688,2026-02-23T08:33:57,RCPT-20260223-00634,P-0070,hover,checkout_upsell,synthetic
INT-0006689,2026-02-23T08:33:57,RCPT-20260223-00634,P-0062,view,checkout_upsell,synthetic
INT-0006690,2026-02-23T21:02:15,RCPT-20260223-00635,P-0048,view,checkout_upsell,synthetic
INT-0006691,2026-02-23T21:02:15,RCPT-20260223-00635,P-0048,hover,checkout_upsell,synthetic
INT-0006692,2026-02-23T21:02:15,RCPT-20260223-00635,P-0051,view,checkout_upsell,synthetic
INT-0006693,2026-02-23T21:02:15,RCPT-20260223-00635,P-0036,view,checkout_upsell,synthetic
INT-0006694,2026-02-23T21:02:15,RCPT-20260223-00635,P-0036,hover,checkout_upsell,synthetic
INT-0006695,2026-02-23T21:02:15,RCPT-20260223-00635,P-0036,click,checkout_upsell,synthetic
INT-0006696,2026-02-23T21:02:15,RCPT-20260223-00635,P-0006,view,checkout_upsell,synthetic
INT-0006697,2026-02-23T21:02:15,RCPT-20260223-00635,P-0006,hover,checkout_upsell,synthetic
INT-0006698,2026-02-23T21:02:15,RCPT-20260223-00635,P-0045,view,checkout_upsell,synthetic
INT-0006699,2026-02-23T21:02:15,RCPT-20260223-00635,P-0045,hover,checkout_upsell,synthetic
INT-0006700,2026-02-23T21:02:15,RCPT-20260223-00635,P-0045,click,checkout_upsell,synthetic
INT-0006701,2026-02-23T21:02:15,RCPT-20260223-00635,P-0017,view,checkout_upsell,synthetic
INT-0006702,2026-02-23T12:24:41,RCPT-20260223-00636,P-0051,view,checkout_upsell,synthetic
INT-0006703,2026-02-23T12:24:41,RCPT-20260223-00636,P-0060,view,checkout_upsell,synthetic
INT-0006704,2026-02-23T12:24:41,RCPT-20260223-00636,P-0060,hover,checkout_upsell,synthetic
INT-0006705,2026-02-23T12:24:41,RCPT-20260223-00636,P-0074,view,checkout_upsell,synthetic
INT-0006706,2026-02-23T12:24:41,RCPT-20260223-00636,P-0064,view,checkout_upsell,synthetic
INT-0006707,2026-02-23T12:24:41,RCPT-20260223-00636,P-0064,hover,checkout_upsell,synthetic
INT-0006708,2026-02-23T12:24:41,RCPT-20260223-00636,P-0018,view,checkout_upsell,synthetic
INT-0006709,2026-02-23T12:24:41,RCPT-20260223-00636,P-0076,view,checkout_upsell,synthetic
INT-0006710,2026-02-23T17:42:41,RCPT-20260223-00637,P-0034,view,checkout_upsell,synthetic
INT-0006711,2026-02-23T17:42:41,RCPT-20260223-00637,P-0040,view,checkout_upsell,synthetic
INT-0006712,2026-02-23T17:42:41,RCPT-20260223-00637,P-0040,hover,checkout_upsell,synthetic
INT-0006713,2026-02-23T17:42:41,RCPT-20260223-00637,P-0074,view,checkout_upsell,synthetic
INT-0006714,2026-02-23T17:42:41,RCPT-20260223-00637,P-0074,hover,checkout_upsell,synthetic
INT-0006715,2026-02-23T17:42:41,RCPT-20260223-00637,P-0035,view,checkout_upsell,synthetic
INT-0006716,2026-02-23T17:42:41,RCPT-20260223-00637,P-0035,hover,checkout_upsell,synthetic
INT-0006717,2026-02-23T17:42:41,RCPT-20260223-00637,P-0019,view,checkout_upsell,synthetic
INT-0006718,2026-02-23T17:42:41,RCPT-20260223-00637,P-0019,hover,checkout_upsell,synthetic
INT-0006719,2026-02-23T17:42:41,RCPT-20260223-00637,P-0062,view,checkout_upsell,synthetic
INT-0006720,2026-02-23T17:42:41,RCPT-20260223-00637,P-0062,hover,checkout_upsell,synthetic
INT-0006721,2026-02-23T09:21:40,RCPT-20260223-00638,P-0034,view,checkout_upsell,synthetic
INT-0006722,2026-02-23T09:21:40,RCPT-20260223-00638,P-0034,hover,checkout_upsell,synthetic
INT-0006723,2026-02-23T09:21:40,RCPT-20260223-00638,P-0034,click,checkout_upsell,synthetic
INT-0006724,2026-02-23T09:21:40,RCPT-20260223-00638,P-0065,view,checkout_upsell,synthetic
INT-0006725,2026-02-23T09:21:40,RCPT-20260223-00638,P-0074,view,checkout_upsell,synthetic
INT-0006726,2026-02-23T09:21:40,RCPT-20260223-00638,P-0074,hover,checkout_upsell,synthetic
INT-0006727,2026-02-23T09:21:40,RCPT-20260223-00638,P-0057,view,checkout_upsell,synthetic
INT-0006728,2026-02-23T09:21:40,RCPT-20260223-00638,P-0057,hover,checkout_upsell,synthetic
INT-0006729,2026-02-23T09:21:40,RCPT-20260223-00638,P-0066,view,checkout_upsell,synthetic
INT-0006730,2026-02-23T09:21:40,RCPT-20260223-00638,P-0066,hover,checkout_upsell,synthetic
INT-0006731,2026-02-23T09:21:40,RCPT-20260223-00638,P-0016,view,checkout_upsell,synthetic
INT-0006732,2026-02-23T20:59:07,RCPT-20260223-00639,P-0025,view,checkout_upsell,synthetic
INT-0006733,2026-02-23T20:59:07,RCPT-20260223-00639,P-0025,hover,checkout_upsell,synthetic
INT-0006734,2026-02-23T20:59:07,RCPT-20260223-00639,P-0050,view,checkout_upsell,synthetic
INT-0006735,2026-02-23T20:59:07,RCPT-20260223-00639,P-0050,hover,checkout_upsell,synthetic
INT-0006736,2026-02-23T20:59:07,RCPT-20260223-00639,P-0060,view,checkout_upsell,synthetic
INT-0006737,2026-02-23T20:59:07,RCPT-20260223-00639,P-0060,hover,checkout_upsell,synthetic
INT-0006738,2026-02-23T20:59:07,RCPT-20260223-00639,P-0041,view,checkout_upsell,synthetic
INT-0006739,2026-02-23T20:59:07,RCPT-20260223-00639,P-0014,view,checkout_upsell,synthetic
INT-0006740,2026-02-23T20:59:07,RCPT-20260223-00639,P-0014,hover,checkout_upsell,synthetic
INT-0006741,2026-02-23T20:59:07,RCPT-20260223-00639,P-0062,view,checkout_upsell,synthetic
INT-0006742,2026-02-23T20:59:07,RCPT-20260223-00639,P-0062,hover,checkout_upsell,synthetic
INT-0006743,2026-02-23T20:59:07,RCPT-20260223-00639,P-0062,click,checkout_upsell,synthetic
INT-0006744,2026-02-23T10:20:48,RCPT-20260223-00640,P-0036,view,checkout_upsell,synthetic
INT-0006745,2026-02-23T10:20:48,RCPT-20260223-00640,P-0036,hover,checkout_upsell,synthetic
INT-0006746,2026-02-23T10:20:48,RCPT-20260223-00640,P-0060,view,checkout_upsell,synthetic
INT-0006747,2026-02-23T10:20:48,RCPT-20260223-00640,P-0054,view,checkout_upsell,synthetic
INT-0006748,2026-02-23T10:20:48,RCPT-20260223-00640,P-0001,view,checkout_upsell,synthetic
INT-0006749,2026-02-23T10:20:48,RCPT-20260223-00640,P-0001,hover,checkout_upsell,synthetic
INT-0006750,2026-02-23T10:20:48,RCPT-20260223-00640,P-0045,view,checkout_upsell,synthetic
INT-0006751,2026-02-23T10:20:48,RCPT-20260223-00640,P-0007,view,checkout_upsell,synthetic
INT-0006752,2026-02-23T10:20:48,RCPT-20260223-00640,P-0007,hover,checkout_upsell,synthetic
INT-0006753,2026-02-23T08:58:46,RCPT-20260223-00641,P-0061,view,checkout_upsell,synthetic
INT-0006754,2026-02-23T08:58:46,RCPT-20260223-00641,P-0061,hover,checkout_upsell,synthetic
INT-0006755,2026-02-23T08:58:46,RCPT-20260223-00641,P-0037,view,checkout_upsell,synthetic
INT-0006756,2026-02-23T08:58:46,RCPT-20260223-00641,P-0037,hover,checkout_upsell,synthetic
INT-0006757,2026-02-23T08:58:46,RCPT-20260223-00641,P-0003,view,checkout_upsell,synthetic
INT-0006758,2026-02-23T08:58:46,RCPT-20260223-00641,P-0003,hover,checkout_upsell,synthetic
INT-0006759,2026-02-23T08:58:46,RCPT-20260223-00641,P-0001,view,checkout_upsell,synthetic
INT-0006760,2026-02-23T08:58:46,RCPT-20260223-00641,P-0001,hover,checkout_upsell,synthetic
INT-0006761,2026-02-23T08:58:46,RCPT-20260223-00641,P-0073,view,checkout_upsell,synthetic
INT-0006762,2026-02-23T08:58:46,RCPT-20260223-00641,P-0009,view,checkout_upsell,synthetic
INT-0006763,2026-02-23T08:58:46,RCPT-20260223-00641,P-0009,click,checkout_upsell,synthetic
INT-0006764,2026-02-23T12:40:54,RCPT-20260223-00642,P-0015,view,checkout_upsell,synthetic
INT-0006765,2026-02-23T12:40:54,RCPT-20260223-00642,P-0015,hover,checkout_upsell,synthetic
INT-0006766,2026-02-23T12:40:54,RCPT-20260223-00642,P-0057,view,checkout_upsell,synthetic
INT-0006767,2026-02-23T12:40:54,RCPT-20260223-00642,P-0042,view,checkout_upsell,synthetic
INT-0006768,2026-02-23T12:40:54,RCPT-20260223-00642,P-0042,hover,checkout_upsell,synthetic
INT-0006769,2026-02-23T12:40:54,RCPT-20260223-00642,P-0042,click,checkout_upsell,synthetic
INT-0006770,2026-02-23T12:40:54,RCPT-20260223-00642,P-0049,view,checkout_upsell,synthetic
INT-0006771,2026-02-23T12:40:54,RCPT-20260223-00642,P-0049,click,checkout_upsell,synthetic
INT-0006772,2026-02-23T12:40:54,RCPT-20260223-00642,P-0062,view,checkout_upsell,synthetic
INT-0006773,2026-02-23T12:40:54,RCPT-20260223-00642,P-0062,hover,checkout_upsell,synthetic
INT-0006774,2026-02-23T12:40:54,RCPT-20260223-00642,P-0044,view,checkout_upsell,synthetic
INT-0006775,2026-02-23T20:55:00,RCPT-20260223-00643,P-0036,view,checkout_upsell,synthetic
INT-0006776,2026-02-23T20:55:00,RCPT-20260223-00643,P-0036,click,checkout_upsell,synthetic
INT-0006777,2026-02-23T20:55:00,RCPT-20260223-00643,P-0008,view,checkout_upsell,synthetic
INT-0006778,2026-02-23T20:55:00,RCPT-20260223-00643,P-0010,view,checkout_upsell,synthetic
INT-0006779,2026-02-23T20:55:00,RCPT-20260223-00643,P-0070,view,checkout_upsell,synthetic
INT-0006780,2026-02-23T20:55:00,RCPT-20260223-00643,P-0042,view,checkout_upsell,synthetic
INT-0006781,2026-02-23T20:55:00,RCPT-20260223-00643,P-0042,click,checkout_upsell,synthetic
INT-0006782,2026-02-23T20:55:00,RCPT-20260223-00643,P-0017,view,checkout_upsell,synthetic
INT-0006783,2026-02-23T20:55:00,RCPT-20260223-00643,P-0017,hover,checkout_upsell,synthetic
INT-0006784,2026-02-23T19:34:47,RCPT-20260223-00644,P-0061,view,checkout_upsell,synthetic
INT-0006785,2026-02-23T19:34:47,RCPT-20260223-00644,P-0061,click,checkout_upsell,synthetic
INT-0006786,2026-02-23T19:34:47,RCPT-20260223-00644,P-0065,view,checkout_upsell,synthetic
INT-0006787,2026-02-23T19:34:47,RCPT-20260223-00644,P-0065,hover,checkout_upsell,synthetic
INT-0006788,2026-02-23T19:34:47,RCPT-20260223-00644,P-0064,view,checkout_upsell,synthetic
INT-0006789,2026-02-23T19:34:47,RCPT-20260223-00644,P-0064,hover,checkout_upsell,synthetic
INT-0006790,2026-02-23T19:34:47,RCPT-20260223-00644,P-0064,click,checkout_upsell,synthetic
INT-0006791,2026-02-23T19:34:47,RCPT-20260223-00644,P-0001,view,checkout_upsell,synthetic
INT-0006792,2026-02-23T19:34:47,RCPT-20260223-00644,P-0075,view,checkout_upsell,synthetic
INT-0006793,2026-02-23T19:34:47,RCPT-20260223-00644,P-0075,hover,checkout_upsell,synthetic
INT-0006794,2026-02-23T19:34:47,RCPT-20260223-00644,P-0075,click,checkout_upsell,synthetic
INT-0006795,2026-02-23T19:34:47,RCPT-20260223-00644,P-0072,view,checkout_upsell,synthetic
INT-0006796,2026-02-23T19:34:47,RCPT-20260223-00644,P-0072,hover,checkout_upsell,synthetic
INT-0006797,2026-02-23T10:23:07,RCPT-20260223-00645,P-0040,view,checkout_upsell,synthetic
INT-0006798,2026-02-23T10:23:07,RCPT-20260223-00645,P-0021,view,checkout_upsell,synthetic
INT-0006799,2026-02-23T10:23:07,RCPT-20260223-00645,P-0004,view,checkout_upsell,synthetic
INT-0006800,2026-02-23T10:23:07,RCPT-20260223-00645,P-0058,view,checkout_upsell,synthetic
INT-0006801,2026-02-23T10:23:07,RCPT-20260223-00645,P-0058,hover,checkout_upsell,synthetic
INT-0006802,2026-02-23T10:23:07,RCPT-20260223-00645,P-0049,view,checkout_upsell,synthetic
INT-0006803,2026-02-23T10:23:07,RCPT-20260223-00645,P-0072,view,checkout_upsell,synthetic
INT-0006804,2026-02-23T10:23:07,RCPT-20260223-00645,P-0072,hover,checkout_upsell,synthetic
INT-0006805,2026-02-23T10:23:07,RCPT-20260223-00645,P-0072,click,checkout_upsell,synthetic
INT-0006806,2026-02-24T22:29:57,RCPT-20260224-00646,P-0034,view,checkout_upsell,synthetic
INT-0006807,2026-02-24T22:29:57,RCPT-20260224-00646,P-0034,hover,checkout_upsell,synthetic
INT-0006808,2026-02-24T22:29:57,RCPT-20260224-00646,P-0034,click,checkout_upsell,synthetic
INT-0006809,2026-02-24T22:29:57,RCPT-20260224-00646,P-0035,view,checkout_upsell,synthetic
INT-0006810,2026-02-24T22:29:57,RCPT-20260224-00646,P-0046,view,checkout_upsell,synthetic
INT-0006811,2026-02-24T22:29:57,RCPT-20260224-00646,P-0057,view,checkout_upsell,synthetic
INT-0006812,2026-02-24T22:29:57,RCPT-20260224-00646,P-0057,hover,checkout_upsell,synthetic
INT-0006813,2026-02-24T22:29:57,RCPT-20260224-00646,P-0066,view,checkout_upsell,synthetic
INT-0006814,2026-02-24T22:29:57,RCPT-20260224-00646,P-0066,hover,checkout_upsell,synthetic
INT-0006815,2026-02-24T22:29:57,RCPT-20260224-00646,P-0063,view,checkout_upsell,synthetic
INT-0006816,2026-02-24T22:29:57,RCPT-20260224-00646,P-0063,hover,checkout_upsell,synthetic
INT-0006817,2026-02-24T22:29:57,RCPT-20260224-00646,P-0063,click,checkout_upsell,synthetic
INT-0006818,2026-02-24T19:11:25,RCPT-20260224-00647,P-0036,view,checkout_upsell,synthetic
INT-0006819,2026-02-24T19:11:25,RCPT-20260224-00647,P-0050,view,checkout_upsell,synthetic
INT-0006820,2026-02-24T19:11:25,RCPT-20260224-00647,P-0050,click,checkout_upsell,synthetic
INT-0006821,2026-02-24T19:11:25,RCPT-20260224-00647,P-0060,view,checkout_upsell,synthetic
INT-0006822,2026-02-24T19:11:25,RCPT-20260224-00647,P-0027,view,checkout_upsell,synthetic
INT-0006823,2026-02-24T19:11:25,RCPT-20260224-00647,P-0038,view,checkout_upsell,synthetic
INT-0006824,2026-02-24T19:11:25,RCPT-20260224-00647,P-0038,hover,checkout_upsell,synthetic
INT-0006825,2026-02-24T19:11:25,RCPT-20260224-00647,P-0041,view,checkout_upsell,synthetic
INT-0006826,2026-02-24T19:11:25,RCPT-20260224-00647,P-0041,hover,checkout_upsell,synthetic
INT-0006827,2026-02-24T08:09:49,RCPT-20260224-00648,P-0061,view,checkout_upsell,synthetic
INT-0006828,2026-02-24T08:09:49,RCPT-20260224-00648,P-0061,hover,checkout_upsell,synthetic
INT-0006829,2026-02-24T08:09:49,RCPT-20260224-00648,P-0034,view,checkout_upsell,synthetic
INT-0006830,2026-02-24T08:09:49,RCPT-20260224-00648,P-0034,hover,checkout_upsell,synthetic
INT-0006831,2026-02-24T08:09:49,RCPT-20260224-00648,P-0051,view,checkout_upsell,synthetic
INT-0006832,2026-02-24T08:09:49,RCPT-20260224-00648,P-0073,view,checkout_upsell,synthetic
INT-0006833,2026-02-24T08:09:49,RCPT-20260224-00648,P-0045,view,checkout_upsell,synthetic
INT-0006834,2026-02-24T08:09:49,RCPT-20260224-00648,P-0045,click,checkout_upsell,synthetic
INT-0006835,2026-02-24T08:09:49,RCPT-20260224-00648,P-0053,view,checkout_upsell,synthetic
INT-0006836,2026-02-24T18:53:28,RCPT-20260224-00649,P-0069,view,checkout_upsell,synthetic
INT-0006837,2026-02-24T18:53:28,RCPT-20260224-00649,P-0030,view,checkout_upsell,synthetic
INT-0006838,2026-02-24T18:53:28,RCPT-20260224-00649,P-0030,hover,checkout_upsell,synthetic
INT-0006839,2026-02-24T18:53:28,RCPT-20260224-00649,P-0003,view,checkout_upsell,synthetic
INT-0006840,2026-02-24T18:53:28,RCPT-20260224-00649,P-0003,hover,checkout_upsell,synthetic
INT-0006841,2026-02-24T18:53:28,RCPT-20260224-00649,P-0042,view,checkout_upsell,synthetic
INT-0006842,2026-02-24T18:53:28,RCPT-20260224-00649,P-0042,hover,checkout_upsell,synthetic
INT-0006843,2026-02-24T18:53:28,RCPT-20260224-00649,P-0075,view,checkout_upsell,synthetic
INT-0006844,2026-02-24T18:53:28,RCPT-20260224-00649,P-0075,hover,checkout_upsell,synthetic
INT-0006845,2026-02-24T18:53:28,RCPT-20260224-00649,P-0016,view,checkout_upsell,synthetic
INT-0006846,2026-02-24T18:53:28,RCPT-20260224-00649,P-0016,hover,checkout_upsell,synthetic
INT-0006847,2026-02-24T18:53:28,RCPT-20260224-00649,P-0016,click,checkout_upsell,synthetic
INT-0006848,2026-02-24T14:26:47,RCPT-20260224-00650,P-0030,view,checkout_upsell,synthetic
INT-0006849,2026-02-24T14:26:47,RCPT-20260224-00650,P-0030,hover,checkout_upsell,synthetic
INT-0006850,2026-02-24T14:26:47,RCPT-20260224-00650,P-0060,view,checkout_upsell,synthetic
INT-0006851,2026-02-24T14:26:47,RCPT-20260224-00650,P-0060,hover,checkout_upsell,synthetic
INT-0006852,2026-02-24T14:26:47,RCPT-20260224-00650,P-0056,view,checkout_upsell,synthetic
INT-0006853,2026-02-24T14:26:47,RCPT-20260224-00650,P-0056,hover,checkout_upsell,synthetic
INT-0006854,2026-02-24T14:26:47,RCPT-20260224-00650,P-0004,view,checkout_upsell,synthetic
INT-0006855,2026-02-24T14:26:47,RCPT-20260224-00650,P-0004,hover,checkout_upsell,synthetic
INT-0006856,2026-02-24T14:26:47,RCPT-20260224-00650,P-0024,view,checkout_upsell,synthetic
INT-0006857,2026-02-24T14:26:47,RCPT-20260224-00650,P-0053,view,checkout_upsell,synthetic
INT-0006858,2026-02-24T14:26:47,RCPT-20260224-00650,P-0053,hover,checkout_upsell,synthetic
INT-0006859,2026-02-24T16:46:59,RCPT-20260224-00651,P-0036,view,checkout_upsell,synthetic
INT-0006860,2026-02-24T16:46:59,RCPT-20260224-00651,P-0036,hover,checkout_upsell,synthetic
INT-0006861,2026-02-24T16:46:59,RCPT-20260224-00651,P-0017,view,checkout_upsell,synthetic
INT-0006862,2026-02-24T16:46:59,RCPT-20260224-00651,P-0017,click,checkout_upsell,synthetic
INT-0006863,2026-02-24T16:46:59,RCPT-20260224-00651,P-0001,view,checkout_upsell,synthetic
INT-0006864,2026-02-24T16:46:59,RCPT-20260224-00651,P-0064,view,checkout_upsell,synthetic
INT-0006865,2026-02-24T16:46:59,RCPT-20260224-00651,P-0072,view,checkout_upsell,synthetic
INT-0006866,2026-02-24T16:46:59,RCPT-20260224-00651,P-0047,view,checkout_upsell,synthetic
INT-0006867,2026-02-24T16:46:59,RCPT-20260224-00651,P-0047,hover,checkout_upsell,synthetic
INT-0006868,2026-02-24T16:46:59,RCPT-20260224-00651,P-0047,click,checkout_upsell,synthetic
INT-0006869,2026-02-24T14:30:18,RCPT-20260224-00652,P-0036,view,checkout_upsell,synthetic
INT-0006870,2026-02-24T14:30:18,RCPT-20260224-00652,P-0036,hover,checkout_upsell,synthetic
INT-0006871,2026-02-24T14:30:18,RCPT-20260224-00652,P-0006,view,checkout_upsell,synthetic
INT-0006872,2026-02-24T14:30:18,RCPT-20260224-00652,P-0006,hover,checkout_upsell,synthetic
INT-0006873,2026-02-24T14:30:18,RCPT-20260224-00652,P-0056,view,checkout_upsell,synthetic
INT-0006874,2026-02-24T14:30:18,RCPT-20260224-00652,P-0056,hover,checkout_upsell,synthetic
INT-0006875,2026-02-24T14:30:18,RCPT-20260224-00652,P-0057,view,checkout_upsell,synthetic
INT-0006876,2026-02-24T14:30:18,RCPT-20260224-00652,P-0057,hover,checkout_upsell,synthetic
INT-0006877,2026-02-24T14:30:18,RCPT-20260224-00652,P-0064,view,checkout_upsell,synthetic
INT-0006878,2026-02-24T14:30:18,RCPT-20260224-00652,P-0064,hover,checkout_upsell,synthetic
INT-0006879,2026-02-24T14:30:18,RCPT-20260224-00652,P-0004,view,checkout_upsell,synthetic
INT-0006880,2026-02-24T19:50:51,RCPT-20260224-00653,P-0061,view,checkout_upsell,synthetic
INT-0006881,2026-02-24T19:50:51,RCPT-20260224-00653,P-0054,view,checkout_upsell,synthetic
INT-0006882,2026-02-24T19:50:51,RCPT-20260224-00653,P-0054,hover,checkout_upsell,synthetic
INT-0006883,2026-02-24T19:50:51,RCPT-20260224-00653,P-0055,view,checkout_upsell,synthetic
INT-0006884,2026-02-24T19:50:51,RCPT-20260224-00653,P-0055,hover,checkout_upsell,synthetic
INT-0006885,2026-02-24T19:50:51,RCPT-20260224-00653,P-0067,view,checkout_upsell,synthetic
INT-0006886,2026-02-24T19:50:51,RCPT-20260224-00653,P-0067,hover,checkout_upsell,synthetic
INT-0006887,2026-02-24T19:50:51,RCPT-20260224-00653,P-0052,view,checkout_upsell,synthetic
INT-0006888,2026-02-24T19:50:51,RCPT-20260224-00653,P-0063,view,checkout_upsell,synthetic
INT-0006889,2026-02-24T19:50:51,RCPT-20260224-00653,P-0063,hover,checkout_upsell,synthetic
INT-0006890,2026-02-24T11:59:09,RCPT-20260224-00654,P-0050,view,checkout_upsell,synthetic
INT-0006891,2026-02-24T11:59:09,RCPT-20260224-00654,P-0050,hover,checkout_upsell,synthetic
INT-0006892,2026-02-24T11:59:09,RCPT-20260224-00654,P-0076,view,checkout_upsell,synthetic
INT-0006893,2026-02-24T11:59:09,RCPT-20260224-00654,P-0042,view,checkout_upsell,synthetic
INT-0006894,2026-02-24T11:59:09,RCPT-20260224-00654,P-0042,hover,checkout_upsell,synthetic
INT-0006895,2026-02-24T11:59:09,RCPT-20260224-00654,P-0022,view,checkout_upsell,synthetic
INT-0006896,2026-02-24T11:59:09,RCPT-20260224-00654,P-0022,hover,checkout_upsell,synthetic
INT-0006897,2026-02-24T11:59:09,RCPT-20260224-00654,P-0072,view,checkout_upsell,synthetic
INT-0006898,2026-02-24T11:59:09,RCPT-20260224-00654,P-0072,hover,checkout_upsell,synthetic
INT-0006899,2026-02-24T11:59:09,RCPT-20260224-00654,P-0009,view,checkout_upsell,synthetic
INT-0006900,2026-02-24T11:59:09,RCPT-20260224-00654,P-0009,hover,checkout_upsell,synthetic
INT-0006901,2026-02-24T14:30:03,RCPT-20260224-00655,P-0036,view,checkout_upsell,synthetic
INT-0006902,2026-02-24T14:30:03,RCPT-20260224-00655,P-0036,click,checkout_upsell,synthetic
INT-0006903,2026-02-24T14:30:03,RCPT-20260224-00655,P-0060,view,checkout_upsell,synthetic
INT-0006904,2026-02-24T14:30:03,RCPT-20260224-00655,P-0057,view,checkout_upsell,synthetic
INT-0006905,2026-02-24T14:30:03,RCPT-20260224-00655,P-0057,hover,checkout_upsell,synthetic
INT-0006906,2026-02-24T14:30:03,RCPT-20260224-00655,P-0029,view,checkout_upsell,synthetic
INT-0006907,2026-02-24T14:30:03,RCPT-20260224-00655,P-0029,hover,checkout_upsell,synthetic
INT-0006908,2026-02-24T14:30:03,RCPT-20260224-00655,P-0075,view,checkout_upsell,synthetic
INT-0006909,2026-02-24T14:30:03,RCPT-20260224-00655,P-0052,view,checkout_upsell,synthetic
INT-0006910,2026-02-24T14:30:03,RCPT-20260224-00655,P-0052,hover,checkout_upsell,synthetic
INT-0006911,2026-02-24T08:00:03,RCPT-20260224-00656,P-0036,view,checkout_upsell,synthetic
INT-0006912,2026-02-24T08:00:03,RCPT-20260224-00656,P-0013,view,checkout_upsell,synthetic
INT-0006913,2026-02-24T08:00:03,RCPT-20260224-00656,P-0013,hover,checkout_upsell,synthetic
INT-0006914,2026-02-24T08:00:03,RCPT-20260224-00656,P-0001,view,checkout_upsell,synthetic
INT-0006915,2026-02-24T08:00:03,RCPT-20260224-00656,P-0005,view,checkout_upsell,synthetic
INT-0006916,2026-02-24T08:00:03,RCPT-20260224-00656,P-0007,view,checkout_upsell,synthetic
INT-0006917,2026-02-24T08:00:03,RCPT-20260224-00656,P-0018,view,checkout_upsell,synthetic
INT-0006918,2026-02-24T08:00:03,RCPT-20260224-00656,P-0018,hover,checkout_upsell,synthetic
INT-0006919,2026-02-24T13:23:47,RCPT-20260224-00657,P-0051,view,checkout_upsell,synthetic
INT-0006920,2026-02-24T13:23:47,RCPT-20260224-00657,P-0015,view,checkout_upsell,synthetic
INT-0006921,2026-02-24T13:23:47,RCPT-20260224-00657,P-0015,hover,checkout_upsell,synthetic
INT-0006922,2026-02-24T13:23:47,RCPT-20260224-00657,P-0068,view,checkout_upsell,synthetic
INT-0006923,2026-02-24T13:23:47,RCPT-20260224-00657,P-0068,hover,checkout_upsell,synthetic
INT-0006924,2026-02-24T13:23:47,RCPT-20260224-00657,P-0057,view,checkout_upsell,synthetic
INT-0006925,2026-02-24T13:23:47,RCPT-20260224-00657,P-0057,hover,checkout_upsell,synthetic
INT-0006926,2026-02-24T13:23:47,RCPT-20260224-00657,P-0045,view,checkout_upsell,synthetic
INT-0006927,2026-02-24T13:23:47,RCPT-20260224-00657,P-0062,view,checkout_upsell,synthetic
INT-0006928,2026-02-24T13:23:47,RCPT-20260224-00657,P-0062,hover,checkout_upsell,synthetic
INT-0006929,2026-02-24T15:59:06,RCPT-20260224-00658,P-0040,view,checkout_upsell,synthetic
INT-0006930,2026-02-24T15:59:06,RCPT-20260224-00658,P-0040,hover,checkout_upsell,synthetic
INT-0006931,2026-02-24T15:59:06,RCPT-20260224-00658,P-0008,view,checkout_upsell,synthetic
INT-0006932,2026-02-24T15:59:06,RCPT-20260224-00658,P-0008,hover,checkout_upsell,synthetic
INT-0006933,2026-02-24T15:59:06,RCPT-20260224-00658,P-0008,click,checkout_upsell,synthetic
INT-0006934,2026-02-24T15:59:06,RCPT-20260224-00658,P-0046,view,checkout_upsell,synthetic
INT-0006935,2026-02-24T15:59:06,RCPT-20260224-00658,P-0046,hover,checkout_upsell,synthetic
INT-0006936,2026-02-24T15:59:06,RCPT-20260224-00658,P-0071,view,checkout_upsell,synthetic
INT-0006937,2026-02-24T15:59:06,RCPT-20260224-00658,P-0072,view,checkout_upsell,synthetic
INT-0006938,2026-02-24T15:59:06,RCPT-20260224-00658,P-0072,hover,checkout_upsell,synthetic
INT-0006939,2026-02-24T15:59:06,RCPT-20260224-00658,P-0039,view,checkout_upsell,synthetic
INT-0006940,2026-02-24T15:59:06,RCPT-20260224-00658,P-0039,hover,checkout_upsell,synthetic
INT-0006941,2026-02-24T12:57:56,RCPT-20260224-00659,P-0065,view,checkout_upsell,synthetic
INT-0006942,2026-02-24T12:57:56,RCPT-20260224-00659,P-0065,hover,checkout_upsell,synthetic
INT-0006943,2026-02-24T12:57:56,RCPT-20260224-00659,P-0043,view,checkout_upsell,synthetic
INT-0006944,2026-02-24T12:57:56,RCPT-20260224-00659,P-0043,hover,checkout_upsell,synthetic
INT-0006945,2026-02-24T12:57:56,RCPT-20260224-00659,P-0019,view,checkout_upsell,synthetic
INT-0006946,2026-02-24T12:57:56,RCPT-20260224-00659,P-0019,hover,checkout_upsell,synthetic
INT-0006947,2026-02-24T12:57:56,RCPT-20260224-00659,P-0019,click,checkout_upsell,synthetic
INT-0006948,2026-02-24T12:57:56,RCPT-20260224-00659,P-0023,view,checkout_upsell,synthetic
INT-0006949,2026-02-24T12:57:56,RCPT-20260224-00659,P-0023,hover,checkout_upsell,synthetic
INT-0006950,2026-02-24T12:57:56,RCPT-20260224-00659,P-0062,view,checkout_upsell,synthetic
INT-0006951,2026-02-24T12:57:56,RCPT-20260224-00659,P-0062,hover,checkout_upsell,synthetic
INT-0006952,2026-02-24T12:57:56,RCPT-20260224-00659,P-0044,view,checkout_upsell,synthetic
INT-0006953,2026-02-24T12:57:56,RCPT-20260224-00659,P-0044,hover,checkout_upsell,synthetic
INT-0006954,2026-02-24T12:57:56,RCPT-20260224-00659,P-0044,click,checkout_upsell,synthetic
INT-0006955,2026-02-24T19:08:18,RCPT-20260224-00660,P-0040,view,checkout_upsell,synthetic
INT-0006956,2026-02-24T19:08:18,RCPT-20260224-00660,P-0011,view,checkout_upsell,synthetic
INT-0006957,2026-02-24T19:08:18,RCPT-20260224-00660,P-0011,hover,checkout_upsell,synthetic
INT-0006958,2026-02-24T19:08:18,RCPT-20260224-00660,P-0011,click,checkout_upsell,synthetic
INT-0006959,2026-02-24T19:08:18,RCPT-20260224-00660,P-0055,view,checkout_upsell,synthetic
INT-0006960,2026-02-24T19:08:18,RCPT-20260224-00660,P-0055,hover,checkout_upsell,synthetic
INT-0006961,2026-02-24T19:08:18,RCPT-20260224-00660,P-0067,view,checkout_upsell,synthetic
INT-0006962,2026-02-24T19:08:18,RCPT-20260224-00660,P-0067,hover,checkout_upsell,synthetic
INT-0006963,2026-02-24T19:08:18,RCPT-20260224-00660,P-0049,view,checkout_upsell,synthetic
INT-0006964,2026-02-24T19:08:18,RCPT-20260224-00660,P-0039,view,checkout_upsell,synthetic
INT-0006965,2026-02-24T19:08:18,RCPT-20260224-00660,P-0039,hover,checkout_upsell,synthetic
INT-0006966,2026-02-24T20:32:24,RCPT-20260224-00661,P-0048,view,checkout_upsell,synthetic
INT-0006967,2026-02-24T20:32:24,RCPT-20260224-00661,P-0048,hover,checkout_upsell,synthetic
INT-0006968,2026-02-24T20:32:24,RCPT-20260224-00661,P-0011,view,checkout_upsell,synthetic
INT-0006969,2026-02-24T20:32:24,RCPT-20260224-00661,P-0010,view,checkout_upsell,synthetic
INT-0006970,2026-02-24T20:32:24,RCPT-20260224-00661,P-0067,view,checkout_upsell,synthetic
INT-0006971,2026-02-24T20:32:24,RCPT-20260224-00661,P-0014,view,checkout_upsell,synthetic
INT-0006972,2026-02-24T20:32:24,RCPT-20260224-00661,P-0075,view,checkout_upsell,synthetic
INT-0006973,2026-02-24T20:32:24,RCPT-20260224-00661,P-0075,hover,checkout_upsell,synthetic
INT-0006974,2026-02-25T16:16:19,RCPT-20260225-00662,P-0069,view,checkout_upsell,synthetic
INT-0006975,2026-02-25T16:16:19,RCPT-20260225-00662,P-0069,hover,checkout_upsell,synthetic
INT-0006976,2026-02-25T16:16:19,RCPT-20260225-00662,P-0046,view,checkout_upsell,synthetic
INT-0006977,2026-02-25T16:16:19,RCPT-20260225-00662,P-0046,hover,checkout_upsell,synthetic
INT-0006978,2026-02-25T16:16:19,RCPT-20260225-00662,P-0046,click,checkout_upsell,synthetic
INT-0006979,2026-02-25T16:16:19,RCPT-20260225-00662,P-0001,view,checkout_upsell,synthetic
INT-0006980,2026-02-25T16:16:19,RCPT-20260225-00662,P-0023,view,checkout_upsell,synthetic
INT-0006981,2026-02-25T16:16:19,RCPT-20260225-00662,P-0023,click,checkout_upsell,synthetic
INT-0006982,2026-02-25T16:16:19,RCPT-20260225-00662,P-0017,view,checkout_upsell,synthetic
INT-0006983,2026-02-25T16:16:19,RCPT-20260225-00662,P-0047,view,checkout_upsell,synthetic
INT-0006984,2026-02-25T16:16:19,RCPT-20260225-00662,P-0047,hover,checkout_upsell,synthetic
INT-0006985,2026-02-25T22:08:17,RCPT-20260225-00663,P-0048,view,checkout_upsell,synthetic
INT-0006986,2026-02-25T22:08:17,RCPT-20260225-00663,P-0048,hover,checkout_upsell,synthetic
INT-0006987,2026-02-25T22:08:17,RCPT-20260225-00663,P-0015,view,checkout_upsell,synthetic
INT-0006988,2026-02-25T22:08:17,RCPT-20260225-00663,P-0011,view,checkout_upsell,synthetic
INT-0006989,2026-02-25T22:08:17,RCPT-20260225-00663,P-0011,hover,checkout_upsell,synthetic
INT-0006990,2026-02-25T22:08:17,RCPT-20260225-00663,P-0043,view,checkout_upsell,synthetic
INT-0006991,2026-02-25T22:08:17,RCPT-20260225-00663,P-0043,hover,checkout_upsell,synthetic
INT-0006992,2026-02-25T22:08:17,RCPT-20260225-00663,P-0046,view,checkout_upsell,synthetic
INT-0006993,2026-02-25T22:08:17,RCPT-20260225-00663,P-0071,view,checkout_upsell,synthetic
INT-0006994,2026-02-25T22:39:18,RCPT-20260225-00664,P-0050,view,checkout_upsell,synthetic
INT-0006995,2026-02-25T22:39:18,RCPT-20260225-00664,P-0050,click,checkout_upsell,synthetic
INT-0006996,2026-02-25T22:39:18,RCPT-20260225-00664,P-0035,view,checkout_upsell,synthetic
INT-0006997,2026-02-25T22:39:18,RCPT-20260225-00664,P-0035,hover,checkout_upsell,synthetic
INT-0006998,2026-02-25T22:39:18,RCPT-20260225-00664,P-0046,view,checkout_upsell,synthetic
INT-0006999,2026-02-25T22:39:18,RCPT-20260225-00664,P-0041,view,checkout_upsell,synthetic
INT-0007000,2026-02-25T22:39:18,RCPT-20260225-00664,P-0041,hover,checkout_upsell,synthetic
INT-0007001,2026-02-25T22:39:18,RCPT-20260225-00664,P-0073,view,checkout_upsell,synthetic
INT-0007002,2026-02-25T22:39:18,RCPT-20260225-00664,P-0073,hover,checkout_upsell,synthetic
INT-0007003,2026-02-25T22:39:18,RCPT-20260225-00664,P-0073,click,checkout_upsell,synthetic
INT-0007004,2026-02-25T22:39:18,RCPT-20260225-00664,P-0047,view,checkout_upsell,synthetic
INT-0007005,2026-02-25T22:39:18,RCPT-20260225-00664,P-0047,hover,checkout_upsell,synthetic
INT-0007006,2026-02-25T14:41:16,RCPT-20260225-00665,P-0060,view,checkout_upsell,synthetic
INT-0007007,2026-02-25T14:41:16,RCPT-20260225-00665,P-0021,view,checkout_upsell,synthetic
INT-0007008,2026-02-25T14:41:16,RCPT-20260225-00665,P-0002,view,checkout_upsell,synthetic
INT-0007009,2026-02-25T14:41:16,RCPT-20260225-00665,P-0041,view,checkout_upsell,synthetic
INT-0007010,2026-02-25T14:41:16,RCPT-20260225-00665,P-0041,hover,checkout_upsell,synthetic
INT-0007011,2026-02-25T14:41:16,RCPT-20260225-00665,P-0057,view,checkout_upsell,synthetic
INT-0007012,2026-02-25T14:41:16,RCPT-20260225-00665,P-0057,hover,checkout_upsell,synthetic
INT-0007013,2026-02-25T14:41:16,RCPT-20260225-00665,P-0042,view,checkout_upsell,synthetic
INT-0007014,2026-02-25T09:31:11,RCPT-20260225-00666,P-0025,view,checkout_upsell,synthetic
INT-0007015,2026-02-25T09:31:11,RCPT-20260225-00666,P-0050,view,checkout_upsell,synthetic
INT-0007016,2026-02-25T09:31:11,RCPT-20260225-00666,P-0050,hover,checkout_upsell,synthetic
INT-0007017,2026-02-25T09:31:11,RCPT-20260225-00666,P-0063,view,checkout_upsell,synthetic
INT-0007018,2026-02-25T09:31:11,RCPT-20260225-00666,P-0063,hover,checkout_upsell,synthetic
INT-0007019,2026-02-25T09:31:11,RCPT-20260225-00666,P-0072,view,checkout_upsell,synthetic
INT-0007020,2026-02-25T09:31:11,RCPT-20260225-00666,P-0072,hover,checkout_upsell,synthetic
INT-0007021,2026-02-25T09:31:11,RCPT-20260225-00666,P-0024,view,checkout_upsell,synthetic
INT-0007022,2026-02-25T09:31:11,RCPT-20260225-00666,P-0044,view,checkout_upsell,synthetic
INT-0007023,2026-02-25T10:56:11,RCPT-20260225-00667,P-0069,view,checkout_upsell,synthetic
INT-0007024,2026-02-25T10:56:11,RCPT-20260225-00667,P-0069,hover,checkout_upsell,synthetic
INT-0007025,2026-02-25T10:56:11,RCPT-20260225-00667,P-0069,click,checkout_upsell,synthetic
INT-0007026,2026-02-25T10:56:11,RCPT-20260225-00667,P-0012,view,checkout_upsell,synthetic
INT-0007027,2026-02-25T10:56:11,RCPT-20260225-00667,P-0010,view,checkout_upsell,synthetic
INT-0007028,2026-02-25T10:56:11,RCPT-20260225-00667,P-0010,hover,checkout_upsell,synthetic
INT-0007029,2026-02-25T10:56:11,RCPT-20260225-00667,P-0023,view,checkout_upsell,synthetic
INT-0007030,2026-02-25T10:56:11,RCPT-20260225-00667,P-0014,view,checkout_upsell,synthetic
INT-0007031,2026-02-25T10:56:11,RCPT-20260225-00667,P-0014,hover,checkout_upsell,synthetic
INT-0007032,2026-02-25T10:56:11,RCPT-20260225-00667,P-0039,view,checkout_upsell,synthetic
INT-0007033,2026-02-25T10:56:11,RCPT-20260225-00667,P-0039,hover,checkout_upsell,synthetic
INT-0007034,2026-02-25T16:08:46,RCPT-20260225-00668,P-0034,view,checkout_upsell,synthetic
INT-0007035,2026-02-25T16:08:46,RCPT-20260225-00668,P-0034,hover,checkout_upsell,synthetic
INT-0007036,2026-02-25T16:08:46,RCPT-20260225-00668,P-0034,click,checkout_upsell,synthetic
INT-0007037,2026-02-25T16:08:46,RCPT-20260225-00668,P-0012,view,checkout_upsell,synthetic
INT-0007038,2026-02-25T16:08:46,RCPT-20260225-00668,P-0054,view,checkout_upsell,synthetic
INT-0007039,2026-02-25T16:08:46,RCPT-20260225-00668,P-0054,hover,checkout_upsell,synthetic
INT-0007040,2026-02-25T16:08:46,RCPT-20260225-00668,P-0045,view,checkout_upsell,synthetic
INT-0007041,2026-02-25T16:08:46,RCPT-20260225-00668,P-0076,view,checkout_upsell,synthetic
INT-0007042,2026-02-25T16:08:46,RCPT-20260225-00668,P-0044,view,checkout_upsell,synthetic
INT-0007043,2026-02-25T16:08:46,RCPT-20260225-00668,P-0044,hover,checkout_upsell,synthetic
INT-0007044,2026-02-25T11:49:05,RCPT-20260225-00669,P-0034,view,checkout_upsell,synthetic
INT-0007045,2026-02-25T11:49:05,RCPT-20260225-00669,P-0034,hover,checkout_upsell,synthetic
INT-0007046,2026-02-25T11:49:05,RCPT-20260225-00669,P-0069,view,checkout_upsell,synthetic
INT-0007047,2026-02-25T11:49:05,RCPT-20260225-00669,P-0069,hover,checkout_upsell,synthetic
INT-0007048,2026-02-25T11:49:05,RCPT-20260225-00669,P-0001,view,checkout_upsell,synthetic
INT-0007049,2026-02-25T11:49:05,RCPT-20260225-00669,P-0001,hover,checkout_upsell,synthetic
INT-0007050,2026-02-25T11:49:05,RCPT-20260225-00669,P-0070,view,checkout_upsell,synthetic
INT-0007051,2026-02-25T11:49:05,RCPT-20260225-00669,P-0070,hover,checkout_upsell,synthetic
INT-0007052,2026-02-25T11:49:05,RCPT-20260225-00669,P-0031,view,checkout_upsell,synthetic
INT-0007053,2026-02-25T11:49:05,RCPT-20260225-00669,P-0031,hover,checkout_upsell,synthetic
INT-0007054,2026-02-25T11:49:05,RCPT-20260225-00669,P-0017,view,checkout_upsell,synthetic
INT-0007055,2026-02-25T21:45:05,RCPT-20260225-00670,P-0065,view,checkout_upsell,synthetic
INT-0007056,2026-02-25T21:45:05,RCPT-20260225-00670,P-0065,hover,checkout_upsell,synthetic
INT-0007057,2026-02-25T21:45:05,RCPT-20260225-00670,P-0051,view,checkout_upsell,synthetic
INT-0007058,2026-02-25T21:45:05,RCPT-20260225-00670,P-0051,hover,checkout_upsell,synthetic
INT-0007059,2026-02-25T21:45:05,RCPT-20260225-00670,P-0051,click,checkout_upsell,synthetic
INT-0007060,2026-02-25T21:45:05,RCPT-20260225-00670,P-0035,view,checkout_upsell,synthetic
INT-0007061,2026-02-25T21:45:05,RCPT-20260225-00670,P-0002,view,checkout_upsell,synthetic
INT-0007062,2026-02-25T21:45:05,RCPT-20260225-00670,P-0002,hover,checkout_upsell,synthetic
INT-0007063,2026-02-25T21:45:05,RCPT-20260225-00670,P-0055,view,checkout_upsell,synthetic
INT-0007064,2026-02-25T21:45:05,RCPT-20260225-00670,P-0014,view,checkout_upsell,synthetic
INT-0007065,2026-02-25T21:45:05,RCPT-20260225-00670,P-0014,hover,checkout_upsell,synthetic
INT-0007066,2026-02-25T21:02:06,RCPT-20260225-00671,P-0040,view,checkout_upsell,synthetic
INT-0007067,2026-02-25T21:02:06,RCPT-20260225-00671,P-0008,view,checkout_upsell,synthetic
INT-0007068,2026-02-25T21:02:06,RCPT-20260225-00671,P-0008,hover,checkout_upsell,synthetic
INT-0007069,2026-02-25T21:02:06,RCPT-20260225-00671,P-0008,click,checkout_upsell,synthetic
INT-0007070,2026-02-25T21:02:06,RCPT-20260225-00671,P-0013,view,checkout_upsell,synthetic
INT-0007071,2026-02-25T21:02:06,RCPT-20260225-00671,P-0013,hover,checkout_upsell,synthetic
INT-0007072,2026-02-25T21:02:06,RCPT-20260225-00671,P-0026,view,checkout_upsell,synthetic
INT-0007073,2026-02-25T21:02:06,RCPT-20260225-00671,P-0026,hover,checkout_upsell,synthetic
INT-0007074,2026-02-25T21:02:06,RCPT-20260225-00671,P-0026,click,checkout_upsell,synthetic
INT-0007075,2026-02-25T21:02:06,RCPT-20260225-00671,P-0063,view,checkout_upsell,synthetic
INT-0007076,2026-02-25T21:02:06,RCPT-20260225-00671,P-0063,hover,checkout_upsell,synthetic
INT-0007077,2026-02-25T21:02:06,RCPT-20260225-00671,P-0016,view,checkout_upsell,synthetic
INT-0007078,2026-02-25T21:02:06,RCPT-20260225-00671,P-0016,click,checkout_upsell,synthetic
INT-0007079,2026-02-25T22:43:24,RCPT-20260225-00672,P-0001,view,checkout_upsell,synthetic
INT-0007080,2026-02-25T22:43:24,RCPT-20260225-00672,P-0001,hover,checkout_upsell,synthetic
INT-0007081,2026-02-25T22:43:24,RCPT-20260225-00672,P-0002,view,checkout_upsell,synthetic
INT-0007082,2026-02-25T22:43:24,RCPT-20260225-00672,P-0002,hover,checkout_upsell,synthetic
INT-0007083,2026-02-25T22:43:24,RCPT-20260225-00672,P-0002,click,checkout_upsell,synthetic
INT-0007084,2026-02-25T22:43:24,RCPT-20260225-00672,P-0026,view,checkout_upsell,synthetic
INT-0007085,2026-02-25T22:43:24,RCPT-20260225-00672,P-0026,hover,checkout_upsell,synthetic
INT-0007086,2026-02-25T22:43:24,RCPT-20260225-00672,P-0072,view,checkout_upsell,synthetic
INT-0007087,2026-02-25T22:43:24,RCPT-20260225-00672,P-0072,hover,checkout_upsell,synthetic
INT-0007088,2026-02-25T22:43:24,RCPT-20260225-00672,P-0064,view,checkout_upsell,synthetic
INT-0007089,2026-02-25T22:43:24,RCPT-20260225-00672,P-0062,view,checkout_upsell,synthetic
INT-0007090,2026-02-25T22:43:24,RCPT-20260225-00672,P-0062,hover,checkout_upsell,synthetic
INT-0007091,2026-02-25T16:21:38,RCPT-20260225-00673,P-0050,view,checkout_upsell,synthetic
INT-0007092,2026-02-25T16:21:38,RCPT-20260225-00673,P-0050,hover,checkout_upsell,synthetic
INT-0007093,2026-02-25T16:21:38,RCPT-20260225-00673,P-0043,view,checkout_upsell,synthetic
INT-0007094,2026-02-25T16:21:38,RCPT-20260225-00673,P-0043,hover,checkout_upsell,synthetic
INT-0007095,2026-02-25T16:21:38,RCPT-20260225-00673,P-0059,view,checkout_upsell,synthetic
INT-0007096,2026-02-25T16:21:38,RCPT-20260225-00673,P-0038,view,checkout_upsell,synthetic
INT-0007097,2026-02-25T16:21:38,RCPT-20260225-00673,P-0038,hover,checkout_upsell,synthetic
INT-0007098,2026-02-25T16:21:38,RCPT-20260225-00673,P-0064,view,checkout_upsell,synthetic
INT-0007099,2026-02-25T16:21:38,RCPT-20260225-00673,P-0044,view,checkout_upsell,synthetic
INT-0007100,2026-02-25T16:21:38,RCPT-20260225-00673,P-0044,hover,checkout_upsell,synthetic
INT-0007101,2026-02-25T20:58:45,RCPT-20260225-00674,P-0040,view,checkout_upsell,synthetic
INT-0007102,2026-02-25T20:58:45,RCPT-20260225-00674,P-0038,view,checkout_upsell,synthetic
INT-0007103,2026-02-25T20:58:45,RCPT-20260225-00674,P-0038,hover,checkout_upsell,synthetic
INT-0007104,2026-02-25T20:58:45,RCPT-20260225-00674,P-0070,view,checkout_upsell,synthetic
INT-0007105,2026-02-25T20:58:45,RCPT-20260225-00674,P-0070,hover,checkout_upsell,synthetic
INT-0007106,2026-02-25T20:58:45,RCPT-20260225-00674,P-0014,view,checkout_upsell,synthetic
INT-0007107,2026-02-25T20:58:45,RCPT-20260225-00674,P-0062,view,checkout_upsell,synthetic
INT-0007108,2026-02-25T20:58:45,RCPT-20260225-00674,P-0062,hover,checkout_upsell,synthetic
INT-0007109,2026-02-25T20:58:45,RCPT-20260225-00674,P-0053,view,checkout_upsell,synthetic
INT-0007110,2026-02-25T20:58:45,RCPT-20260225-00674,P-0053,hover,checkout_upsell,synthetic
INT-0007111,2026-02-25T20:24:22,RCPT-20260225-00675,P-0065,view,checkout_upsell,synthetic
INT-0007112,2026-02-25T20:24:22,RCPT-20260225-00675,P-0065,hover,checkout_upsell,synthetic
INT-0007113,2026-02-25T20:24:22,RCPT-20260225-00675,P-0040,view,checkout_upsell,synthetic
INT-0007114,2026-02-25T20:24:22,RCPT-20260225-00675,P-0010,view,checkout_upsell,synthetic
INT-0007115,2026-02-25T20:24:22,RCPT-20260225-00675,P-0010,hover,checkout_upsell,synthetic
INT-0007116,2026-02-25T20:24:22,RCPT-20260225-00675,P-0055,view,checkout_upsell,synthetic
INT-0007117,2026-02-25T20:24:22,RCPT-20260225-00675,P-0055,hover,checkout_upsell,synthetic
INT-0007118,2026-02-25T20:24:22,RCPT-20260225-00675,P-0026,view,checkout_upsell,synthetic
INT-0007119,2026-02-25T20:24:22,RCPT-20260225-00675,P-0026,hover,checkout_upsell,synthetic
INT-0007120,2026-02-25T20:24:22,RCPT-20260225-00675,P-0047,view,checkout_upsell,synthetic
INT-0007121,2026-02-25T14:05:37,RCPT-20260225-00676,P-0051,view,checkout_upsell,synthetic
INT-0007122,2026-02-25T14:05:37,RCPT-20260225-00676,P-0050,view,checkout_upsell,synthetic
INT-0007123,2026-02-25T14:05:37,RCPT-20260225-00676,P-0050,hover,checkout_upsell,synthetic
INT-0007124,2026-02-25T14:05:37,RCPT-20260225-00676,P-0043,view,checkout_upsell,synthetic
INT-0007125,2026-02-25T14:05:37,RCPT-20260225-00676,P-0054,view,checkout_upsell,synthetic
INT-0007126,2026-02-25T14:05:37,RCPT-20260225-00676,P-0067,view,checkout_upsell,synthetic
INT-0007127,2026-02-25T14:05:37,RCPT-20260225-00676,P-0067,hover,checkout_upsell,synthetic
INT-0007128,2026-02-25T14:05:37,RCPT-20260225-00676,P-0052,view,checkout_upsell,synthetic
INT-0007129,2026-02-25T14:05:37,RCPT-20260225-00676,P-0052,hover,checkout_upsell,synthetic
INT-0007130,2026-02-25T22:22:23,RCPT-20260225-00677,P-0068,view,checkout_upsell,synthetic
INT-0007131,2026-02-25T22:22:23,RCPT-20260225-00677,P-0046,view,checkout_upsell,synthetic
INT-0007132,2026-02-25T22:22:23,RCPT-20260225-00677,P-0046,hover,checkout_upsell,synthetic
INT-0007133,2026-02-25T22:22:23,RCPT-20260225-00677,P-0071,view,checkout_upsell,synthetic
INT-0007134,2026-02-25T22:22:23,RCPT-20260225-00677,P-0001,view,checkout_upsell,synthetic
INT-0007135,2026-02-25T22:22:23,RCPT-20260225-00677,P-0052,view,checkout_upsell,synthetic
INT-0007136,2026-02-25T22:22:23,RCPT-20260225-00677,P-0052,click,checkout_upsell,synthetic
INT-0007137,2026-02-25T22:22:23,RCPT-20260225-00677,P-0009,view,checkout_upsell,synthetic
INT-0007138,2026-02-25T22:22:23,RCPT-20260225-00677,P-0009,hover,checkout_upsell,synthetic
INT-0007139,2026-02-26T08:47:08,RCPT-20260226-00678,P-0006,view,checkout_upsell,synthetic
INT-0007140,2026-02-26T08:47:08,RCPT-20260226-00678,P-0006,hover,checkout_upsell,synthetic
INT-0007141,2026-02-26T08:47:08,RCPT-20260226-00678,P-0043,view,checkout_upsell,synthetic
INT-0007142,2026-02-26T08:47:08,RCPT-20260226-00678,P-0043,hover,checkout_upsell,synthetic
INT-0007143,2026-02-26T08:47:08,RCPT-20260226-00678,P-0027,view,checkout_upsell,synthetic
INT-0007144,2026-02-26T08:47:08,RCPT-20260226-00678,P-0029,view,checkout_upsell,synthetic
INT-0007145,2026-02-26T08:47:08,RCPT-20260226-00678,P-0029,hover,checkout_upsell,synthetic
INT-0007146,2026-02-26T08:47:08,RCPT-20260226-00678,P-0017,view,checkout_upsell,synthetic
INT-0007147,2026-02-26T08:47:08,RCPT-20260226-00678,P-0017,hover,checkout_upsell,synthetic
INT-0007148,2026-02-26T08:47:08,RCPT-20260226-00678,P-0049,view,checkout_upsell,synthetic
INT-0007149,2026-02-26T08:47:08,RCPT-20260226-00678,P-0049,hover,checkout_upsell,synthetic
INT-0007150,2026-02-26T08:09:23,RCPT-20260226-00679,P-0011,view,checkout_upsell,synthetic
INT-0007151,2026-02-26T08:09:23,RCPT-20260226-00679,P-0035,view,checkout_upsell,synthetic
INT-0007152,2026-02-26T08:09:23,RCPT-20260226-00679,P-0035,hover,checkout_upsell,synthetic
INT-0007153,2026-02-26T08:09:23,RCPT-20260226-00679,P-0054,view,checkout_upsell,synthetic
INT-0007154,2026-02-26T08:09:23,RCPT-20260226-00679,P-0059,view,checkout_upsell,synthetic
INT-0007155,2026-02-26T08:09:23,RCPT-20260226-00679,P-0059,hover,checkout_upsell,synthetic
INT-0007156,2026-02-26T08:09:23,RCPT-20260226-00679,P-0059,click,checkout_upsell,synthetic
INT-0007157,2026-02-26T08:09:23,RCPT-20260226-00679,P-0070,view,checkout_upsell,synthetic
INT-0007158,2026-02-26T08:09:23,RCPT-20260226-00679,P-0066,view,checkout_upsell,synthetic
INT-0007159,2026-02-26T19:33:44,RCPT-20260226-00680,P-0036,view,checkout_upsell,synthetic
INT-0007160,2026-02-26T19:33:44,RCPT-20260226-00680,P-0036,hover,checkout_upsell,synthetic
INT-0007161,2026-02-26T19:33:44,RCPT-20260226-00680,P-0060,view,checkout_upsell,synthetic
INT-0007162,2026-02-26T19:33:44,RCPT-20260226-00680,P-0035,view,checkout_upsell,synthetic
INT-0007163,2026-02-26T19:33:44,RCPT-20260226-00680,P-0070,view,checkout_upsell,synthetic
INT-0007164,2026-02-26T19:33:44,RCPT-20260226-00680,P-0029,view,checkout_upsell,synthetic
INT-0007165,2026-02-26T19:33:44,RCPT-20260226-00680,P-0029,hover,checkout_upsell,synthetic
INT-0007166,2026-02-26T19:33:44,RCPT-20260226-00680,P-0063,view,checkout_upsell,synthetic
INT-0007167,2026-02-26T19:33:44,RCPT-20260226-00680,P-0063,hover,checkout_upsell,synthetic
INT-0007168,2026-02-26T08:25:53,RCPT-20260226-00681,P-0034,view,checkout_upsell,synthetic
INT-0007169,2026-02-26T08:25:53,RCPT-20260226-00681,P-0034,hover,checkout_upsell,synthetic
INT-0007170,2026-02-26T08:25:53,RCPT-20260226-00681,P-0069,view,checkout_upsell,synthetic
INT-0007171,2026-02-26T08:25:53,RCPT-20260226-00681,P-0069,hover,checkout_upsell,synthetic
INT-0007172,2026-02-26T08:25:53,RCPT-20260226-00681,P-0025,view,checkout_upsell,synthetic
INT-0007173,2026-02-26T08:25:53,RCPT-20260226-00681,P-0068,view,checkout_upsell,synthetic
INT-0007174,2026-02-26T08:25:53,RCPT-20260226-00681,P-0068,hover,checkout_upsell,synthetic
INT-0007175,2026-02-26T08:25:53,RCPT-20260226-00681,P-0001,view,checkout_upsell,synthetic
INT-0007176,2026-02-26T08:25:53,RCPT-20260226-00681,P-0076,view,checkout_upsell,synthetic
INT-0007177,2026-02-26T08:25:53,RCPT-20260226-00681,P-0076,hover,checkout_upsell,synthetic
INT-0007178,2026-02-26T10:47:13,RCPT-20260226-00682,P-0012,view,checkout_upsell,synthetic
INT-0007179,2026-02-26T10:47:13,RCPT-20260226-00682,P-0012,hover,checkout_upsell,synthetic
INT-0007180,2026-02-26T10:47:13,RCPT-20260226-00682,P-0036,view,checkout_upsell,synthetic
INT-0007181,2026-02-26T10:47:13,RCPT-20260226-00682,P-0060,view,checkout_upsell,synthetic
INT-0007182,2026-02-26T10:47:13,RCPT-20260226-00682,P-0060,click,checkout_upsell,synthetic
INT-0007183,2026-02-26T10:47:13,RCPT-20260226-00682,P-0013,view,checkout_upsell,synthetic
INT-0007184,2026-02-26T10:47:13,RCPT-20260226-00682,P-0013,hover,checkout_upsell,synthetic
INT-0007185,2026-02-26T10:47:13,RCPT-20260226-00682,P-0013,click,checkout_upsell,synthetic
INT-0007186,2026-02-26T10:47:13,RCPT-20260226-00682,P-0019,view,checkout_upsell,synthetic
INT-0007187,2026-02-26T10:47:13,RCPT-20260226-00682,P-0019,hover,checkout_upsell,synthetic
INT-0007188,2026-02-26T10:47:13,RCPT-20260226-00682,P-0062,view,checkout_upsell,synthetic
INT-0007189,2026-02-26T21:24:10,RCPT-20260226-00683,P-0019,view,checkout_upsell,synthetic
INT-0007190,2026-02-26T21:24:10,RCPT-20260226-00683,P-0070,view,checkout_upsell,synthetic
INT-0007191,2026-02-26T21:24:10,RCPT-20260226-00683,P-0070,hover,checkout_upsell,synthetic
INT-0007192,2026-02-26T21:24:10,RCPT-20260226-00683,P-0002,view,checkout_upsell,synthetic
INT-0007193,2026-02-26T21:24:10,RCPT-20260226-00683,P-0002,hover,checkout_upsell,synthetic
INT-0007194,2026-02-26T21:24:10,RCPT-20260226-00683,P-0057,view,checkout_upsell,synthetic
INT-0007195,2026-02-26T21:24:10,RCPT-20260226-00683,P-0057,hover,checkout_upsell,synthetic
INT-0007196,2026-02-26T21:24:10,RCPT-20260226-00683,P-0005,view,checkout_upsell,synthetic
INT-0007197,2026-02-26T21:24:10,RCPT-20260226-00683,P-0005,hover,checkout_upsell,synthetic
INT-0007198,2026-02-26T21:24:10,RCPT-20260226-00683,P-0052,view,checkout_upsell,synthetic
INT-0007199,2026-02-26T21:24:10,RCPT-20260226-00683,P-0052,hover,checkout_upsell,synthetic
INT-0007200,2026-02-26T21:24:10,RCPT-20260226-00683,P-0052,click,checkout_upsell,synthetic
INT-0007201,2026-02-26T17:00:48,RCPT-20260226-00684,P-0036,view,checkout_upsell,synthetic
INT-0007202,2026-02-26T17:00:48,RCPT-20260226-00684,P-0036,hover,checkout_upsell,synthetic
INT-0007203,2026-02-26T17:00:48,RCPT-20260226-00684,P-0056,view,checkout_upsell,synthetic
INT-0007204,2026-02-26T17:00:48,RCPT-20260226-00684,P-0056,hover,checkout_upsell,synthetic
INT-0007205,2026-02-26T17:00:48,RCPT-20260226-00684,P-0059,view,checkout_upsell,synthetic
INT-0007206,2026-02-26T17:00:48,RCPT-20260226-00684,P-0059,click,checkout_upsell,synthetic
INT-0007207,2026-02-26T17:00:48,RCPT-20260226-00684,P-0058,view,checkout_upsell,synthetic
INT-0007208,2026-02-26T17:00:48,RCPT-20260226-00684,P-0058,hover,checkout_upsell,synthetic
INT-0007209,2026-02-26T17:00:48,RCPT-20260226-00684,P-0047,view,checkout_upsell,synthetic
INT-0007210,2026-02-26T17:00:48,RCPT-20260226-00684,P-0047,hover,checkout_upsell,synthetic
INT-0007211,2026-02-26T17:00:48,RCPT-20260226-00684,P-0024,view,checkout_upsell,synthetic
INT-0007212,2026-02-26T17:50:30,RCPT-20260226-00685,P-0046,view,checkout_upsell,synthetic
INT-0007213,2026-02-26T17:50:30,RCPT-20260226-00685,P-0045,view,checkout_upsell,synthetic
INT-0007214,2026-02-26T17:50:30,RCPT-20260226-00685,P-0045,hover,checkout_upsell,synthetic
INT-0007215,2026-02-26T17:50:30,RCPT-20260226-00685,P-0064,view,checkout_upsell,synthetic
INT-0007216,2026-02-26T17:50:30,RCPT-20260226-00685,P-0063,view,checkout_upsell,synthetic
INT-0007217,2026-02-26T17:50:30,RCPT-20260226-00685,P-0053,view,checkout_upsell,synthetic
INT-0007218,2026-02-26T17:50:30,RCPT-20260226-00685,P-0033,view,checkout_upsell,synthetic
INT-0007219,2026-02-26T19:43:06,RCPT-20260226-00686,P-0048,view,checkout_upsell,synthetic
INT-0007220,2026-02-26T19:43:06,RCPT-20260226-00686,P-0048,hover,checkout_upsell,synthetic
INT-0007221,2026-02-26T19:43:06,RCPT-20260226-00686,P-0074,view,checkout_upsell,synthetic
INT-0007222,2026-02-26T19:43:06,RCPT-20260226-00686,P-0056,view,checkout_upsell,synthetic
INT-0007223,2026-02-26T19:43:06,RCPT-20260226-00686,P-0070,view,checkout_upsell,synthetic
INT-0007224,2026-02-26T19:43:06,RCPT-20260226-00686,P-0055,view,checkout_upsell,synthetic
INT-0007225,2026-02-26T19:43:06,RCPT-20260226-00686,P-0055,hover,checkout_upsell,synthetic
INT-0007226,2026-02-26T19:43:06,RCPT-20260226-00686,P-0053,view,checkout_upsell,synthetic
INT-0007227,2026-02-26T19:43:06,RCPT-20260226-00686,P-0053,hover,checkout_upsell,synthetic
INT-0007228,2026-02-26T12:10:09,RCPT-20260226-00687,P-0051,view,checkout_upsell,synthetic
INT-0007229,2026-02-26T12:10:09,RCPT-20260226-00687,P-0051,hover,checkout_upsell,synthetic
INT-0007230,2026-02-26T12:10:09,RCPT-20260226-00687,P-0003,view,checkout_upsell,synthetic
INT-0007231,2026-02-26T12:10:09,RCPT-20260226-00687,P-0003,hover,checkout_upsell,synthetic
INT-0007232,2026-02-26T12:10:09,RCPT-20260226-00687,P-0019,view,checkout_upsell,synthetic
INT-0007233,2026-02-26T12:10:09,RCPT-20260226-00687,P-0019,hover,checkout_upsell,synthetic
INT-0007234,2026-02-26T12:10:09,RCPT-20260226-00687,P-0002,view,checkout_upsell,synthetic
INT-0007235,2026-02-26T12:10:09,RCPT-20260226-00687,P-0002,click,checkout_upsell,synthetic
INT-0007236,2026-02-26T12:10:09,RCPT-20260226-00687,P-0055,view,checkout_upsell,synthetic
INT-0007237,2026-02-26T12:10:09,RCPT-20260226-00687,P-0042,view,checkout_upsell,synthetic
INT-0007238,2026-02-26T15:50:08,RCPT-20260226-00688,P-0021,view,checkout_upsell,synthetic
INT-0007239,2026-02-26T15:50:08,RCPT-20260226-00688,P-0019,view,checkout_upsell,synthetic
INT-0007240,2026-02-26T15:50:08,RCPT-20260226-00688,P-0070,view,checkout_upsell,synthetic
INT-0007241,2026-02-26T15:50:08,RCPT-20260226-00688,P-0070,hover,checkout_upsell,synthetic
INT-0007242,2026-02-26T15:50:08,RCPT-20260226-00688,P-0070,click,checkout_upsell,synthetic
INT-0007243,2026-02-26T15:50:08,RCPT-20260226-00688,P-0029,view,checkout_upsell,synthetic
INT-0007244,2026-02-26T15:50:08,RCPT-20260226-00688,P-0029,hover,checkout_upsell,synthetic
INT-0007245,2026-02-26T15:50:08,RCPT-20260226-00688,P-0004,view,checkout_upsell,synthetic
INT-0007246,2026-02-26T15:50:08,RCPT-20260226-00688,P-0004,hover,checkout_upsell,synthetic
INT-0007247,2026-02-26T15:50:08,RCPT-20260226-00688,P-0072,view,checkout_upsell,synthetic
INT-0007248,2026-02-26T15:50:08,RCPT-20260226-00688,P-0072,hover,checkout_upsell,synthetic
INT-0007249,2026-02-26T15:50:08,RCPT-20260226-00688,P-0072,click,checkout_upsell,synthetic
INT-0007250,2026-02-26T18:31:06,RCPT-20260226-00689,P-0065,view,checkout_upsell,synthetic
INT-0007251,2026-02-26T18:31:06,RCPT-20260226-00689,P-0065,hover,checkout_upsell,synthetic
INT-0007252,2026-02-26T18:31:06,RCPT-20260226-00689,P-0060,view,checkout_upsell,synthetic
INT-0007253,2026-02-26T18:31:06,RCPT-20260226-00689,P-0060,hover,checkout_upsell,synthetic
INT-0007254,2026-02-26T18:31:06,RCPT-20260226-00689,P-0059,view,checkout_upsell,synthetic
INT-0007255,2026-02-26T18:31:06,RCPT-20260226-00689,P-0059,hover,checkout_upsell,synthetic
INT-0007256,2026-02-26T18:31:06,RCPT-20260226-00689,P-0029,view,checkout_upsell,synthetic
INT-0007257,2026-02-26T18:31:06,RCPT-20260226-00689,P-0039,view,checkout_upsell,synthetic
INT-0007258,2026-02-26T18:31:06,RCPT-20260226-00689,P-0016,view,checkout_upsell,synthetic
INT-0007259,2026-02-26T17:23:22,RCPT-20260226-00690,P-0025,view,checkout_upsell,synthetic
INT-0007260,2026-02-26T17:23:22,RCPT-20260226-00690,P-0011,view,checkout_upsell,synthetic
INT-0007261,2026-02-26T17:23:22,RCPT-20260226-00690,P-0011,hover,checkout_upsell,synthetic
INT-0007262,2026-02-26T17:23:22,RCPT-20260226-00690,P-0043,view,checkout_upsell,synthetic
INT-0007263,2026-02-26T17:23:22,RCPT-20260226-00690,P-0037,view,checkout_upsell,synthetic
INT-0007264,2026-02-26T17:23:22,RCPT-20260226-00690,P-0037,hover,checkout_upsell,synthetic
INT-0007265,2026-02-26T17:23:22,RCPT-20260226-00690,P-0037,click,checkout_upsell,synthetic
INT-0007266,2026-02-26T17:23:22,RCPT-20260226-00690,P-0029,view,checkout_upsell,synthetic
INT-0007267,2026-02-26T17:23:22,RCPT-20260226-00690,P-0072,view,checkout_upsell,synthetic
INT-0007268,2026-02-26T17:23:22,RCPT-20260226-00690,P-0072,hover,checkout_upsell,synthetic
INT-0007269,2026-02-27T14:26:54,RCPT-20260227-00691,P-0015,view,checkout_upsell,synthetic
INT-0007270,2026-02-27T14:26:54,RCPT-20260227-00691,P-0015,hover,checkout_upsell,synthetic
INT-0007271,2026-02-27T14:26:54,RCPT-20260227-00691,P-0068,view,checkout_upsell,synthetic
INT-0007272,2026-02-27T14:26:54,RCPT-20260227-00691,P-0068,hover,checkout_upsell,synthetic
INT-0007273,2026-02-27T14:26:54,RCPT-20260227-00691,P-0018,view,checkout_upsell,synthetic
INT-0007274,2026-02-27T14:26:54,RCPT-20260227-00691,P-0018,hover,checkout_upsell,synthetic
INT-0007275,2026-02-27T14:26:54,RCPT-20260227-00691,P-0018,click,checkout_upsell,synthetic
INT-0007276,2026-02-27T14:26:54,RCPT-20260227-00691,P-0058,view,checkout_upsell,synthetic
INT-0007277,2026-02-27T14:26:54,RCPT-20260227-00691,P-0058,hover,checkout_upsell,synthetic
INT-0007278,2026-02-27T14:26:54,RCPT-20260227-00691,P-0058,click,checkout_upsell,synthetic
INT-0007279,2026-02-27T14:26:54,RCPT-20260227-00691,P-0063,view,checkout_upsell,synthetic
INT-0007280,2026-02-27T14:26:54,RCPT-20260227-00691,P-0016,view,checkout_upsell,synthetic
INT-0007281,2026-02-27T14:26:54,RCPT-20260227-00691,P-0016,click,checkout_upsell,synthetic
INT-0007282,2026-02-27T19:52:35,RCPT-20260227-00692,P-0065,view,checkout_upsell,synthetic
INT-0007283,2026-02-27T19:52:35,RCPT-20260227-00692,P-0025,view,checkout_upsell,synthetic
INT-0007284,2026-02-27T19:52:35,RCPT-20260227-00692,P-0025,hover,checkout_upsell,synthetic
INT-0007285,2026-02-27T19:52:35,RCPT-20260227-00692,P-0035,view,checkout_upsell,synthetic
INT-0007286,2026-02-27T19:52:35,RCPT-20260227-00692,P-0035,hover,checkout_upsell,synthetic
INT-0007287,2026-02-27T19:52:35,RCPT-20260227-00692,P-0071,view,checkout_upsell,synthetic
INT-0007288,2026-02-27T19:52:35,RCPT-20260227-00692,P-0071,hover,checkout_upsell,synthetic
INT-0007289,2026-02-27T19:52:35,RCPT-20260227-00692,P-0055,view,checkout_upsell,synthetic
INT-0007290,2026-02-27T19:52:35,RCPT-20260227-00692,P-0055,hover,checkout_upsell,synthetic
INT-0007291,2026-02-27T19:52:35,RCPT-20260227-00692,P-0064,view,checkout_upsell,synthetic
INT-0007292,2026-02-27T09:05:11,RCPT-20260227-00693,P-0043,view,checkout_upsell,synthetic
INT-0007293,2026-02-27T09:05:11,RCPT-20260227-00693,P-0043,hover,checkout_upsell,synthetic
INT-0007294,2026-02-27T09:05:11,RCPT-20260227-00693,P-0070,view,checkout_upsell,synthetic
INT-0007295,2026-02-27T09:05:11,RCPT-20260227-00693,P-0070,click,checkout_upsell,synthetic
INT-0007296,2026-02-27T09:05:11,RCPT-20260227-00693,P-0001,view,checkout_upsell,synthetic
INT-0007297,2026-02-27T09:05:11,RCPT-20260227-00693,P-0001,hover,checkout_upsell,synthetic
INT-0007298,2026-02-27T09:05:11,RCPT-20260227-00693,P-0057,view,checkout_upsell,synthetic
INT-0007299,2026-02-27T09:05:11,RCPT-20260227-00693,P-0029,view,checkout_upsell,synthetic
INT-0007300,2026-02-27T09:05:11,RCPT-20260227-00693,P-0029,hover,checkout_upsell,synthetic
INT-0007301,2026-02-27T09:05:11,RCPT-20260227-00693,P-0029,click,checkout_upsell,synthetic
INT-0007302,2026-02-27T09:05:11,RCPT-20260227-00693,P-0072,view,checkout_upsell,synthetic
INT-0007303,2026-02-27T15:02:34,RCPT-20260227-00694,P-0040,view,checkout_upsell,synthetic
INT-0007304,2026-02-27T15:02:34,RCPT-20260227-00694,P-0050,view,checkout_upsell,synthetic
INT-0007305,2026-02-27T15:02:34,RCPT-20260227-00694,P-0050,hover,checkout_upsell,synthetic
INT-0007306,2026-02-27T15:02:34,RCPT-20260227-00694,P-0059,view,checkout_upsell,synthetic
INT-0007307,2026-02-27T15:02:34,RCPT-20260227-00694,P-0059,hover,checkout_upsell,synthetic
INT-0007308,2026-02-27T15:02:34,RCPT-20260227-00694,P-0010,view,checkout_upsell,synthetic
INT-0007309,2026-02-27T15:02:34,RCPT-20260227-00694,P-0010,hover,checkout_upsell,synthetic
INT-0007310,2026-02-27T15:02:34,RCPT-20260227-00694,P-0057,view,checkout_upsell,synthetic
INT-0007311,2026-02-27T15:02:34,RCPT-20260227-00694,P-0057,hover,checkout_upsell,synthetic
INT-0007312,2026-02-27T15:02:34,RCPT-20260227-00694,P-0075,view,checkout_upsell,synthetic
INT-0007313,2026-02-27T15:02:34,RCPT-20260227-00694,P-0075,hover,checkout_upsell,synthetic
INT-0007314,2026-02-27T15:02:34,RCPT-20260227-00694,P-0075,click,checkout_upsell,synthetic
INT-0007315,2026-02-27T21:01:48,RCPT-20260227-00695,P-0061,view,checkout_upsell,synthetic
INT-0007316,2026-02-27T21:01:48,RCPT-20260227-00695,P-0065,view,checkout_upsell,synthetic
INT-0007317,2026-02-27T21:01:48,RCPT-20260227-00695,P-0065,hover,checkout_upsell,synthetic
INT-0007318,2026-02-27T21:01:48,RCPT-20260227-00695,P-0036,view,checkout_upsell,synthetic
INT-0007319,2026-02-27T21:01:48,RCPT-20260227-00695,P-0036,hover,checkout_upsell,synthetic
INT-0007320,2026-02-27T21:01:48,RCPT-20260227-00695,P-0073,view,checkout_upsell,synthetic
INT-0007321,2026-02-27T21:01:48,RCPT-20260227-00695,P-0073,hover,checkout_upsell,synthetic
INT-0007322,2026-02-27T21:01:48,RCPT-20260227-00695,P-0022,view,checkout_upsell,synthetic
INT-0007323,2026-02-27T21:01:48,RCPT-20260227-00695,P-0022,hover,checkout_upsell,synthetic
INT-0007324,2026-02-27T21:01:48,RCPT-20260227-00695,P-0072,view,checkout_upsell,synthetic
INT-0007325,2026-02-27T21:01:48,RCPT-20260227-00695,P-0072,hover,checkout_upsell,synthetic
INT-0007326,2026-02-27T22:16:11,RCPT-20260227-00696,P-0036,view,checkout_upsell,synthetic
INT-0007327,2026-02-27T22:16:11,RCPT-20260227-00696,P-0036,hover,checkout_upsell,synthetic
INT-0007328,2026-02-27T22:16:11,RCPT-20260227-00696,P-0043,view,checkout_upsell,synthetic
INT-0007329,2026-02-27T22:16:11,RCPT-20260227-00696,P-0074,view,checkout_upsell,synthetic
INT-0007330,2026-02-27T22:16:11,RCPT-20260227-00696,P-0074,hover,checkout_upsell,synthetic
INT-0007331,2026-02-27T22:16:11,RCPT-20260227-00696,P-0060,view,checkout_upsell,synthetic
INT-0007332,2026-02-27T22:16:11,RCPT-20260227-00696,P-0060,hover,checkout_upsell,synthetic
INT-0007333,2026-02-27T22:16:11,RCPT-20260227-00696,P-0070,view,checkout_upsell,synthetic
INT-0007334,2026-02-27T22:16:11,RCPT-20260227-00696,P-0070,hover,checkout_upsell,synthetic
INT-0007335,2026-02-27T22:16:11,RCPT-20260227-00696,P-0018,view,checkout_upsell,synthetic
INT-0007336,2026-02-27T22:16:11,RCPT-20260227-00696,P-0018,hover,checkout_upsell,synthetic
INT-0007337,2026-02-27T13:58:44,RCPT-20260227-00697,P-0050,view,checkout_upsell,synthetic
INT-0007338,2026-02-27T13:58:44,RCPT-20260227-00697,P-0050,hover,checkout_upsell,synthetic
INT-0007339,2026-02-27T13:58:44,RCPT-20260227-00697,P-0021,view,checkout_upsell,synthetic
INT-0007340,2026-02-27T13:58:44,RCPT-20260227-00697,P-0021,hover,checkout_upsell,synthetic
INT-0007341,2026-02-27T13:58:44,RCPT-20260227-00697,P-0070,view,checkout_upsell,synthetic
INT-0007342,2026-02-27T13:58:44,RCPT-20260227-00697,P-0070,hover,checkout_upsell,synthetic
INT-0007343,2026-02-27T13:58:44,RCPT-20260227-00697,P-0067,view,checkout_upsell,synthetic
INT-0007344,2026-02-27T13:58:44,RCPT-20260227-00697,P-0067,hover,checkout_upsell,synthetic
INT-0007345,2026-02-27T13:58:44,RCPT-20260227-00697,P-0031,view,checkout_upsell,synthetic
INT-0007346,2026-02-27T13:58:44,RCPT-20260227-00697,P-0076,view,checkout_upsell,synthetic
INT-0007347,2026-02-27T13:58:44,RCPT-20260227-00697,P-0076,hover,checkout_upsell,synthetic
INT-0007348,2026-02-27T22:29:59,RCPT-20260227-00698,P-0040,view,checkout_upsell,synthetic
INT-0007349,2026-02-27T22:29:59,RCPT-20260227-00698,P-0006,view,checkout_upsell,synthetic
INT-0007350,2026-02-27T22:29:59,RCPT-20260227-00698,P-0006,hover,checkout_upsell,synthetic
INT-0007351,2026-02-27T22:29:59,RCPT-20260227-00698,P-0060,view,checkout_upsell,synthetic
INT-0007352,2026-02-27T22:29:59,RCPT-20260227-00698,P-0037,view,checkout_upsell,synthetic
INT-0007353,2026-02-27T22:29:59,RCPT-20260227-00698,P-0037,hover,checkout_upsell,synthetic
INT-0007354,2026-02-27T22:29:59,RCPT-20260227-00698,P-0064,view,checkout_upsell,synthetic
INT-0007355,2026-02-27T22:29:59,RCPT-20260227-00698,P-0064,hover,checkout_upsell,synthetic
INT-0007356,2026-02-27T22:29:59,RCPT-20260227-00698,P-0053,view,checkout_upsell,synthetic
INT-0007357,2026-02-27T22:29:59,RCPT-20260227-00698,P-0053,hover,checkout_upsell,synthetic
INT-0007358,2026-02-27T21:54:08,RCPT-20260227-00699,P-0050,view,checkout_upsell,synthetic
INT-0007359,2026-02-27T21:54:08,RCPT-20260227-00699,P-0050,hover,checkout_upsell,synthetic
INT-0007360,2026-02-27T21:54:08,RCPT-20260227-00699,P-0028,view,checkout_upsell,synthetic
INT-0007361,2026-02-27T21:54:08,RCPT-20260227-00699,P-0028,hover,checkout_upsell,synthetic
INT-0007362,2026-02-27T21:54:08,RCPT-20260227-00699,P-0059,view,checkout_upsell,synthetic
INT-0007363,2026-02-27T21:54:08,RCPT-20260227-00699,P-0045,view,checkout_upsell,synthetic
INT-0007364,2026-02-27T21:54:08,RCPT-20260227-00699,P-0045,hover,checkout_upsell,synthetic
INT-0007365,2026-02-27T21:54:08,RCPT-20260227-00699,P-0045,click,checkout_upsell,synthetic
INT-0007366,2026-02-27T21:54:08,RCPT-20260227-00699,P-0062,view,checkout_upsell,synthetic
INT-0007367,2026-02-27T21:54:08,RCPT-20260227-00699,P-0044,view,checkout_upsell,synthetic
INT-0007368,2026-02-27T21:54:08,RCPT-20260227-00699,P-0044,hover,checkout_upsell,synthetic
INT-0007369,2026-02-27T21:54:08,RCPT-20260227-00699,P-0044,click,checkout_upsell,synthetic
INT-0007370,2026-02-27T13:13:12,RCPT-20260227-00700,P-0060,view,checkout_upsell,synthetic
INT-0007371,2026-02-27T13:13:12,RCPT-20260227-00700,P-0060,click,checkout_upsell,synthetic
INT-0007372,2026-02-27T13:13:12,RCPT-20260227-00700,P-0028,view,checkout_upsell,synthetic
INT-0007373,2026-02-27T13:13:12,RCPT-20260227-00700,P-0028,hover,checkout_upsell,synthetic
INT-0007374,2026-02-27T13:13:12,RCPT-20260227-00700,P-0002,view,checkout_upsell,synthetic
INT-0007375,2026-02-27T13:13:12,RCPT-20260227-00700,P-0017,view,checkout_upsell,synthetic
INT-0007376,2026-02-27T13:13:12,RCPT-20260227-00700,P-0017,hover,checkout_upsell,synthetic
INT-0007377,2026-02-27T13:13:12,RCPT-20260227-00700,P-0049,view,checkout_upsell,synthetic
INT-0007378,2026-02-27T13:13:12,RCPT-20260227-00700,P-0049,hover,checkout_upsell,synthetic
INT-0007379,2026-02-27T13:13:12,RCPT-20260227-00700,P-0033,view,checkout_upsell,synthetic
INT-0007380,2026-02-27T13:13:12,RCPT-20260227-00700,P-0033,hover,checkout_upsell,synthetic
INT-0007381,2026-02-27T13:53:34,RCPT-20260227-00701,P-0069,view,checkout_upsell,synthetic
INT-0007382,2026-02-27T13:53:34,RCPT-20260227-00701,P-0069,hover,checkout_upsell,synthetic
INT-0007383,2026-02-27T13:53:34,RCPT-20260227-00701,P-0030,view,checkout_upsell,synthetic
INT-0007384,2026-02-27T13:53:34,RCPT-20260227-00701,P-0060,view,checkout_upsell,synthetic
INT-0007385,2026-02-27T13:53:34,RCPT-20260227-00701,P-0060,hover,checkout_upsell,synthetic
INT-0007386,2026-02-27T13:53:34,RCPT-20260227-00701,P-0002,view,checkout_upsell,synthetic
INT-0007387,2026-02-27T13:53:34,RCPT-20260227-00701,P-0005,view,checkout_upsell,synthetic
INT-0007388,2026-02-27T13:53:34,RCPT-20260227-00701,P-0017,view,checkout_upsell,synthetic
INT-0007389,2026-02-27T13:53:34,RCPT-20260227-00701,P-0017,hover,checkout_upsell,synthetic
INT-0007390,2026-02-27T13:53:34,RCPT-20260227-00701,P-0017,click,checkout_upsell,synthetic
INT-0007391,2026-02-27T18:18:44,RCPT-20260227-00702,P-0021,view,checkout_upsell,synthetic
INT-0007392,2026-02-27T18:18:44,RCPT-20260227-00702,P-0021,hover,checkout_upsell,synthetic
INT-0007393,2026-02-27T18:18:44,RCPT-20260227-00702,P-0021,click,checkout_upsell,synthetic
INT-0007394,2026-02-27T18:18:44,RCPT-20260227-00702,P-0042,view,checkout_upsell,synthetic
INT-0007395,2026-02-27T18:18:44,RCPT-20260227-00702,P-0042,hover,checkout_upsell,synthetic
INT-0007396,2026-02-27T18:18:44,RCPT-20260227-00702,P-0075,view,checkout_upsell,synthetic
INT-0007397,2026-02-27T18:18:44,RCPT-20260227-00702,P-0075,hover,checkout_upsell,synthetic
INT-0007398,2026-02-27T18:18:44,RCPT-20260227-00702,P-0004,view,checkout_upsell,synthetic
INT-0007399,2026-02-27T18:18:44,RCPT-20260227-00702,P-0004,hover,checkout_upsell,synthetic
INT-0007400,2026-02-27T18:18:44,RCPT-20260227-00702,P-0049,view,checkout_upsell,synthetic
INT-0007401,2026-02-27T18:18:44,RCPT-20260227-00702,P-0049,hover,checkout_upsell,synthetic
INT-0007402,2026-02-27T18:18:44,RCPT-20260227-00702,P-0016,view,checkout_upsell,synthetic
INT-0007403,2026-02-27T17:51:02,RCPT-20260227-00703,P-0061,view,checkout_upsell,synthetic
INT-0007404,2026-02-27T17:51:02,RCPT-20260227-00703,P-0061,hover,checkout_upsell,synthetic
INT-0007405,2026-02-27T17:51:02,RCPT-20260227-00703,P-0036,view,checkout_upsell,synthetic
INT-0007406,2026-02-27T17:51:02,RCPT-20260227-00703,P-0036,hover,checkout_upsell,synthetic
INT-0007407,2026-02-27T17:51:02,RCPT-20260227-00703,P-0060,view,checkout_upsell,synthetic
INT-0007408,2026-02-27T17:51:02,RCPT-20260227-00703,P-0060,hover,checkout_upsell,synthetic
INT-0007409,2026-02-27T17:51:02,RCPT-20260227-00703,P-0004,view,checkout_upsell,synthetic
INT-0007410,2026-02-27T17:51:02,RCPT-20260227-00703,P-0054,view,checkout_upsell,synthetic
INT-0007411,2026-02-27T17:51:02,RCPT-20260227-00703,P-0018,view,checkout_upsell,synthetic
INT-0007412,2026-02-27T09:22:50,RCPT-20260227-00704,P-0061,view,checkout_upsell,synthetic
INT-0007413,2026-02-27T09:22:50,RCPT-20260227-00704,P-0061,hover,checkout_upsell,synthetic
INT-0007414,2026-02-27T09:22:50,RCPT-20260227-00704,P-0030,view,checkout_upsell,synthetic
INT-0007415,2026-02-27T09:22:50,RCPT-20260227-00704,P-0015,view,checkout_upsell,synthetic
INT-0007416,2026-02-27T09:22:50,RCPT-20260227-00704,P-0068,view,checkout_upsell,synthetic
INT-0007417,2026-02-27T09:22:50,RCPT-20260227-00704,P-0068,hover,checkout_upsell,synthetic
INT-0007418,2026-02-27T09:22:50,RCPT-20260227-00704,P-0013,view,checkout_upsell,synthetic
INT-0007419,2026-02-27T09:22:50,RCPT-20260227-00704,P-0013,hover,checkout_upsell,synthetic
INT-0007420,2026-02-27T09:22:50,RCPT-20260227-00704,P-0013,click,checkout_upsell,synthetic
INT-0007421,2026-02-27T09:22:50,RCPT-20260227-00704,P-0002,view,checkout_upsell,synthetic
INT-0007422,2026-02-27T09:22:50,RCPT-20260227-00704,P-0002,hover,checkout_upsell,synthetic
INT-0007423,2026-02-27T08:00:01,RCPT-20260227-00705,P-0035,view,checkout_upsell,synthetic
INT-0007424,2026-02-27T08:00:01,RCPT-20260227-00705,P-0056,view,checkout_upsell,synthetic
INT-0007425,2026-02-27T08:00:01,RCPT-20260227-00705,P-0001,view,checkout_upsell,synthetic
INT-0007426,2026-02-27T08:00:01,RCPT-20260227-00705,P-0001,hover,checkout_upsell,synthetic
INT-0007427,2026-02-27T08:00:01,RCPT-20260227-00705,P-0014,view,checkout_upsell,synthetic
INT-0007428,2026-02-27T08:00:01,RCPT-20260227-00705,P-0014,hover,checkout_upsell,synthetic
INT-0007429,2026-02-27T08:00:01,RCPT-20260227-00705,P-0066,view,checkout_upsell,synthetic
INT-0007430,2026-02-27T08:00:01,RCPT-20260227-00705,P-0066,hover,checkout_upsell,synthetic
INT-0007431,2026-02-27T08:00:01,RCPT-20260227-00705,P-0009,view,checkout_upsell,synthetic
INT-0007432,2026-02-27T14:57:20,RCPT-20260227-00706,P-0061,view,checkout_upsell,synthetic
INT-0007433,2026-02-27T14:57:20,RCPT-20260227-00706,P-0061,hover,checkout_upsell,synthetic
INT-0007434,2026-02-27T14:57:20,RCPT-20260227-00706,P-0061,click,checkout_upsell,synthetic
INT-0007435,2026-02-27T14:57:20,RCPT-20260227-00706,P-0065,view,checkout_upsell,synthetic
INT-0007436,2026-02-27T14:57:20,RCPT-20260227-00706,P-0065,hover,checkout_upsell,synthetic
INT-0007437,2026-02-27T14:57:20,RCPT-20260227-00706,P-0065,click,checkout_upsell,synthetic
INT-0007438,2026-02-27T14:57:20,RCPT-20260227-00706,P-0012,view,checkout_upsell,synthetic
INT-0007439,2026-02-27T14:57:20,RCPT-20260227-00706,P-0056,view,checkout_upsell,synthetic
INT-0007440,2026-02-27T14:57:20,RCPT-20260227-00706,P-0007,view,checkout_upsell,synthetic
INT-0007441,2026-02-27T14:57:20,RCPT-20260227-00706,P-0063,view,checkout_upsell,synthetic
INT-0007442,2026-02-27T14:57:20,RCPT-20260227-00706,P-0063,click,checkout_upsell,synthetic
INT-0007443,2026-02-27T13:13:05,RCPT-20260227-00707,P-0060,view,checkout_upsell,synthetic
INT-0007444,2026-02-27T13:13:05,RCPT-20260227-00707,P-0060,hover,checkout_upsell,synthetic
INT-0007445,2026-02-27T13:13:05,RCPT-20260227-00707,P-0024,view,checkout_upsell,synthetic
INT-0007446,2026-02-27T13:13:05,RCPT-20260227-00707,P-0024,hover,checkout_upsell,synthetic
INT-0007447,2026-02-27T13:13:05,RCPT-20260227-00707,P-0041,view,checkout_upsell,synthetic
INT-0007448,2026-02-27T13:13:05,RCPT-20260227-00707,P-0076,view,checkout_upsell,synthetic
INT-0007449,2026-02-27T13:13:05,RCPT-20260227-00707,P-0076,hover,checkout_upsell,synthetic
INT-0007450,2026-02-27T13:13:05,RCPT-20260227-00707,P-0047,view,checkout_upsell,synthetic
INT-0007451,2026-02-27T13:13:05,RCPT-20260227-00707,P-0044,view,checkout_upsell,synthetic
INT-0007452,2026-02-27T13:13:05,RCPT-20260227-00707,P-0044,hover,checkout_upsell,synthetic
INT-0007453,2026-02-28T08:47:46,RCPT-20260228-00708,P-0040,view,checkout_upsell,synthetic
INT-0007454,2026-02-28T08:47:46,RCPT-20260228-00708,P-0008,view,checkout_upsell,synthetic
INT-0007455,2026-02-28T08:47:46,RCPT-20260228-00708,P-0008,hover,checkout_upsell,synthetic
INT-0007456,2026-02-28T08:47:46,RCPT-20260228-00708,P-0015,view,checkout_upsell,synthetic
INT-0007457,2026-02-28T08:47:46,RCPT-20260228-00708,P-0015,hover,checkout_upsell,synthetic
INT-0007458,2026-02-28T08:47:46,RCPT-20260228-00708,P-0011,view,checkout_upsell,synthetic
INT-0007459,2026-02-28T08:47:46,RCPT-20260228-00708,P-0006,view,checkout_upsell,synthetic
INT-0007460,2026-02-28T08:47:46,RCPT-20260228-00708,P-0006,click,checkout_upsell,synthetic
INT-0007461,2026-02-28T08:47:46,RCPT-20260228-00708,P-0053,view,checkout_upsell,synthetic
INT-0007462,2026-02-28T17:55:06,RCPT-20260228-00709,P-0048,view,checkout_upsell,synthetic
INT-0007463,2026-02-28T17:55:06,RCPT-20260228-00709,P-0036,view,checkout_upsell,synthetic
INT-0007464,2026-02-28T17:55:06,RCPT-20260228-00709,P-0036,hover,checkout_upsell,synthetic
INT-0007465,2026-02-28T17:55:06,RCPT-20260228-00709,P-0054,view,checkout_upsell,synthetic
INT-0007466,2026-02-28T17:55:06,RCPT-20260228-00709,P-0054,click,checkout_upsell,synthetic
INT-0007467,2026-02-28T17:55:06,RCPT-20260228-00709,P-0019,view,checkout_upsell,synthetic
INT-0007468,2026-02-28T17:55:06,RCPT-20260228-00709,P-0019,hover,checkout_upsell,synthetic
INT-0007469,2026-02-28T17:55:06,RCPT-20260228-00709,P-0075,view,checkout_upsell,synthetic
INT-0007470,2026-02-28T17:55:06,RCPT-20260228-00709,P-0062,view,checkout_upsell,synthetic
INT-0007471,2026-02-28T14:06:31,RCPT-20260228-00710,P-0034,view,checkout_upsell,synthetic
INT-0007472,2026-02-28T14:06:31,RCPT-20260228-00710,P-0034,hover,checkout_upsell,synthetic
INT-0007473,2026-02-28T14:06:31,RCPT-20260228-00710,P-0034,click,checkout_upsell,synthetic
INT-0007474,2026-02-28T14:06:31,RCPT-20260228-00710,P-0020,view,checkout_upsell,synthetic
INT-0007475,2026-02-28T14:06:31,RCPT-20260228-00710,P-0020,hover,checkout_upsell,synthetic
INT-0007476,2026-02-28T14:06:31,RCPT-20260228-00710,P-0067,view,checkout_upsell,synthetic
INT-0007477,2026-02-28T14:06:31,RCPT-20260228-00710,P-0052,view,checkout_upsell,synthetic
INT-0007478,2026-02-28T14:06:31,RCPT-20260228-00710,P-0052,hover,checkout_upsell,synthetic
INT-0007479,2026-02-28T14:06:31,RCPT-20260228-00710,P-0024,view,checkout_upsell,synthetic
INT-0007480,2026-02-28T14:06:31,RCPT-20260228-00710,P-0024,hover,checkout_upsell,synthetic
INT-0007481,2026-02-28T14:06:31,RCPT-20260228-00710,P-0062,view,checkout_upsell,synthetic
INT-0007482,2026-02-28T14:06:31,RCPT-20260228-00710,P-0062,hover,checkout_upsell,synthetic
INT-0007483,2026-02-28T08:57:11,RCPT-20260228-00711,P-0043,view,checkout_upsell,synthetic
INT-0007484,2026-02-28T08:57:11,RCPT-20260228-00711,P-0043,hover,checkout_upsell,synthetic
INT-0007485,2026-02-28T08:57:11,RCPT-20260228-00711,P-0056,view,checkout_upsell,synthetic
INT-0007486,2026-02-28T08:57:11,RCPT-20260228-00711,P-0055,view,checkout_upsell,synthetic
INT-0007487,2026-02-28T08:57:11,RCPT-20260228-00711,P-0039,view,checkout_upsell,synthetic
INT-0007488,2026-02-28T08:57:11,RCPT-20260228-00711,P-0062,view,checkout_upsell,synthetic
INT-0007489,2026-02-28T08:57:11,RCPT-20260228-00711,P-0062,hover,checkout_upsell,synthetic
INT-0007490,2026-02-28T08:57:11,RCPT-20260228-00711,P-0024,view,checkout_upsell,synthetic
INT-0007491,2026-02-28T08:57:11,RCPT-20260228-00711,P-0024,hover,checkout_upsell,synthetic
INT-0007492,2026-02-28T08:57:11,RCPT-20260228-00711,P-0024,click,checkout_upsell,synthetic
INT-0007493,2026-02-28T19:16:59,RCPT-20260228-00712,P-0040,view,checkout_upsell,synthetic
INT-0007494,2026-02-28T19:16:59,RCPT-20260228-00712,P-0036,view,checkout_upsell,synthetic
INT-0007495,2026-02-28T19:16:59,RCPT-20260228-00712,P-0036,click,checkout_upsell,synthetic
INT-0007496,2026-02-28T19:16:59,RCPT-20260228-00712,P-0060,view,checkout_upsell,synthetic
INT-0007497,2026-02-28T19:16:59,RCPT-20260228-00712,P-0037,view,checkout_upsell,synthetic
INT-0007498,2026-02-28T19:16:59,RCPT-20260228-00712,P-0037,hover,checkout_upsell,synthetic
INT-0007499,2026-02-28T19:16:59,RCPT-20260228-00712,P-0045,view,checkout_upsell,synthetic
INT-0007500,2026-02-28T19:16:59,RCPT-20260228-00712,P-0075,view,checkout_upsell,synthetic
INT-0007501,2026-02-28T12:17:30,RCPT-20260228-00713,P-0012,view,checkout_upsell,synthetic
INT-0007502,2026-02-28T12:17:30,RCPT-20260228-00713,P-0012,hover,checkout_upsell,synthetic
INT-0007503,2026-02-28T12:17:30,RCPT-20260228-00713,P-0050,view,checkout_upsell,synthetic
INT-0007504,2026-02-28T12:17:30,RCPT-20260228-00713,P-0050,click,checkout_upsell,synthetic
INT-0007505,2026-02-28T12:17:30,RCPT-20260228-00713,P-0038,view,checkout_upsell,synthetic
INT-0007506,2026-02-28T12:17:30,RCPT-20260228-00713,P-0038,hover,checkout_upsell,synthetic
INT-0007507,2026-02-28T12:17:30,RCPT-20260228-00713,P-0067,view,checkout_upsell,synthetic
INT-0007508,2026-02-28T12:17:30,RCPT-20260228-00713,P-0067,hover,checkout_upsell,synthetic
INT-0007509,2026-02-28T12:17:30,RCPT-20260228-00713,P-0066,view,checkout_upsell,synthetic
INT-0007510,2026-02-28T12:17:30,RCPT-20260228-00713,P-0066,hover,checkout_upsell,synthetic
INT-0007511,2026-02-28T12:17:30,RCPT-20260228-00713,P-0009,view,checkout_upsell,synthetic
INT-0007512,2026-02-28T12:17:30,RCPT-20260228-00713,P-0009,click,checkout_upsell,synthetic
INT-0007513,2026-02-28T10:12:43,RCPT-20260228-00714,P-0051,view,checkout_upsell,synthetic
INT-0007514,2026-02-28T10:12:43,RCPT-20260228-00714,P-0001,view,checkout_upsell,synthetic
INT-0007515,2026-02-28T10:12:43,RCPT-20260228-00714,P-0041,view,checkout_upsell,synthetic
INT-0007516,2026-02-28T10:12:43,RCPT-20260228-00714,P-0041,hover,checkout_upsell,synthetic
INT-0007517,2026-02-28T10:12:43,RCPT-20260228-00714,P-0042,view,checkout_upsell,synthetic
INT-0007518,2026-02-28T10:12:43,RCPT-20260228-00714,P-0042,hover,checkout_upsell,synthetic
INT-0007519,2026-02-28T10:12:43,RCPT-20260228-00714,P-0064,view,checkout_upsell,synthetic
INT-0007520,2026-02-28T10:12:43,RCPT-20260228-00714,P-0064,hover,checkout_upsell,synthetic
INT-0007521,2026-02-28T10:12:43,RCPT-20260228-00714,P-0052,view,checkout_upsell,synthetic
INT-0007522,2026-02-28T10:12:43,RCPT-20260228-00714,P-0052,hover,checkout_upsell,synthetic
INT-0007523,2026-02-28T09:38:24,RCPT-20260228-00715,P-0050,view,checkout_upsell,synthetic
INT-0007524,2026-02-28T09:38:24,RCPT-20260228-00715,P-0070,view,checkout_upsell,synthetic
INT-0007525,2026-02-28T09:38:24,RCPT-20260228-00715,P-0070,hover,checkout_upsell,synthetic
INT-0007526,2026-02-28T09:38:24,RCPT-20260228-00715,P-0041,view,checkout_upsell,synthetic
INT-0007527,2026-02-28T09:38:24,RCPT-20260228-00715,P-0041,hover,checkout_upsell,synthetic
INT-0007528,2026-02-28T09:38:24,RCPT-20260228-00715,P-0014,view,checkout_upsell,synthetic
INT-0007529,2026-02-28T09:38:24,RCPT-20260228-00715,P-0066,view,checkout_upsell,synthetic
INT-0007530,2026-02-28T09:38:24,RCPT-20260228-00715,P-0066,hover,checkout_upsell,synthetic
INT-0007531,2026-02-28T09:38:24,RCPT-20260228-00715,P-0066,click,checkout_upsell,synthetic
INT-0007532,2026-02-28T09:38:24,RCPT-20260228-00715,P-0029,view,checkout_upsell,synthetic
INT-0007533,2026-02-28T09:38:24,RCPT-20260228-00715,P-0029,hover,checkout_upsell,synthetic
INT-0007534,2026-02-28T17:26:18,RCPT-20260228-00716,P-0015,view,checkout_upsell,synthetic
INT-0007535,2026-02-28T17:26:18,RCPT-20260228-00716,P-0003,view,checkout_upsell,synthetic
INT-0007536,2026-02-28T17:26:18,RCPT-20260228-00716,P-0005,view,checkout_upsell,synthetic
INT-0007537,2026-02-28T17:26:18,RCPT-20260228-00716,P-0014,view,checkout_upsell,synthetic
INT-0007538,2026-02-28T17:26:18,RCPT-20260228-00716,P-0014,hover,checkout_upsell,synthetic
INT-0007539,2026-02-28T17:26:18,RCPT-20260228-00716,P-0022,view,checkout_upsell,synthetic
INT-0007540,2026-02-28T17:26:18,RCPT-20260228-00716,P-0033,view,checkout_upsell,synthetic
INT-0007541,2026-02-28T20:20:07,RCPT-20260228-00717,P-0040,view,checkout_upsell,synthetic
INT-0007542,2026-02-28T20:20:07,RCPT-20260228-00717,P-0040,hover,checkout_upsell,synthetic
INT-0007543,2026-02-28T20:20:07,RCPT-20260228-00717,P-0074,view,checkout_upsell,synthetic
INT-0007544,2026-02-28T20:20:07,RCPT-20260228-00717,P-0046,view,checkout_upsell,synthetic
INT-0007545,2026-02-28T20:20:07,RCPT-20260228-00717,P-0046,hover,checkout_upsell,synthetic
INT-0007546,2026-02-28T20:20:07,RCPT-20260228-00717,P-0070,view,checkout_upsell,synthetic
INT-0007547,2026-02-28T20:20:07,RCPT-20260228-00717,P-0070,hover,checkout_upsell,synthetic
INT-0007548,2026-02-28T20:20:07,RCPT-20260228-00717,P-0064,view,checkout_upsell,synthetic
INT-0007549,2026-02-28T20:20:07,RCPT-20260228-00717,P-0072,view,checkout_upsell,synthetic
INT-0007550,2026-02-28T20:20:07,RCPT-20260228-00717,P-0072,hover,checkout_upsell,synthetic
INT-0007551,2026-02-28T20:20:07,RCPT-20260228-00717,P-0072,click,checkout_upsell,synthetic
INT-0007552,2026-02-28T09:36:57,RCPT-20260228-00718,P-0036,view,checkout_upsell,synthetic
INT-0007553,2026-02-28T09:36:57,RCPT-20260228-00718,P-0036,hover,checkout_upsell,synthetic
INT-0007554,2026-02-28T09:36:57,RCPT-20260228-00718,P-0074,view,checkout_upsell,synthetic
INT-0007555,2026-02-28T09:36:57,RCPT-20260228-00718,P-0037,view,checkout_upsell,synthetic
INT-0007556,2026-02-28T09:36:57,RCPT-20260228-00718,P-0037,hover,checkout_upsell,synthetic
INT-0007557,2026-02-28T09:36:57,RCPT-20260228-00718,P-0056,view,checkout_upsell,synthetic
INT-0007558,2026-02-28T09:36:57,RCPT-20260228-00718,P-0056,hover,checkout_upsell,synthetic
INT-0007559,2026-02-28T09:36:57,RCPT-20260228-00718,P-0055,view,checkout_upsell,synthetic
INT-0007560,2026-02-28T09:36:57,RCPT-20260228-00718,P-0055,hover,checkout_upsell,synthetic
INT-0007561,2026-02-28T09:36:57,RCPT-20260228-00718,P-0073,view,checkout_upsell,synthetic
INT-0007562,2026-02-28T09:36:57,RCPT-20260228-00718,P-0073,click,checkout_upsell,synthetic
INT-0007563,2026-02-28T10:38:20,RCPT-20260228-00719,P-0034,view,checkout_upsell,synthetic
INT-0007564,2026-02-28T10:38:20,RCPT-20260228-00719,P-0069,view,checkout_upsell,synthetic
INT-0007565,2026-02-28T10:38:20,RCPT-20260228-00719,P-0069,hover,checkout_upsell,synthetic
INT-0007566,2026-02-28T10:38:20,RCPT-20260228-00719,P-0006,view,checkout_upsell,synthetic
INT-0007567,2026-02-28T10:38:20,RCPT-20260228-00719,P-0041,view,checkout_upsell,synthetic
INT-0007568,2026-02-28T10:38:20,RCPT-20260228-00719,P-0041,hover,checkout_upsell,synthetic
INT-0007569,2026-02-28T10:38:20,RCPT-20260228-00719,P-0007,view,checkout_upsell,synthetic
INT-0007570,2026-02-28T10:38:20,RCPT-20260228-00719,P-0016,view,checkout_upsell,synthetic
INT-0007571,2026-02-28T10:38:20,RCPT-20260228-00719,P-0016,hover,checkout_upsell,synthetic
INT-0007572,2026-02-28T21:25:02,RCPT-20260228-00720,P-0030,view,checkout_upsell,synthetic
INT-0007573,2026-02-28T21:25:02,RCPT-20260228-00720,P-0030,hover,checkout_upsell,synthetic
INT-0007574,2026-02-28T21:25:02,RCPT-20260228-00720,P-0050,view,checkout_upsell,synthetic
INT-0007575,2026-02-28T21:25:02,RCPT-20260228-00720,P-0071,view,checkout_upsell,synthetic
INT-0007576,2026-02-28T21:25:02,RCPT-20260228-00720,P-0071,hover,checkout_upsell,synthetic
INT-0007577,2026-02-28T21:25:02,RCPT-20260228-00720,P-0057,view,checkout_upsell,synthetic
INT-0007578,2026-02-28T21:25:02,RCPT-20260228-00720,P-0026,view,checkout_upsell,synthetic
INT-0007579,2026-02-28T21:25:02,RCPT-20260228-00720,P-0026,hover,checkout_upsell,synthetic
INT-0007580,2026-02-28T21:25:02,RCPT-20260228-00720,P-0026,click,checkout_upsell,synthetic
INT-0007581,2026-02-28T21:25:02,RCPT-20260228-00720,P-0039,view,checkout_upsell,synthetic
INT-0007582,2026-02-28T21:25:02,RCPT-20260228-00720,P-0039,hover,checkout_upsell,synthetic
