transaction_id,receipt_id,timestamp,scenario,customer_segment,channel,payment_method,subtotal,discount,tax,shipping,total,item_count,currency,receipt_image_path,receipt_text_hint
TX-RCPT-20260101-00001,RCPT-20260101-00001,2026-01-01T08:51:20,new_year_refresh,gamer,mobile_app,card,118.00,0.00,11.80,0.00,129.80,2,USD,receipts/RCPT-20260101-00001.png,new year refresh bundle purchase
TX-RCPT-20260101-00002,RCPT-20260101-00002,2026-01-01T10:15:47,new_year_refresh,small_business,in_store_pickup,google_pay,3166.00,158.30,300.77,0.00,3308.47,4,USD,receipts/RCPT-20260101-00002.png,new year refresh bundle purchase
TX-RCPT-20260101-00003,RCPT-20260101-00003,2026-01-01T10:40:10,new_year_refresh,gamer,in_store_pickup,card,2976.00,0.00,297.60,0.00,3273.60,4,USD,receipts/RCPT-20260101-00003.png,new year refresh bundle purchase
TX-RCPT-20260101-00004,RCPT-20260101-00004,2026-01-01T20:17:49,new_year_refresh,family,web,google_pay,177.00,0.00,17.70,15.99,210.69,3,USD,receipts/RCPT-20260101-00004.png,new year refresh bundle purchase
TX-RCPT-20260101-00005,RCPT-20260101-00005,2026-01-01T21:40:19,new_year_refresh,small_business,in_store_pickup,apple_pay,79.00,2.37,7.66,7.99,92.28,1,USD,receipts/RCPT-20260101-00005.png,new year refresh bundle purchase
TX-RCPT-20260101-00006,RCPT-20260101-00006,2026-01-01T22:23:56,new_year_refresh,family,web,card,236.00,11.80,22.42,7.99,254.61,4,USD,receipts/RCPT-20260101-00006.png,new year refresh bundle purchase
TX-RCPT-20260101-00007,RCPT-20260101-00007,2026-01-01T10:42:30,new_year_refresh,small_business,web,google_pay,3391.00,101.73,328.93,0.00,3618.20,4,USD,receipts/RCPT-20260101-00007.png,new year refresh bundle purchase
TX-RCPT-20260101-00008,RCPT-20260101-00008,2026-01-01T18:41:23,new_year_refresh,gamer,in_store_pickup,paypal,1999.00,199.90,179.91,0.00,1979.01,1,USD,receipts/RCPT-20260101-00008.png,new year refresh bundle purchase
TX-RCPT-20260101-00009,RCPT-20260101-00009,2026-01-01T09:45:40,new_year_refresh,student,web,card,79.00,2.37,7.66,7.99,92.28,1,USD,receipts/RCPT-20260101-00009.png,new year refresh bundle purchase
TX-RCPT-20260101-00010,RCPT-20260101-00010,2026-01-01T11:50:30,new_year_refresh,gamer,web,card,2277.00,227.70,204.93,0.00,2254.23,3,USD,receipts/RCPT-20260101-00010.png,new year refresh bundle purchase
TX-RCPT-20260101-00011,RCPT-20260101-00011,2026-01-01T08:25:46,new_year_refresh,family,web,apple_pay,2426.00,0.00,242.60,0.00,2668.60,4,USD,receipts/RCPT-20260101-00011.png,new year refresh bundle purchase
TX-RCPT-20260102-00012,RCPT-20260102-00012,2026-01-02T15:51:55,new_year_refresh,small_business,web,card,1228.00,0.00,122.80,0.00,1350.80,2,USD,receipts/RCPT-20260102-00012.png,new year refresh bundle purchase
TX-RCPT-20260102-00013,RCPT-20260102-00013,2026-01-02T15:30:13,new_year_refresh,gamer,web,apple_pay,1919.00,191.90,172.71,0.00,1899.81,1,USD,receipts/RCPT-20260102-00013.png,new year refresh bundle purchase
TX-RCPT-20260102-00014,RCPT-20260102-00014,2026-01-02T12:13:03,new_year_refresh,small_business,in_store_pickup,bank_transfer,59.00,5.90,5.31,0.00,58.41,1,USD,receipts/RCPT-20260102-00014.png,new year refresh bundle purchase
TX-RCPT-20260102-00015,RCPT-20260102-00015,2026-01-02T14:07:56,new_year_refresh,small_business,web,bank_transfer,926.95,0.00,92.70,7.99,1027.64,4,USD,receipts/RCPT-20260102-00015.png,new year refresh bundle purchase
TX-RCPT-20260102-00016,RCPT-20260102-00016,2026-01-02T18:45:20,new_year_refresh,professional,mobile_app,paypal,1267.00,38.01,122.90,0.00,1351.89,3,USD,receipts/RCPT-20260102-00016.png,new year refresh bundle purchase
TX-RCPT-20260102-00017,RCPT-20260102-00017,2026-01-02T10:59:22,new_year_refresh,student,web,google_pay,2125.90,106.30,201.96,0.00,2221.56,6,USD,receipts/RCPT-20260102-00017.png,new year refresh bundle purchase
TX-RCPT-20260102-00018,RCPT-20260102-00018,2026-01-02T12:59:42,new_year_refresh,student,web,google_pay,59.00,0.00,5.90,15.99,80.89,1,USD,receipts/RCPT-20260102-00018.png,new year refresh bundle purchase
TX-RCPT-20260102-00019,RCPT-20260102-00019,2026-01-02T17:13:45,new_year_refresh,family,web,google_pay,3298.00,164.90,313.31,0.00,3446.41,2,USD,receipts/RCPT-20260102-00019.png,new year refresh bundle purchase
TX-RCPT-20260103-00020,RCPT-20260103-00020,2026-01-03T08:21:49,new_year_refresh,professional,in_store_pickup,google_pay,3326.00,0.00,332.60,0.00,3658.60,3,USD,receipts/RCPT-20260103-00020.png,new year refresh bundle purchase
TX-RCPT-20260103-00021,RCPT-20260103-00021,2026-01-03T16:02:53,new_year_refresh,family,in_store_pickup,bank_transfer,1623.00,48.69,157.43,0.00,1731.74,2,USD,receipts/RCPT-20260103-00021.png,new year refresh bundle purchase
TX-RCPT-20260103-00022,RCPT-20260103-00022,2026-01-03T22:55:26,new_year_refresh,small_business,in_store_pickup,apple_pay,927.95,0.00,92.80,15.99,1036.74,3,USD,receipts/RCPT-20260103-00022.png,new year refresh bundle purchase
TX-RCPT-20260103-00023,RCPT-20260103-00023,2026-01-03T20:44:06,new_year_refresh,gamer,web,paypal,932.00,27.96,90.40,0.00,994.44,8,USD,receipts/RCPT-20260103-00023.png,new year refresh bundle purchase
TX-RCPT-20260103-00024,RCPT-20260103-00024,2026-01-03T21:04:49,new_year_refresh,family,mobile_app,bank_transfer,148.95,4.47,14.45,11.99,170.92,2,USD,receipts/RCPT-20260103-00024.png,new year refresh bundle purchase
TX-RCPT-20260103-00025,RCPT-20260103-00025,2026-01-03T20:20:27,new_year_refresh,small_business,in_store_pickup,card,1136.85,113.69,102.32,0.00,1125.48,6,USD,receipts/RCPT-20260103-00025.png,new year refresh bundle purchase
TX-RCPT-20260103-00026,RCPT-20260103-00026,2026-01-03T13:27:04,new_year_refresh,family,in_store_pickup,google_pay,2265.00,67.95,219.71,0.00,2416.76,5,USD,receipts/RCPT-20260103-00026.png,new year refresh bundle purchase
TX-RCPT-20260103-00027,RCPT-20260103-00027,2026-01-03T17:36:19,new_year_refresh,gamer,in_store_pickup,card,1066.95,106.70,96.03,7.99,1064.27,4,USD,receipts/RCPT-20260103-00027.png,new year refresh bundle purchase
TX-RCPT-20260103-00028,RCPT-20260103-00028,2026-01-03T15:50:57,new_year_refresh,professional,in_store_pickup,card,128.95,12.89,11.61,15.99,143.66,2,USD,receipts/RCPT-20260103-00028.png,new year refresh bundle purchase
TX-RCPT-20260104-00029,RCPT-20260104-00029,2026-01-04T11:51:12,new_year_refresh,professional,web,card,1498.00,74.90,142.31,0.00,1565.41,2,USD,receipts/RCPT-20260104-00029.png,new year refresh bundle purchase
TX-RCPT-20260104-00030,RCPT-20260104-00030,2026-01-04T10:41:44,new_year_refresh,student,web,paypal,4536.00,136.08,439.99,0.00,4839.91,4,USD,receipts/RCPT-20260104-00030.png,new year refresh bundle purchase
TX-RCPT-20260104-00031,RCPT-20260104-00031,2026-01-04T15:08:51,new_year_refresh,gamer,in_store_pickup,bank_transfer,59.00,1.77,5.72,7.99,70.94,1,USD,receipts/RCPT-20260104-00031.png,new year refresh bundle purchase
TX-RCPT-20260104-00032,RCPT-20260104-00032,2026-01-04T21:40:17,new_year_refresh,small_business,mobile_app,apple_pay,2780.30,83.41,269.69,0.00,2966.58,4,USD,receipts/RCPT-20260104-00032.png,new year refresh bundle purchase
TX-RCPT-20260104-00033,RCPT-20260104-00033,2026-01-04T11:24:44,new_year_refresh,professional,in_store_pickup,apple_pay,828.00,0.00,82.80,0.00,910.80,2,USD,receipts/RCPT-20260104-00033.png,new year refresh bundle purchase
TX-RCPT-20260104-00034,RCPT-20260104-00034,2026-01-04T14:30:00,new_year_refresh,family,mobile_app,paypal,306.95,0.00,30.70,15.99,353.64,4,USD,receipts/RCPT-20260104-00034.png,new year refresh bundle purchase
TX-RCPT-20260104-00035,RCPT-20260104-00035,2026-01-04T13:42:43,new_year_refresh,gamer,in_store_pickup,apple_pay,828.00,82.80,74.52,11.99,831.71,2,USD,receipts/RCPT-20260104-00035.png,new year refresh bundle purchase
TX-RCPT-20260104-00036,RCPT-20260104-00036,2026-01-04T10:55:29,new_year_refresh,professional,web,google_pay,2606.00,260.60,234.54,0.00,2579.94,4,USD,receipts/RCPT-20260104-00036.png,new year refresh bundle purchase
TX-RCPT-20260104-00037,RCPT-20260104-00037,2026-01-04T12:53:05,new_year_refresh,gamer,web,bank_transfer,209.85,10.49,19.94,11.99,231.29,3,USD,receipts/RCPT-20260104-00037.png,new year refresh bundle purchase
TX-RCPT-20260105-00038,RCPT-20260105-00038,2026-01-05T10:30:42,new_year_refresh,student,in_store_pickup,apple_pay,217.00,0.00,21.70,7.99,246.69,3,USD,receipts/RCPT-20260105-00038.png,new year refresh bundle purchase
TX-RCPT-20260105-00039,RCPT-20260105-00039,2026-01-05T20:52:10,new_year_refresh,family,web,bank_transfer,1630.15,0.00,163.02,0.00,1793.17,2,USD,receipts/RCPT-20260105-00039.png,new year refresh bundle purchase
TX-RCPT-20260105-00040,RCPT-20260105-00040,2026-01-05T19:49:19,new_year_refresh,small_business,web,bank_transfer,2206.00,0.00,220.60,0.00,2426.60,4,USD,receipts/RCPT-20260105-00040.png,new year refresh bundle purchase
TX-RCPT-20260105-00041,RCPT-20260105-00041,2026-01-05T14:23:40,new_year_refresh,gamer,in_store_pickup,apple_pay,128.95,12.89,11.61,7.99,135.66,2,USD,receipts/RCPT-20260105-00041.png,new year refresh bundle purchase
TX-RCPT-20260105-00042,RCPT-20260105-00042,2026-01-05T17:17:20,new_year_refresh,professional,web,google_pay,59.00,5.90,5.31,15.99,74.40,1,USD,receipts/RCPT-20260105-00042.png,new year refresh bundle purchase
TX-RCPT-20260105-00043,RCPT-20260105-00043,2026-01-05T11:22:51,new_year_refresh,family,mobile_app,google_pay,128.95,6.45,12.25,0.00,134.75,2,USD,receipts/RCPT-20260105-00043.png,new year refresh bundle purchase
TX-RCPT-20260105-00044,RCPT-20260105-00044,2026-01-05T15:50:01,new_year_refresh,student,mobile_app,apple_pay,1227.00,122.70,110.43,0.00,1214.73,3,USD,receipts/RCPT-20260105-00044.png,new year refresh bundle purchase
TX-RCPT-20260105-00045,RCPT-20260105-00045,2026-01-05T12:14:07,new_year_refresh,professional,mobile_app,card,885.00,88.50,79.65,0.00,876.15,5,USD,receipts/RCPT-20260105-00045.png,new year refresh bundle purchase
TX-RCPT-20260105-00046,RCPT-20260105-00046,2026-01-05T12:14:23,new_year_refresh,professional,mobile_app,card,279.80,13.99,26.58,7.99,300.38,4,USD,receipts/RCPT-20260105-00046.png,new year refresh bundle purchase
TX-RCPT-20260105-00047,RCPT-20260105-00047,2026-01-05T08:36:18,new_year_refresh,gamer,mobile_app,paypal,138.00,13.80,12.42,0.00,136.62,2,USD,receipts/RCPT-20260105-00047.png,new year refresh bundle purchase
TX-RCPT-20260105-00048,RCPT-20260105-00048,2026-01-05T08:09:09,new_year_refresh,small_business,mobile_app,card,148.95,0.00,14.89,15.99,179.83,2,USD,receipts/RCPT-20260105-00048.png,new year refresh bundle purchase
TX-RCPT-20260106-00049,RCPT-20260106-00049,2026-01-06T12:55:37,new_year_refresh,gamer,mobile_app,bank_transfer,828.00,82.80,74.52,11.99,831.71,2,USD,receipts/RCPT-20260106-00049.png,new year refresh bundle purchase
TX-RCPT-20260106-00050,RCPT-20260106-00050,2026-01-06T14:28:44,new_year_refresh,small_business,mobile_app,google_pay,937.00,0.00,93.70,0.00,1030.70,3,USD,receipts/RCPT-20260106-00050.png,new year refresh bundle purchase
TX-RCPT-20260106-00051,RCPT-20260106-00051,2026-01-06T17:42:51,new_year_refresh,professional,mobile_app,card,118.00,3.54,11.45,15.99,141.90,2,USD,receipts/RCPT-20260106-00051.png,new year refresh bundle purchase
TX-RCPT-20260106-00052,RCPT-20260106-00052,2026-01-06T17:47:52,new_year_refresh,small_business,mobile_app,paypal,1578.00,78.90,149.91,0.00,1649.01,2,USD,receipts/RCPT-20260106-00052.png,new year refresh bundle purchase
TX-RCPT-20260106-00053,RCPT-20260106-00053,2026-01-06T12:01:05,new_year_refresh,professional,in_store_pickup,bank_transfer,1004.00,100.40,90.36,15.99,1009.95,6,USD,receipts/RCPT-20260106-00053.png,new year refresh bundle purchase
TX-RCPT-20260106-00054,RCPT-20260106-00054,2026-01-06T17:27:40,new_year_refresh,gamer,web,paypal,3671.10,110.13,356.10,0.00,3917.07,5,USD,receipts/RCPT-20260106-00054.png,new year refresh bundle purchase
TX-RCPT-20260106-00055,RCPT-20260106-00055,2026-01-06T18:25:52,new_year_refresh,small_business,web,paypal,237.00,23.70,21.33,11.99,246.62,3,USD,receipts/RCPT-20260106-00055.png,new year refresh bundle purchase
TX-RCPT-20260106-00056,RCPT-20260106-00056,2026-01-06T16:23:39,new_year_refresh,gamer,in_store_pickup,paypal,139.90,13.99,12.59,7.99,146.49,2,USD,receipts/RCPT-20260106-00056.png,new year refresh bundle purchase
TX-RCPT-20260106-00057,RCPT-20260106-00057,2026-01-06T20:15:45,new_year_refresh,professional,mobile_app,bank_transfer,128.95,0.00,12.89,15.99,157.83,2,USD,receipts/RCPT-20260106-00057.png,new year refresh bundle purchase
TX-RCPT-20260106-00058,RCPT-20260106-00058,2026-01-06T12:32:45,new_year_refresh,family,mobile_app,paypal,738.00,22.14,71.59,15.99,803.44,2,USD,receipts/RCPT-20260106-00058.png,new year refresh bundle purchase
TX-RCPT-20260106-00059,RCPT-20260106-00059,2026-01-06T20:50:54,new_year_refresh,gamer,mobile_app,bank_transfer,128.95,3.87,12.51,11.99,149.58,2,USD,receipts/RCPT-20260106-00059.png,new year refresh bundle purchase
TX-RCPT-20260107-00060,RCPT-20260107-00060,2026-01-07T13:21:35,new_year_refresh,small_business,mobile_app,paypal,118.00,3.54,11.45,11.99,137.90,2,USD,receipts/RCPT-20260107-00060.png,new year refresh bundle purchase
TX-RCPT-20260107-00061,RCPT-20260107-00061,2026-01-07T13:47:30,new_year_refresh,gamer,mobile_app,apple_pay,2597.00,0.00,259.70,0.00,2856.70,3,USD,receipts/RCPT-20260107-00061.png,new year refresh bundle purchase
TX-RCPT-20260107-00062,RCPT-20260107-00062,2026-01-07T14:55:41,new_year_refresh,professional,web,paypal,3676.00,110.28,356.57,0.00,3922.29,4,USD,receipts/RCPT-20260107-00062.png,new year refresh bundle purchase
TX-RCPT-20260107-00063,RCPT-20260107-00063,2026-01-07T19:56:48,new_year_refresh,gamer,in_store_pickup,card,338.80,33.88,30.49,15.99,351.40,5,USD,receipts/RCPT-20260107-00063.png,new year refresh bundle purchase
TX-RCPT-20260107-00064,RCPT-20260107-00064,2026-01-07T20:40:45,new_year_refresh,student,mobile_app,apple_pay,279.80,0.00,27.98,7.99,315.77,4,USD,receipts/RCPT-20260107-00064.png,new year refresh bundle purchase
TX-RCPT-20260107-00065,RCPT-20260107-00065,2026-01-07T17:43:50,new_year_refresh,professional,web,apple_pay,3022.00,302.20,271.98,0.00,2991.78,3,USD,receipts/RCPT-20260107-00065.png,new year refresh bundle purchase
TX-RCPT-20260107-00066,RCPT-20260107-00066,2026-01-07T08:57:51,new_year_refresh,gamer,mobile_app,bank_transfer,878.00,43.90,83.41,15.99,933.50,2,USD,receipts/RCPT-20260107-00066.png,new year refresh bundle purchase
TX-RCPT-20260107-00067,RCPT-20260107-00067,2026-01-07T21:19:12,new_year_refresh,gamer,mobile_app,card,59.00,5.90,5.31,11.99,70.40,1,USD,receipts/RCPT-20260107-00067.png,new year refresh bundle purchase
TX-RCPT-20260107-00068,RCPT-20260107-00068,2026-01-07T14:17:00,new_year_refresh,small_business,in_store_pickup,card,209.85,0.00,20.98,15.99,246.82,3,USD,receipts/RCPT-20260107-00068.png,new year refresh bundle purchase
TX-RCPT-20260107-00069,RCPT-20260107-00069,2026-01-07T18:06:57,new_year_refresh,student,mobile_app,paypal,2186.00,65.58,212.04,0.00,2332.46,4,USD,receipts/RCPT-20260107-00069.png,new year refresh bundle purchase
TX-RCPT-20260107-00070,RCPT-20260107-00070,2026-01-07T22:52:30,new_year_refresh,family,in_store_pickup,google_pay,946.85,47.34,89.95,11.99,1001.45,6,USD,receipts/RCPT-20260107-00070.png,new year refresh bundle purchase
TX-RCPT-20260107-00071,RCPT-20260107-00071,2026-01-07T16:07:29,new_year_refresh,family,in_store_pickup,google_pay,976.00,97.60,87.84,0.00,966.24,4,USD,receipts/RCPT-20260107-00071.png,new year refresh bundle purchase
TX-RCPT-20260108-00072,RCPT-20260108-00072,2026-01-08T22:39:14,new_year_refresh,student,in_store_pickup,paypal,4255.15,212.76,404.24,0.00,4446.63,2,USD,receipts/RCPT-20260108-00072.png,new year refresh bundle purchase
TX-RCPT-20260108-00073,RCPT-20260108-00073,2026-01-08T15:07:06,new_year_refresh,professional,in_store_pickup,apple_pay,1398.00,69.90,132.81,0.00,1460.91,2,USD,receipts/RCPT-20260108-00073.png,new year refresh bundle purchase
TX-RCPT-20260108-00074,RCPT-20260108-00074,2026-01-08T14:17:02,new_year_refresh,family,web,paypal,1178.00,0.00,117.80,15.99,1311.79,2,USD,receipts/RCPT-20260108-00074.png,new year refresh bundle purchase
TX-RCPT-20260108-00075,RCPT-20260108-00075,2026-01-08T11:07:54,new_year_refresh,gamer,web,apple_pay,3745.00,187.25,355.78,0.00,3913.53,3,USD,receipts/RCPT-20260108-00075.png,new year refresh bundle purchase
TX-RCPT-20260108-00076,RCPT-20260108-00076,2026-01-08T11:37:13,new_year_refresh,professional,mobile_app,apple_pay,118.00,0.00,11.80,15.99,145.79,2,USD,receipts/RCPT-20260108-00076.png,new year refresh bundle purchase
TX-RCPT-20260108-00077,RCPT-20260108-00077,2026-01-08T13:50:50,new_year_refresh,professional,in_store_pickup,google_pay,158.00,0.00,15.80,0.00,173.80,2,USD,receipts/RCPT-20260108-00077.png,new year refresh bundle purchase
TX-RCPT-20260108-00078,RCPT-20260108-00078,2026-01-08T15:49:23,new_year_refresh,small_business,in_store_pickup,card,159.00,0.00,15.90,11.99,186.89,1,USD,receipts/RCPT-20260108-00078.png,new year refresh bundle purchase
TX-RCPT-20260108-00079,RCPT-20260108-00079,2026-01-08T15:54:25,new_year_refresh,gamer,in_store_pickup,card,1028.00,0.00,102.80,0.00,1130.80,2,USD,receipts/RCPT-20260108-00079.png,new year refresh bundle purchase
TX-RCPT-20260109-00080,RCPT-20260109-00080,2026-01-09T10:17:39,new_year_refresh,small_business,in_store_pickup,google_pay,1599.00,0.00,159.90,0.00,1758.90,1,USD,receipts/RCPT-20260109-00080.png,new year refresh bundle purchase
TX-RCPT-20260109-00081,RCPT-20260109-00081,2026-01-09T14:28:56,new_year_refresh,professional,mobile_app,google_pay,2406.00,72.18,233.38,0.00,2567.20,4,USD,receipts/RCPT-20260109-00081.png,new year refresh bundle purchase
TX-RCPT-20260109-00082,RCPT-20260109-00082,2026-01-09T09:05:53,new_year_refresh,student,web,paypal,128.95,3.87,12.51,11.99,149.58,2,USD,receipts/RCPT-20260109-00082.png,new year refresh bundle purchase
TX-RCPT-20260109-00083,RCPT-20260109-00083,2026-01-09T18:07:26,new_year_refresh,family,in_store_pickup,paypal,1637.00,81.85,155.52,0.00,1710.67,3,USD,receipts/RCPT-20260109-00083.png,new year refresh bundle purchase
TX-RCPT-20260109-00084,RCPT-20260109-00084,2026-01-09T21:35:23,new_year_refresh,student,mobile_app,bank_transfer,2133.15,106.66,202.65,0.00,2229.14,4,USD,receipts/RCPT-20260109-00084.png,new year refresh bundle purchase
TX-RCPT-20260109-00085,RCPT-20260109-00085,2026-01-09T08:11:17,new_year_refresh,family,mobile_app,google_pay,1503.15,75.16,142.80,0.00,1570.79,4,USD,receipts/RCPT-20260109-00085.png,new year refresh bundle purchase
TX-RCPT-20260109-00086,RCPT-20260109-00086,2026-01-09T14:26:29,new_year_refresh,family,web,google_pay,217.00,0.00,21.70,7.99,246.69,3,USD,receipts/RCPT-20260109-00086.png,new year refresh bundle purchase
TX-RCPT-20260109-00087,RCPT-20260109-00087,2026-01-09T10:10:48,new_year_refresh,small_business,web,card,1703.15,0.00,170.32,0.00,1873.47,2,USD,receipts/RCPT-20260109-00087.png,new year refresh bundle purchase
TX-RCPT-20260109-00088,RCPT-20260109-00088,2026-01-09T08:14:25,new_year_refresh,small_business,web,card,896.00,89.60,80.64,11.99,899.03,4,USD,receipts/RCPT-20260109-00088.png,new year refresh bundle purchase
TX-RCPT-20260109-00089,RCPT-20260109-00089,2026-01-09T15:47:27,new_year_refresh,professional,web,paypal,237.00,11.85,22.52,0.00,247.67,3,USD,receipts/RCPT-20260109-00089.png,new year refresh bundle purchase
TX-RCPT-20260110-00090,RCPT-20260110-00090,2026-01-10T14:45:40,new_year_refresh,gamer,mobile_app,card,1066.95,53.35,101.36,15.99,1130.95,4,USD,receipts/RCPT-20260110-00090.png,new year refresh bundle purchase
TX-RCPT-20260110-00091,RCPT-20260110-00091,2026-01-10T11:27:37,new_year_refresh,gamer,in_store_pickup,card,177.00,0.00,17.70,7.99,202.69,3,USD,receipts/RCPT-20260110-00091.png,new year refresh bundle purchase
TX-RCPT-20260110-00092,RCPT-20260110-00092,2026-01-10T16:32:12,new_year_refresh,family,mobile_app,apple_pay,2572.00,0.00,257.20,0.00,2829.20,3,USD,receipts/RCPT-20260110-00092.png,new year refresh bundle purchase
TX-RCPT-20260110-00093,RCPT-20260110-00093,2026-01-10T20:40:31,new_year_refresh,gamer,in_store_pickup,bank_transfer,59.00,0.00,5.90,0.00,64.90,1,USD,receipts/RCPT-20260110-00093.png,new year refresh bundle purchase
TX-RCPT-20260110-00094,RCPT-20260110-00094,2026-01-10T17:03:22,new_year_refresh,small_business,web,google_pay,906.00,90.60,81.54,11.99,908.93,4,USD,receipts/RCPT-20260110-00094.png,new year refresh bundle purchase
TX-RCPT-20260110-00095,RCPT-20260110-00095,2026-01-10T20:47:57,new_year_refresh,student,mobile_app,bank_transfer,928.00,92.80,83.52,15.99,934.71,2,USD,receipts/RCPT-20260110-00095.png,new year refresh bundle purchase
TX-RCPT-20260110-00096,RCPT-20260110-00096,2026-01-10T19:05:32,new_year_refresh,professional,web,apple_pay,237.00,0.00,23.70,11.99,272.69,3,USD,receipts/RCPT-20260110-00096.png,new year refresh bundle purchase
TX-RCPT-20260110-00097,RCPT-20260110-00097,2026-01-10T20:40:41,new_year_refresh,family,web,google_pay,3426.00,0.00,342.60,0.00,3768.60,4,USD,receipts/RCPT-20260110-00097.png,new year refresh bundle purchase
TX-RCPT-20260111-00098,RCPT-20260111-00098,2026-01-11T12:41:44,new_year_refresh,gamer,web,bank_transfer,1506.00,75.30,143.07,0.00,1573.77,4,USD,receipts/RCPT-20260111-00098.png,new year refresh bundle purchase
TX-RCPT-20260111-00099,RCPT-20260111-00099,2026-01-11T16:23:01,new_year_refresh,family,mobile_app,apple_pay,279.80,0.00,27.98,11.99,319.77,4,USD,receipts/RCPT-20260111-00099.png,new year refresh bundle purchase
TX-RCPT-20260111-00100,RCPT-20260111-00100,2026-01-11T16:49:34,new_year_refresh,small_business,web,google_pay,158.00,7.90,15.01,7.99,173.10,2,USD,receipts/RCPT-20260111-00100.png,new year refresh bundle purchase
TX-RCPT-20260111-00101,RCPT-20260111-00101,2026-01-11T19:15:28,new_year_refresh,small_business,mobile_app,paypal,1088.00,0.00,108.80,15.99,1212.79,2,USD,receipts/RCPT-20260111-00101.png,new year refresh bundle purchase
TX-RCPT-20260111-00102,RCPT-20260111-00102,2026-01-11T20:24:32,new_year_refresh,small_business,mobile_app,apple_pay,817.00,81.70,73.53,11.99,820.82,3,USD,receipts/RCPT-20260111-00102.png,new year refresh bundle purchase
TX-RCPT-20260111-00103,RCPT-20260111-00103,2026-01-11T20:10:17,new_year_refresh,gamer,in_store_pickup,apple_pay,1085.95,0.00,108.60,0.00,1194.55,5,USD,receipts/RCPT-20260111-00103.png,new year refresh bundle purchase
TX-RCPT-20260111-00104,RCPT-20260111-00104,2026-01-11T16:23:15,new_year_refresh,gamer,web,google_pay,118.00,11.80,10.62,0.00,116.82,2,USD,receipts/RCPT-20260111-00104.png,new year refresh bundle purchase
TX-RCPT-20260111-00105,RCPT-20260111-00105,2026-01-11T21:30:44,new_year_refresh,professional,in_store_pickup,paypal,118.00,0.00,11.80,0.00,129.80,2,USD,receipts/RCPT-20260111-00105.png,new year refresh bundle purchase
TX-RCPT-20260111-00106,RCPT-20260111-00106,2026-01-11T12:15:19,new_year_refresh,student,web,apple_pay,1148.00,114.80,103.32,0.00,1136.52,2,USD,receipts/RCPT-20260111-00106.png,new year refresh bundle purchase
TX-RCPT-20260112-00107,RCPT-20260112-00107,2026-01-12T19:09:18,new_year_refresh,gamer,web,bank_transfer,1922.00,57.66,186.43,0.00,2050.77,3,USD,receipts/RCPT-20260112-00107.png,new year refresh bundle purchase
TX-RCPT-20260112-00108,RCPT-20260112-00108,2026-01-12T08:40:24,new_year_refresh,family,mobile_app,card,177.00,0.00,17.70,11.99,206.69,3,USD,receipts/RCPT-20260112-00108.png,new year refresh bundle purchase
TX-RCPT-20260112-00109,RCPT-20260112-00109,2026-01-12T10:02:22,new_year_refresh,small_business,mobile_app,apple_pay,1398.00,69.90,132.81,0.00,1460.91,2,USD,receipts/RCPT-20260112-00109.png,new year refresh bundle purchase
TX-RCPT-20260112-00110,RCPT-20260112-00110,2026-01-12T08:18:12,new_year_refresh,student,web,card,2698.00,269.80,242.82,0.00,2671.02,2,USD,receipts/RCPT-20260112-00110.png,new year refresh bundle purchase
TX-RCPT-20260112-00111,RCPT-20260112-00111,2026-01-12T13:27:56,new_year_refresh,gamer,in_store_pickup,paypal,1086.95,54.35,103.26,0.00,1135.86,4,USD,receipts/RCPT-20260112-00111.png,new year refresh bundle purchase
TX-RCPT-20260112-00112,RCPT-20260112-00112,2026-01-12T14:38:52,new_year_refresh,professional,in_store_pickup,google_pay,118.00,0.00,11.80,7.99,137.79,2,USD,receipts/RCPT-20260112-00112.png,new year refresh bundle purchase
TX-RCPT-20260112-00113,RCPT-20260112-00113,2026-01-12T15:22:28,new_year_refresh,student,in_store_pickup,google_pay,59.00,5.90,5.31,0.00,58.41,1,USD,receipts/RCPT-20260112-00113.png,new year refresh bundle purchase
TX-RCPT-20260112-00114,RCPT-20260112-00114,2026-01-12T21:38:43,new_year_refresh,gamer,web,apple_pay,138.00,4.14,13.39,7.99,155.24,2,USD,receipts/RCPT-20260112-00114.png,new year refresh bundle purchase
TX-RCPT-20260112-00115,RCPT-20260112-00115,2026-01-12T13:28:48,new_year_refresh,student,in_store_pickup,apple_pay,128.95,3.87,12.51,11.99,149.58,2,USD,receipts/RCPT-20260112-00115.png,new year refresh bundle purchase
TX-RCPT-20260112-00116,RCPT-20260112-00116,2026-01-12T22:35:07,new_year_refresh,family,mobile_app,paypal,158.00,4.74,15.33,11.99,180.58,2,USD,receipts/RCPT-20260112-00116.png,new year refresh bundle purchase
TX-RCPT-20260113-00117,RCPT-20260113-00117,2026-01-13T09:51:43,new_year_refresh,family,in_store_pickup,google_pay,306.95,9.21,29.77,11.99,339.50,4,USD,receipts/RCPT-20260113-00117.png,new year refresh bundle purchase
TX-RCPT-20260113-00118,RCPT-20260113-00118,2026-01-13T13:35:36,new_year_refresh,family,mobile_app,bank_transfer,886.00,26.58,85.94,7.99,953.35,4,USD,receipts/RCPT-20260113-00118.png,new year refresh bundle purchase
TX-RCPT-20260113-00119,RCPT-20260113-00119,2026-01-13T15:43:33,new_year_refresh,family,web,bank_transfer,696.00,34.80,66.12,11.99,739.31,4,USD,receipts/RCPT-20260113-00119.png,new year refresh bundle purchase
TX-RCPT-20260113-00120,RCPT-20260113-00120,2026-01-13T12:10:10,new_year_refresh,family,in_store_pickup,apple_pay,2246.00,67.38,217.86,0.00,2396.48,2,USD,receipts/RCPT-20260113-00120.png,new year refresh bundle purchase
TX-RCPT-20260113-00121,RCPT-20260113-00121,2026-01-13T16:41:10,new_year_refresh,small_business,in_store_pickup,apple_pay,1406.95,0.00,140.70,0.00,1547.65,4,USD,receipts/RCPT-20260113-00121.png,new year refresh bundle purchase
TX-RCPT-20260113-00122,RCPT-20260113-00122,2026-01-13T18:13:49,new_year_refresh,small_business,mobile_app,bank_transfer,2056.00,102.80,195.32,0.00,2148.52,4,USD,receipts/RCPT-20260113-00122.png,new year refresh bundle purchase
TX-RCPT-20260113-00123,RCPT-20260113-00123,2026-01-13T09:44:03,new_year_refresh,professional,mobile_app,paypal,1078.00,107.80,97.02,0.00,1067.22,2,USD,receipts/RCPT-20260113-00123.png,new year refresh bundle purchase
TX-RCPT-20260113-00124,RCPT-20260113-00124,2026-01-13T20:23:32,new_year_refresh,small_business,web,google_pay,788.00,39.40,74.86,7.99,831.45,2,USD,receipts/RCPT-20260113-00124.png,new year refresh bundle purchase
TX-RCPT-20260114-00125,RCPT-20260114-00125,2026-01-14T14:15:55,new_year_refresh,professional,mobile_app,bank_transfer,59.00,2.95,5.61,15.99,77.65,1,USD,receipts/RCPT-20260114-00125.png,new year refresh bundle purchase
TX-RCPT-20260114-00126,RCPT-20260114-00126,2026-01-14T15:15:13,new_year_refresh,small_business,mobile_app,card,128.95,0.00,12.89,15.99,157.83,2,USD,receipts/RCPT-20260114-00126.png,new year refresh bundle purchase
TX-RCPT-20260114-00127,RCPT-20260114-00127,2026-01-14T19:23:48,new_year_refresh,gamer,mobile_app,card,128.95,0.00,12.89,11.99,153.83,2,USD,receipts/RCPT-20260114-00127.png,new year refresh bundle purchase
TX-RCPT-20260114-00128,RCPT-20260114-00128,2026-01-14T20:35:17,new_year_refresh,small_business,in_store_pickup,bank_transfer,59.00,0.00,5.90,11.99,76.89,1,USD,receipts/RCPT-20260114-00128.png,new year refresh bundle purchase
TX-RCPT-20260114-00129,RCPT-20260114-00129,2026-01-14T20:09:12,new_year_refresh,small_business,in_store_pickup,paypal,379.00,18.95,36.01,11.99,408.05,1,USD,receipts/RCPT-20260114-00129.png,new year refresh bundle purchase
TX-RCPT-20260114-00130,RCPT-20260114-00130,2026-01-14T22:32:08,new_year_refresh,family,in_store_pickup,google_pay,236.00,23.60,21.24,0.00,233.64,4,USD,receipts/RCPT-20260114-00130.png,new year refresh bundle purchase
TX-RCPT-20260114-00131,RCPT-20260114-00131,2026-01-14T15:52:01,new_year_refresh,family,mobile_app,card,305.95,30.59,27.54,11.99,314.89,5,USD,receipts/RCPT-20260114-00131.png,new year refresh bundle purchase
TX-RCPT-20260114-00132,RCPT-20260114-00132,2026-01-14T18:46:39,new_year_refresh,gamer,web,apple_pay,1037.00,103.70,93.33,0.00,1026.63,3,USD,receipts/RCPT-20260114-00132.png,new year refresh bundle purchase
TX-RCPT-20260115-00133,RCPT-20260115-00133,2026-01-15T21:54:47,new_year_refresh,student,in_store_pickup,apple_pay,4396.00,439.60,395.64,0.00,4352.04,4,USD,receipts/RCPT-20260115-00133.png,new year refresh bundle purchase
TX-RCPT-20260115-00134,RCPT-20260115-00134,2026-01-15T22:34:21,new_year_refresh,small_business,mobile_app,google_pay,1297.00,129.70,116.73,0.00,1284.03,3,USD,receipts/RCPT-20260115-00134.png,new year refresh bundle purchase
TX-RCPT-20260115-00135,RCPT-20260115-00135,2026-01-15T13:30:22,new_year_refresh,small_business,in_store_pickup,google_pay,338.80,10.16,32.86,11.99,373.49,5,USD,receipts/RCPT-20260115-00135.png,new year refresh bundle purchase
TX-RCPT-20260115-00136,RCPT-20260115-00136,2026-01-15T12:02:18,new_year_refresh,student,mobile_app,paypal,177.00,8.85,16.82,7.99,192.96,3,USD,receipts/RCPT-20260115-00136.png,new year refresh bundle purchase
TX-RCPT-20260115-00137,RCPT-20260115-00137,2026-01-15T11:03:42,new_year_refresh,small_business,web,apple_pay,2147.00,64.41,208.26,0.00,2290.85,3,USD,receipts/RCPT-20260115-00137.png,new year refresh bundle purchase
TX-RCPT-20260115-00138,RCPT-20260115-00138,2026-01-15T16:59:10,new_year_refresh,gamer,in_store_pickup,paypal,59.00,1.77,5.72,0.00,62.95,1,USD,receipts/RCPT-20260115-00138.png,new year refresh bundle purchase
TX-RCPT-20260115-00139,RCPT-20260115-00139,2026-01-15T12:41:03,new_year_refresh,student,in_store_pickup,bank_transfer,1599.00,79.95,151.91,0.00,1670.96,1,USD,receipts/RCPT-20260115-00139.png,new year refresh bundle purchase
TX-RCPT-20260115-00140,RCPT-20260115-00140,2026-01-15T14:56:53,new_year_refresh,professional,web,paypal,1398.00,41.94,135.61,0.00,1491.67,2,USD,receipts/RCPT-20260115-00140.png,new year refresh bundle purchase
TX-RCPT-20260115-00141,RCPT-20260115-00141,2026-01-15T22:21:18,new_year_refresh,gamer,in_store_pickup,bank_transfer,139.90,7.00,13.29,7.99,154.18,2,USD,receipts/RCPT-20260115-00141.png,new year refresh bundle purchase
TX-RCPT-20260115-00142,RCPT-20260115-00142,2026-01-15T18:16:45,new_year_refresh,professional,web,google_pay,3111.00,311.10,279.99,0.00,3079.89,4,USD,receipts/RCPT-20260115-00142.png,new year refresh bundle purchase
TX-RCPT-20260115-00143,RCPT-20260115-00143,2026-01-15T18:06:11,new_year_refresh,professional,mobile_app,google_pay,898.00,44.90,85.31,0.00,938.41,2,USD,receipts/RCPT-20260115-00143.png,new year refresh bundle purchase
TX-RCPT-20260116-00144,RCPT-20260116-00144,2026-01-16T13:44:15,new_year_refresh,student,in_store_pickup,card,209.85,0.00,20.98,0.00,230.83,3,USD,receipts/RCPT-20260116-00144.png,new year refresh bundle purchase
TX-RCPT-20260116-00145,RCPT-20260116-00145,2026-01-16T22:18:23,new_year_refresh,small_business,web,apple_pay,236.00,11.80,22.42,15.99,262.61,4,USD,receipts/RCPT-20260116-00145.png,new year refresh bundle purchase
TX-RCPT-20260116-00146,RCPT-20260116-00146,2026-01-16T20:38:55,new_year_refresh,student,in_store_pickup,paypal,1127.00,33.81,109.32,15.99,1218.50,3,USD,receipts/RCPT-20260116-00146.png,new year refresh bundle purchase
TX-RCPT-20260116-00147,RCPT-20260116-00147,2026-01-16T10:20:54,new_year_refresh,small_business,mobile_app,card,236.00,7.08,22.89,7.99,259.80,4,USD,receipts/RCPT-20260116-00147.png,new year refresh bundle purchase
TX-RCPT-20260116-00148,RCPT-20260116-00148,2026-01-16T15:36:03,new_year_refresh,small_business,mobile_app,google_pay,1898.00,189.80,170.82,0.00,1879.02,2,USD,receipts/RCPT-20260116-00148.png,new year refresh bundle purchase
TX-RCPT-20260116-00149,RCPT-20260116-00149,2026-01-16T08:59:57,new_year_refresh,student,mobile_app,card,138.00,6.90,13.11,15.99,160.20,2,USD,receipts/RCPT-20260116-00149.png,new year refresh bundle purchase
TX-RCPT-20260116-00150,RCPT-20260116-00150,2026-01-16T15:55:58,new_year_refresh,gamer,mobile_app,card,236.00,23.60,21.24,11.99,245.63,4,USD,receipts/RCPT-20260116-00150.png,new year refresh bundle purchase
TX-RCPT-20260116-00151,RCPT-20260116-00151,2026-01-16T19:14:53,new_year_refresh,student,web,google_pay,1457.00,43.71,141.33,0.00,1554.62,2,USD,receipts/RCPT-20260116-00151.png,new year refresh bundle purchase
TX-RCPT-20260116-00152,RCPT-20260116-00152,2026-01-16T08:51:42,new_year_refresh,gamer,in_store_pickup,card,1455.00,0.00,145.50,0.00,1600.50,5,USD,receipts/RCPT-20260116-00152.png,new year refresh bundle purchase
TX-RCPT-20260116-00153,RCPT-20260116-00153,2026-01-16T08:25:28,new_year_refresh,professional,in_store_pickup,apple_pay,79.00,0.00,7.90,0.00,86.90,1,USD,receipts/RCPT-20260116-00153.png,new year refresh bundle purchase
TX-RCPT-20260117-00154,RCPT-20260117-00154,2026-01-17T11:26:19,new_year_refresh,family,web,bank_transfer,948.00,28.44,91.96,15.99,1027.51,2,USD,receipts/RCPT-20260117-00154.png,new year refresh bundle purchase
TX-RCPT-20260117-00155,RCPT-20260117-00155,2026-01-17T10:19:24,new_year_refresh,professional,in_store_pickup,paypal,771.15,38.56,73.26,11.99,817.84,6,USD,receipts/RCPT-20260117-00155.png,new year refresh bundle purchase
TX-RCPT-20260117-00156,RCPT-20260117-00156,2026-01-17T16:33:08,new_year_refresh,gamer,web,google_pay,2637.00,263.70,237.33,0.00,2610.63,3,USD,receipts/RCPT-20260117-00156.png,new year refresh bundle purchase
TX-RCPT-20260117-00157,RCPT-20260117-00157,2026-01-17T14:43:38,new_year_refresh,small_business,web,card,139.90,4.20,13.57,0.00,149.27,2,USD,receipts/RCPT-20260117-00157.png,new year refresh bundle purchase
TX-RCPT-20260117-00158,RCPT-20260117-00158,2026-01-17T19:07:47,new_year_refresh,gamer,web,bank_transfer,1446.00,43.38,140.26,0.00,1542.88,4,USD,receipts/RCPT-20260117-00158.png,new year refresh bundle purchase
TX-RCPT-20260117-00159,RCPT-20260117-00159,2026-01-17T12:16:23,new_year_refresh,small_business,mobile_app,paypal,209.85,20.98,18.89,11.99,219.75,3,USD,receipts/RCPT-20260117-00159.png,new year refresh bundle purchase
TX-RCPT-20260117-00160,RCPT-20260117-00160,2026-01-17T13:26:02,new_year_refresh,small_business,web,apple_pay,1618.00,80.90,153.71,0.00,1690.81,2,USD,receipts/RCPT-20260117-00160.png,new year refresh bundle purchase
TX-RCPT-20260117-00161,RCPT-20260117-00161,2026-01-17T11:24:36,new_year_refresh,professional,mobile_app,bank_transfer,177.00,5.31,17.17,0.00,188.86,3,USD,receipts/RCPT-20260117-00161.png,new year refresh bundle purchase
TX-RCPT-20260117-00162,RCPT-20260117-00162,2026-01-17T19:34:31,new_year_refresh,professional,in_store_pickup,card,128.95,6.45,12.25,0.00,134.75,2,USD,receipts/RCPT-20260117-00162.png,new year refresh bundle purchase
TX-RCPT-20260118-00163,RCPT-20260118-00163,2026-01-18T11:32:29,new_year_refresh,family,web,bank_transfer,1828.00,0.00,182.80,0.00,2010.80,2,USD,receipts/RCPT-20260118-00163.png,new year refresh bundle purchase
TX-RCPT-20260118-00164,RCPT-20260118-00164,2026-01-18T20:58:11,new_year_refresh,student,web,bank_transfer,1676.00,167.60,150.84,0.00,1659.24,4,USD,receipts/RCPT-20260118-00164.png,new year refresh bundle purchase
TX-RCPT-20260118-00165,RCPT-20260118-00165,2026-01-18T14:29:36,new_year_refresh,professional,in_store_pickup,apple_pay,209.85,20.98,18.89,0.00,207.76,3,USD,receipts/RCPT-20260118-00165.png,new year refresh bundle purchase
TX-RCPT-20260118-00166,RCPT-20260118-00166,2026-01-18T14:24:24,new_year_refresh,small_business,mobile_app,card,1577.00,0.00,157.70,0.00,1734.70,3,USD,receipts/RCPT-20260118-00166.png,new year refresh bundle purchase
TX-RCPT-20260118-00167,RCPT-20260118-00167,2026-01-18T22:33:58,new_year_refresh,student,web,apple_pay,1378.00,0.00,137.80,0.00,1515.80,2,USD,receipts/RCPT-20260118-00167.png,new year refresh bundle purchase
TX-RCPT-20260118-00168,RCPT-20260118-00168,2026-01-18T21:20:01,new_year_refresh,professional,in_store_pickup,apple_pay,236.00,0.00,23.60,0.00,259.60,4,USD,receipts/RCPT-20260118-00168.png,new year refresh bundle purchase
TX-RCPT-20260118-00169,RCPT-20260118-00169,2026-01-18T20:44:46,new_year_refresh,student,in_store_pickup,google_pay,1796.00,53.88,174.21,0.00,1916.33,4,USD,receipts/RCPT-20260118-00169.png,new year refresh bundle purchase
TX-RCPT-20260118-00170,RCPT-20260118-00170,2026-01-18T08:40:17,new_year_refresh,gamer,mobile_app,apple_pay,59.00,5.90,5.31,11.99,70.40,1,USD,receipts/RCPT-20260118-00170.png,new year refresh bundle purchase
TX-RCPT-20260118-00171,RCPT-20260118-00171,2026-01-18T09:05:17,new_year_refresh,professional,mobile_app,apple_pay,878.00,43.90,83.41,15.99,933.50,2,USD,receipts/RCPT-20260118-00171.png,new year refresh bundle purchase
TX-RCPT-20260118-00172,RCPT-20260118-00172,2026-01-18T10:05:11,new_year_refresh,gamer,mobile_app,bank_transfer,237.00,11.85,22.52,7.99,255.66,3,USD,receipts/RCPT-20260118-00172.png,new year refresh bundle purchase
TX-RCPT-20260119-00173,RCPT-20260119-00173,2026-01-19T12:26:24,new_year_refresh,student,in_store_pickup,bank_transfer,59.00,2.95,5.61,7.99,69.65,1,USD,receipts/RCPT-20260119-00173.png,new year refresh bundle purchase
TX-RCPT-20260119-00174,RCPT-20260119-00174,2026-01-19T12:30:50,new_year_refresh,student,mobile_app,google_pay,827.00,24.81,80.22,11.99,894.40,3,USD,receipts/RCPT-20260119-00174.png,new year refresh bundle purchase
TX-RCPT-20260119-00175,RCPT-20260119-00175,2026-01-19T14:21:53,new_year_refresh,small_business,mobile_app,google_pay,1748.00,0.00,174.80,0.00,1922.80,2,USD,receipts/RCPT-20260119-00175.png,new year refresh bundle purchase
TX-RCPT-20260119-00176,RCPT-20260119-00176,2026-01-19T19:12:30,new_year_refresh,family,web,paypal,118.00,5.90,11.21,0.00,123.31,2,USD,receipts/RCPT-20260119-00176.png,new year refresh bundle purchase
TX-RCPT-20260119-00177,RCPT-20260119-00177,2026-01-19T13:07:59,new_year_refresh,small_business,web,bank_transfer,139.90,7.00,13.29,11.99,158.18,2,USD,receipts/RCPT-20260119-00177.png,new year refresh bundle purchase
TX-RCPT-20260119-00178,RCPT-20260119-00178,2026-01-19T18:31:08,new_year_refresh,family,web,google_pay,1796.00,179.60,161.64,0.00,1778.04,4,USD,receipts/RCPT-20260119-00178.png,new year refresh bundle purchase
TX-RCPT-20260119-00179,RCPT-20260119-00179,2026-01-19T16:02:50,new_year_refresh,family,in_store_pickup,bank_transfer,1844.15,184.42,165.97,0.00,1825.70,3,USD,receipts/RCPT-20260119-00179.png,new year refresh bundle purchase
TX-RCPT-20260119-00180,RCPT-20260119-00180,2026-01-19T18:41:25,new_year_refresh,family,mobile_app,card,59.00,0.00,5.90,15.99,80.89,1,USD,receipts/RCPT-20260119-00180.png,new year refresh bundle purchase
TX-RCPT-20260119-00181,RCPT-20260119-00181,2026-01-19T17:44:32,new_year_refresh,professional,mobile_app,card,59.00,5.90,5.31,15.99,74.40,1,USD,receipts/RCPT-20260119-00181.png,new year refresh bundle purchase
TX-RCPT-20260119-00182,RCPT-20260119-00182,2026-01-19T13:29:50,new_year_refresh,professional,in_store_pickup,paypal,59.00,1.77,5.72,0.00,62.95,1,USD,receipts/RCPT-20260119-00182.png,new year refresh bundle purchase
TX-RCPT-20260119-00183,RCPT-20260119-00183,2026-01-19T13:41:06,new_year_refresh,professional,in_store_pickup,apple_pay,748.00,0.00,74.80,0.00,822.80,2,USD,receipts/RCPT-20260119-00183.png,new year refresh bundle purchase
TX-RCPT-20260120-00184,RCPT-20260120-00184,2026-01-20T14:01:47,back_to_school_university,small_business,web,paypal,139.90,4.20,13.57,11.99,161.26,2,USD,receipts/RCPT-20260120-00184.png,back to school university bundle purchase
TX-RCPT-20260120-00185,RCPT-20260120-00185,2026-01-20T09:16:42,back_to_school_university,gamer,in_store_pickup,google_pay,957.00,47.85,90.92,0.00,1000.07,3,USD,receipts/RCPT-20260120-00185.png,back to school university bundle purchase
TX-RCPT-20260120-00186,RCPT-20260120-00186,2026-01-20T22:39:37,back_to_school_university,student,in_store_pickup,apple_pay,1447.00,72.35,137.47,0.00,1512.12,3,USD,receipts/RCPT-20260120-00186.png,back to school university bundle purchase
TX-RCPT-20260120-00187,RCPT-20260120-00187,2026-01-20T17:08:36,back_to_school_university,gamer,mobile_app,apple_pay,79.00,2.37,7.66,11.99,96.28,1,USD,receipts/RCPT-20260120-00187.png,back to school university bundle purchase
TX-RCPT-20260120-00188,RCPT-20260120-00188,2026-01-20T08:31:08,back_to_school_university,professional,mobile_app,bank_transfer,1186.90,118.69,106.82,11.99,1187.02,5,USD,receipts/RCPT-20260120-00188.png,back to school university bundle purchase
TX-RCPT-20260120-00189,RCPT-20260120-00189,2026-01-20T12:10:49,back_to_school_university,gamer,in_store_pickup,paypal,1097.00,54.85,104.22,0.00,1146.37,3,USD,receipts/RCPT-20260120-00189.png,back to school university bundle purchase
TX-RCPT-20260120-00190,RCPT-20260120-00190,2026-01-20T16:13:27,back_to_school_university,student,in_store_pickup,apple_pay,1427.00,142.70,128.43,0.00,1412.73,3,USD,receipts/RCPT-20260120-00190.png,back to school university bundle purchase
TX-RCPT-20260120-00191,RCPT-20260120-00191,2026-01-20T21:52:05,back_to_school_university,gamer,web,apple_pay,1999.00,99.95,189.91,0.00,2088.96,1,USD,receipts/RCPT-20260120-00191.png,back to school university bundle purchase
TX-RCPT-20260121-00192,RCPT-20260121-00192,2026-01-21T21:13:51,back_to_school_university,student,in_store_pickup,google_pay,1592.00,47.76,154.42,0.00,1698.66,3,USD,receipts/RCPT-20260121-00192.png,back to school university bundle purchase
TX-RCPT-20260121-00193,RCPT-20260121-00193,2026-01-21T22:03:17,back_to_school_university,professional,in_store_pickup,apple_pay,1990.15,199.02,179.11,0.00,1970.24,7,USD,receipts/RCPT-20260121-00193.png,back to school university bundle purchase
TX-RCPT-20260121-00194,RCPT-20260121-00194,2026-01-21T18:17:40,back_to_school_university,gamer,mobile_app,paypal,316.00,31.60,28.44,15.99,328.83,4,USD,receipts/RCPT-20260121-00194.png,back to school university bundle purchase
TX-RCPT-20260121-00195,RCPT-20260121-00195,2026-01-21T15:31:20,back_to_school_university,small_business,web,card,2098.00,104.90,199.31,0.00,2192.41,2,USD,receipts/RCPT-20260121-00195.png,back to school university bundle purchase
TX-RCPT-20260121-00196,RCPT-20260121-00196,2026-01-21T17:08:36,back_to_school_university,gamer,mobile_app,card,1006.00,50.30,95.57,0.00,1051.27,4,USD,receipts/RCPT-20260121-00196.png,back to school university bundle purchase
TX-RCPT-20260121-00197,RCPT-20260121-00197,2026-01-21T11:44:58,back_to_school_university,professional,in_store_pickup,google_pay,148.95,0.00,14.89,11.99,175.83,2,USD,receipts/RCPT-20260121-00197.png,back to school university bundle purchase
TX-RCPT-20260121-00198,RCPT-20260121-00198,2026-01-21T08:25:40,back_to_school_university,family,in_store_pickup,apple_pay,2826.00,84.78,274.12,0.00,3015.34,3,USD,receipts/RCPT-20260121-00198.png,back to school university bundle purchase
TX-RCPT-20260121-00199,RCPT-20260121-00199,2026-01-21T16:43:28,back_to_school_university,student,web,google_pay,1588.00,47.64,154.04,0.00,1694.40,2,USD,receipts/RCPT-20260121-00199.png,back to school university bundle purchase
TX-RCPT-20260121-00200,RCPT-20260121-00200,2026-01-21T13:23:56,back_to_school_university,family,web,paypal,3246.00,0.00,324.60,0.00,3570.60,4,USD,receipts/RCPT-20260121-00200.png,back to school university bundle purchase
TX-RCPT-20260121-00201,RCPT-20260121-00201,2026-01-21T15:22:46,back_to_school_university,professional,in_store_pickup,apple_pay,1588.00,47.64,154.04,0.00,1694.40,2,USD,receipts/RCPT-20260121-00201.png,back to school university bundle purchase
TX-RCPT-20260121-00202,RCPT-20260121-00202,2026-01-21T20:07:37,back_to_school_university,gamer,mobile_app,paypal,2498.00,74.94,242.31,0.00,2665.37,2,USD,receipts/RCPT-20260121-00202.png,back to school university bundle purchase
TX-RCPT-20260122-00203,RCPT-20260122-00203,2026-01-22T17:32:12,back_to_school_university,gamer,mobile_app,card,844.00,42.20,80.18,0.00,881.98,6,USD,receipts/RCPT-20260122-00203.png,back to school university bundle purchase
TX-RCPT-20260122-00204,RCPT-20260122-00204,2026-01-22T13:59:20,back_to_school_university,professional,mobile_app,bank_transfer,1488.00,0.00,148.80,0.00,1636.80,2,USD,receipts/RCPT-20260122-00204.png,back to school university bundle purchase
TX-RCPT-20260122-00205,RCPT-20260122-00205,2026-01-22T08:50:25,back_to_school_university,small_business,mobile_app,bank_transfer,836.00,25.08,81.09,0.00,892.01,4,USD,receipts/RCPT-20260122-00205.png,back to school university bundle purchase
TX-RCPT-20260122-00206,RCPT-20260122-00206,2026-01-22T22:13:51,back_to_school_university,professional,in_store_pickup,google_pay,898.00,44.90,85.31,0.00,938.41,2,USD,receipts/RCPT-20260122-00206.png,back to school university bundle purchase
TX-RCPT-20260122-00207,RCPT-20260122-00207,2026-01-22T08:15:05,back_to_school_university,gamer,web,paypal,1587.00,47.61,153.94,0.00,1693.33,3,USD,receipts/RCPT-20260122-00207.png,back to school university bundle purchase
TX-RCPT-20260122-00208,RCPT-20260122-00208,2026-01-22T16:33:50,back_to_school_university,family,web,google_pay,888.00,26.64,86.14,11.99,959.49,2,USD,receipts/RCPT-20260122-00208.png,back to school university bundle purchase
TX-RCPT-20260122-00209,RCPT-20260122-00209,2026-01-22T15:29:32,back_to_school_university,family,web,paypal,2564.00,0.00,256.40,0.00,2820.40,6,USD,receipts/RCPT-20260122-00209.png,back to school university bundle purchase
TX-RCPT-20260122-00210,RCPT-20260122-00210,2026-01-22T15:23:24,back_to_school_university,professional,web,card,707.00,0.00,70.70,0.00,777.70,3,USD,receipts/RCPT-20260122-00210.png,back to school university bundle purchase
TX-RCPT-20260122-00211,RCPT-20260122-00211,2026-01-22T20:33:02,back_to_school_university,gamer,web,paypal,717.00,0.00,71.70,0.00,788.70,3,USD,receipts/RCPT-20260122-00211.png,back to school university bundle purchase
TX-RCPT-20260122-00212,RCPT-20260122-00212,2026-01-22T19:39:15,back_to_school_university,gamer,mobile_app,bank_transfer,2206.00,110.30,209.57,0.00,2305.27,3,USD,receipts/RCPT-20260122-00212.png,back to school university bundle purchase
TX-RCPT-20260122-00213,RCPT-20260122-00213,2026-01-22T20:42:24,back_to_school_university,family,web,apple_pay,926.00,0.00,92.60,7.99,1026.59,4,USD,receipts/RCPT-20260122-00213.png,back to school university bundle purchase
TX-RCPT-20260123-00214,RCPT-20260123-00214,2026-01-23T22:14:57,back_to_school_university,small_business,mobile_app,google_pay,1588.00,0.00,158.80,0.00,1746.80,2,USD,receipts/RCPT-20260123-00214.png,back to school university bundle purchase
TX-RCPT-20260123-00215,RCPT-20260123-00215,2026-01-23T11:18:16,back_to_school_university,family,mobile_app,google_pay,3321.00,99.63,322.14,0.00,3543.51,4,USD,receipts/RCPT-20260123-00215.png,back to school university bundle purchase
TX-RCPT-20260123-00216,RCPT-20260123-00216,2026-01-23T14:07:34,back_to_school_university,family,web,paypal,728.00,21.84,70.62,11.99,788.77,2,USD,receipts/RCPT-20260123-00216.png,back to school university bundle purchase
TX-RCPT-20260123-00217,RCPT-20260123-00217,2026-01-23T16:03:43,back_to_school_university,family,mobile_app,apple_pay,857.90,25.74,83.22,11.99,927.37,4,USD,receipts/RCPT-20260123-00217.png,back to school university bundle purchase
TX-RCPT-20260123-00218,RCPT-20260123-00218,2026-01-23T09:00:03,back_to_school_university,professional,web,apple_pay,329.00,0.00,32.90,7.99,369.89,1,USD,receipts/RCPT-20260123-00218.png,back to school university bundle purchase
TX-RCPT-20260123-00219,RCPT-20260123-00219,2026-01-23T18:28:51,back_to_school_university,professional,web,google_pay,866.95,0.00,86.70,0.00,953.65,4,USD,receipts/RCPT-20260123-00219.png,back to school university bundle purchase
TX-RCPT-20260123-00220,RCPT-20260123-00220,2026-01-23T18:27:11,back_to_school_university,family,web,apple_pay,177.00,17.70,15.93,11.99,187.22,3,USD,receipts/RCPT-20260123-00220.png,back to school university bundle purchase
TX-RCPT-20260123-00221,RCPT-20260123-00221,2026-01-23T14:56:35,back_to_school_university,gamer,web,card,1228.00,122.80,110.52,0.00,1215.72,2,USD,receipts/RCPT-20260123-00221.png,back to school university bundle purchase
TX-RCPT-20260123-00222,RCPT-20260123-00222,2026-01-23T17:32:20,back_to_school_university,gamer,mobile_app,apple_pay,546.00,54.60,49.14,0.00,540.54,4,USD,receipts/RCPT-20260123-00222.png,back to school university bundle purchase
TX-RCPT-20260124-00223,RCPT-20260124-00223,2026-01-24T10:06:15,back_to_school_university,professional,mobile_app,bank_transfer,1517.00,45.51,147.15,0.00,1618.64,3,USD,receipts/RCPT-20260124-00223.png,back to school university bundle purchase
TX-RCPT-20260124-00224,RCPT-20260124-00224,2026-01-24T17:20:51,back_to_school_university,family,in_store_pickup,card,3243.00,97.29,314.57,0.00,3460.28,5,USD,receipts/RCPT-20260124-00224.png,back to school university bundle purchase
TX-RCPT-20260124-00225,RCPT-20260124-00225,2026-01-24T11:38:14,back_to_school_university,student,in_store_pickup,paypal,4120.15,0.00,412.01,0.00,4532.16,5,USD,receipts/RCPT-20260124-00225.png,back to school university bundle purchase
TX-RCPT-20260124-00226,RCPT-20260124-00226,2026-01-24T20:07:54,back_to_school_university,small_business,mobile_app,card,1036.00,31.08,100.49,7.99,1113.40,4,USD,receipts/RCPT-20260124-00226.png,back to school university bundle purchase
TX-RCPT-20260124-00227,RCPT-20260124-00227,2026-01-24T19:35:44,back_to_school_university,small_business,mobile_app,apple_pay,916.95,91.70,82.53,7.99,915.77,4,USD,receipts/RCPT-20260124-00227.png,back to school university bundle purchase
TX-RCPT-20260124-00228,RCPT-20260124-00228,2026-01-24T21:49:36,back_to_school_university,student,web,bank_transfer,1787.00,178.70,160.83,0.00,1769.13,3,USD,receipts/RCPT-20260124-00228.png,back to school university bundle purchase
TX-RCPT-20260124-00229,RCPT-20260124-00229,2026-01-24T10:21:47,back_to_school_university,student,web,google_pay,1399.00,139.90,125.91,0.00,1385.01,1,USD,receipts/RCPT-20260124-00229.png,back to school university bundle purchase
TX-RCPT-20260124-00230,RCPT-20260124-00230,2026-01-24T11:15:44,back_to_school_university,student,mobile_app,google_pay,316.00,15.80,30.02,11.99,342.21,4,USD,receipts/RCPT-20260124-00230.png,back to school university bundle purchase
TX-RCPT-20260125-00231,RCPT-20260125-00231,2026-01-25T16:24:06,back_to_school_university,gamer,in_store_pickup,apple_pay,177.00,17.70,15.93,11.99,187.22,3,USD,receipts/RCPT-20260125-00231.png,back to school university bundle purchase
TX-RCPT-20260125-00232,RCPT-20260125-00232,2026-01-25T10:56:24,back_to_school_university,professional,in_store_pickup,card,1148.00,0.00,114.80,0.00,1262.80,2,USD,receipts/RCPT-20260125-00232.png,back to school university bundle purchase
TX-RCPT-20260125-00233,RCPT-20260125-00233,2026-01-25T09:21:13,back_to_school_university,professional,mobile_app,bank_transfer,986.00,98.60,88.74,0.00,976.14,4,USD,receipts/RCPT-20260125-00233.png,back to school university bundle purchase
TX-RCPT-20260125-00234,RCPT-20260125-00234,2026-01-25T10:03:23,back_to_school_university,student,mobile_app,card,1398.00,139.80,125.82,0.00,1384.02,2,USD,receipts/RCPT-20260125-00234.png,back to school university bundle purchase
TX-RCPT-20260125-00235,RCPT-20260125-00235,2026-01-25T12:50:25,back_to_school_university,gamer,mobile_app,google_pay,2626.00,0.00,262.60,0.00,2888.60,4,USD,receipts/RCPT-20260125-00235.png,back to school university bundle purchase
TX-RCPT-20260125-00236,RCPT-20260125-00236,2026-01-25T17:03:09,back_to_school_university,student,web,google_pay,1866.00,93.30,177.27,0.00,1949.97,4,USD,receipts/RCPT-20260125-00236.png,back to school university bundle purchase
TX-RCPT-20260125-00237,RCPT-20260125-00237,2026-01-25T15:19:05,back_to_school_university,gamer,in_store_pickup,card,1922.15,57.66,186.45,0.00,2050.94,5,USD,receipts/RCPT-20260125-00237.png,back to school university bundle purchase
TX-RCPT-20260125-00238,RCPT-20260125-00238,2026-01-25T08:27:05,back_to_school_university,gamer,web,apple_pay,158.00,4.74,15.33,7.99,176.58,2,USD,receipts/RCPT-20260125-00238.png,back to school university bundle purchase
TX-RCPT-20260125-00239,RCPT-20260125-00239,2026-01-25T20:44:39,back_to_school_university,small_business,in_store_pickup,paypal,957.95,95.80,86.22,7.99,956.36,3,USD,receipts/RCPT-20260125-00239.png,back to school university bundle purchase
TX-RCPT-20260125-00240,RCPT-20260125-00240,2026-01-25T14:41:31,back_to_school_university,small_business,in_store_pickup,paypal,856.00,42.80,81.32,11.99,906.51,4,USD,receipts/RCPT-20260125-00240.png,back to school university bundle purchase
TX-RCPT-20260125-00241,RCPT-20260125-00241,2026-01-25T19:15:03,back_to_school_university,gamer,mobile_app,google_pay,118.00,11.80,10.62,11.99,128.81,2,USD,receipts/RCPT-20260125-00241.png,back to school university bundle purchase
TX-RCPT-20260125-00242,RCPT-20260125-00242,2026-01-25T19:28:49,back_to_school_university,family,mobile_app,paypal,973.15,29.19,94.40,0.00,1038.36,4,USD,receipts/RCPT-20260125-00242.png,back to school university bundle purchase
TX-RCPT-20260126-00243,RCPT-20260126-00243,2026-01-26T21:33:56,back_to_school_university,small_business,web,apple_pay,1136.95,113.70,102.33,0.00,1125.58,4,USD,receipts/RCPT-20260126-00243.png,back to school university bundle purchase
TX-RCPT-20260126-00244,RCPT-20260126-00244,2026-01-26T21:29:32,back_to_school_university,gamer,in_store_pickup,card,3411.00,170.55,324.05,0.00,3564.50,4,USD,receipts/RCPT-20260126-00244.png,back to school university bundle purchase
TX-RCPT-20260126-00245,RCPT-20260126-00245,2026-01-26T14:03:10,back_to_school_university,small_business,web,apple_pay,556.00,0.00,55.60,0.00,611.60,4,USD,receipts/RCPT-20260126-00245.png,back to school university bundle purchase
TX-RCPT-20260126-00246,RCPT-20260126-00246,2026-01-26T11:16:38,back_to_school_university,family,in_store_pickup,google_pay,2397.00,0.00,239.70,0.00,2636.70,3,USD,receipts/RCPT-20260126-00246.png,back to school university bundle purchase
TX-RCPT-20260126-00247,RCPT-20260126-00247,2026-01-26T16:42:53,back_to_school_university,family,in_store_pickup,bank_transfer,1976.00,0.00,197.60,0.00,2173.60,4,USD,receipts/RCPT-20260126-00247.png,back to school university bundle purchase
TX-RCPT-20260126-00248,RCPT-20260126-00248,2026-01-26T14:42:20,back_to_school_university,professional,in_store_pickup,card,1086.95,32.61,105.43,15.99,1175.76,4,USD,receipts/RCPT-20260126-00248.png,back to school university bundle purchase
TX-RCPT-20260126-00249,RCPT-20260126-00249,2026-01-26T18:34:40,back_to_school_university,gamer,in_store_pickup,google_pay,4336.00,130.08,420.59,0.00,4626.51,4,USD,receipts/RCPT-20260126-00249.png,back to school university bundle purchase
TX-RCPT-20260126-00250,RCPT-20260126-00250,2026-01-26T18:57:21,back_to_school_university,student,web,google_pay,2046.95,61.41,198.55,0.00,2184.09,4,USD,receipts/RCPT-20260126-00250.png,back to school university bundle purchase
TX-RCPT-20260126-00251,RCPT-20260126-00251,2026-01-26T15:56:12,back_to_school_university,small_business,web,paypal,2656.00,0.00,265.60,0.00,2921.60,4,USD,receipts/RCPT-20260126-00251.png,back to school university bundle purchase
TX-RCPT-20260127-00252,RCPT-20260127-00252,2026-01-27T10:20:55,back_to_school_university,professional,web,paypal,177.00,17.70,15.93,11.99,187.22,3,USD,receipts/RCPT-20260127-00252.png,back to school university bundle purchase
TX-RCPT-20260127-00253,RCPT-20260127-00253,2026-01-27T10:39:27,back_to_school_university,gamer,mobile_app,paypal,1096.00,109.60,98.64,7.99,1093.03,4,USD,receipts/RCPT-20260127-00253.png,back to school university bundle purchase
TX-RCPT-20260127-00254,RCPT-20260127-00254,2026-01-27T08:40:46,back_to_school_university,professional,web,google_pay,1128.00,33.84,109.42,0.00,1203.58,2,USD,receipts/RCPT-20260127-00254.png,back to school university bundle purchase
TX-RCPT-20260127-00255,RCPT-20260127-00255,2026-01-27T17:33:21,back_to_school_university,gamer,in_store_pickup,apple_pay,296.00,14.80,28.12,15.99,325.31,4,USD,receipts/RCPT-20260127-00255.png,back to school university bundle purchase
TX-RCPT-20260127-00256,RCPT-20260127-00256,2026-01-27T08:14:14,back_to_school_university,professional,web,card,1919.00,191.90,172.71,0.00,1899.81,1,USD,receipts/RCPT-20260127-00256.png,back to school university bundle purchase
TX-RCPT-20260127-00257,RCPT-20260127-00257,2026-01-27T18:06:41,back_to_school_university,student,web,card,138.00,0.00,13.80,7.99,159.79,2,USD,receipts/RCPT-20260127-00257.png,back to school university bundle purchase
TX-RCPT-20260127-00258,RCPT-20260127-00258,2026-01-27T18:06:42,back_to_school_university,small_business,mobile_app,bank_transfer,798.00,0.00,79.80,0.00,877.80,2,USD,receipts/RCPT-20260127-00258.png,back to school university bundle purchase
TX-RCPT-20260127-00259,RCPT-20260127-00259,2026-01-27T11:22:45,back_to_school_university,gamer,mobile_app,apple_pay,797.00,23.91,77.31,15.99,866.39,3,USD,receipts/RCPT-20260127-00259.png,back to school university bundle purchase
TX-RCPT-20260128-00260,RCPT-20260128-00260,2026-01-28T10:05:49,back_to_school_university,small_business,web,card,3206.00,320.60,288.54,0.00,3173.94,4,USD,receipts/RCPT-20260128-00260.png,back to school university bundle purchase
TX-RCPT-20260128-00261,RCPT-20260128-00261,2026-01-28T14:47:07,back_to_school_university,student,web,card,1686.85,84.34,160.25,0.00,1762.76,6,USD,receipts/RCPT-20260128-00261.png,back to school university bundle purchase
TX-RCPT-20260128-00262,RCPT-20260128-00262,2026-01-28T12:53:24,back_to_school_university,gamer,mobile_app,apple_pay,1136.00,113.60,102.24,11.99,1136.63,4,USD,receipts/RCPT-20260128-00262.png,back to school university bundle purchase
TX-RCPT-20260128-00263,RCPT-20260128-00263,2026-01-28T14:49:22,back_to_school_university,small_business,web,apple_pay,138.00,13.80,12.42,0.00,136.62,2,USD,receipts/RCPT-20260128-00263.png,back to school university bundle purchase
TX-RCPT-20260128-00264,RCPT-20260128-00264,2026-01-28T18:55:21,back_to_school_university,small_business,in_store_pickup,bank_transfer,2096.00,62.88,203.31,0.00,2236.43,4,USD,receipts/RCPT-20260128-00264.png,back to school university bundle purchase
TX-RCPT-20260128-00265,RCPT-20260128-00265,2026-01-28T22:10:32,back_to_school_university,gamer,mobile_app,apple_pay,797.00,0.00,79.70,0.00,876.70,3,USD,receipts/RCPT-20260128-00265.png,back to school university bundle purchase
TX-RCPT-20260128-00266,RCPT-20260128-00266,2026-01-28T15:28:51,back_to_school_university,small_business,mobile_app,card,2085.00,0.00,208.50,0.00,2293.50,5,USD,receipts/RCPT-20260128-00266.png,back to school university bundle purchase
TX-RCPT-20260128-00267,RCPT-20260128-00267,2026-01-28T18:19:56,back_to_school_university,small_business,in_store_pickup,apple_pay,1033.15,0.00,103.32,15.99,1152.46,4,USD,receipts/RCPT-20260128-00267.png,back to school university bundle purchase
TX-RCPT-20260129-00268,RCPT-20260129-00268,2026-01-29T18:14:00,back_to_school_university,family,mobile_app,google_pay,816.00,0.00,81.60,0.00,897.60,4,USD,receipts/RCPT-20260129-00268.png,back to school university bundle purchase
TX-RCPT-20260129-00269,RCPT-20260129-00269,2026-01-29T09:16:39,back_to_school_university,professional,web,card,1423.00,142.30,128.07,0.00,1408.77,2,USD,receipts/RCPT-20260129-00269.png,back to school university bundle purchase
TX-RCPT-20260129-00270,RCPT-20260129-00270,2026-01-29T15:42:37,back_to_school_university,small_business,web,paypal,1087.90,0.00,108.79,11.99,1208.68,4,USD,receipts/RCPT-20260129-00270.png,back to school university bundle purchase
TX-RCPT-20260129-00271,RCPT-20260129-00271,2026-01-29T19:52:08,back_to_school_university,student,mobile_app,bank_transfer,1346.95,40.41,130.65,0.00,1437.19,4,USD,receipts/RCPT-20260129-00271.png,back to school university bundle purchase
TX-RCPT-20260129-00272,RCPT-20260129-00272,2026-01-29T15:51:08,back_to_school_university,professional,mobile_app,bank_transfer,1755.00,87.75,166.73,0.00,1833.98,5,USD,receipts/RCPT-20260129-00272.png,back to school university bundle purchase
TX-RCPT-20260129-00273,RCPT-20260129-00273,2026-01-29T11:39:45,back_to_school_university,family,in_store_pickup,google_pay,2327.00,69.81,225.72,0.00,2482.91,3,USD,receipts/RCPT-20260129-00273.png,back to school university bundle purchase
TX-RCPT-20260129-00274,RCPT-20260129-00274,2026-01-29T18:47:57,back_to_school_university,small_business,mobile_app,paypal,2027.00,202.70,182.43,0.00,2006.73,3,USD,receipts/RCPT-20260129-00274.png,back to school university bundle purchase
TX-RCPT-20260129-00275,RCPT-20260129-00275,2026-01-29T12:48:50,back_to_school_university,professional,mobile_app,google_pay,2158.00,64.74,209.33,0.00,2302.59,2,USD,receipts/RCPT-20260129-00275.png,back to school university bundle purchase
TX-RCPT-20260129-00276,RCPT-20260129-00276,2026-01-29T19:41:35,back_to_school_university,gamer,web,bank_transfer,1506.00,45.18,146.08,0.00,1606.90,4,USD,receipts/RCPT-20260129-00276.png,back to school university bundle purchase
TX-RCPT-20260129-00277,RCPT-20260129-00277,2026-01-29T21:14:58,back_to_school_university,family,in_store_pickup,bank_transfer,2196.00,219.60,197.64,0.00,2174.04,4,USD,receipts/RCPT-20260129-00277.png,back to school university bundle purchase
TX-RCPT-20260129-00278,RCPT-20260129-00278,2026-01-29T19:32:07,back_to_school_university,gamer,web,paypal,2836.00,85.08,275.09,0.00,3026.01,3,USD,receipts/RCPT-20260129-00278.png,back to school university bundle purchase
TX-RCPT-20260129-00279,RCPT-20260129-00279,2026-01-29T10:59:20,back_to_school_university,small_business,web,bank_transfer,1736.00,0.00,173.60,0.00,1909.60,4,USD,receipts/RCPT-20260129-00279.png,back to school university bundle purchase
TX-RCPT-20260130-00280,RCPT-20260130-00280,2026-01-30T20:32:10,back_to_school_university,gamer,in_store_pickup,bank_transfer,3205.00,0.00,320.50,0.00,3525.50,4,USD,receipts/RCPT-20260130-00280.png,back to school university bundle purchase
TX-RCPT-20260130-00281,RCPT-20260130-00281,2026-01-30T20:39:33,back_to_school_university,gamer,in_store_pickup,card,79.00,3.95,7.50,7.99,90.54,1,USD,receipts/RCPT-20260130-00281.png,back to school university bundle purchase
TX-RCPT-20260130-00282,RCPT-20260130-00282,2026-01-30T14:58:50,back_to_school_university,student,mobile_app,google_pay,1867.00,93.35,177.37,0.00,1951.02,3,USD,receipts/RCPT-20260130-00282.png,back to school university bundle purchase
TX-RCPT-20260130-00283,RCPT-20260130-00283,2026-01-30T22:41:12,back_to_school_university,family,in_store_pickup,card,59.00,5.90,5.31,11.99,70.40,1,USD,receipts/RCPT-20260130-00283.png,back to school university bundle purchase
TX-RCPT-20260130-00284,RCPT-20260130-00284,2026-01-30T21:06:13,back_to_school_university,small_business,in_store_pickup,paypal,118.00,3.54,11.45,11.99,137.90,2,USD,receipts/RCPT-20260130-00284.png,back to school university bundle purchase
TX-RCPT-20260130-00285,RCPT-20260130-00285,2026-01-30T16:04:36,back_to_school_university,professional,mobile_app,paypal,2347.00,117.35,222.97,0.00,2452.62,3,USD,receipts/RCPT-20260130-00285.png,back to school university bundle purchase
TX-RCPT-20260130-00286,RCPT-20260130-00286,2026-01-30T13:59:32,back_to_school_university,student,mobile_app,google_pay,717.00,0.00,71.70,7.99,796.69,3,USD,receipts/RCPT-20260130-00286.png,back to school university bundle purchase
TX-RCPT-20260130-00287,RCPT-20260130-00287,2026-01-30T14:50:51,back_to_school_university,small_business,mobile_app,apple_pay,798.00,23.94,77.41,0.00,851.47,2,USD,receipts/RCPT-20260130-00287.png,back to school university bundle purchase
TX-RCPT-20260130-00288,RCPT-20260130-00288,2026-01-30T17:25:34,back_to_school_university,small_business,web,google_pay,1146.00,0.00,114.60,0.00,1260.60,4,USD,receipts/RCPT-20260130-00288.png,back to school university bundle purchase
TX-RCPT-20260130-00289,RCPT-20260130-00289,2026-01-30T11:39:53,back_to_school_university,family,web,card,3022.00,90.66,293.13,0.00,3224.47,3,USD,receipts/RCPT-20260130-00289.png,back to school university bundle purchase
TX-RCPT-20260131-00290,RCPT-20260131-00290,2026-01-31T19:37:31,back_to_school_university,family,mobile_app,apple_pay,2417.00,72.51,234.45,0.00,2578.94,3,USD,receipts/RCPT-20260131-00290.png,back to school university bundle purchase
TX-RCPT-20260131-00291,RCPT-20260131-00291,2026-01-31T17:36:23,back_to_school_university,family,mobile_app,apple_pay,148.95,7.45,14.15,7.99,163.64,2,USD,receipts/RCPT-20260131-00291.png,back to school university bundle purchase
TX-RCPT-20260131-00292,RCPT-20260131-00292,2026-01-31T10:41:38,back_to_school_university,student,mobile_app,apple_pay,556.00,27.80,52.82,7.99,589.01,4,USD,receipts/RCPT-20260131-00292.png,back to school university bundle purchase
TX-RCPT-20260131-00293,RCPT-20260131-00293,2026-01-31T14:49:37,back_to_school_university,professional,web,bank_transfer,828.95,0.00,82.90,15.99,927.84,2,USD,receipts/RCPT-20260131-00293.png,back to school university bundle purchase
TX-RCPT-20260131-00294,RCPT-20260131-00294,2026-01-31T10:29:32,back_to_school_university,small_business,web,paypal,1937.00,96.85,184.02,0.00,2024.17,3,USD,receipts/RCPT-20260131-00294.png,back to school university bundle purchase
TX-RCPT-20260131-00295,RCPT-20260131-00295,2026-01-31T10:11:36,back_to_school_university,small_business,in_store_pickup,apple_pay,1566.00,156.60,140.94,0.00,1550.34,4,USD,receipts/RCPT-20260131-00295.png,back to school university bundle purchase
TX-RCPT-20260131-00296,RCPT-20260131-00296,2026-01-31T14:30:58,back_to_school_university,gamer,web,card,1725.95,86.30,163.97,0.00,1803.62,5,USD,receipts/RCPT-20260131-00296.png,back to school university bundle purchase
TX-RCPT-20260131-00297,RCPT-20260131-00297,2026-01-31T10:24:41,back_to_school_university,gamer,mobile_app,bank_transfer,236.00,11.80,22.42,15.99,262.61,4,USD,receipts/RCPT-20260131-00297.png,back to school university bundle purchase
TX-RCPT-20260131-00298,RCPT-20260131-00298,2026-01-31T16:56:08,back_to_school_university,gamer,web,apple_pay,1676.00,0.00,167.60,0.00,1843.60,4,USD,receipts/RCPT-20260131-00298.png,back to school university bundle purchase
TX-RCPT-20260131-00299,RCPT-20260131-00299,2026-01-31T18:14:26,back_to_school_university,family,in_store_pickup,card,1685.10,0.00,168.51,0.00,1853.61,3,USD,receipts/RCPT-20260131-00299.png,back to school university bundle purchase
TX-RCPT-20260131-00300,RCPT-20260131-00300,2026-01-31T22:36:09,back_to_school_university,student,web,google_pay,1116.00,33.48,108.25,7.99,1198.76,4,USD,receipts/RCPT-20260131-00300.png,back to school university bundle purchase
TX-RCPT-20260201-00301,RCPT-20260201-00301,2026-02-01T21:30:10,back_to_school_university,professional,mobile_app,bank_transfer,4525.00,452.50,407.25,0.00,4479.75,5,USD,receipts/RCPT-20260201-00301.png,back to school university bundle purchase
TX-RCPT-20260201-00302,RCPT-20260201-00302,2026-02-01T19:43:21,back_to_school_university,gamer,in_store_pickup,bank_transfer,2178.95,65.37,211.36,0.00,2324.94,2,USD,receipts/RCPT-20260201-00302.png,back to school university bundle purchase
TX-RCPT-20260201-00303,RCPT-20260201-00303,2026-02-01T17:02:56,back_to_school_university,small_business,in_store_pickup,card,1196.00,35.88,116.01,15.99,1292.12,4,USD,receipts/RCPT-20260201-00303.png,back to school university bundle purchase
TX-RCPT-20260201-00304,RCPT-20260201-00304,2026-02-01T19:33:27,back_to_school_university,professional,mobile_app,paypal,1626.00,0.00,162.60,0.00,1788.60,4,USD,receipts/RCPT-20260201-00304.png,back to school university bundle purchase
TX-RCPT-20260201-00305,RCPT-20260201-00305,2026-02-01T22:54:05,back_to_school_university,family,in_store_pickup,bank_transfer,1967.00,59.01,190.80,0.00,2098.79,3,USD,receipts/RCPT-20260201-00305.png,back to school university bundle purchase
TX-RCPT-20260201-00306,RCPT-20260201-00306,2026-02-01T20:20:26,back_to_school_university,family,web,apple_pay,968.00,96.80,87.12,15.99,974.31,2,USD,receipts/RCPT-20260201-00306.png,back to school university bundle purchase
TX-RCPT-20260201-00307,RCPT-20260201-00307,2026-02-01T15:11:23,back_to_school_university,small_business,in_store_pickup,paypal,1135.00,113.50,102.15,15.99,1139.64,5,USD,receipts/RCPT-20260201-00307.png,back to school university bundle purchase
TX-RCPT-20260201-00308,RCPT-20260201-00308,2026-02-01T11:32:25,back_to_school_university,family,in_store_pickup,bank_transfer,4106.95,0.00,410.69,0.00,4517.64,4,USD,receipts/RCPT-20260201-00308.png,back to school university bundle purchase
TX-RCPT-20260201-00309,RCPT-20260201-00309,2026-02-01T09:04:16,back_to_school_university,professional,mobile_app,card,158.00,15.80,14.22,11.99,168.41,2,USD,receipts/RCPT-20260201-00309.png,back to school university bundle purchase
TX-RCPT-20260201-00310,RCPT-20260201-00310,2026-02-01T08:12:54,back_to_school_university,small_business,mobile_app,apple_pay,1314.10,131.41,118.27,0.00,1300.96,4,USD,receipts/RCPT-20260201-00310.png,back to school university bundle purchase
TX-RCPT-20260201-00311,RCPT-20260201-00311,2026-02-01T12:49:25,back_to_school_university,family,in_store_pickup,paypal,2871.00,0.00,287.10,0.00,3158.10,4,USD,receipts/RCPT-20260201-00311.png,back to school university bundle purchase
TX-RCPT-20260201-00312,RCPT-20260201-00312,2026-02-01T13:52:17,back_to_school_university,professional,in_store_pickup,apple_pay,1687.00,84.35,160.27,0.00,1762.92,3,USD,receipts/RCPT-20260201-00312.png,back to school university bundle purchase
TX-RCPT-20260201-00313,RCPT-20260201-00313,2026-02-01T20:32:16,back_to_school_university,small_business,in_store_pickup,google_pay,2544.10,0.00,254.41,0.00,2798.51,4,USD,receipts/RCPT-20260201-00313.png,back to school university bundle purchase
TX-RCPT-20260201-00314,RCPT-20260201-00314,2026-02-01T21:01:30,back_to_school_university,student,mobile_app,card,598.00,59.80,53.82,15.99,608.01,2,USD,receipts/RCPT-20260201-00314.png,back to school university bundle purchase
TX-RCPT-20260201-00315,RCPT-20260201-00315,2026-02-01T19:53:16,back_to_school_university,professional,mobile_app,card,1575.00,0.00,157.50,0.00,1732.50,5,USD,receipts/RCPT-20260201-00315.png,back to school university bundle purchase
TX-RCPT-20260201-00316,RCPT-20260201-00316,2026-02-01T15:47:12,back_to_school_university,professional,in_store_pickup,apple_pay,1526.95,45.81,148.11,0.00,1629.25,4,USD,receipts/RCPT-20260201-00316.png,back to school university bundle purchase
TX-RCPT-20260201-00317,RCPT-20260201-00317,2026-02-01T08:54:30,back_to_school_university,family,in_store_pickup,google_pay,1066.00,106.60,95.94,15.99,1071.33,4,USD,receipts/RCPT-20260201-00317.png,back to school university bundle purchase
TX-RCPT-20260202-00318,RCPT-20260202-00318,2026-02-02T15:34:02,back_to_school_university,small_business,mobile_app,paypal,2577.00,257.70,231.93,0.00,2551.23,3,USD,receipts/RCPT-20260202-00318.png,back to school university bundle purchase
TX-RCPT-20260202-00319,RCPT-20260202-00319,2026-02-02T13:23:39,back_to_school_university,family,web,bank_transfer,768.00,23.04,74.50,7.99,827.45,2,USD,receipts/RCPT-20260202-00319.png,back to school university bundle purchase
TX-RCPT-20260202-00320,RCPT-20260202-00320,2026-02-02T12:28:11,back_to_school_university,small_business,web,bank_transfer,847.00,42.35,80.47,11.99,897.11,3,USD,receipts/RCPT-20260202-00320.png,back to school university bundle purchase
TX-RCPT-20260202-00321,RCPT-20260202-00321,2026-02-02T15:51:00,back_to_school_university,professional,mobile_app,paypal,2457.00,73.71,238.33,0.00,2621.62,3,USD,receipts/RCPT-20260202-00321.png,back to school university bundle purchase
TX-RCPT-20260202-00322,RCPT-20260202-00322,2026-02-02T19:10:03,back_to_school_university,professional,mobile_app,paypal,2026.00,0.00,202.60,0.00,2228.60,4,USD,receipts/RCPT-20260202-00322.png,back to school university bundle purchase
TX-RCPT-20260202-00323,RCPT-20260202-00323,2026-02-02T13:01:26,back_to_school_university,student,mobile_app,bank_transfer,1247.00,62.35,118.47,0.00,1303.12,3,USD,receipts/RCPT-20260202-00323.png,back to school university bundle purchase
TX-RCPT-20260202-00324,RCPT-20260202-00324,2026-02-02T20:47:28,back_to_school_university,student,mobile_app,bank_transfer,1598.00,159.80,143.82,0.00,1582.02,2,USD,receipts/RCPT-20260202-00324.png,back to school university bundle purchase
TX-RCPT-20260202-00325,RCPT-20260202-00325,2026-02-02T13:41:18,back_to_school_university,family,in_store_pickup,paypal,886.00,44.30,84.17,0.00,925.87,4,USD,receipts/RCPT-20260202-00325.png,back to school university bundle purchase
TX-RCPT-20260202-00326,RCPT-20260202-00326,2026-02-02T18:16:47,back_to_school_university,student,web,apple_pay,1735.00,52.05,168.30,0.00,1851.25,5,USD,receipts/RCPT-20260202-00326.png,back to school university bundle purchase
TX-RCPT-20260202-00327,RCPT-20260202-00327,2026-02-02T17:09:05,back_to_school_university,gamer,mobile_app,apple_pay,385.95,0.00,38.59,0.00,424.54,5,USD,receipts/RCPT-20260202-00327.png,back to school university bundle purchase
TX-RCPT-20260202-00328,RCPT-20260202-00328,2026-02-02T08:02:42,back_to_school_university,family,mobile_app,paypal,2698.00,80.94,261.71,0.00,2878.77,2,USD,receipts/RCPT-20260202-00328.png,back to school university bundle purchase
TX-RCPT-20260202-00329,RCPT-20260202-00329,2026-02-02T16:40:40,back_to_school_university,small_business,mobile_app,google_pay,2766.95,276.69,249.03,0.00,2739.29,4,USD,receipts/RCPT-20260202-00329.png,back to school university bundle purchase
TX-RCPT-20260202-00330,RCPT-20260202-00330,2026-02-02T13:18:30,back_to_school_university,small_business,web,paypal,1396.00,41.88,135.41,0.00,1489.53,4,USD,receipts/RCPT-20260202-00330.png,back to school university bundle purchase
TX-RCPT-20260202-00331,RCPT-20260202-00331,2026-02-02T14:25:15,back_to_school_university,professional,in_store_pickup,paypal,1158.00,34.74,112.33,15.99,1251.58,2,USD,receipts/RCPT-20260202-00331.png,back to school university bundle purchase
TX-RCPT-20260202-00332,RCPT-20260202-00332,2026-02-02T09:11:08,back_to_school_university,family,web,paypal,947.00,94.70,85.23,0.00,937.53,3,USD,receipts/RCPT-20260202-00332.png,back to school university bundle purchase
TX-RCPT-20260203-00333,RCPT-20260203-00333,2026-02-03T10:06:18,back_to_school_university,family,web,paypal,1867.95,0.00,186.80,0.00,2054.75,3,USD,receipts/RCPT-20260203-00333.png,back to school university bundle purchase
TX-RCPT-20260203-00334,RCPT-20260203-00334,2026-02-03T19:50:02,back_to_school_university,family,web,apple_pay,1553.15,155.32,139.78,0.00,1537.61,4,USD,receipts/RCPT-20260203-00334.png,back to school university bundle purchase
TX-RCPT-20260203-00335,RCPT-20260203-00335,2026-02-03T09:49:45,back_to_school_university,professional,mobile_app,paypal,1058.00,52.90,100.51,7.99,1113.60,2,USD,receipts/RCPT-20260203-00335.png,back to school university bundle purchase
TX-RCPT-20260203-00336,RCPT-20260203-00336,2026-02-03T15:24:43,back_to_school_university,family,mobile_app,apple_pay,1948.00,58.44,188.96,0.00,2078.52,2,USD,receipts/RCPT-20260203-00336.png,back to school university bundle purchase
TX-RCPT-20260203-00337,RCPT-20260203-00337,2026-02-03T18:19:12,back_to_school_university,family,web,apple_pay,2998.00,299.80,269.82,0.00,2968.02,2,USD,receipts/RCPT-20260203-00337.png,back to school university bundle purchase
TX-RCPT-20260203-00338,RCPT-20260203-00338,2026-02-03T08:37:50,back_to_school_university,gamer,in_store_pickup,bank_transfer,808.00,80.80,72.72,7.99,807.91,2,USD,receipts/RCPT-20260203-00338.png,back to school university bundle purchase
TX-RCPT-20260203-00339,RCPT-20260203-00339,2026-02-03T11:20:35,back_to_school_university,family,mobile_app,apple_pay,1055.95,0.00,105.60,0.00,1161.55,5,USD,receipts/RCPT-20260203-00339.png,back to school university bundle purchase
TX-RCPT-20260203-00340,RCPT-20260203-00340,2026-02-03T16:18:34,back_to_school_university,gamer,web,bank_transfer,1898.00,189.80,170.82,0.00,1879.02,2,USD,receipts/RCPT-20260203-00340.png,back to school university bundle purchase
TX-RCPT-20260203-00341,RCPT-20260203-00341,2026-02-03T13:29:00,back_to_school_university,small_business,mobile_app,apple_pay,1085.00,54.25,103.08,15.99,1149.82,5,USD,receipts/RCPT-20260203-00341.png,back to school university bundle purchase
TX-RCPT-20260203-00342,RCPT-20260203-00342,2026-02-03T20:35:09,back_to_school_university,small_business,mobile_app,google_pay,1296.00,129.60,116.64,0.00,1283.04,4,USD,receipts/RCPT-20260203-00342.png,back to school university bundle purchase
TX-RCPT-20260203-00343,RCPT-20260203-00343,2026-02-03T11:06:31,back_to_school_university,professional,web,card,2057.00,0.00,205.70,0.00,2262.70,3,USD,receipts/RCPT-20260203-00343.png,back to school university bundle purchase
TX-RCPT-20260203-00344,RCPT-20260203-00344,2026-02-03T22:58:13,back_to_school_university,gamer,web,paypal,1434.15,0.00,143.42,0.00,1577.57,3,USD,receipts/RCPT-20260203-00344.png,back to school university bundle purchase
TX-RCPT-20260203-00345,RCPT-20260203-00345,2026-02-03T11:33:06,back_to_school_university,student,in_store_pickup,apple_pay,887.85,0.00,88.79,7.99,984.63,5,USD,receipts/RCPT-20260203-00345.png,back to school university bundle purchase
TX-RCPT-20260203-00346,RCPT-20260203-00346,2026-02-03T13:43:29,back_to_school_university,gamer,web,apple_pay,957.00,0.00,95.70,15.99,1068.69,3,USD,receipts/RCPT-20260203-00346.png,back to school university bundle purchase
TX-RCPT-20260203-00347,RCPT-20260203-00347,2026-02-03T21:23:26,back_to_school_university,gamer,in_store_pickup,google_pay,1604.00,80.20,152.38,0.00,1676.18,6,USD,receipts/RCPT-20260203-00347.png,back to school university bundle purchase
TX-RCPT-20260203-00348,RCPT-20260203-00348,2026-02-03T12:38:01,back_to_school_university,small_business,web,google_pay,1346.00,0.00,134.60,0.00,1480.60,4,USD,receipts/RCPT-20260203-00348.png,back to school university bundle purchase
TX-RCPT-20260203-00349,RCPT-20260203-00349,2026-02-03T15:22:09,back_to_school_university,professional,mobile_app,google_pay,706.00,21.18,68.48,0.00,753.30,4,USD,receipts/RCPT-20260203-00349.png,back to school university bundle purchase
TX-RCPT-20260203-00350,RCPT-20260203-00350,2026-02-03T10:31:52,back_to_school_university,small_business,web,bank_transfer,1067.95,0.00,106.80,11.99,1186.74,3,USD,receipts/RCPT-20260203-00350.png,back to school university bundle purchase
TX-RCPT-20260203-00351,RCPT-20260203-00351,2026-02-03T13:56:52,back_to_school_university,gamer,mobile_app,card,59.00,0.00,5.90,11.99,76.89,1,USD,receipts/RCPT-20260203-00351.png,back to school university bundle purchase
TX-RCPT-20260204-00352,RCPT-20260204-00352,2026-02-04T13:32:44,back_to_school_university,professional,web,card,2505.00,75.15,242.99,0.00,2672.84,3,USD,receipts/RCPT-20260204-00352.png,back to school university bundle purchase
TX-RCPT-20260204-00353,RCPT-20260204-00353,2026-02-04T12:50:25,back_to_school_university,professional,web,google_pay,4698.00,469.80,422.82,0.00,4651.02,2,USD,receipts/RCPT-20260204-00353.png,back to school university bundle purchase
TX-RCPT-20260204-00354,RCPT-20260204-00354,2026-02-04T20:08:30,back_to_school_university,small_business,web,paypal,1148.00,114.80,103.32,7.99,1144.51,2,USD,receipts/RCPT-20260204-00354.png,back to school university bundle purchase
TX-RCPT-20260204-00355,RCPT-20260204-00355,2026-02-04T09:42:26,back_to_school_university,gamer,mobile_app,google_pay,1453.00,0.00,145.30,0.00,1598.30,7,USD,receipts/RCPT-20260204-00355.png,back to school university bundle purchase
TX-RCPT-20260204-00356,RCPT-20260204-00356,2026-02-04T17:09:28,back_to_school_university,student,web,apple_pay,1427.00,142.70,128.43,0.00,1412.73,3,USD,receipts/RCPT-20260204-00356.png,back to school university bundle purchase
TX-RCPT-20260204-00357,RCPT-20260204-00357,2026-02-04T08:21:44,back_to_school_university,student,mobile_app,paypal,158.00,4.74,15.33,11.99,180.58,2,USD,receipts/RCPT-20260204-00357.png,back to school university bundle purchase
TX-RCPT-20260204-00358,RCPT-20260204-00358,2026-02-04T19:09:44,back_to_school_university,student,mobile_app,bank_transfer,59.00,2.95,5.61,15.99,77.65,1,USD,receipts/RCPT-20260204-00358.png,back to school university bundle purchase
TX-RCPT-20260204-00359,RCPT-20260204-00359,2026-02-04T18:17:42,back_to_school_university,family,web,card,678.00,0.00,67.80,0.00,745.80,2,USD,receipts/RCPT-20260204-00359.png,back to school university bundle purchase
TX-RCPT-20260204-00360,RCPT-20260204-00360,2026-02-04T21:38:34,back_to_school_university,student,web,apple_pay,3534.00,353.40,318.06,0.00,3498.66,6,USD,receipts/RCPT-20260204-00360.png,back to school university bundle purchase
TX-RCPT-20260204-00361,RCPT-20260204-00361,2026-02-04T13:40:19,back_to_school_university,professional,in_store_pickup,google_pay,1376.95,68.85,130.81,0.00,1438.91,4,USD,receipts/RCPT-20260204-00361.png,back to school university bundle purchase
TX-RCPT-20260204-00362,RCPT-20260204-00362,2026-02-04T11:09:21,back_to_school_university,gamer,in_store_pickup,apple_pay,1956.00,97.80,185.82,0.00,2044.02,4,USD,receipts/RCPT-20260204-00362.png,back to school university bundle purchase
TX-RCPT-20260204-00363,RCPT-20260204-00363,2026-02-04T15:34:08,back_to_school_university,professional,in_store_pickup,apple_pay,726.00,36.30,68.97,11.99,770.66,4,USD,receipts/RCPT-20260204-00363.png,back to school university bundle purchase
TX-RCPT-20260204-00364,RCPT-20260204-00364,2026-02-04T18:59:36,back_to_school_university,professional,mobile_app,card,2897.00,86.91,281.01,0.00,3091.10,3,USD,receipts/RCPT-20260204-00364.png,back to school university bundle purchase
TX-RCPT-20260204-00365,RCPT-20260204-00365,2026-02-04T15:47:59,back_to_school_university,family,web,apple_pay,788.00,78.80,70.92,11.99,792.11,2,USD,receipts/RCPT-20260204-00365.png,back to school university bundle purchase
TX-RCPT-20260205-00366,RCPT-20260205-00366,2026-02-05T09:44:49,back_to_school_university,gamer,web,bank_transfer,868.00,26.04,84.20,11.99,938.15,2,USD,receipts/RCPT-20260205-00366.png,back to school university bundle purchase
TX-RCPT-20260205-00367,RCPT-20260205-00367,2026-02-05T10:12:14,back_to_school_university,student,mobile_app,card,1516.00,45.48,147.05,0.00,1617.57,2,USD,receipts/RCPT-20260205-00367.png,back to school university bundle purchase
TX-RCPT-20260205-00368,RCPT-20260205-00368,2026-02-05T10:59:28,back_to_school_university,small_business,mobile_app,google_pay,3099.00,0.00,309.90,0.00,3408.90,1,USD,receipts/RCPT-20260205-00368.png,back to school university bundle purchase
TX-RCPT-20260205-00369,RCPT-20260205-00369,2026-02-05T16:06:28,back_to_school_university,gamer,web,apple_pay,2156.95,0.00,215.69,0.00,2372.64,4,USD,receipts/RCPT-20260205-00369.png,back to school university bundle purchase
TX-RCPT-20260205-00370,RCPT-20260205-00370,2026-02-05T15:10:27,back_to_school_university,family,in_store_pickup,card,3906.00,195.30,371.07,0.00,4081.77,4,USD,receipts/RCPT-20260205-00370.png,back to school university bundle purchase
TX-RCPT-20260205-00371,RCPT-20260205-00371,2026-02-05T15:01:11,back_to_school_university,gamer,in_store_pickup,apple_pay,838.90,25.17,81.37,11.99,907.09,3,USD,receipts/RCPT-20260205-00371.png,back to school university bundle purchase
TX-RCPT-20260205-00372,RCPT-20260205-00372,2026-02-05T19:28:40,back_to_school_university,family,web,bank_transfer,118.00,0.00,11.80,0.00,129.80,2,USD,receipts/RCPT-20260205-00372.png,back to school university bundle purchase
TX-RCPT-20260205-00373,RCPT-20260205-00373,2026-02-05T10:55:09,back_to_school_university,professional,in_store_pickup,card,1555.00,46.65,150.84,0.00,1659.19,5,USD,receipts/RCPT-20260205-00373.png,back to school university bundle purchase
TX-RCPT-20260205-00374,RCPT-20260205-00374,2026-02-05T08:29:31,back_to_school_university,gamer,in_store_pickup,card,966.00,0.00,96.60,11.99,1074.59,4,USD,receipts/RCPT-20260205-00374.png,back to school university bundle purchase
TX-RCPT-20260205-00375,RCPT-20260205-00375,2026-02-05T17:40:35,back_to_school_university,professional,web,apple_pay,1204.15,60.21,114.39,0.00,1258.33,3,USD,receipts/RCPT-20260205-00375.png,back to school university bundle purchase
TX-RCPT-20260205-00376,RCPT-20260205-00376,2026-02-05T09:03:06,back_to_school_university,gamer,web,apple_pay,236.00,11.80,22.42,0.00,246.62,4,USD,receipts/RCPT-20260205-00376.png,back to school university bundle purchase
TX-RCPT-20260205-00377,RCPT-20260205-00377,2026-02-05T20:19:20,back_to_school_university,family,mobile_app,card,1485.00,0.00,148.50,0.00,1633.50,5,USD,receipts/RCPT-20260205-00377.png,back to school university bundle purchase
TX-RCPT-20260205-00378,RCPT-20260205-00378,2026-02-05T17:03:06,back_to_school_university,small_business,in_store_pickup,bank_transfer,2244.00,67.32,217.67,0.00,2394.35,6,USD,receipts/RCPT-20260205-00378.png,back to school university bundle purchase
TX-RCPT-20260205-00379,RCPT-20260205-00379,2026-02-05T22:08:39,back_to_school_university,small_business,mobile_app,bank_transfer,1273.15,63.66,120.95,0.00,1330.44,4,USD,receipts/RCPT-20260205-00379.png,back to school university bundle purchase
TX-RCPT-20260205-00380,RCPT-20260205-00380,2026-02-05T19:54:13,back_to_school_university,small_business,mobile_app,paypal,1635.00,0.00,163.50,0.00,1798.50,5,USD,receipts/RCPT-20260205-00380.png,back to school university bundle purchase
TX-RCPT-20260205-00381,RCPT-20260205-00381,2026-02-05T12:32:35,back_to_school_university,family,web,card,778.00,38.90,73.91,11.99,825.00,2,USD,receipts/RCPT-20260205-00381.png,back to school university bundle purchase
TX-RCPT-20260206-00382,RCPT-20260206-00382,2026-02-06T22:30:51,back_to_school_university,student,in_store_pickup,apple_pay,1028.00,51.40,97.66,11.99,1086.25,2,USD,receipts/RCPT-20260206-00382.png,back to school university bundle purchase
TX-RCPT-20260206-00383,RCPT-20260206-00383,2026-02-06T21:33:19,back_to_school_university,small_business,in_store_pickup,google_pay,177.00,17.70,15.93,7.99,183.22,3,USD,receipts/RCPT-20260206-00383.png,back to school university bundle purchase
TX-RCPT-20260206-00384,RCPT-20260206-00384,2026-02-06T14:40:34,back_to_school_university,professional,in_store_pickup,bank_transfer,1048.00,0.00,104.80,0.00,1152.80,2,USD,receipts/RCPT-20260206-00384.png,back to school university bundle purchase
TX-RCPT-20260206-00385,RCPT-20260206-00385,2026-02-06T15:53:19,back_to_school_university,professional,in_store_pickup,google_pay,787.00,78.70,70.83,11.99,791.12,3,USD,receipts/RCPT-20260206-00385.png,back to school university bundle purchase
TX-RCPT-20260206-00386,RCPT-20260206-00386,2026-02-06T10:12:21,back_to_school_university,gamer,in_store_pickup,bank_transfer,237.00,0.00,23.70,15.99,276.69,3,USD,receipts/RCPT-20260206-00386.png,back to school university bundle purchase
TX-RCPT-20260206-00387,RCPT-20260206-00387,2026-02-06T11:46:02,back_to_school_university,gamer,mobile_app,bank_transfer,2657.00,79.71,257.73,0.00,2835.02,3,USD,receipts/RCPT-20260206-00387.png,back to school university bundle purchase
TX-RCPT-20260206-00388,RCPT-20260206-00388,2026-02-06T20:42:47,back_to_school_university,family,web,bank_transfer,59.00,0.00,5.90,0.00,64.90,1,USD,receipts/RCPT-20260206-00388.png,back to school university bundle purchase
TX-RCPT-20260206-00389,RCPT-20260206-00389,2026-02-06T20:28:42,back_to_school_university,student,mobile_app,apple_pay,1498.00,74.90,142.31,0.00,1565.41,2,USD,receipts/RCPT-20260206-00389.png,back to school university bundle purchase
TX-RCPT-20260206-00390,RCPT-20260206-00390,2026-02-06T09:19:39,back_to_school_university,family,in_store_pickup,paypal,836.00,41.80,79.42,7.99,881.61,4,USD,receipts/RCPT-20260206-00390.png,back to school university bundle purchase
TX-RCPT-20260206-00391,RCPT-20260206-00391,2026-02-06T17:57:37,back_to_school_university,gamer,in_store_pickup,google_pay,128.95,12.89,11.61,15.99,143.66,2,USD,receipts/RCPT-20260206-00391.png,back to school university bundle purchase
TX-RCPT-20260206-00392,RCPT-20260206-00392,2026-02-06T15:06:29,back_to_school_university,family,in_store_pickup,paypal,848.00,0.00,84.80,15.99,948.79,2,USD,receipts/RCPT-20260206-00392.png,back to school university bundle purchase
TX-RCPT-20260206-00393,RCPT-20260206-00393,2026-02-06T15:31:01,back_to_school_university,student,mobile_app,card,718.00,35.90,68.21,11.99,762.30,2,USD,receipts/RCPT-20260206-00393.png,back to school university bundle purchase
TX-RCPT-20260206-00394,RCPT-20260206-00394,2026-02-06T18:04:50,back_to_school_university,family,in_store_pickup,paypal,917.00,0.00,91.70,0.00,1008.70,3,USD,receipts/RCPT-20260206-00394.png,back to school university bundle purchase
TX-RCPT-20260206-00395,RCPT-20260206-00395,2026-02-06T15:24:04,back_to_school_university,family,web,bank_transfer,1499.00,44.97,145.40,0.00,1599.43,1,USD,receipts/RCPT-20260206-00395.png,back to school university bundle purchase
TX-RCPT-20260206-00396,RCPT-20260206-00396,2026-02-06T19:59:45,back_to_school_university,small_business,mobile_app,card,2956.00,0.00,295.60,0.00,3251.60,3,USD,receipts/RCPT-20260206-00396.png,back to school university bundle purchase
TX-RCPT-20260206-00397,RCPT-20260206-00397,2026-02-06T21:08:56,back_to_school_university,small_business,in_store_pickup,card,806.00,0.00,80.60,0.00,886.60,4,USD,receipts/RCPT-20260206-00397.png,back to school university bundle purchase
TX-RCPT-20260206-00398,RCPT-20260206-00398,2026-02-06T22:59:27,back_to_school_university,family,web,bank_transfer,1206.00,60.30,114.57,0.00,1260.27,4,USD,receipts/RCPT-20260206-00398.png,back to school university bundle purchase
TX-RCPT-20260206-00399,RCPT-20260206-00399,2026-02-06T09:55:18,back_to_school_university,student,web,paypal,1395.00,69.75,132.53,0.00,1457.78,5,USD,receipts/RCPT-20260206-00399.png,back to school university bundle purchase
TX-RCPT-20260207-00400,RCPT-20260207-00400,2026-02-07T12:55:42,back_to_school_university,professional,web,card,1066.00,53.30,101.27,7.99,1121.96,4,USD,receipts/RCPT-20260207-00400.png,back to school university bundle purchase
TX-RCPT-20260207-00401,RCPT-20260207-00401,2026-02-07T21:29:57,back_to_school_university,small_business,mobile_app,bank_transfer,1728.00,172.80,155.52,0.00,1710.72,2,USD,receipts/RCPT-20260207-00401.png,back to school university bundle purchase
TX-RCPT-20260207-00402,RCPT-20260207-00402,2026-02-07T19:32:17,back_to_school_university,gamer,in_store_pickup,bank_transfer,1327.00,39.81,128.72,0.00,1415.91,3,USD,receipts/RCPT-20260207-00402.png,back to school university bundle purchase
TX-RCPT-20260207-00403,RCPT-20260207-00403,2026-02-07T15:44:05,back_to_school_university,professional,in_store_pickup,bank_transfer,179.00,8.95,17.01,0.00,187.06,1,USD,receipts/RCPT-20260207-00403.png,back to school university bundle purchase
TX-RCPT-20260207-00404,RCPT-20260207-00404,2026-02-07T16:49:00,back_to_school_university,gamer,mobile_app,bank_transfer,707.00,35.35,67.17,11.99,750.81,3,USD,receipts/RCPT-20260207-00404.png,back to school university bundle purchase
TX-RCPT-20260207-00405,RCPT-20260207-00405,2026-02-07T19:50:36,back_to_school_university,family,web,paypal,1996.00,99.80,189.62,0.00,2085.82,4,USD,receipts/RCPT-20260207-00405.png,back to school university bundle purchase
TX-RCPT-20260207-00406,RCPT-20260207-00406,2026-02-07T12:31:05,back_to_school_university,professional,in_store_pickup,card,1599.00,0.00,159.90,0.00,1758.90,1,USD,receipts/RCPT-20260207-00406.png,back to school university bundle purchase
TX-RCPT-20260207-00407,RCPT-20260207-00407,2026-02-07T10:42:28,back_to_school_university,family,web,google_pay,1128.00,33.84,109.42,15.99,1219.57,2,USD,receipts/RCPT-20260207-00407.png,back to school university bundle purchase
TX-RCPT-20260207-00408,RCPT-20260207-00408,2026-02-07T21:31:48,back_to_school_university,gamer,mobile_app,apple_pay,2367.00,71.01,229.60,0.00,2525.59,3,USD,receipts/RCPT-20260207-00408.png,back to school university bundle purchase
TX-RCPT-20260207-00409,RCPT-20260207-00409,2026-02-07T14:30:19,back_to_school_university,gamer,in_store_pickup,bank_transfer,2161.00,216.10,194.49,0.00,2139.39,4,USD,receipts/RCPT-20260207-00409.png,back to school university bundle purchase
TX-RCPT-20260207-00410,RCPT-20260207-00410,2026-02-07T16:43:02,back_to_school_university,student,in_store_pickup,google_pay,1177.00,117.70,105.93,11.99,1177.22,3,USD,receipts/RCPT-20260207-00410.png,back to school university bundle purchase
TX-RCPT-20260207-00411,RCPT-20260207-00411,2026-02-07T12:41:37,back_to_school_university,gamer,mobile_app,apple_pay,1878.00,0.00,187.80,0.00,2065.80,2,USD,receipts/RCPT-20260207-00411.png,back to school university bundle purchase
TX-RCPT-20260207-00412,RCPT-20260207-00412,2026-02-07T08:26:06,back_to_school_university,small_business,web,paypal,1956.00,0.00,195.60,0.00,2151.60,3,USD,receipts/RCPT-20260207-00412.png,back to school university bundle purchase
TX-RCPT-20260207-00413,RCPT-20260207-00413,2026-02-07T09:45:07,back_to_school_university,student,in_store_pickup,apple_pay,898.00,26.94,87.11,15.99,974.16,2,USD,receipts/RCPT-20260207-00413.png,back to school university bundle purchase
TX-RCPT-20260207-00414,RCPT-20260207-00414,2026-02-07T12:18:29,back_to_school_university,student,in_store_pickup,paypal,1626.80,48.80,157.80,0.00,1735.80,5,USD,receipts/RCPT-20260207-00414.png,back to school university bundle purchase
TX-RCPT-20260207-00415,RCPT-20260207-00415,2026-02-07T20:04:17,back_to_school_university,student,mobile_app,paypal,2846.00,85.38,276.06,0.00,3036.68,2,USD,receipts/RCPT-20260207-00415.png,back to school university bundle purchase
TX-RCPT-20260208-00416,RCPT-20260208-00416,2026-02-08T17:25:11,work_setup_upgrade,gamer,web,apple_pay,1697.00,50.91,164.61,0.00,1810.70,3,USD,receipts/RCPT-20260208-00416.png,work setup upgrade bundle purchase
TX-RCPT-20260208-00417,RCPT-20260208-00417,2026-02-08T22:31:09,work_setup_upgrade,student,web,paypal,797.00,39.85,75.72,7.99,840.86,3,USD,receipts/RCPT-20260208-00417.png,work setup upgrade bundle purchase
TX-RCPT-20260208-00418,RCPT-20260208-00418,2026-02-08T16:14:00,work_setup_upgrade,gamer,in_store_pickup,paypal,727.00,72.70,65.43,7.99,727.72,3,USD,receipts/RCPT-20260208-00418.png,work setup upgrade bundle purchase
TX-RCPT-20260208-00419,RCPT-20260208-00419,2026-02-08T09:53:29,work_setup_upgrade,family,in_store_pickup,apple_pay,1555.00,77.75,147.72,0.00,1624.97,5,USD,receipts/RCPT-20260208-00419.png,work setup upgrade bundle purchase
TX-RCPT-20260208-00420,RCPT-20260208-00420,2026-02-08T19:12:08,work_setup_upgrade,student,web,card,1826.00,182.60,164.34,0.00,1807.74,4,USD,receipts/RCPT-20260208-00420.png,work setup upgrade bundle purchase
TX-RCPT-20260208-00421,RCPT-20260208-00421,2026-02-08T13:50:46,work_setup_upgrade,student,mobile_app,card,1675.00,0.00,167.50,0.00,1842.50,5,USD,receipts/RCPT-20260208-00421.png,work setup upgrade bundle purchase
TX-RCPT-20260208-00422,RCPT-20260208-00422,2026-02-08T18:01:30,work_setup_upgrade,small_business,web,apple_pay,3353.90,335.39,301.85,0.00,3320.36,8,USD,receipts/RCPT-20260208-00422.png,work setup upgrade bundle purchase
TX-RCPT-20260208-00423,RCPT-20260208-00423,2026-02-08T09:52:52,work_setup_upgrade,student,web,paypal,118.00,11.80,10.62,15.99,132.81,2,USD,receipts/RCPT-20260208-00423.png,work setup upgrade bundle purchase
TX-RCPT-20260208-00424,RCPT-20260208-00424,2026-02-08T18:36:34,work_setup_upgrade,professional,mobile_app,apple_pay,279.80,27.98,25.18,0.00,277.00,4,USD,receipts/RCPT-20260208-00424.png,work setup upgrade bundle purchase
TX-RCPT-20260208-00425,RCPT-20260208-00425,2026-02-08T20:26:10,work_setup_upgrade,family,in_store_pickup,apple_pay,2998.00,89.94,290.81,0.00,3198.87,2,USD,receipts/RCPT-20260208-00425.png,work setup upgrade bundle purchase
TX-RCPT-20260208-00426,RCPT-20260208-00426,2026-02-08T22:18:26,work_setup_upgrade,gamer,in_store_pickup,apple_pay,1195.00,0.00,119.50,15.99,1330.49,5,USD,receipts/RCPT-20260208-00426.png,work setup upgrade bundle purchase
TX-RCPT-20260208-00427,RCPT-20260208-00427,2026-02-08T13:26:00,work_setup_upgrade,small_business,web,apple_pay,1056.95,0.00,105.70,11.99,1174.64,4,USD,receipts/RCPT-20260208-00427.png,work setup upgrade bundle purchase
TX-RCPT-20260208-00428,RCPT-20260208-00428,2026-02-08T08:12:07,work_setup_upgrade,professional,in_store_pickup,paypal,4156.00,207.80,394.82,0.00,4343.02,4,USD,receipts/RCPT-20260208-00428.png,work setup upgrade bundle purchase
TX-RCPT-20260208-00429,RCPT-20260208-00429,2026-02-08T17:51:56,work_setup_upgrade,gamer,web,card,1048.00,104.80,94.32,0.00,1037.52,2,USD,receipts/RCPT-20260208-00429.png,work setup upgrade bundle purchase
TX-RCPT-20260208-00430,RCPT-20260208-00430,2026-02-08T14:12:47,work_setup_upgrade,family,web,card,3836.80,191.84,364.50,0.00,4009.46,7,USD,receipts/RCPT-20260208-00430.png,work setup upgrade bundle purchase
TX-RCPT-20260208-00431,RCPT-20260208-00431,2026-02-08T14:09:13,work_setup_upgrade,small_business,mobile_app,apple_pay,727.00,72.70,65.43,0.00,719.73,3,USD,receipts/RCPT-20260208-00431.png,work setup upgrade bundle purchase
TX-RCPT-20260208-00432,RCPT-20260208-00432,2026-02-08T11:21:08,work_setup_upgrade,student,in_store_pickup,bank_transfer,1438.00,71.90,136.61,0.00,1502.71,2,USD,receipts/RCPT-20260208-00432.png,work setup upgrade bundle purchase
TX-RCPT-20260208-00433,RCPT-20260208-00433,2026-02-08T17:57:10,work_setup_upgrade,small_business,in_store_pickup,apple_pay,1087.00,32.61,105.44,15.99,1175.82,3,USD,receipts/RCPT-20260208-00433.png,work setup upgrade bundle purchase
TX-RCPT-20260209-00434,RCPT-20260209-00434,2026-02-09T13:27:37,work_setup_upgrade,professional,in_store_pickup,apple_pay,4162.15,124.86,403.73,0.00,4441.02,5,USD,receipts/RCPT-20260209-00434.png,work setup upgrade bundle purchase
TX-RCPT-20260209-00435,RCPT-20260209-00435,2026-02-09T15:31:15,work_setup_upgrade,student,in_store_pickup,card,1507.00,0.00,150.70,0.00,1657.70,3,USD,receipts/RCPT-20260209-00435.png,work setup upgrade bundle purchase
TX-RCPT-20260209-00436,RCPT-20260209-00436,2026-02-09T19:29:54,work_setup_upgrade,small_business,in_store_pickup,bank_transfer,4315.00,129.45,418.56,0.00,4604.11,4,USD,receipts/RCPT-20260209-00436.png,work setup upgrade bundle purchase
TX-RCPT-20260209-00437,RCPT-20260209-00437,2026-02-09T21:40:04,work_setup_upgrade,gamer,in_store_pickup,google_pay,3614.00,0.00,361.40,0.00,3975.40,4,USD,receipts/RCPT-20260209-00437.png,work setup upgrade bundle purchase
TX-RCPT-20260209-00438,RCPT-20260209-00438,2026-02-09T16:58:43,work_setup_upgrade,family,web,card,1067.00,53.35,101.37,7.99,1123.01,3,USD,receipts/RCPT-20260209-00438.png,work setup upgrade bundle purchase
TX-RCPT-20260209-00439,RCPT-20260209-00439,2026-02-09T10:21:15,work_setup_upgrade,small_business,web,paypal,2037.00,61.11,197.59,0.00,2173.48,3,USD,receipts/RCPT-20260209-00439.png,work setup upgrade bundle purchase
TX-RCPT-20260209-00440,RCPT-20260209-00440,2026-02-09T09:23:22,work_setup_upgrade,gamer,mobile_app,bank_transfer,3344.00,0.00,334.40,0.00,3678.40,4,USD,receipts/RCPT-20260209-00440.png,work setup upgrade bundle purchase
TX-RCPT-20260209-00441,RCPT-20260209-00441,2026-02-09T11:57:56,work_setup_upgrade,gamer,web,card,1747.00,0.00,174.70,0.00,1921.70,3,USD,receipts/RCPT-20260209-00441.png,work setup upgrade bundle purchase
TX-RCPT-20260209-00442,RCPT-20260209-00442,2026-02-09T09:44:09,work_setup_upgrade,gamer,web,apple_pay,4577.00,228.85,434.81,0.00,4782.96,3,USD,receipts/RCPT-20260209-00442.png,work setup upgrade bundle purchase
TX-RCPT-20260209-00443,RCPT-20260209-00443,2026-02-09T20:14:53,work_setup_upgrade,small_business,in_store_pickup,google_pay,852.15,0.00,85.22,0.00,937.37,5,USD,receipts/RCPT-20260209-00443.png,work setup upgrade bundle purchase
TX-RCPT-20260209-00444,RCPT-20260209-00444,2026-02-09T10:50:16,work_setup_upgrade,professional,mobile_app,google_pay,1116.00,33.48,108.25,11.99,1202.76,4,USD,receipts/RCPT-20260209-00444.png,work setup upgrade bundle purchase
TX-RCPT-20260209-00445,RCPT-20260209-00445,2026-02-09T10:11:53,work_setup_upgrade,professional,web,apple_pay,2121.00,106.05,201.50,0.00,2216.45,4,USD,receipts/RCPT-20260209-00445.png,work setup upgrade bundle purchase
TX-RCPT-20260209-00446,RCPT-20260209-00446,2026-02-09T16:45:02,work_setup_upgrade,family,mobile_app,apple_pay,59.00,2.95,5.61,0.00,61.66,1,USD,receipts/RCPT-20260209-00446.png,work setup upgrade bundle purchase
TX-RCPT-20260209-00447,RCPT-20260209-00447,2026-02-09T20:09:29,work_setup_upgrade,family,web,card,1748.00,174.80,157.32,0.00,1730.52,2,USD,receipts/RCPT-20260209-00447.png,work setup upgrade bundle purchase
TX-RCPT-20260209-00448,RCPT-20260209-00448,2026-02-09T20:36:46,work_setup_upgrade,gamer,mobile_app,card,2383.00,71.49,231.15,0.00,2542.66,5,USD,receipts/RCPT-20260209-00448.png,work setup upgrade bundle purchase
TX-RCPT-20260209-00449,RCPT-20260209-00449,2026-02-09T08:38:41,work_setup_upgrade,professional,in_store_pickup,bank_transfer,2585.00,129.25,245.58,0.00,2701.33,4,USD,receipts/RCPT-20260209-00449.png,work setup upgrade bundle purchase
TX-RCPT-20260210-00450,RCPT-20260210-00450,2026-02-10T13:38:38,work_setup_upgrade,small_business,web,google_pay,997.00,99.70,89.73,0.00,987.03,3,USD,receipts/RCPT-20260210-00450.png,work setup upgrade bundle purchase
TX-RCPT-20260210-00451,RCPT-20260210-00451,2026-02-10T15:55:35,work_setup_upgrade,student,web,paypal,1078.00,53.90,102.41,0.00,1126.51,2,USD,receipts/RCPT-20260210-00451.png,work setup upgrade bundle purchase
TX-RCPT-20260210-00452,RCPT-20260210-00452,2026-02-10T12:30:55,work_setup_upgrade,small_business,mobile_app,card,3175.00,95.25,307.98,0.00,3387.73,4,USD,receipts/RCPT-20260210-00452.png,work setup upgrade bundle purchase
TX-RCPT-20260210-00453,RCPT-20260210-00453,2026-02-10T21:24:18,work_setup_upgrade,small_business,mobile_app,card,128.95,3.87,12.51,0.00,137.59,2,USD,receipts/RCPT-20260210-00453.png,work setup upgrade bundle purchase
TX-RCPT-20260210-00454,RCPT-20260210-00454,2026-02-10T12:19:40,work_setup_upgrade,gamer,web,google_pay,1228.00,36.84,119.12,0.00,1310.28,2,USD,receipts/RCPT-20260210-00454.png,work setup upgrade bundle purchase
TX-RCPT-20260210-00455,RCPT-20260210-00455,2026-02-10T18:30:44,work_setup_upgrade,student,mobile_app,bank_transfer,1106.00,110.60,99.54,15.99,1110.93,4,USD,receipts/RCPT-20260210-00455.png,work setup upgrade bundle purchase
TX-RCPT-20260210-00456,RCPT-20260210-00456,2026-02-10T13:26:40,work_setup_upgrade,family,web,google_pay,3941.00,197.05,374.39,0.00,4118.34,4,USD,receipts/RCPT-20260210-00456.png,work setup upgrade bundle purchase
TX-RCPT-20260210-00457,RCPT-20260210-00457,2026-02-10T16:20:55,work_setup_upgrade,family,in_store_pickup,google_pay,1697.00,50.91,164.61,0.00,1810.70,3,USD,receipts/RCPT-20260210-00457.png,work setup upgrade bundle purchase
TX-RCPT-20260210-00458,RCPT-20260210-00458,2026-02-10T08:08:33,work_setup_upgrade,family,mobile_app,paypal,2398.00,71.94,232.61,0.00,2558.67,2,USD,receipts/RCPT-20260210-00458.png,work setup upgrade bundle purchase
TX-RCPT-20260210-00459,RCPT-20260210-00459,2026-02-10T14:29:58,work_setup_upgrade,student,web,apple_pay,1656.00,0.00,165.60,0.00,1821.60,4,USD,receipts/RCPT-20260210-00459.png,work setup upgrade bundle purchase
TX-RCPT-20260210-00460,RCPT-20260210-00460,2026-02-10T08:47:52,work_setup_upgrade,student,web,apple_pay,1493.15,74.66,141.85,0.00,1560.34,4,USD,receipts/RCPT-20260210-00460.png,work setup upgrade bundle purchase
TX-RCPT-20260210-00461,RCPT-20260210-00461,2026-02-10T20:27:02,work_setup_upgrade,professional,web,card,2676.00,267.60,240.84,0.00,2649.24,4,USD,receipts/RCPT-20260210-00461.png,work setup upgrade bundle purchase
TX-RCPT-20260210-00462,RCPT-20260210-00462,2026-02-10T17:57:12,work_setup_upgrade,professional,in_store_pickup,google_pay,2647.00,79.41,256.76,0.00,2824.35,3,USD,receipts/RCPT-20260210-00462.png,work setup upgrade bundle purchase
TX-RCPT-20260210-00463,RCPT-20260210-00463,2026-02-10T16:49:46,work_setup_upgrade,small_business,web,bank_transfer,209.85,10.49,19.94,0.00,219.30,3,USD,receipts/RCPT-20260210-00463.png,work setup upgrade bundle purchase
TX-RCPT-20260210-00464,RCPT-20260210-00464,2026-02-10T20:34:00,work_setup_upgrade,student,web,bank_transfer,138.00,6.90,13.11,0.00,144.21,2,USD,receipts/RCPT-20260210-00464.png,work setup upgrade bundle purchase
TX-RCPT-20260210-00465,RCPT-20260210-00465,2026-02-10T14:27:13,work_setup_upgrade,small_business,web,paypal,1588.00,79.40,150.86,0.00,1659.46,2,USD,receipts/RCPT-20260210-00465.png,work setup upgrade bundle purchase
TX-RCPT-20260210-00466,RCPT-20260210-00466,2026-02-10T09:20:31,work_setup_upgrade,student,mobile_app,google_pay,2097.00,0.00,209.70,0.00,2306.70,3,USD,receipts/RCPT-20260210-00466.png,work setup upgrade bundle purchase
TX-RCPT-20260211-00467,RCPT-20260211-00467,2026-02-11T18:23:11,work_setup_upgrade,student,in_store_pickup,paypal,1516.00,151.60,136.44,0.00,1500.84,4,USD,receipts/RCPT-20260211-00467.png,work setup upgrade bundle purchase
TX-RCPT-20260211-00468,RCPT-20260211-00468,2026-02-11T09:23:12,work_setup_upgrade,family,web,bank_transfer,1796.00,53.88,174.21,0.00,1916.33,4,USD,receipts/RCPT-20260211-00468.png,work setup upgrade bundle purchase
TX-RCPT-20260211-00469,RCPT-20260211-00469,2026-02-11T14:22:30,work_setup_upgrade,small_business,mobile_app,paypal,295.00,14.75,28.03,15.99,324.27,5,USD,receipts/RCPT-20260211-00469.png,work setup upgrade bundle purchase
TX-RCPT-20260211-00470,RCPT-20260211-00470,2026-02-11T19:03:53,work_setup_upgrade,student,mobile_app,card,898.00,26.94,87.11,0.00,958.17,2,USD,receipts/RCPT-20260211-00470.png,work setup upgrade bundle purchase
TX-RCPT-20260211-00471,RCPT-20260211-00471,2026-02-11T20:04:42,work_setup_upgrade,small_business,mobile_app,paypal,1648.00,0.00,164.80,0.00,1812.80,2,USD,receipts/RCPT-20260211-00471.png,work setup upgrade bundle purchase
TX-RCPT-20260211-00472,RCPT-20260211-00472,2026-02-11T14:28:20,work_setup_upgrade,gamer,mobile_app,paypal,987.00,0.00,98.70,7.99,1093.69,3,USD,receipts/RCPT-20260211-00472.png,work setup upgrade bundle purchase
TX-RCPT-20260211-00473,RCPT-20260211-00473,2026-02-11T19:24:31,work_setup_upgrade,student,in_store_pickup,paypal,118.00,11.80,10.62,11.99,128.81,2,USD,receipts/RCPT-20260211-00473.png,work setup upgrade bundle purchase
TX-RCPT-20260211-00474,RCPT-20260211-00474,2026-02-11T20:18:20,work_setup_upgrade,student,web,bank_transfer,1597.00,79.85,151.72,0.00,1668.87,3,USD,receipts/RCPT-20260211-00474.png,work setup upgrade bundle purchase
TX-RCPT-20260211-00475,RCPT-20260211-00475,2026-02-11T14:22:03,work_setup_upgrade,professional,web,apple_pay,118.00,0.00,11.80,11.99,141.79,2,USD,receipts/RCPT-20260211-00475.png,work setup upgrade bundle purchase
TX-RCPT-20260211-00476,RCPT-20260211-00476,2026-02-11T16:20:02,work_setup_upgrade,gamer,in_store_pickup,paypal,2323.00,0.00,232.30,0.00,2555.30,2,USD,receipts/RCPT-20260211-00476.png,work setup upgrade bundle purchase
TX-RCPT-20260211-00477,RCPT-20260211-00477,2026-02-11T19:43:13,work_setup_upgrade,family,mobile_app,bank_transfer,897.00,0.00,89.70,7.99,994.69,3,USD,receipts/RCPT-20260211-00477.png,work setup upgrade bundle purchase
TX-RCPT-20260211-00478,RCPT-20260211-00478,2026-02-11T17:25:51,work_setup_upgrade,professional,in_store_pickup,card,747.00,37.35,70.97,0.00,780.62,3,USD,receipts/RCPT-20260211-00478.png,work setup upgrade bundle purchase
TX-RCPT-20260212-00479,RCPT-20260212-00479,2026-02-12T13:12:26,work_setup_upgrade,gamer,mobile_app,bank_transfer,1186.00,59.30,112.67,15.99,1255.36,4,USD,receipts/RCPT-20260212-00479.png,work setup upgrade bundle purchase
TX-RCPT-20260212-00480,RCPT-20260212-00480,2026-02-12T11:42:52,work_setup_upgrade,gamer,mobile_app,bank_transfer,2545.00,254.50,229.05,0.00,2519.55,3,USD,receipts/RCPT-20260212-00480.png,work setup upgrade bundle purchase
TX-RCPT-20260212-00481,RCPT-20260212-00481,2026-02-12T14:20:55,work_setup_upgrade,student,in_store_pickup,apple_pay,4291.95,429.19,386.28,0.00,4249.04,4,USD,receipts/RCPT-20260212-00481.png,work setup upgrade bundle purchase
TX-RCPT-20260212-00482,RCPT-20260212-00482,2026-02-12T08:15:51,work_setup_upgrade,family,mobile_app,paypal,718.00,0.00,71.80,0.00,789.80,2,USD,receipts/RCPT-20260212-00482.png,work setup upgrade bundle purchase
TX-RCPT-20260212-00483,RCPT-20260212-00483,2026-02-12T18:35:11,work_setup_upgrade,student,in_store_pickup,paypal,2127.95,106.40,202.15,0.00,2223.70,3,USD,receipts/RCPT-20260212-00483.png,work setup upgrade bundle purchase
TX-RCPT-20260212-00484,RCPT-20260212-00484,2026-02-12T22:23:42,work_setup_upgrade,student,mobile_app,apple_pay,59.00,0.00,5.90,11.99,76.89,1,USD,receipts/RCPT-20260212-00484.png,work setup upgrade bundle purchase
TX-RCPT-20260212-00485,RCPT-20260212-00485,2026-02-12T11:38:07,work_setup_upgrade,family,mobile_app,bank_transfer,315.00,15.75,29.93,7.99,337.17,5,USD,receipts/RCPT-20260212-00485.png,work setup upgrade bundle purchase
TX-RCPT-20260212-00486,RCPT-20260212-00486,2026-02-12T15:26:16,work_setup_upgrade,small_business,web,paypal,4435.00,221.75,421.33,0.00,4634.58,3,USD,receipts/RCPT-20260212-00486.png,work setup upgrade bundle purchase
TX-RCPT-20260212-00487,RCPT-20260212-00487,2026-02-12T13:30:45,work_setup_upgrade,family,mobile_app,card,3354.15,100.62,325.35,0.00,3578.88,3,USD,receipts/RCPT-20260212-00487.png,work setup upgrade bundle purchase
TX-RCPT-20260212-00488,RCPT-20260212-00488,2026-02-12T16:55:15,work_setup_upgrade,gamer,mobile_app,card,2505.95,0.00,250.59,0.00,2756.54,5,USD,receipts/RCPT-20260212-00488.png,work setup upgrade bundle purchase
TX-RCPT-20260212-00489,RCPT-20260212-00489,2026-02-12T21:56:10,work_setup_upgrade,gamer,in_store_pickup,google_pay,2338.00,70.14,226.79,0.00,2494.65,2,USD,receipts/RCPT-20260212-00489.png,work setup upgrade bundle purchase
TX-RCPT-20260212-00490,RCPT-20260212-00490,2026-02-12T15:47:26,work_setup_upgrade,family,in_store_pickup,paypal,1953.00,195.30,175.77,0.00,1933.47,2,USD,receipts/RCPT-20260212-00490.png,work setup upgrade bundle purchase
TX-RCPT-20260212-00491,RCPT-20260212-00491,2026-02-12T18:41:11,work_setup_upgrade,gamer,in_store_pickup,apple_pay,1213.15,0.00,121.32,0.00,1334.47,4,USD,receipts/RCPT-20260212-00491.png,work setup upgrade bundle purchase
TX-RCPT-20260213-00492,RCPT-20260213-00492,2026-02-13T14:50:20,work_setup_upgrade,gamer,mobile_app,apple_pay,888.00,26.64,86.14,15.99,963.49,2,USD,receipts/RCPT-20260213-00492.png,work setup upgrade bundle purchase
TX-RCPT-20260213-00493,RCPT-20260213-00493,2026-02-13T08:59:35,work_setup_upgrade,small_business,in_store_pickup,apple_pay,1065.00,31.95,103.31,0.00,1136.36,5,USD,receipts/RCPT-20260213-00493.png,work setup upgrade bundle purchase
TX-RCPT-20260213-00494,RCPT-20260213-00494,2026-02-13T13:10:36,work_setup_upgrade,student,web,bank_transfer,3057.00,0.00,305.70,0.00,3362.70,3,USD,receipts/RCPT-20260213-00494.png,work setup upgrade bundle purchase
TX-RCPT-20260213-00495,RCPT-20260213-00495,2026-02-13T19:31:24,work_setup_upgrade,professional,mobile_app,apple_pay,2846.00,142.30,270.37,0.00,2974.07,4,USD,receipts/RCPT-20260213-00495.png,work setup upgrade bundle purchase
TX-RCPT-20260213-00496,RCPT-20260213-00496,2026-02-13T12:16:15,work_setup_upgrade,small_business,mobile_app,apple_pay,4647.00,0.00,464.70,0.00,5111.70,3,USD,receipts/RCPT-20260213-00496.png,work setup upgrade bundle purchase
TX-RCPT-20260213-00497,RCPT-20260213-00497,2026-02-13T18:13:45,work_setup_upgrade,gamer,in_store_pickup,paypal,2072.00,207.20,186.48,0.00,2051.28,3,USD,receipts/RCPT-20260213-00497.png,work setup upgrade bundle purchase
TX-RCPT-20260213-00498,RCPT-20260213-00498,2026-02-13T20:38:45,work_setup_upgrade,student,web,google_pay,158.00,7.90,15.01,15.99,181.10,2,USD,receipts/RCPT-20260213-00498.png,work setup upgrade bundle purchase
TX-RCPT-20260213-00499,RCPT-20260213-00499,2026-02-13T16:31:59,work_setup_upgrade,family,mobile_app,apple_pay,848.00,25.44,82.26,0.00,904.82,2,USD,receipts/RCPT-20260213-00499.png,work setup upgrade bundle purchase
TX-RCPT-20260213-00500,RCPT-20260213-00500,2026-02-13T19:23:59,work_setup_upgrade,gamer,mobile_app,google_pay,788.00,23.64,76.44,11.99,852.79,2,USD,receipts/RCPT-20260213-00500.png,work setup upgrade bundle purchase
TX-RCPT-20260213-00501,RCPT-20260213-00501,2026-02-13T20:09:35,work_setup_upgrade,gamer,web,apple_pay,1453.00,145.30,130.77,0.00,1438.47,2,USD,receipts/RCPT-20260213-00501.png,work setup upgrade bundle purchase
TX-RCPT-20260213-00502,RCPT-20260213-00502,2026-02-13T08:28:22,work_setup_upgrade,small_business,mobile_app,paypal,59.00,5.90,5.31,11.99,70.40,1,USD,receipts/RCPT-20260213-00502.png,work setup upgrade bundle purchase
TX-RCPT-20260213-00503,RCPT-20260213-00503,2026-02-13T10:47:32,work_setup_upgrade,family,in_store_pickup,bank_transfer,158.00,7.90,15.01,0.00,165.11,2,USD,receipts/RCPT-20260213-00503.png,work setup upgrade bundle purchase
TX-RCPT-20260213-00504,RCPT-20260213-00504,2026-02-13T18:06:56,work_setup_upgrade,family,web,google_pay,2937.95,293.80,264.41,0.00,2908.56,3,USD,receipts/RCPT-20260213-00504.png,work setup upgrade bundle purchase
TX-RCPT-20260213-00505,RCPT-20260213-00505,2026-02-13T15:40:17,work_setup_upgrade,small_business,in_store_pickup,card,1827.00,182.70,164.43,0.00,1808.73,3,USD,receipts/RCPT-20260213-00505.png,work setup upgrade bundle purchase
TX-RCPT-20260214-00506,RCPT-20260214-00506,2026-02-14T11:55:03,work_setup_upgrade,family,mobile_app,card,3743.00,112.29,363.07,0.00,3993.78,5,USD,receipts/RCPT-20260214-00506.png,work setup upgrade bundle purchase
TX-RCPT-20260214-00507,RCPT-20260214-00507,2026-02-14T10:24:49,work_setup_upgrade,gamer,mobile_app,apple_pay,1697.95,50.94,164.70,0.00,1811.71,3,USD,receipts/RCPT-20260214-00507.png,work setup upgrade bundle purchase
TX-RCPT-20260214-00508,RCPT-20260214-00508,2026-02-14T12:36:38,work_setup_upgrade,gamer,web,paypal,905.00,90.50,81.45,11.99,907.94,5,USD,receipts/RCPT-20260214-00508.png,work setup upgrade bundle purchase
TX-RCPT-20260214-00509,RCPT-20260214-00509,2026-02-14T22:31:33,work_setup_upgrade,small_business,web,google_pay,1573.15,47.19,152.60,0.00,1678.56,4,USD,receipts/RCPT-20260214-00509.png,work setup upgrade bundle purchase
TX-RCPT-20260214-00510,RCPT-20260214-00510,2026-02-14T12:36:03,work_setup_upgrade,small_business,web,card,1767.00,176.70,159.03,0.00,1749.33,3,USD,receipts/RCPT-20260214-00510.png,work setup upgrade bundle purchase
TX-RCPT-20260214-00511,RCPT-20260214-00511,2026-02-14T09:47:42,work_setup_upgrade,gamer,web,apple_pay,1726.00,0.00,172.60,0.00,1898.60,4,USD,receipts/RCPT-20260214-00511.png,work setup upgrade bundle purchase
TX-RCPT-20260214-00512,RCPT-20260214-00512,2026-02-14T17:51:16,work_setup_upgrade,family,web,apple_pay,59.00,5.90,5.31,11.99,70.40,1,USD,receipts/RCPT-20260214-00512.png,work setup upgrade bundle purchase
TX-RCPT-20260214-00513,RCPT-20260214-00513,2026-02-14T14:07:00,work_setup_upgrade,professional,in_store_pickup,paypal,139.90,13.99,12.59,7.99,146.49,2,USD,receipts/RCPT-20260214-00513.png,work setup upgrade bundle purchase
TX-RCPT-20260214-00514,RCPT-20260214-00514,2026-02-14T09:08:08,work_setup_upgrade,student,web,card,1829.30,91.47,173.78,0.00,1911.61,5,USD,receipts/RCPT-20260214-00514.png,work setup upgrade bundle purchase
TX-RCPT-20260214-00515,RCPT-20260214-00515,2026-02-14T21:40:54,work_setup_upgrade,small_business,web,card,2847.00,284.70,256.23,0.00,2818.53,3,USD,receipts/RCPT-20260214-00515.png,work setup upgrade bundle purchase
TX-RCPT-20260214-00516,RCPT-20260214-00516,2026-02-14T15:30:01,work_setup_upgrade,gamer,in_store_pickup,apple_pay,1999.15,199.92,179.92,0.00,1979.15,3,USD,receipts/RCPT-20260214-00516.png,work setup upgrade bundle purchase
TX-RCPT-20260214-00517,RCPT-20260214-00517,2026-02-14T19:35:18,work_setup_upgrade,student,mobile_app,paypal,1126.00,112.60,101.34,15.99,1130.73,4,USD,receipts/RCPT-20260214-00517.png,work setup upgrade bundle purchase
TX-RCPT-20260215-00518,RCPT-20260215-00518,2026-02-15T22:30:07,work_setup_upgrade,gamer,in_store_pickup,google_pay,2496.00,249.60,224.64,0.00,2471.04,4,USD,receipts/RCPT-20260215-00518.png,work setup upgrade bundle purchase
TX-RCPT-20260215-00519,RCPT-20260215-00519,2026-02-15T17:58:43,work_setup_upgrade,family,in_store_pickup,paypal,1957.00,58.71,189.83,0.00,2088.12,3,USD,receipts/RCPT-20260215-00519.png,work setup upgrade bundle purchase
TX-RCPT-20260215-00520,RCPT-20260215-00520,2026-02-15T12:44:47,work_setup_upgrade,student,in_store_pickup,paypal,4626.00,138.78,448.72,0.00,4935.94,4,USD,receipts/RCPT-20260215-00520.png,work setup upgrade bundle purchase
TX-RCPT-20260215-00521,RCPT-20260215-00521,2026-02-15T11:35:03,work_setup_upgrade,student,mobile_app,google_pay,754.15,75.42,67.87,0.00,746.60,3,USD,receipts/RCPT-20260215-00521.png,work setup upgrade bundle purchase
TX-RCPT-20260215-00522,RCPT-20260215-00522,2026-02-15T16:14:31,work_setup_upgrade,family,mobile_app,google_pay,2482.00,0.00,248.20,0.00,2730.20,3,USD,receipts/RCPT-20260215-00522.png,work setup upgrade bundle purchase
TX-RCPT-20260215-00523,RCPT-20260215-00523,2026-02-15T19:03:59,work_setup_upgrade,gamer,mobile_app,card,2298.00,0.00,229.80,0.00,2527.80,2,USD,receipts/RCPT-20260215-00523.png,work setup upgrade bundle purchase
TX-RCPT-20260215-00524,RCPT-20260215-00524,2026-02-15T10:40:07,work_setup_upgrade,professional,mobile_app,apple_pay,2078.00,0.00,207.80,0.00,2285.80,2,USD,receipts/RCPT-20260215-00524.png,work setup upgrade bundle purchase
TX-RCPT-20260215-00525,RCPT-20260215-00525,2026-02-15T13:52:08,work_setup_upgrade,student,web,paypal,2198.00,109.90,208.81,0.00,2296.91,2,USD,receipts/RCPT-20260215-00525.png,work setup upgrade bundle purchase
TX-RCPT-20260215-00526,RCPT-20260215-00526,2026-02-15T19:48:26,work_setup_upgrade,family,in_store_pickup,apple_pay,2047.00,102.35,194.47,0.00,2139.12,3,USD,receipts/RCPT-20260215-00526.png,work setup upgrade bundle purchase
TX-RCPT-20260215-00527,RCPT-20260215-00527,2026-02-15T08:28:09,work_setup_upgrade,student,in_store_pickup,bank_transfer,1233.15,61.66,117.15,0.00,1288.64,4,USD,receipts/RCPT-20260215-00527.png,work setup upgrade bundle purchase
TX-RCPT-20260215-00528,RCPT-20260215-00528,2026-02-15T22:41:09,work_setup_upgrade,small_business,web,bank_transfer,79.00,7.90,7.11,15.99,94.20,1,USD,receipts/RCPT-20260215-00528.png,work setup upgrade bundle purchase
TX-RCPT-20260215-00529,RCPT-20260215-00529,2026-02-15T19:25:28,work_setup_upgrade,professional,in_store_pickup,bank_transfer,1675.00,50.25,162.48,0.00,1787.23,5,USD,receipts/RCPT-20260215-00529.png,work setup upgrade bundle purchase
TX-RCPT-20260215-00530,RCPT-20260215-00530,2026-02-15T16:34:18,work_setup_upgrade,professional,web,bank_transfer,1996.00,59.88,193.61,0.00,2129.73,4,USD,receipts/RCPT-20260215-00530.png,work setup upgrade bundle purchase
TX-RCPT-20260216-00531,RCPT-20260216-00531,2026-02-16T19:03:53,work_setup_upgrade,family,mobile_app,bank_transfer,1556.00,0.00,155.60,0.00,1711.60,4,USD,receipts/RCPT-20260216-00531.png,work setup upgrade bundle purchase
TX-RCPT-20260216-00532,RCPT-20260216-00532,2026-02-16T17:36:45,work_setup_upgrade,small_business,in_store_pickup,apple_pay,256.00,12.80,24.32,15.99,283.51,4,USD,receipts/RCPT-20260216-00532.png,work setup upgrade bundle purchase
TX-RCPT-20260216-00533,RCPT-20260216-00533,2026-02-16T21:49:23,work_setup_upgrade,gamer,web,apple_pay,1207.00,36.21,117.08,0.00,1287.87,3,USD,receipts/RCPT-20260216-00533.png,work setup upgrade bundle purchase
TX-RCPT-20260216-00534,RCPT-20260216-00534,2026-02-16T18:33:25,work_setup_upgrade,small_business,in_store_pickup,bank_transfer,4238.15,211.91,402.62,0.00,4428.86,4,USD,receipts/RCPT-20260216-00534.png,work setup upgrade bundle purchase
TX-RCPT-20260216-00535,RCPT-20260216-00535,2026-02-16T15:45:29,work_setup_upgrade,professional,in_store_pickup,bank_transfer,2265.00,67.95,219.71,0.00,2416.76,5,USD,receipts/RCPT-20260216-00535.png,work setup upgrade bundle purchase
TX-RCPT-20260216-00536,RCPT-20260216-00536,2026-02-16T09:07:23,work_setup_upgrade,small_business,mobile_app,card,2612.00,261.20,235.08,0.00,2585.88,3,USD,receipts/RCPT-20260216-00536.png,work setup upgrade bundle purchase
TX-RCPT-20260216-00537,RCPT-20260216-00537,2026-02-16T17:26:03,work_setup_upgrade,family,mobile_app,apple_pay,139.90,4.20,13.57,0.00,149.27,2,USD,receipts/RCPT-20260216-00537.png,work setup upgrade bundle purchase
TX-RCPT-20260216-00538,RCPT-20260216-00538,2026-02-16T22:21:50,work_setup_upgrade,gamer,mobile_app,bank_transfer,2997.00,299.70,269.73,0.00,2967.03,3,USD,receipts/RCPT-20260216-00538.png,work setup upgrade bundle purchase
TX-RCPT-20260216-00539,RCPT-20260216-00539,2026-02-16T14:14:57,work_setup_upgrade,gamer,mobile_app,bank_transfer,2166.00,216.60,194.94,0.00,2144.34,4,USD,receipts/RCPT-20260216-00539.png,work setup upgrade bundle purchase
TX-RCPT-20260216-00540,RCPT-20260216-00540,2026-02-16T18:35:05,work_setup_upgrade,professional,in_store_pickup,bank_transfer,3017.00,0.00,301.70,0.00,3318.70,3,USD,receipts/RCPT-20260216-00540.png,work setup upgrade bundle purchase
TX-RCPT-20260216-00541,RCPT-20260216-00541,2026-02-16T11:53:45,work_setup_upgrade,small_business,mobile_app,card,1906.00,57.18,184.88,0.00,2033.70,4,USD,receipts/RCPT-20260216-00541.png,work setup upgrade bundle purchase
TX-RCPT-20260216-00542,RCPT-20260216-00542,2026-02-16T14:16:05,work_setup_upgrade,student,web,bank_transfer,1336.00,66.80,126.92,0.00,1396.12,4,USD,receipts/RCPT-20260216-00542.png,work setup upgrade bundle purchase
TX-RCPT-20260217-00543,RCPT-20260217-00543,2026-02-17T09:20:09,work_setup_upgrade,gamer,mobile_app,google_pay,937.90,0.00,93.79,0.00,1031.69,4,USD,receipts/RCPT-20260217-00543.png,work setup upgrade bundle purchase
TX-RCPT-20260217-00544,RCPT-20260217-00544,2026-02-17T08:20:29,work_setup_upgrade,small_business,mobile_app,card,3526.95,176.35,335.06,0.00,3685.66,4,USD,receipts/RCPT-20260217-00544.png,work setup upgrade bundle purchase
TX-RCPT-20260217-00545,RCPT-20260217-00545,2026-02-17T16:41:50,work_setup_upgrade,professional,mobile_app,bank_transfer,59.00,0.00,5.90,0.00,64.90,1,USD,receipts/RCPT-20260217-00545.png,work setup upgrade bundle purchase
TX-RCPT-20260217-00546,RCPT-20260217-00546,2026-02-17T16:10:50,work_setup_upgrade,professional,in_store_pickup,paypal,1558.00,77.90,148.01,0.00,1628.11,2,USD,receipts/RCPT-20260217-00546.png,work setup upgrade bundle purchase
TX-RCPT-20260217-00547,RCPT-20260217-00547,2026-02-17T22:58:30,work_setup_upgrade,family,in_store_pickup,google_pay,59.00,1.77,5.72,0.00,62.95,1,USD,receipts/RCPT-20260217-00547.png,work setup upgrade bundle purchase
TX-RCPT-20260217-00548,RCPT-20260217-00548,2026-02-17T12:05:25,work_setup_upgrade,student,web,bank_transfer,2398.00,0.00,239.80,0.00,2637.80,2,USD,receipts/RCPT-20260217-00548.png,work setup upgrade bundle purchase
TX-RCPT-20260217-00549,RCPT-20260217-00549,2026-02-17T13:13:29,work_setup_upgrade,small_business,mobile_app,card,3209.30,160.47,304.88,0.00,3353.71,5,USD,receipts/RCPT-20260217-00549.png,work setup upgrade bundle purchase
TX-RCPT-20260217-00550,RCPT-20260217-00550,2026-02-17T16:05:50,work_setup_upgrade,student,in_store_pickup,card,1336.00,133.60,120.24,0.00,1322.64,4,USD,receipts/RCPT-20260217-00550.png,work setup upgrade bundle purchase
TX-RCPT-20260217-00551,RCPT-20260217-00551,2026-02-17T08:14:47,work_setup_upgrade,student,mobile_app,google_pay,1094.95,54.75,104.02,11.99,1156.21,6,USD,receipts/RCPT-20260217-00551.png,work setup upgrade bundle purchase
TX-RCPT-20260217-00552,RCPT-20260217-00552,2026-02-17T08:17:31,work_setup_upgrade,small_business,web,card,139.90,4.20,13.57,11.99,161.26,2,USD,receipts/RCPT-20260217-00552.png,work setup upgrade bundle purchase
TX-RCPT-20260217-00553,RCPT-20260217-00553,2026-02-17T09:37:08,work_setup_upgrade,student,web,google_pay,2267.00,68.01,219.90,0.00,2418.89,3,USD,receipts/RCPT-20260217-00553.png,work setup upgrade bundle purchase
TX-RCPT-20260217-00554,RCPT-20260217-00554,2026-02-17T18:43:41,work_setup_upgrade,student,mobile_app,paypal,2165.00,216.50,194.85,0.00,2143.35,5,USD,receipts/RCPT-20260217-00554.png,work setup upgrade bundle purchase
TX-RCPT-20260217-00555,RCPT-20260217-00555,2026-02-17T08:25:12,work_setup_upgrade,family,web,bank_transfer,867.00,86.70,78.03,11.99,870.32,3,USD,receipts/RCPT-20260217-00555.png,work setup upgrade bundle purchase
TX-RCPT-20260217-00556,RCPT-20260217-00556,2026-02-17T18:40:06,work_setup_upgrade,student,mobile_app,paypal,4375.00,0.00,437.50,0.00,4812.50,5,USD,receipts/RCPT-20260217-00556.png,work setup upgrade bundle purchase
TX-RCPT-20260218-00557,RCPT-20260218-00557,2026-02-18T15:15:21,work_setup_upgrade,student,mobile_app,bank_transfer,3498.00,0.00,349.80,0.00,3847.80,2,USD,receipts/RCPT-20260218-00557.png,work setup upgrade bundle purchase
TX-RCPT-20260218-00558,RCPT-20260218-00558,2026-02-18T13:56:54,work_setup_upgrade,student,web,card,4030.00,403.00,362.70,0.00,3989.70,5,USD,receipts/RCPT-20260218-00558.png,work setup upgrade bundle purchase
TX-RCPT-20260218-00559,RCPT-20260218-00559,2026-02-18T21:24:25,work_setup_upgrade,student,in_store_pickup,paypal,59.00,0.00,5.90,11.99,76.89,1,USD,receipts/RCPT-20260218-00559.png,work setup upgrade bundle purchase
TX-RCPT-20260218-00560,RCPT-20260218-00560,2026-02-18T15:33:21,work_setup_upgrade,small_business,web,card,2426.00,0.00,242.60,0.00,2668.60,4,USD,receipts/RCPT-20260218-00560.png,work setup upgrade bundle purchase
TX-RCPT-20260218-00561,RCPT-20260218-00561,2026-02-18T19:39:28,work_setup_upgrade,professional,web,apple_pay,118.00,5.90,11.21,11.99,135.30,2,USD,receipts/RCPT-20260218-00561.png,work setup upgrade bundle purchase
TX-RCPT-20260218-00562,RCPT-20260218-00562,2026-02-18T12:38:21,work_setup_upgrade,family,mobile_app,card,246.95,7.41,23.95,0.00,263.49,4,USD,receipts/RCPT-20260218-00562.png,work setup upgrade bundle purchase
TX-RCPT-20260218-00563,RCPT-20260218-00563,2026-02-18T22:12:50,work_setup_upgrade,student,mobile_app,apple_pay,59.00,1.77,5.72,15.99,78.94,1,USD,receipts/RCPT-20260218-00563.png,work setup upgrade bundle purchase
TX-RCPT-20260218-00564,RCPT-20260218-00564,2026-02-18T15:14:58,work_setup_upgrade,student,in_store_pickup,apple_pay,1736.00,0.00,173.60,0.00,1909.60,4,USD,receipts/RCPT-20260218-00564.png,work setup upgrade bundle purchase
TX-RCPT-20260218-00565,RCPT-20260218-00565,2026-02-18T21:00:23,work_setup_upgrade,student,web,google_pay,1857.00,55.71,180.13,0.00,1981.42,3,USD,receipts/RCPT-20260218-00565.png,work setup upgrade bundle purchase
TX-RCPT-20260218-00566,RCPT-20260218-00566,2026-02-18T10:14:56,work_setup_upgrade,family,in_store_pickup,apple_pay,1885.00,94.25,179.08,0.00,1969.83,5,USD,receipts/RCPT-20260218-00566.png,work setup upgrade bundle purchase
TX-RCPT-20260218-00567,RCPT-20260218-00567,2026-02-18T21:43:08,work_setup_upgrade,gamer,in_store_pickup,card,4256.00,0.00,425.60,0.00,4681.60,4,USD,receipts/RCPT-20260218-00567.png,work setup upgrade bundle purchase
TX-RCPT-20260218-00568,RCPT-20260218-00568,2026-02-18T18:10:33,work_setup_upgrade,small_business,mobile_app,card,1347.00,67.35,127.97,0.00,1407.62,1,USD,receipts/RCPT-20260218-00568.png,work setup upgrade bundle purchase
TX-RCPT-20260218-00569,RCPT-20260218-00569,2026-02-18T17:12:54,work_setup_upgrade,small_business,mobile_app,apple_pay,1127.00,33.81,109.32,15.99,1218.50,3,USD,receipts/RCPT-20260218-00569.png,work setup upgrade bundle purchase
TX-RCPT-20260218-00570,RCPT-20260218-00570,2026-02-18T09:50:30,work_setup_upgrade,small_business,web,apple_pay,837.00,83.70,75.33,0.00,828.63,3,USD,receipts/RCPT-20260218-00570.png,work setup upgrade bundle purchase
TX-RCPT-20260218-00571,RCPT-20260218-00571,2026-02-18T14:40:58,work_setup_upgrade,small_business,in_store_pickup,card,1176.00,117.60,105.84,15.99,1180.23,4,USD,receipts/RCPT-20260218-00571.png,work setup upgrade bundle purchase
TX-RCPT-20260218-00572,RCPT-20260218-00572,2026-02-18T12:35:05,work_setup_upgrade,professional,web,google_pay,928.00,92.80,83.52,11.99,930.71,2,USD,receipts/RCPT-20260218-00572.png,work setup upgrade bundle purchase
TX-RCPT-20260219-00573,RCPT-20260219-00573,2026-02-19T12:24:01,work_setup_upgrade,professional,mobile_app,apple_pay,1566.00,78.30,148.77,0.00,1636.47,4,USD,receipts/RCPT-20260219-00573.png,work setup upgrade bundle purchase
TX-RCPT-20260219-00574,RCPT-20260219-00574,2026-02-19T20:17:59,work_setup_upgrade,professional,web,card,2873.00,0.00,287.30,0.00,3160.30,2,USD,receipts/RCPT-20260219-00574.png,work setup upgrade bundle purchase
TX-RCPT-20260219-00575,RCPT-20260219-00575,2026-02-19T11:45:38,work_setup_upgrade,professional,in_store_pickup,bank_transfer,1897.00,94.85,180.22,0.00,1982.37,3,USD,receipts/RCPT-20260219-00575.png,work setup upgrade bundle purchase
TX-RCPT-20260219-00576,RCPT-20260219-00576,2026-02-19T08:30:41,work_setup_upgrade,small_business,web,paypal,177.00,17.70,15.93,15.99,191.22,3,USD,receipts/RCPT-20260219-00576.png,work setup upgrade bundle purchase
TX-RCPT-20260219-00577,RCPT-20260219-00577,2026-02-19T11:27:49,work_setup_upgrade,gamer,web,paypal,787.00,0.00,78.70,0.00,865.70,3,USD,receipts/RCPT-20260219-00577.png,work setup upgrade bundle purchase
TX-RCPT-20260219-00578,RCPT-20260219-00578,2026-02-19T15:51:42,work_setup_upgrade,family,mobile_app,apple_pay,2998.00,0.00,299.80,0.00,3297.80,2,USD,receipts/RCPT-20260219-00578.png,work setup upgrade bundle purchase
TX-RCPT-20260219-00579,RCPT-20260219-00579,2026-02-19T13:36:40,work_setup_upgrade,small_business,in_store_pickup,bank_transfer,2015.00,60.45,195.46,0.00,2150.01,5,USD,receipts/RCPT-20260219-00579.png,work setup upgrade bundle purchase
TX-RCPT-20260219-00580,RCPT-20260219-00580,2026-02-19T18:57:19,work_setup_upgrade,student,web,card,2836.00,283.60,255.24,0.00,2807.64,4,USD,receipts/RCPT-20260219-00580.png,work setup upgrade bundle purchase
TX-RCPT-20260219-00581,RCPT-20260219-00581,2026-02-19T14:18:13,work_setup_upgrade,professional,mobile_app,bank_transfer,59.00,1.77,5.72,0.00,62.95,1,USD,receipts/RCPT-20260219-00581.png,work setup upgrade bundle purchase
TX-RCPT-20260219-00582,RCPT-20260219-00582,2026-02-19T15:47:04,work_setup_upgrade,gamer,web,apple_pay,1912.00,191.20,172.08,0.00,1892.88,3,USD,receipts/RCPT-20260219-00582.png,work setup upgrade bundle purchase
TX-RCPT-20260219-00583,RCPT-20260219-00583,2026-02-19T15:17:12,work_setup_upgrade,student,web,paypal,1017.00,30.51,98.65,15.99,1101.13,3,USD,receipts/RCPT-20260219-00583.png,work setup upgrade bundle purchase
TX-RCPT-20260219-00584,RCPT-20260219-00584,2026-02-19T08:47:05,work_setup_upgrade,family,in_store_pickup,paypal,329.00,32.90,29.61,15.99,341.70,1,USD,receipts/RCPT-20260219-00584.png,work setup upgrade bundle purchase
TX-RCPT-20260219-00585,RCPT-20260219-00585,2026-02-19T11:11:57,work_setup_upgrade,small_business,in_store_pickup,paypal,2456.00,245.60,221.04,0.00,2431.44,3,USD,receipts/RCPT-20260219-00585.png,work setup upgrade bundle purchase
TX-RCPT-20260219-00586,RCPT-20260219-00586,2026-02-19T12:56:40,work_setup_upgrade,small_business,mobile_app,card,1577.00,47.31,152.97,0.00,1682.66,3,USD,receipts/RCPT-20260219-00586.png,work setup upgrade bundle purchase
TX-RCPT-20260220-00587,RCPT-20260220-00587,2026-02-20T20:06:32,work_setup_upgrade,family,mobile_app,paypal,2248.00,0.00,224.80,0.00,2472.80,2,USD,receipts/RCPT-20260220-00587.png,work setup upgrade bundle purchase
TX-RCPT-20260220-00588,RCPT-20260220-00588,2026-02-20T22:08:20,work_setup_upgrade,gamer,mobile_app,paypal,766.00,38.30,72.77,0.00,800.47,4,USD,receipts/RCPT-20260220-00588.png,work setup upgrade bundle purchase
TX-RCPT-20260220-00589,RCPT-20260220-00589,2026-02-20T10:53:01,work_setup_upgrade,small_business,web,apple_pay,118.00,11.80,10.62,7.99,124.81,2,USD,receipts/RCPT-20260220-00589.png,work setup upgrade bundle purchase
TX-RCPT-20260220-00590,RCPT-20260220-00590,2026-02-20T11:45:02,work_setup_upgrade,small_business,web,paypal,158.00,4.74,15.33,7.99,176.58,2,USD,receipts/RCPT-20260220-00590.png,work setup upgrade bundle purchase
TX-RCPT-20260220-00591,RCPT-20260220-00591,2026-02-20T20:12:59,work_setup_upgrade,professional,mobile_app,apple_pay,2386.00,238.60,214.74,0.00,2362.14,4,USD,receipts/RCPT-20260220-00591.png,work setup upgrade bundle purchase
TX-RCPT-20260220-00592,RCPT-20260220-00592,2026-02-20T11:56:06,work_setup_upgrade,professional,in_store_pickup,apple_pay,79.00,2.37,7.66,7.99,92.28,1,USD,receipts/RCPT-20260220-00592.png,work setup upgrade bundle purchase
TX-RCPT-20260220-00593,RCPT-20260220-00593,2026-02-20T11:13:06,work_setup_upgrade,family,mobile_app,apple_pay,2224.00,0.00,222.40,0.00,2446.40,6,USD,receipts/RCPT-20260220-00593.png,work setup upgrade bundle purchase
TX-RCPT-20260220-00594,RCPT-20260220-00594,2026-02-20T14:19:49,work_setup_upgrade,small_business,mobile_app,card,1766.00,52.98,171.30,0.00,1884.32,4,USD,receipts/RCPT-20260220-00594.png,work setup upgrade bundle purchase
TX-RCPT-20260220-00595,RCPT-20260220-00595,2026-02-20T15:04:21,work_setup_upgrade,student,in_store_pickup,bank_transfer,726.00,36.30,68.97,15.99,774.66,4,USD,receipts/RCPT-20260220-00595.png,work setup upgrade bundle purchase
TX-RCPT-20260220-00596,RCPT-20260220-00596,2026-02-20T11:01:39,work_setup_upgrade,student,mobile_app,apple_pay,1458.00,0.00,145.80,0.00,1603.80,2,USD,receipts/RCPT-20260220-00596.png,work setup upgrade bundle purchase
TX-RCPT-20260220-00597,RCPT-20260220-00597,2026-02-20T11:41:02,work_setup_upgrade,professional,in_store_pickup,bank_transfer,2762.00,276.20,248.58,0.00,2734.38,3,USD,receipts/RCPT-20260220-00597.png,work setup upgrade bundle purchase
TX-RCPT-20260220-00598,RCPT-20260220-00598,2026-02-20T21:46:21,work_setup_upgrade,family,web,apple_pay,1066.00,53.30,101.27,7.99,1121.96,4,USD,receipts/RCPT-20260220-00598.png,work setup upgrade bundle purchase
TX-RCPT-20260220-00599,RCPT-20260220-00599,2026-02-20T16:20:11,work_setup_upgrade,gamer,in_store_pickup,card,4578.00,457.80,412.02,0.00,4532.22,2,USD,receipts/RCPT-20260220-00599.png,work setup upgrade bundle purchase
TX-RCPT-20260220-00600,RCPT-20260220-00600,2026-02-20T10:05:11,work_setup_upgrade,small_business,in_store_pickup,apple_pay,2798.00,83.94,271.41,0.00,2985.47,2,USD,receipts/RCPT-20260220-00600.png,work setup upgrade bundle purchase
TX-RCPT-20260221-00601,RCPT-20260221-00601,2026-02-21T12:36:28,work_setup_upgrade,professional,mobile_app,paypal,148.95,4.47,14.45,11.99,170.92,2,USD,receipts/RCPT-20260221-00601.png,work setup upgrade bundle purchase
TX-RCPT-20260221-00602,RCPT-20260221-00602,2026-02-21T14:54:05,work_setup_upgrade,family,in_store_pickup,bank_transfer,1266.00,126.60,113.94,0.00,1253.34,4,USD,receipts/RCPT-20260221-00602.png,work setup upgrade bundle purchase
TX-RCPT-20260221-00603,RCPT-20260221-00603,2026-02-21T11:09:58,work_setup_upgrade,professional,web,card,2206.00,220.60,198.54,0.00,2183.94,4,USD,receipts/RCPT-20260221-00603.png,work setup upgrade bundle purchase
TX-RCPT-20260221-00604,RCPT-20260221-00604,2026-02-21T14:56:02,work_setup_upgrade,student,mobile_app,bank_transfer,1566.00,0.00,156.60,0.00,1722.60,4,USD,receipts/RCPT-20260221-00604.png,work setup upgrade bundle purchase
TX-RCPT-20260221-00605,RCPT-20260221-00605,2026-02-21T14:59:27,work_setup_upgrade,professional,web,paypal,857.00,42.85,81.42,15.99,911.56,3,USD,receipts/RCPT-20260221-00605.png,work setup upgrade bundle purchase
TX-RCPT-20260221-00606,RCPT-20260221-00606,2026-02-21T11:38:37,work_setup_upgrade,professional,web,card,4326.00,216.30,410.97,0.00,4520.67,4,USD,receipts/RCPT-20260221-00606.png,work setup upgrade bundle purchase
TX-RCPT-20260221-00607,RCPT-20260221-00607,2026-02-21T10:53:27,work_setup_upgrade,family,in_store_pickup,google_pay,2451.00,245.10,220.59,0.00,2426.49,4,USD,receipts/RCPT-20260221-00607.png,work setup upgrade bundle purchase
TX-RCPT-20260221-00608,RCPT-20260221-00608,2026-02-21T21:09:17,work_setup_upgrade,professional,in_store_pickup,paypal,2477.00,123.85,235.32,0.00,2588.47,2,USD,receipts/RCPT-20260221-00608.png,work setup upgrade bundle purchase
TX-RCPT-20260221-00609,RCPT-20260221-00609,2026-02-21T16:26:41,work_setup_upgrade,family,in_store_pickup,paypal,59.00,0.00,5.90,11.99,76.89,1,USD,receipts/RCPT-20260221-00609.png,work setup upgrade bundle purchase
TX-RCPT-20260221-00610,RCPT-20260221-00610,2026-02-21T08:47:11,work_setup_upgrade,professional,mobile_app,paypal,747.00,22.41,72.46,0.00,797.05,3,USD,receipts/RCPT-20260221-00610.png,work setup upgrade bundle purchase
TX-RCPT-20260221-00611,RCPT-20260221-00611,2026-02-21T09:17:04,work_setup_upgrade,family,web,bank_transfer,3018.00,301.80,271.62,0.00,2987.82,2,USD,receipts/RCPT-20260221-00611.png,work setup upgrade bundle purchase
TX-RCPT-20260221-00612,RCPT-20260221-00612,2026-02-21T18:37:50,work_setup_upgrade,student,web,apple_pay,1898.00,0.00,189.80,0.00,2087.80,2,USD,receipts/RCPT-20260221-00612.png,work setup upgrade bundle purchase
TX-RCPT-20260221-00613,RCPT-20260221-00613,2026-02-21T13:52:15,work_setup_upgrade,family,in_store_pickup,paypal,1263.15,63.16,120.00,0.00,1319.99,4,USD,receipts/RCPT-20260221-00613.png,work setup upgrade bundle purchase
TX-RCPT-20260222-00614,RCPT-20260222-00614,2026-02-22T19:53:56,work_setup_upgrade,professional,web,bank_transfer,118.00,11.80,10.62,11.99,128.81,2,USD,receipts/RCPT-20260222-00614.png,work setup upgrade bundle purchase
TX-RCPT-20260222-00615,RCPT-20260222-00615,2026-02-22T15:39:43,work_setup_upgrade,gamer,in_store_pickup,paypal,4499.00,224.95,427.41,0.00,4701.46,1,USD,receipts/RCPT-20260222-00615.png,work setup upgrade bundle purchase
TX-RCPT-20260222-00616,RCPT-20260222-00616,2026-02-22T13:43:28,work_setup_upgrade,professional,in_store_pickup,paypal,59.00,2.95,5.61,15.99,77.65,1,USD,receipts/RCPT-20260222-00616.png,work setup upgrade bundle purchase
TX-RCPT-20260222-00617,RCPT-20260222-00617,2026-02-22T17:12:45,work_setup_upgrade,professional,in_store_pickup,bank_transfer,2185.00,109.25,207.58,0.00,2283.33,5,USD,receipts/RCPT-20260222-00617.png,work setup upgrade bundle purchase
TX-RCPT-20260222-00618,RCPT-20260222-00618,2026-02-22T15:07:30,work_setup_upgrade,small_business,web,apple_pay,279.80,27.98,25.18,0.00,277.00,4,USD,receipts/RCPT-20260222-00618.png,work setup upgrade bundle purchase
TX-RCPT-20260222-00619,RCPT-20260222-00619,2026-02-22T11:46:16,work_setup_upgrade,gamer,in_store_pickup,card,828.95,41.45,78.75,11.99,878.24,2,USD,receipts/RCPT-20260222-00619.png,work setup upgrade bundle purchase
TX-RCPT-20260222-00620,RCPT-20260222-00620,2026-02-22T22:45:47,work_setup_upgrade,gamer,in_store_pickup,bank_transfer,3713.00,371.30,334.17,0.00,3675.87,7,USD,receipts/RCPT-20260222-00620.png,work setup upgrade bundle purchase
TX-RCPT-20260222-00621,RCPT-20260222-00621,2026-02-22T19:07:36,work_setup_upgrade,family,web,google_pay,3475.00,104.25,337.08,0.00,3707.83,4,USD,receipts/RCPT-20260222-00621.png,work setup upgrade bundle purchase
TX-RCPT-20260222-00622,RCPT-20260222-00622,2026-02-22T16:42:38,work_setup_upgrade,small_business,web,card,1776.00,53.28,172.27,0.00,1894.99,4,USD,receipts/RCPT-20260222-00622.png,work setup upgrade bundle purchase
TX-RCPT-20260222-00623,RCPT-20260222-00623,2026-02-22T18:29:09,work_setup_upgrade,small_business,mobile_app,apple_pay,59.00,2.95,5.61,11.99,73.65,1,USD,receipts/RCPT-20260222-00623.png,work setup upgrade bundle purchase
TX-RCPT-20260222-00624,RCPT-20260222-00624,2026-02-22T18:53:13,work_setup_upgrade,gamer,mobile_app,paypal,2998.00,299.80,269.82,0.00,2968.02,2,USD,receipts/RCPT-20260222-00624.png,work setup upgrade bundle purchase
TX-RCPT-20260222-00625,RCPT-20260222-00625,2026-02-22T19:25:19,work_setup_upgrade,professional,web,bank_transfer,3045.00,304.50,274.05,0.00,3014.55,3,USD,receipts/RCPT-20260222-00625.png,work setup upgrade bundle purchase
TX-RCPT-20260222-00626,RCPT-20260222-00626,2026-02-22T22:12:44,work_setup_upgrade,small_business,mobile_app,card,748.00,37.40,71.06,0.00,781.66,2,USD,receipts/RCPT-20260222-00626.png,work setup upgrade bundle purchase
TX-RCPT-20260222-00627,RCPT-20260222-00627,2026-02-22T19:30:18,work_setup_upgrade,professional,web,apple_pay,865.00,25.95,83.91,11.99,934.95,5,USD,receipts/RCPT-20260222-00627.png,work setup upgrade bundle purchase
TX-RCPT-20260223-00628,RCPT-20260223-00628,2026-02-23T18:53:10,work_setup_upgrade,student,web,google_pay,59.00,1.77,5.72,11.99,74.94,1,USD,receipts/RCPT-20260223-00628.png,work setup upgrade bundle purchase
TX-RCPT-20260223-00629,RCPT-20260223-00629,2026-02-23T15:19:44,work_setup_upgrade,small_business,web,paypal,806.00,0.00,80.60,0.00,886.60,4,USD,receipts/RCPT-20260223-00629.png,work setup upgrade bundle purchase
TX-RCPT-20260223-00630,RCPT-20260223-00630,2026-02-23T18:42:58,work_setup_upgrade,small_business,web,card,2821.00,282.10,253.89,0.00,2792.79,4,USD,receipts/RCPT-20260223-00630.png,work setup upgrade bundle purchase
TX-RCPT-20260223-00631,RCPT-20260223-00631,2026-02-23T10:25:52,work_setup_upgrade,student,mobile_app,bank_transfer,915.00,0.00,91.50,15.99,1022.49,5,USD,receipts/RCPT-20260223-00631.png,work setup upgrade bundle purchase
TX-RCPT-20260223-00632,RCPT-20260223-00632,2026-02-23T18:57:07,work_setup_upgrade,professional,in_store_pickup,apple_pay,236.00,0.00,23.60,7.99,267.59,4,USD,receipts/RCPT-20260223-00632.png,work setup upgrade bundle purchase
TX-RCPT-20260223-00633,RCPT-20260223-00633,2026-02-23T21:48:02,work_setup_upgrade,student,web,bank_transfer,1502.95,75.15,142.78,0.00,1570.58,3,USD,receipts/RCPT-20260223-00633.png,work setup upgrade bundle purchase
TX-RCPT-20260223-00634,RCPT-20260223-00634,2026-02-23T08:33:57,work_setup_upgrade,family,in_store_pickup,bank_transfer,1747.00,87.35,165.97,0.00,1825.62,3,USD,receipts/RCPT-20260223-00634.png,work setup upgrade bundle purchase
TX-RCPT-20260223-00635,RCPT-20260223-00635,2026-02-23T21:02:15,work_setup_upgrade,student,web,apple_pay,139.90,4.20,13.57,15.99,165.26,2,USD,receipts/RCPT-20260223-00635.png,work setup upgrade bundle purchase
TX-RCPT-20260223-00636,RCPT-20260223-00636,2026-02-23T12:24:41,work_setup_upgrade,professional,mobile_app,paypal,3056.00,152.80,290.32,0.00,3193.52,4,USD,receipts/RCPT-20260223-00636.png,work setup upgrade bundle purchase
TX-RCPT-20260223-00637,RCPT-20260223-00637,2026-02-23T17:42:41,work_setup_upgrade,small_business,in_store_pickup,apple_pay,2646.00,132.30,251.37,0.00,2765.07,4,USD,receipts/RCPT-20260223-00637.png,work setup upgrade bundle purchase
TX-RCPT-20260223-00638,RCPT-20260223-00638,2026-02-23T09:21:40,work_setup_upgrade,student,mobile_app,google_pay,2496.00,249.60,224.64,0.00,2471.04,4,USD,receipts/RCPT-20260223-00638.png,work setup upgrade bundle purchase
TX-RCPT-20260223-00639,RCPT-20260223-00639,2026-02-23T20:59:07,work_setup_upgrade,professional,in_store_pickup,google_pay,857.00,25.71,83.13,7.99,922.41,3,USD,receipts/RCPT-20260223-00639.png,work setup upgrade bundle purchase
TX-RCPT-20260223-00640,RCPT-20260223-00640,2026-02-23T10:20:48,work_setup_upgrade,gamer,web,google_pay,236.00,11.80,22.42,7.99,254.61,4,USD,receipts/RCPT-20260223-00640.png,work setup upgrade bundle purchase
TX-RCPT-20260223-00641,RCPT-20260223-00641,2026-02-23T08:58:46,work_setup_upgrade,family,in_store_pickup,apple_pay,2157.00,107.85,204.92,0.00,2254.07,3,USD,receipts/RCPT-20260223-00641.png,work setup upgrade bundle purchase
TX-RCPT-20260223-00642,RCPT-20260223-00642,2026-02-23T12:40:54,work_setup_upgrade,student,mobile_app,paypal,1726.00,51.78,167.42,0.00,1841.64,4,USD,receipts/RCPT-20260223-00642.png,work setup upgrade bundle purchase
TX-RCPT-20260223-00643,RCPT-20260223-00643,2026-02-23T20:55:00,work_setup_upgrade,gamer,in_store_pickup,bank_transfer,3221.90,322.19,289.97,0.00,3189.68,5,USD,receipts/RCPT-20260223-00643.png,work setup upgrade bundle purchase
TX-RCPT-20260223-00644,RCPT-20260223-00644,2026-02-23T19:34:47,work_setup_upgrade,family,web,bank_transfer,2146.00,214.60,193.14,0.00,2124.54,4,USD,receipts/RCPT-20260223-00644.png,work setup upgrade bundle purchase
TX-RCPT-20260223-00645,RCPT-20260223-00645,2026-02-23T10:23:07,work_setup_upgrade,family,in_store_pickup,apple_pay,1986.00,198.60,178.74,0.00,1966.14,4,USD,receipts/RCPT-20260223-00645.png,work setup upgrade bundle purchase
TX-RCPT-20260224-00646,RCPT-20260224-00646,2026-02-24T22:29:57,work_setup_upgrade,small_business,mobile_app,card,1686.00,0.00,168.60,0.00,1854.60,4,USD,receipts/RCPT-20260224-00646.png,work setup upgrade bundle purchase
TX-RCPT-20260224-00647,RCPT-20260224-00647,2026-02-24T19:11:25,work_setup_upgrade,family,web,card,59.00,0.00,5.90,0.00,64.90,1,USD,receipts/RCPT-20260224-00647.png,work setup upgrade bundle purchase
TX-RCPT-20260224-00648,RCPT-20260224-00648,2026-02-24T08:09:49,work_setup_upgrade,family,web,paypal,1426.00,142.60,128.34,0.00,1411.74,2,USD,receipts/RCPT-20260224-00648.png,work setup upgrade bundle purchase
TX-RCPT-20260224-00649,RCPT-20260224-00649,2026-02-24T18:53:28,work_setup_upgrade,professional,web,google_pay,1698.00,169.80,152.82,0.00,1681.02,2,USD,receipts/RCPT-20260224-00649.png,work setup upgrade bundle purchase
TX-RCPT-20260224-00650,RCPT-20260224-00650,2026-02-24T14:26:47,work_setup_upgrade,family,web,apple_pay,59.00,2.95,5.61,0.00,61.66,1,USD,receipts/RCPT-20260224-00650.png,work setup upgrade bundle purchase
TX-RCPT-20260224-00651,RCPT-20260224-00651,2026-02-24T16:46:59,work_setup_upgrade,gamer,web,card,1946.95,194.70,175.23,0.00,1927.48,4,USD,receipts/RCPT-20260224-00651.png,work setup upgrade bundle purchase
TX-RCPT-20260224-00652,RCPT-20260224-00652,2026-02-24T14:30:18,work_setup_upgrade,family,mobile_app,card,1316.95,0.00,131.70,0.00,1448.65,4,USD,receipts/RCPT-20260224-00652.png,work setup upgrade bundle purchase
TX-RCPT-20260224-00653,RCPT-20260224-00653,2026-02-24T19:50:51,work_setup_upgrade,student,in_store_pickup,bank_transfer,1195.00,119.50,107.55,0.00,1183.05,5,USD,receipts/RCPT-20260224-00653.png,work setup upgrade bundle purchase
TX-RCPT-20260224-00654,RCPT-20260224-00654,2026-02-24T11:59:09,work_setup_upgrade,gamer,web,bank_transfer,898.00,89.80,80.82,0.00,889.02,2,USD,receipts/RCPT-20260224-00654.png,work setup upgrade bundle purchase
TX-RCPT-20260224-00655,RCPT-20260224-00655,2026-02-24T14:30:03,work_setup_upgrade,small_business,mobile_app,card,128.95,3.87,12.51,0.00,137.59,2,USD,receipts/RCPT-20260224-00655.png,work setup upgrade bundle purchase
TX-RCPT-20260224-00656,RCPT-20260224-00656,2026-02-24T08:00:03,work_setup_upgrade,family,web,google_pay,139.90,7.00,13.29,7.99,154.18,2,USD,receipts/RCPT-20260224-00656.png,work setup upgrade bundle purchase
TX-RCPT-20260224-00657,RCPT-20260224-00657,2026-02-24T13:23:47,work_setup_upgrade,family,in_store_pickup,bank_transfer,867.00,0.00,86.70,7.99,961.69,3,USD,receipts/RCPT-20260224-00657.png,work setup upgrade bundle purchase
TX-RCPT-20260224-00658,RCPT-20260224-00658,2026-02-24T15:59:06,work_setup_upgrade,student,in_store_pickup,bank_transfer,737.00,22.11,71.49,0.00,786.38,3,USD,receipts/RCPT-20260224-00658.png,work setup upgrade bundle purchase
TX-RCPT-20260224-00659,RCPT-20260224-00659,2026-02-24T12:57:56,work_setup_upgrade,small_business,mobile_app,google_pay,998.00,29.94,96.81,15.99,1080.86,2,USD,receipts/RCPT-20260224-00659.png,work setup upgrade bundle purchase
TX-RCPT-20260224-00660,RCPT-20260224-00660,2026-02-24T19:08:18,work_setup_upgrade,student,in_store_pickup,card,2081.00,104.05,197.70,0.00,2174.65,4,USD,receipts/RCPT-20260224-00660.png,work setup upgrade bundle purchase
TX-RCPT-20260224-00661,RCPT-20260224-00661,2026-02-24T20:32:24,work_setup_upgrade,small_business,mobile_app,paypal,2533.00,253.30,227.97,0.00,2507.67,2,USD,receipts/RCPT-20260224-00661.png,work setup upgrade bundle purchase
TX-RCPT-20260225-00662,RCPT-20260225-00662,2026-02-25T16:16:19,work_setup_upgrade,professional,mobile_app,google_pay,1018.00,101.80,91.62,15.99,1023.81,2,USD,receipts/RCPT-20260225-00662.png,work setup upgrade bundle purchase
TX-RCPT-20260225-00663,RCPT-20260225-00663,2026-02-25T22:08:17,work_setup_upgrade,student,in_store_pickup,apple_pay,1377.00,68.85,130.82,0.00,1438.97,3,USD,receipts/RCPT-20260225-00663.png,work setup upgrade bundle purchase
TX-RCPT-20260225-00664,RCPT-20260225-00664,2026-02-25T22:39:18,work_setup_upgrade,family,web,card,1206.00,120.60,108.54,0.00,1193.94,4,USD,receipts/RCPT-20260225-00664.png,work setup upgrade bundle purchase
TX-RCPT-20260225-00665,RCPT-20260225-00665,2026-02-25T14:41:16,work_setup_upgrade,small_business,in_store_pickup,apple_pay,838.00,0.00,83.80,15.99,937.79,2,USD,receipts/RCPT-20260225-00665.png,work setup upgrade bundle purchase
TX-RCPT-20260225-00666,RCPT-20260225-00666,2026-02-25T09:31:11,work_setup_upgrade,gamer,web,apple_pay,867.00,86.70,78.03,11.99,870.32,3,USD,receipts/RCPT-20260225-00666.png,work setup upgrade bundle purchase
TX-RCPT-20260225-00667,RCPT-20260225-00667,2026-02-25T10:56:11,work_setup_upgrade,gamer,in_store_pickup,bank_transfer,1957.00,97.85,185.92,0.00,2045.07,2,USD,receipts/RCPT-20260225-00667.png,work setup upgrade bundle purchase
TX-RCPT-20260225-00668,RCPT-20260225-00668,2026-02-25T16:08:46,work_setup_upgrade,student,in_store_pickup,card,79.00,7.90,7.11,0.00,78.21,1,USD,receipts/RCPT-20260225-00668.png,work setup upgrade bundle purchase
TX-RCPT-20260225-00669,RCPT-20260225-00669,2026-02-25T11:49:05,work_setup_upgrade,family,web,bank_transfer,1987.00,59.61,192.74,0.00,2120.13,3,USD,receipts/RCPT-20260225-00669.png,work setup upgrade bundle purchase
TX-RCPT-20260225-00670,RCPT-20260225-00670,2026-02-25T21:45:05,work_setup_upgrade,professional,web,paypal,2498.00,124.90,237.31,0.00,2610.41,2,USD,receipts/RCPT-20260225-00670.png,work setup upgrade bundle purchase
TX-RCPT-20260225-00671,RCPT-20260225-00671,2026-02-25T21:02:06,work_setup_upgrade,small_business,mobile_app,card,3161.00,0.00,316.10,0.00,3477.10,4,USD,receipts/RCPT-20260225-00671.png,work setup upgrade bundle purchase
TX-RCPT-20260225-00672,RCPT-20260225-00672,2026-02-25T22:43:24,work_setup_upgrade,student,mobile_app,apple_pay,828.00,41.40,78.66,0.00,865.26,2,USD,receipts/RCPT-20260225-00672.png,work setup upgrade bundle purchase
TX-RCPT-20260225-00673,RCPT-20260225-00673,2026-02-25T16:21:38,work_setup_upgrade,professional,in_store_pickup,paypal,1047.00,31.41,101.56,0.00,1117.15,3,USD,receipts/RCPT-20260225-00673.png,work setup upgrade bundle purchase
TX-RCPT-20260225-00674,RCPT-20260225-00674,2026-02-25T20:58:45,work_setup_upgrade,student,web,apple_pay,3823.00,191.15,363.19,0.00,3995.04,5,USD,receipts/RCPT-20260225-00674.png,work setup upgrade bundle purchase
TX-RCPT-20260225-00675,RCPT-20260225-00675,2026-02-25T20:24:22,work_setup_upgrade,family,mobile_app,paypal,737.00,36.85,70.02,7.99,778.16,3,USD,receipts/RCPT-20260225-00675.png,work setup upgrade bundle purchase
TX-RCPT-20260225-00676,RCPT-20260225-00676,2026-02-25T14:05:37,work_setup_upgrade,gamer,in_store_pickup,bank_transfer,2286.00,68.58,221.74,0.00,2439.16,4,USD,receipts/RCPT-20260225-00676.png,work setup upgrade bundle purchase
TX-RCPT-20260225-00677,RCPT-20260225-00677,2026-02-25T22:22:23,work_setup_upgrade,professional,mobile_app,paypal,4055.00,0.00,405.50,0.00,4460.50,5,USD,receipts/RCPT-20260225-00677.png,work setup upgrade bundle purchase
TX-RCPT-20260226-00678,RCPT-20260226-00678,2026-02-26T08:47:08,work_setup_upgrade,student,in_store_pickup,apple_pay,3099.00,92.97,300.60,0.00,3306.63,1,USD,receipts/RCPT-20260226-00678.png,work setup upgrade bundle purchase
TX-RCPT-20260226-00679,RCPT-20260226-00679,2026-02-26T08:09:23,work_setup_upgrade,professional,web,apple_pay,1413.15,42.39,137.08,0.00,1507.84,4,USD,receipts/RCPT-20260226-00679.png,work setup upgrade bundle purchase
TX-RCPT-20260226-00680,RCPT-20260226-00680,2026-02-26T19:33:44,work_setup_upgrade,family,mobile_app,paypal,59.00,1.77,5.72,7.99,70.94,1,USD,receipts/RCPT-20260226-00680.png,work setup upgrade bundle purchase
TX-RCPT-20260226-00681,RCPT-20260226-00681,2026-02-26T08:25:53,work_setup_upgrade,gamer,in_store_pickup,paypal,1786.00,53.58,173.24,0.00,1905.66,4,USD,receipts/RCPT-20260226-00681.png,work setup upgrade bundle purchase
TX-RCPT-20260226-00682,RCPT-20260226-00682,2026-02-26T10:47:13,work_setup_upgrade,gamer,in_store_pickup,card,1455.00,145.50,130.95,0.00,1440.45,4,USD,receipts/RCPT-20260226-00682.png,work setup upgrade bundle purchase
TX-RCPT-20260226-00683,RCPT-20260226-00683,2026-02-26T21:24:10,work_setup_upgrade,student,mobile_app,paypal,2037.00,203.70,183.33,0.00,2016.63,3,USD,receipts/RCPT-20260226-00683.png,work setup upgrade bundle purchase
TX-RCPT-20260226-00684,RCPT-20260226-00684,2026-02-26T17:00:48,work_setup_upgrade,family,web,bank_transfer,747.00,0.00,74.70,0.00,821.70,3,USD,receipts/RCPT-20260226-00684.png,work setup upgrade bundle purchase
TX-RCPT-20260226-00685,RCPT-20260226-00685,2026-02-26T17:50:30,work_setup_upgrade,student,web,google_pay,3083.00,0.00,308.30,0.00,3391.30,3,USD,receipts/RCPT-20260226-00685.png,work setup upgrade bundle purchase
TX-RCPT-20260226-00686,RCPT-20260226-00686,2026-02-26T19:43:06,work_setup_upgrade,family,mobile_app,bank_transfer,2624.00,78.72,254.53,0.00,2799.81,4,USD,receipts/RCPT-20260226-00686.png,work setup upgrade bundle purchase
TX-RCPT-20260226-00687,RCPT-20260226-00687,2026-02-26T12:10:09,work_setup_upgrade,gamer,web,card,1748.00,0.00,174.80,0.00,1922.80,2,USD,receipts/RCPT-20260226-00687.png,work setup upgrade bundle purchase
TX-RCPT-20260226-00688,RCPT-20260226-00688,2026-02-26T15:50:08,work_setup_upgrade,family,mobile_app,google_pay,4585.00,229.25,435.58,0.00,4791.33,5,USD,receipts/RCPT-20260226-00688.png,work setup upgrade bundle purchase
TX-RCPT-20260226-00689,RCPT-20260226-00689,2026-02-26T18:31:06,work_setup_upgrade,student,web,google_pay,59.00,0.00,5.90,15.99,80.89,1,USD,receipts/RCPT-20260226-00689.png,work setup upgrade bundle purchase
TX-RCPT-20260226-00690,RCPT-20260226-00690,2026-02-26T17:23:22,work_setup_upgrade,student,web,apple_pay,1773.00,88.65,168.44,0.00,1852.79,2,USD,receipts/RCPT-20260226-00690.png,work setup upgrade bundle purchase
TX-RCPT-20260227-00691,RCPT-20260227-00691,2026-02-27T14:26:54,work_setup_upgrade,small_business,in_store_pickup,apple_pay,3586.00,179.30,340.67,0.00,3747.37,4,USD,receipts/RCPT-20260227-00691.png,work setup upgrade bundle purchase
TX-RCPT-20260227-00692,RCPT-20260227-00692,2026-02-27T19:52:35,work_setup_upgrade,student,web,card,1056.95,0.00,105.70,7.99,1170.64,4,USD,receipts/RCPT-20260227-00692.png,work setup upgrade bundle purchase
TX-RCPT-20260227-00693,RCPT-20260227-00693,2026-02-27T09:05:11,work_setup_upgrade,student,mobile_app,paypal,1966.00,196.60,176.94,0.00,1946.34,4,USD,receipts/RCPT-20260227-00693.png,work setup upgrade bundle purchase
TX-RCPT-20260227-00694,RCPT-20260227-00694,2026-02-27T15:02:34,work_setup_upgrade,professional,mobile_app,apple_pay,1826.00,91.30,173.47,0.00,1908.17,4,USD,receipts/RCPT-20260227-00694.png,work setup upgrade bundle purchase
TX-RCPT-20260227-00695,RCPT-20260227-00695,2026-02-27T21:01:48,work_setup_upgrade,gamer,mobile_app,google_pay,976.85,29.31,94.75,0.00,1042.29,6,USD,receipts/RCPT-20260227-00695.png,work setup upgrade bundle purchase
TX-RCPT-20260227-00696,RCPT-20260227-00696,2026-02-27T22:16:11,work_setup_upgrade,student,web,paypal,128.95,12.89,11.61,15.99,143.66,2,USD,receipts/RCPT-20260227-00696.png,work setup upgrade bundle purchase
TX-RCPT-20260227-00697,RCPT-20260227-00697,2026-02-27T13:58:44,work_setup_upgrade,small_business,mobile_app,card,3066.00,306.60,275.94,0.00,3035.34,4,USD,receipts/RCPT-20260227-00697.png,work setup upgrade bundle purchase
TX-RCPT-20260227-00698,RCPT-20260227-00698,2026-02-27T22:29:59,work_setup_upgrade,professional,mobile_app,google_pay,295.00,14.75,28.03,0.00,308.28,5,USD,receipts/RCPT-20260227-00698.png,work setup upgrade bundle purchase
TX-RCPT-20260227-00699,RCPT-20260227-00699,2026-02-27T21:54:08,work_setup_upgrade,gamer,in_store_pickup,bank_transfer,2498.00,249.80,224.82,0.00,2473.02,2,USD,receipts/RCPT-20260227-00699.png,work setup upgrade bundle purchase
TX-RCPT-20260227-00700,RCPT-20260227-00700,2026-02-27T13:13:12,work_setup_upgrade,small_business,web,google_pay,59.00,1.77,5.72,7.99,70.94,1,USD,receipts/RCPT-20260227-00700.png,work setup upgrade bundle purchase
TX-RCPT-20260227-00701,RCPT-20260227-00701,2026-02-27T13:53:34,work_setup_upgrade,gamer,in_store_pickup,google_pay,59.00,5.90,5.31,11.99,70.40,1,USD,receipts/RCPT-20260227-00701.png,work setup upgrade bundle purchase
TX-RCPT-20260227-00702,RCPT-20260227-00702,2026-02-27T18:18:44,work_setup_upgrade,small_business,web,card,3896.00,389.60,350.64,0.00,3857.04,4,USD,receipts/RCPT-20260227-00702.png,work setup upgrade bundle purchase
TX-RCPT-20260227-00703,RCPT-20260227-00703,2026-02-27T17:51:02,work_setup_upgrade,family,mobile_app,apple_pay,305.95,0.00,30.59,15.99,352.53,5,USD,receipts/RCPT-20260227-00703.png,work setup upgrade bundle purchase
TX-RCPT-20260227-00704,RCPT-20260227-00704,2026-02-27T09:22:50,work_setup_upgrade,gamer,mobile_app,paypal,2698.00,269.80,242.82,0.00,2671.02,2,USD,receipts/RCPT-20260227-00704.png,work setup upgrade bundle purchase
TX-RCPT-20260227-00705,RCPT-20260227-00705,2026-02-27T08:00:01,work_setup_upgrade,professional,mobile_app,bank_transfer,1943.10,194.31,174.88,0.00,1923.67,5,USD,receipts/RCPT-20260227-00705.png,work setup upgrade bundle purchase
TX-RCPT-20260227-00706,RCPT-20260227-00706,2026-02-27T14:57:20,work_setup_upgrade,small_business,web,paypal,966.00,96.60,86.94,7.99,964.33,4,USD,receipts/RCPT-20260227-00706.png,work setup upgrade bundle purchase
TX-RCPT-20260227-00707,RCPT-20260227-00707,2026-02-27T13:13:05,work_setup_upgrade,student,web,paypal,295.00,14.75,28.03,7.99,316.27,5,USD,receipts/RCPT-20260227-00707.png,work setup upgrade bundle purchase
TX-RCPT-20260228-00708,RCPT-20260228-00708,2026-02-28T08:47:46,work_setup_upgrade,professional,mobile_app,google_pay,2621.00,262.10,235.89,0.00,2594.79,2,USD,receipts/RCPT-20260228-00708.png,work setup upgrade bundle purchase
TX-RCPT-20260228-00709,RCPT-20260228-00709,2026-02-28T17:55:06,work_setup_upgrade,student,mobile_app,bank_transfer,786.95,23.61,76.33,15.99,855.66,4,USD,receipts/RCPT-20260228-00709.png,work setup upgrade bundle purchase
TX-RCPT-20260228-00710,RCPT-20260228-00710,2026-02-28T14:06:31,work_setup_upgrade,student,mobile_app,card,79.00,7.90,7.11,7.99,86.20,1,USD,receipts/RCPT-20260228-00710.png,work setup upgrade bundle purchase
TX-RCPT-20260228-00711,RCPT-20260228-00711,2026-02-28T08:57:11,work_setup_upgrade,small_business,in_store_pickup,bank_transfer,3714.00,185.70,352.83,0.00,3881.13,4,USD,receipts/RCPT-20260228-00711.png,work setup upgrade bundle purchase
TX-RCPT-20260228-00712,RCPT-20260228-00712,2026-02-28T19:16:59,work_setup_upgrade,student,web,bank_transfer,128.95,0.00,12.89,0.00,141.84,2,USD,receipts/RCPT-20260228-00712.png,work setup upgrade bundle purchase
TX-RCPT-20260228-00713,RCPT-20260228-00713,2026-02-28T12:17:30,work_setup_upgrade,professional,web,google_pay,2453.15,73.59,237.96,0.00,2617.52,4,USD,receipts/RCPT-20260228-00713.png,work setup upgrade bundle purchase
TX-RCPT-20260228-00714,RCPT-20260228-00714,2026-02-28T10:12:43,work_setup_upgrade,family,mobile_app,card,1757.00,87.85,166.92,0.00,1836.07,3,USD,receipts/RCPT-20260228-00714.png,work setup upgrade bundle purchase
TX-RCPT-20260228-00715,RCPT-20260228-00715,2026-02-28T09:38:24,work_setup_upgrade,gamer,web,bank_transfer,712.30,35.62,67.67,15.99,760.34,2,USD,receipts/RCPT-20260228-00715.png,work setup upgrade bundle purchase
TX-RCPT-20260228-00716,RCPT-20260228-00716,2026-02-28T17:26:18,work_setup_upgrade,small_business,in_store_pickup,bank_transfer,2357.00,117.85,223.92,0.00,2463.07,3,USD,receipts/RCPT-20260228-00716.png,work setup upgrade bundle purchase
TX-RCPT-20260228-00717,RCPT-20260228-00717,2026-02-28T20:20:07,work_setup_upgrade,student,mobile_app,card,1626.00,48.78,157.72,0.00,1734.94,4,USD,receipts/RCPT-20260228-00717.png,work setup upgrade bundle purchase
TX-RCPT-20260228-00718,RCPT-20260228-00718,2026-02-28T09:36:57,work_setup_upgrade,gamer,in_store_pickup,paypal,1026.00,51.30,97.47,15.99,1088.16,4,USD,receipts/RCPT-20260228-00718.png,work setup upgrade bundle purchase
TX-RCPT-20260228-00719,RCPT-20260228-00719,2026-02-28T10:38:20,work_setup_upgrade,small_business,mobile_app,apple_pay,3566.00,356.60,320.94,0.00,3530.34,4,USD,receipts/RCPT-20260228-00719.png,work setup upgrade bundle purchase
TX-RCPT-20260228-00720,RCPT-20260228-00720,2026-02-28T21:25:02,work_setup_upgrade,small_business,in_store_pickup,card,998.00,99.80,89.82,0.00,988.02,2,USD,receipts/RCPT-20260228-00720.png,work setup upgrade bundle purchase
