receipt_id,line_no,sku,product_name,category,unit_price,qty,line_total
RCPT-20251215-00001,1,P-0060,TP-Link AC750 Wi-Fi Range Extender,wi_fi_routers,59.00,1,59.00
RCPT-20251215-00002,1,P-0060,TP-Link AC750 Wi-Fi Range Extender,wi_fi_routers,59.00,1,59.00
RCPT-20251215-00002,2,P-0060,TP-Link AC750 Wi-Fi Range Extender,wi_fi_routers,59.00,3,177.00
RCPT-20251215-00003,1,P-0036,"STM Tower View Folio 18"" Laptop Brief (Black)",bags,69.95,1,69.95
RCPT-20251215-00003,2,P-0036,"STM Tower View Folio 18"" Laptop Brief (Black)",bags,69.95,1,69.95
RCPT-20251215-00004,1,P-0058,ASUS DSL-AX82U AX5400 Wi-Fi 6 Modem Router,wi_fi_routers,449.00,1,449.00
RCPT-20251215-00004,2,P-0062,RIG R5 SPEAR PRO HS Gaming Headset (Black),gaming_headsets,179.00,1,179.00
RCPT-20251215-00004,3,P-0059,TP-Link AX3000 Mesh Wi-Fi 6 Range Extender,wi_fi_routers,149.00,1,149.00
RCPT-20251215-00004,4,P-0019,"Lenovo IdeaPad Slim 3i 15.3"" 2K Laptop (Intel Core i7)[1TB]",laptops,1599.00,1,1599.00
RCPT-20251215-00005,1,P-0058,ASUS DSL-AX82U AX5400 Wi-Fi 6 Modem Router,wi_fi_routers,449.00,1,449.00
RCPT-20251215-00005,2,P-0055,ASUS RT-AX54HP V2 AX1800 Wi-Fi 6 Router,wi_fi_routers,179.00,1,179.00
RCPT-20251215-00005,3,P-0037,"Lenovo Legion GB800 17"" Laptop Backpack (Black)",bags,199.00,1,199.00
RCPT-20251215-00006,1,P-0066,AceZone A-Blaze Hybrid ANC Bluetooth Wireless PC Gaming Headset Black,gaming_headsets,356.15,1,356.15
RCPT-20251215-00006,2,P-0003,"Lenovo IdeaPad S3i 15.6"" FHD Laptop (Intel Core i3)[512GB]",laptops,699.00,1,699.00
RCPT-20251215-00006,3,P-0052,"Samsung Galaxy Tab A11+ 11"" 5G 128GB (Grey)",monitors,529.00,1,529.00
RCPT-20251215-00007,1,P-0019,"Lenovo IdeaPad Slim 3i 15.3"" 2K Laptop (Intel Core i7)[1TB]",laptops,1599.00,1,1599.00
RCPT-20251215-00007,2,P-0017,"MSI Modern 15 H AI 15.6"" FHD 60Hz Laptop (Intel Core Ultra 9) [1TB]",laptops,1499.00,1,1499.00
RCPT-20251215-00008,1,P-0040,"AOC C27G4Z 27"" FHD 280Hz Curved Gaming Monitor",monitors,339.00,2,678.00
RCPT-20251215-00008,2,P-0009,"Dell 15 DC15250 15.6"" Full HD Laptop (Intel Core i5)[512GB]",laptops,1199.00,1,1199.00
RCPT-20251215-00008,3,P-0006,"HP OmniBook 5 NG AI PC 14-he0013QU 14"" WUXGA OLED Copilot+ PC Laptop (Snapdragon X1)[512GB/16GB]",laptops,1099.00,1,1099.00
RCPT-20251215-00009,1,P-0060,TP-Link AC750 Wi-Fi Range Extender,wi_fi_routers,59.00,1,59.00
RCPT-20251215-00009,2,P-0060,TP-Link AC750 Wi-Fi Range Extender,wi_fi_routers,59.00,2,118.00
RCPT-20251215-00010,1,P-0034,"Generation Earth 14.1"" Recycled Berlin Laptop Backpack (Black)",bags,79.00,1,79.00
RCPT-20251215-00011,1,P-0060,TP-Link AC750 Wi-Fi Range Extender,wi_fi_routers,59.00,4,236.00
RCPT-20251215-00012,1,P-0011,"Lenovo Ideapad 5 14"" WUXGA OLED 2-in-1 Laptop (Snapdragon X Plus)[1TB]",laptops,1274.00,1,1274.00
RCPT-20251215-00012,2,P-0063,Corsair VOID Wireless V2 Gaming Headset (Pink),gaming_headsets,199.00,1,199.00
RCPT-20251215-00012,3,P-0005,"Asus VivoBook 15.6"" Full HD Thin & Light Laptop (1TB)[Intel Core i5",laptops,959.00,2,1918.00
RCPT-20251215-00013,1,P-0045,"ASUS ROG Strix XG32UCWMG 32"" 4K 240Hz OLED Gaming Monitor",monitors,1999.00,1,1999.00
RCPT-20251215-00014,1,P-0034,"Generation Earth 14.1"" Recycled Berlin Laptop Backpack (Black)",bags,79.00,1,79.00
RCPT-20251215-00015,1,P-0042,"LG UltraGear 34G600A 34"" WQHD",monitors,699.00,1,699.00
RCPT-20251215-00015,2,P-0048,"Samsung Galaxy Tab A11+ 11"" Wi-Fi 128GB (Grey)",monitors,379.00,1,379.00
RCPT-20251215-00015,3,P-0009,"Dell 15 DC15250 15.6"" Full HD Laptop (Intel Core i5)[512GB]",laptops,1199.00,1,1199.00
RCPT-20251215-00016,1,P-0042,"LG UltraGear 34G600A 34"" WQHD",monitors,699.00,1,699.00
RCPT-20251215-00016,2,P-0074,Samsung Portable SSD T7 Shield 1TB (Black),hard_drive,369.00,1,369.00
RCPT-20251215-00016,3,P-0069,WD My Book 16TB External Hard Drive,hard_drive,679.00,2,1358.00
RCPT-20251216-00017,1,P-0042,"LG UltraGear 34G600A 34"" WQHD",monitors,699.00,1,699.00
RCPT-20251216-00017,2,P-0052,"Samsung Galaxy Tab A11+ 11"" 5G 128GB (Grey)",monitors,529.00,1,529.00
RCPT-20251216-00018,1,P-0022,"Asus TUF Gaming F16 16"" FHD+ 144Hz Gaming Laptop (Intel Core i7)[GeForce RTX 4050]",laptops,1919.00,1,1919.00
RCPT-20251216-00019,1,P-0060,TP-Link AC750 Wi-Fi Range Extender,wi_fi_routers,59.00,1,59.00
RCPT-20251216-00020,1,P-0058,ASUS DSL-AX82U AX5400 Wi-Fi 6 Modem Router,wi_fi_routers,449.00,1,449.00
RCPT-20251216-00020,2,P-0061,Logitech G Astro A20X PLAYSYNC Wireless Headset (Black),gaming_headsets,349.00,1,349.00
RCPT-20251216-00020,3,P-0060,TP-Link AC750 Wi-Fi Range Extender,wi_fi_routers,59.00,1,59.00
RCPT-20251216-00020,4,P-0036,"STM Tower View Folio 18"" Laptop Brief (Black)",bags,69.95,1,69.95
RCPT-20251216-00021,1,P-0072,Sandisk E30 Portable SSD Drive (1TB),hard_drive,169.00,1,169.00
RCPT-20251216-00021,2,P-0057,Starlink Standard Kit (Latest Generation),wi_fi_routers,549.00,2,1098.00
RCPT-20251216-00022,1,P-0036,"STM Tower View Folio 18"" Laptop Brief (Black)",bags,69.95,2,139.90
RCPT-20251216-00022,2,P-0001,"Dell 15 DC15255 15.6"" FHD 120Hz Laptop (Ryzen 3)[512GB]",laptops,629.00,1,629.00
RCPT-20251216-00022,3,P-0064,Logitech G325 LIGHTSPEED Wireless Gaming Headset (White),gaming_headsets,199.00,2,398.00
RCPT-20251216-00022,4,P-0005,"Asus VivoBook 15.6"" Full HD Thin & Light Laptop (1TB)[Intel Core i5",laptops,959.00,1,959.00
RCPT-20251216-00023,1,P-0060,TP-Link AC750 Wi-Fi Range Extender,wi_fi_routers,59.00,1,59.00
RCPT-20251216-00024,1,P-0020,"MSI Thin A15 15"" FHD 144Hz Gaming Laptop (Ryzen 5) [GeForce RTX 3050]",laptops,1799.00,1,1799.00
RCPT-20251216-00024,2,P-0018,"MSI Modern 15 H AI 15.6"" FHD 60Hz Laptop (Intel Core Ultra 7) [1TB]",laptops,1499.00,1,1499.00
RCPT-20251216-00025,1,P-0034,"Generation Earth 14.1"" Recycled Berlin Laptop Backpack (Black)",bags,79.00,1,79.00
RCPT-20251216-00025,2,P-0036,"STM Tower View Folio 18"" Laptop Brief (Black)",bags,69.95,2,139.90
RCPT-20251217-00026,1,P-0020,"MSI Thin A15 15"" FHD 144Hz Gaming Laptop (Ryzen 5) [GeForce RTX 3050]",laptops,1799.00,1,1799.00
RCPT-20251217-00027,1,P-0060,TP-Link AC750 Wi-Fi Range Extender,wi_fi_routers,59.00,2,118.00
RCPT-20251217-00028,1,P-0034,"Generation Earth 14.1"" Recycled Berlin Laptop Backpack (Black)",bags,79.00,2,158.00
RCPT-20251217-00028,2,P-0034,"Generation Earth 14.1"" Recycled Berlin Laptop Backpack (Black)",bags,79.00,3,237.00
RCPT-20251217-00028,3,P-0064,Logitech G325 LIGHTSPEED Wireless Gaming Headset (White),gaming_headsets,199.00,2,398.00
RCPT-20251217-00028,4,P-0068,Canon TS7760 Pixma Home Printer,gaming_headsets,139.00,1,139.00
RCPT-20251217-00029,1,P-0036,"STM Tower View Folio 18"" Laptop Brief (Black)",bags,69.95,1,69.95
RCPT-20251217-00029,2,P-0034,"Generation Earth 14.1"" Recycled Berlin Laptop Backpack (Black)",bags,79.00,1,79.00
RCPT-20251217-00030,1,P-0036,"STM Tower View Folio 18"" Laptop Brief (Black)",bags,69.95,2,139.90
RCPT-20251217-00030,2,P-0074,Samsung Portable SSD T7 Shield 1TB (Black),hard_drive,369.00,2,738.00
RCPT-20251217-00030,3,P-0036,"STM Tower View Folio 18"" Laptop Brief (Black)",bags,69.95,1,69.95
RCPT-20251217-00030,4,P-0041,"LG UltraGear 24G411A 24"" FHD 144Hz Gaming Monitor",monitors,189.00,1,189.00
RCPT-20251217-00031,1,P-0006,"HP OmniBook 5 NG AI PC 14-he0013QU 14"" WUXGA OLED Copilot+ PC Laptop (Snapdragon X1)[512GB/16GB]",laptops,1099.00,1,1099.00
RCPT-20251217-00031,2,P-0001,"Dell 15 DC15255 15.6"" FHD 120Hz Laptop (Ryzen 3)[512GB]",laptops,629.00,1,629.00
RCPT-20251217-00031,3,P-0068,Canon TS7760 Pixma Home Printer,gaming_headsets,139.00,1,139.00
RCPT-20251217-00031,4,P-0063,Corsair VOID Wireless V2 Gaming Headset (Pink),gaming_headsets,199.00,2,398.00
RCPT-20251217-00032,1,P-0035,"Thule Gauntlet Macbook Pro Attache 14"" (Black)",bags,179.95,1,179.95
RCPT-20251217-00032,2,P-0041,"LG UltraGear 24G411A 24"" FHD 144Hz Gaming Monitor",monitors,189.00,1,189.00
RCPT-20251217-00032,3,P-0043,"Lenovo Legion R34w-30 34"" WQHD 180Hz Curved Gaming Monitor",monitors,499.00,1,499.00
RCPT-20251217-00032,4,P-0037,"Lenovo Legion GB800 17"" Laptop Backpack (Black)",bags,199.00,1,199.00
RCPT-20251217-00033,1,P-0060,TP-Link AC750 Wi-Fi Range Extender,wi_fi_routers,59.00,1,59.00
RCPT-20251217-00033,2,P-0036,"STM Tower View Folio 18"" Laptop Brief (Black)",bags,69.95,1,69.95
RCPT-20251217-00034,1,P-0056,Netgear Nighthawk® Wi-Fi 6 AX1800 Router RAX9,wi_fi_routers,149.00,1,149.00
RCPT-20251217-00034,2,P-0048,"Samsung Galaxy Tab A11+ 11"" Wi-Fi 128GB (Grey)",monitors,379.00,1,379.00
RCPT-20251217-00034,3,P-0050,Apple iPad 11-inch A16 128GB Wi-Fi (Blue),monitors,499.00,1,499.00
RCPT-20251217-00035,1,P-0041,"LG UltraGear 24G411A 24"" FHD 144Hz Gaming Monitor",monitors,189.00,1,189.00
RCPT-20251217-00035,2,P-0064,Logitech G325 LIGHTSPEED Wireless Gaming Headset (White),gaming_headsets,199.00,1,199.00
RCPT-20251217-00035,3,P-0076,SanDisk® Creator Phone SSD with Magsafe 2TB,hard_drive,399.00,1,399.00
RCPT-20251217-00035,4,P-0007,"Dell Inspiron 14 7440 14"" WQXGA 2-in-1 Laptop (Intel Core i5)[512GB/16GB]",laptops,1199.00,1,1199.00
RCPT-20251217-00036,1,P-0018,"MSI Modern 15 H AI 15.6"" FHD 60Hz Laptop (Intel Core Ultra 7) [1TB]",laptops,1499.00,1,1499.00
RCPT-20251217-00036,2,P-0068,Canon TS7760 Pixma Home Printer,gaming_headsets,139.00,1,139.00
RCPT-20251217-00036,3,P-0050,Apple iPad 11-inch A16 128GB Wi-Fi (Blue),monitors,499.00,2,998.00
RCPT-20251217-00037,1,P-0021,"HP Victus 15-fa2364TX 15.6"" Full HD Gaming Laptop (Intel Core i7)[GeForce RTX 4050]",laptops,1899.00,1,1899.00
RCPT-20251217-00037,2,P-0064,Logitech G325 LIGHTSPEED Wireless Gaming Headset (White),gaming_headsets,199.00,1,199.00
RCPT-20251217-00038,1,P-0036,"STM Tower View Folio 18"" Laptop Brief (Black)",bags,69.95,1,69.95
RCPT-20251217-00038,2,P-0036,"STM Tower View Folio 18"" Laptop Brief (Black)",bags,69.95,1,69.95
RCPT-20251217-00039,1,P-0036,"STM Tower View Folio 18"" Laptop Brief (Black)",bags,69.95,1,69.95
RCPT-20251217-00039,2,P-0034,"Generation Earth 14.1"" Recycled Berlin Laptop Backpack (Black)",bags,79.00,3,237.00
RCPT-20251218-00040,1,P-0056,Netgear Nighthawk® Wi-Fi 6 AX1800 Router RAX9,wi_fi_routers,149.00,1,149.00
RCPT-20251218-00040,2,P-0052,"Samsung Galaxy Tab A11+ 11"" 5G 128GB (Grey)",monitors,529.00,1,529.00
RCPT-20251218-00040,3,P-0055,ASUS RT-AX54HP V2 AX1800 Wi-Fi 6 Router,wi_fi_routers,179.00,1,179.00
RCPT-20251218-00040,4,P-0051,"Samsung Galaxy Tab S10 FE+ 13.1"" Wi-Fi 128GB (Grey)",monitors,1099.00,1,1099.00
RCPT-20251218-00041,1,P-0004,"HP Laptop 15-fc0474AU 15.6"" FHD laptop (Ryzen 7)[512GB]",laptops,899.00,1,899.00
RCPT-20251218-00041,2,P-0042,"LG UltraGear 34G600A 34"" WQHD",monitors,699.00,1,699.00
RCPT-20251218-00041,3,P-0046,"LG 31.5"" QHD 100Hz IPS Super Slim Stand Monitor with USB-C",monitors,389.00,1,389.00
RCPT-20251218-00041,4,P-0017,"MSI Modern 15 H AI 15.6"" FHD 60Hz Laptop (Intel Core Ultra 9) [1TB]",laptops,1499.00,1,1499.00
RCPT-20251218-00042,1,P-0017,"MSI Modern 15 H AI 15.6"" FHD 60Hz Laptop (Intel Core Ultra 9) [1TB]",laptops,1499.00,1,1499.00
RCPT-20251218-00042,2,P-0006,"HP OmniBook 5 NG AI PC 14-he0013QU 14"" WUXGA OLED Copilot+ PC Laptop (Snapdragon X1)[512GB/16GB]",laptops,1099.00,1,1099.00
RCPT-20251218-00043,1,P-0003,"Lenovo IdeaPad S3i 15.6"" FHD Laptop (Intel Core i3)[512GB]",laptops,699.00,1,699.00
RCPT-20251218-00043,2,P-0035,"Thule Gauntlet Macbook Pro Attache 14"" (Black)",bags,179.95,1,179.95
RCPT-20251218-00043,3,P-0015,"Dell DB16255 16"" WUXGA Copilot+ PC Laptop (Ryzen AI 7)[1TB]",laptops,1399.00,1,1399.00
RCPT-20251218-00044,1,P-0038,"Blaupunkt BP27GM240 27"" FHD 240Hz Curved Gaming Monitor",monitors,399.00,1,399.00
RCPT-20251218-00044,2,P-0002,"HP Laptop 15-fc0433AU 15.6"" FHD Laptop (Ryzen 5)[512GB]",laptops,649.00,2,1298.00
RCPT-20251218-00045,1,P-0061,Logitech G Astro A20X PLAYSYNC Wireless Headset (Black),gaming_headsets,349.00,1,349.00
RCPT-20251218-00045,2,P-0008,"Lenovo IdeaPad 5 14"" 2K OLED 2-in-1 Laptop (Copilot+ PC)[512GB]",laptops,1124.00,1,1124.00
RCPT-20251218-00046,1,P-0060,TP-Link AC750 Wi-Fi Range Extender,wi_fi_routers,59.00,1,59.00
RCPT-20251218-00047,1,P-0065,HyperX Cloud Flight 2 Wire,gaming_headsets,219.00,1,219.00
RCPT-20251218-00047,2,P-0054,TP-Link AX3000 Gigabit Wi-Fi 6 Router,wi_fi_routers,159.00,1,159.00
RCPT-20251218-00047,3,P-0052,"Samsung Galaxy Tab A11+ 11"" 5G 128GB (Grey)",monitors,529.00,1,529.00
RCPT-20251218-00048,1,P-0036,"STM Tower View Folio 18"" Laptop Brief (Black)",bags,69.95,1,69.95
RCPT-20251218-00048,2,P-0034,"Generation Earth 14.1"" Recycled Berlin Laptop Backpack (Black)",bags,79.00,1,79.00
RCPT-20251218-00049,1,P-0060,TP-Link AC750 Wi-Fi Range Extender,wi_fi_routers,59.00,1,59.00
RCPT-20251218-00050,1,P-0060,TP-Link AC750 Wi-Fi Range Extender,wi_fi_routers,59.00,1,59.00
RCPT-20251218-00050,2,P-0036,"STM Tower View Folio 18"" Laptop Brief (Black)",bags,69.95,1,69.95
RCPT-20251218-00051,1,P-0036,"STM Tower View Folio 18"" Laptop Brief (Black)",bags,69.95,1,69.95
RCPT-20251218-00051,2,P-0060,TP-Link AC750 Wi-Fi Range Extender,wi_fi_routers,59.00,4,236.00
RCPT-20251218-00052,1,P-0039,"LG UltraGear 27G411A 27"" FHD 144Hz Gaming Monitor",monitors,229.00,1,229.00
RCPT-20251218-00052,2,P-0044,"Samsung Odyssey G91SD 49"" DQHD 144Hz OLED Curved Gaming Monitor",monitors,1999.00,1,1999.00
RCPT-20251218-00053,1,P-0076,SanDisk® Creator Phone SSD with Magsafe 2TB,hard_drive,399.00,1,399.00
RCPT-20251218-00053,2,P-0007,"Dell Inspiron 14 7440 14"" WQXGA 2-in-1 Laptop (Intel Core i5)[512GB/16GB]",laptops,1199.00,1,1199.00
RCPT-20251219-00054,1,P-0063,Corsair VOID Wireless V2 Gaming Headset (Pink),gaming_headsets,199.00,1,199.00
RCPT-20251219-00055,1,P-0060,TP-Link AC750 Wi-Fi Range Extender,wi_fi_routers,59.00,3,177.00
RCPT-20251219-00056,1,P-0046,"LG 31.5"" QHD 100Hz IPS Super Slim Stand Monitor with USB-C",monitors,389.00,1,389.00
RCPT-20251219-00056,2,P-0054,TP-Link AX3000 Gigabit Wi-Fi 6 Router,wi_fi_routers,159.00,1,159.00
RCPT-20251219-00056,3,P-0046,"LG 31.5"" QHD 100Hz IPS Super Slim Stand Monitor with USB-C",monitors,389.00,1,389.00
RCPT-20251219-00057,1,P-0060,TP-Link AC750 Wi-Fi Range Extender,wi_fi_routers,59.00,2,118.00
RCPT-20251219-00058,1,P-0069,WD My Book 16TB External Hard Drive,hard_drive,679.00,1,679.00
RCPT-20251219-00058,2,P-0004,"HP Laptop 15-fc0474AU 15.6"" FHD laptop (Ryzen 7)[512GB]",laptops,899.00,1,899.00
RCPT-20251219-00059,1,P-0060,TP-Link AC750 Wi-Fi Range Extender,wi_fi_routers,59.00,4,236.00
RCPT-20251219-00059,2,P-0074,Samsung Portable SSD T7 Shield 1TB (Black),hard_drive,369.00,1,369.00
RCPT-20251219-00059,3,P-0038,"Blaupunkt BP27GM240 27"" FHD 240Hz Curved Gaming Monitor",monitors,399.00,1,399.00
RCPT-20251219-00060,1,P-0036,"STM Tower View Folio 18"" Laptop Brief (Black)",bags,69.95,1,69.95
RCPT-20251219-00060,2,P-0023,"Apple MacBook Pro 14-inch with M4 Chip, 1TB/24GB (Silver)[2024]",laptops,2887.00,1,2887.00
RCPT-20251219-00060,3,P-0066,AceZone A-Blaze Hybrid ANC Bluetooth Wireless PC Gaming Headset Black,gaming_headsets,356.15,1,356.15
RCPT-20251219-00060,4,P-0062,RIG R5 SPEAR PRO HS Gaming Headset (Black),gaming_headsets,179.00,2,358.00
RCPT-20251219-00061,1,P-0034,"Generation Earth 14.1"" Recycled Berlin Laptop Backpack (Black)",bags,79.00,3,237.00
RCPT-20251219-00062,1,P-0036,"STM Tower View Folio 18"" Laptop Brief (Black)",bags,69.95,2,139.90
RCPT-20251219-00063,1,P-0036,"STM Tower View Folio 18"" Laptop Brief (Black)",bags,69.95,1,69.95
RCPT-20251219-00063,2,P-0060,TP-Link AC750 Wi-Fi Range Extender,wi_fi_routers,59.00,1,59.00
RCPT-20251219-00064,1,P-0038,"Blaupunkt BP27GM240 27"" FHD 240Hz Curved Gaming Monitor",monitors,399.00,1,399.00
RCPT-20251219-00064,2,P-0040,"AOC C27G4Z 27"" FHD 280Hz Curved Gaming Monitor",monitors,339.00,1,339.00
RCPT-20251219-00065,1,P-0036,"STM Tower View Folio 18"" Laptop Brief (Black)",bags,69.95,1,69.95
RCPT-20251219-00065,2,P-0060,TP-Link AC750 Wi-Fi Range Extender,wi_fi_routers,59.00,1,59.00
RCPT-20251219-00066,1,P-0050,Apple iPad 11-inch A16 128GB Wi-Fi (Blue),monitors,499.00,1,499.00
RCPT-20251219-00066,2,P-0054,TP-Link AX3000 Gigabit Wi-Fi 6 Router,wi_fi_routers,159.00,2,318.00
RCPT-20251219-00066,3,P-0048,"Samsung Galaxy Tab A11+ 11"" Wi-Fi 128GB (Grey)",monitors,379.00,1,379.00
RCPT-20251219-00066,4,P-0043,"Lenovo Legion R34w-30 34"" WQHD 180Hz Curved Gaming Monitor",monitors,499.00,1,499.00
RCPT-20251220-00067,1,P-0051,"Samsung Galaxy Tab S10 FE+ 13.1"" Wi-Fi 128GB (Grey)",monitors,1099.00,1,1099.00
RCPT-20251220-00067,2,P-0058,ASUS DSL-AX82U AX5400 Wi-Fi 6 Modem Router,wi_fi_routers,449.00,1,449.00
RCPT-20251220-00067,3,P-0066,AceZone A-Blaze Hybrid ANC Bluetooth Wireless PC Gaming Headset Black,gaming_headsets,356.15,1,356.15
RCPT-20251220-00067,4,P-0054,TP-Link AX3000 Gigabit Wi-Fi 6 Router,wi_fi_routers,159.00,1,159.00
RCPT-20251220-00068,1,P-0070,Seagate Expansion Desktop 26TB Hard Drive,hard_drive,749.00,1,749.00
RCPT-20251220-00068,2,P-0010,"Dell DB16255 16"" WUXGA Copilot+ PC Laptop (Ryzen AI 5)[512GB]",laptops,1259.00,1,1259.00
RCPT-20251220-00069,1,P-0036,"STM Tower View Folio 18"" Laptop Brief (Black)",bags,69.95,4,279.80
RCPT-20251220-00069,2,P-0074,Samsung Portable SSD T7 Shield 1TB (Black),hard_drive,369.00,1,369.00
RCPT-20251220-00069,3,P-0058,ASUS DSL-AX82U AX5400 Wi-Fi 6 Modem Router,wi_fi_routers,449.00,1,449.00
RCPT-20251220-00070,1,P-0013,"HP Envy x360 14-fc0189TU 14"" WUXGA 2-in-1 Laptop (Intel Core Ultra 5)[512GB]",laptops,1299.00,1,1299.00
RCPT-20251220-00070,2,P-0062,RIG R5 SPEAR PRO HS Gaming Headset (Black),gaming_headsets,179.00,1,179.00
RCPT-20251220-00070,3,P-0044,"Samsung Odyssey G91SD 49"" DQHD 144Hz OLED Curved Gaming Monitor",monitors,1999.00,1,1999.00
RCPT-20251220-00070,4,P-0004,"HP Laptop 15-fc0474AU 15.6"" FHD laptop (Ryzen 7)[512GB]",laptops,899.00,1,899.00
RCPT-20251220-00071,1,P-0041,"LG UltraGear 24G411A 24"" FHD 144Hz Gaming Monitor",monitors,189.00,1,189.00
RCPT-20251220-00071,2,P-0061,Logitech G Astro A20X PLAYSYNC Wireless Headset (Black),gaming_headsets,349.00,1,349.00
RCPT-20251220-00071,3,P-0052,"Samsung Galaxy Tab A11+ 11"" 5G 128GB (Grey)",monitors,529.00,1,529.00
RCPT-20251220-00072,1,P-0021,"HP Victus 15-fa2364TX 15.6"" Full HD Gaming Laptop (Intel Core i7)[GeForce RTX 4050]",laptops,1899.00,1,1899.00
RCPT-20251220-00072,2,P-0005,"Asus VivoBook 15.6"" Full HD Thin & Light Laptop (1TB)[Intel Core i5",laptops,959.00,1,959.00
RCPT-20251220-00073,1,P-0061,Logitech G Astro A20X PLAYSYNC Wireless Headset (Black),gaming_headsets,349.00,1,349.00
RCPT-20251220-00073,2,P-0007,"Dell Inspiron 14 7440 14"" WQXGA 2-in-1 Laptop (Intel Core i5)[512GB/16GB]",laptops,1199.00,1,1199.00
RCPT-20251220-00073,3,P-0053,Apple iPad Air 13-inch M3 128GB Wi-Fi (Space Grey),monitors,1347.00,1,1347.00
RCPT-20251220-00074,1,P-0060,TP-Link AC750 Wi-Fi Range Extender,wi_fi_routers,59.00,4,236.00
RCPT-20251220-00075,1,P-0039,"LG UltraGear 27G411A 27"" FHD 144Hz Gaming Monitor",monitors,229.00,1,229.00
RCPT-20251220-00075,2,P-0035,"Thule Gauntlet Macbook Pro Attache 14"" (Black)",bags,179.95,1,179.95
RCPT-20251220-00075,3,P-0066,AceZone A-Blaze Hybrid ANC Bluetooth Wireless PC Gaming Headset Black,gaming_headsets,356.15,1,356.15
RCPT-20251221-00076,1,P-0076,SanDisk® Creator Phone SSD with Magsafe 2TB,hard_drive,399.00,2,798.00
RCPT-20251221-00076,2,P-0070,Seagate Expansion Desktop 26TB Hard Drive,hard_drive,749.00,1,749.00
RCPT-20251221-00076,3,P-0075,Samsung Portable T7 Shield SSD 4TB (Black),hard_drive,999.00,1,999.00
RCPT-20251221-00077,1,P-0060,TP-Link AC750 Wi-Fi Range Extender,wi_fi_routers,59.00,4,236.00
RCPT-20251221-00078,1,P-0054,TP-Link AX3000 Gigabit Wi-Fi 6 Router,wi_fi_routers,159.00,1,159.00
RCPT-20251221-00078,2,P-0061,Logitech G Astro A20X PLAYSYNC Wireless Headset (Black),gaming_headsets,349.00,2,698.00
RCPT-20251221-00078,3,P-0007,"Dell Inspiron 14 7440 14"" WQXGA 2-in-1 Laptop (Intel Core i5)[512GB/16GB]",laptops,1199.00,1,1199.00
RCPT-20251221-00079,1,P-0046,"LG 31.5"" QHD 100Hz IPS Super Slim Stand Monitor with USB-C",monitors,389.00,2,778.00
RCPT-20251221-00079,2,P-0046,"LG 31.5"" QHD 100Hz IPS Super Slim Stand Monitor with USB-C",monitors,389.00,1,389.00
RCPT-20251221-00079,3,P-0008,"Lenovo IdeaPad 5 14"" 2K OLED 2-in-1 Laptop (Copilot+ PC)[512GB]",laptops,1124.00,1,1124.00
RCPT-20251221-00080,1,P-0060,TP-Link AC750 Wi-Fi Range Extender,wi_fi_routers,59.00,1,59.00
RCPT-20251221-00080,2,P-0060,TP-Link AC750 Wi-Fi Range Extender,wi_fi_routers,59.00,1,59.00
RCPT-20251221-00081,1,P-0046,"LG 31.5"" QHD 100Hz IPS Super Slim Stand Monitor with USB-C",monitors,389.00,2,778.00
RCPT-20251221-00081,2,P-0050,Apple iPad 11-inch A16 128GB Wi-Fi (Blue),monitors,499.00,1,499.00
RCPT-20251221-00081,3,P-0071,Seagate Expansion Desktop 16TB Hard Drive,hard_drive,499.00,1,499.00
RCPT-20251221-00082,1,P-0055,ASUS RT-AX54HP V2 AX1800 Wi-Fi 6 Router,wi_fi_routers,179.00,2,358.00
RCPT-20251221-00082,2,P-0004,"HP Laptop 15-fc0474AU 15.6"" FHD laptop (Ryzen 7)[512GB]",laptops,899.00,1,899.00
RCPT-20251221-00082,3,P-0040,"AOC C27G4Z 27"" FHD 280Hz Curved Gaming Monitor",monitors,339.00,2,678.00
RCPT-20251221-00083,1,P-0067,Epson WorkForce Pro WF-3825 Multifunction Printer,gaming_headsets,169.00,1,169.00
RCPT-20251221-00083,2,P-0062,RIG R5 SPEAR PRO HS Gaming Headset (Black),gaming_headsets,179.00,1,179.00
RCPT-20251221-00083,3,P-0034,"Generation Earth 14.1"" Recycled Berlin Laptop Backpack (Black)",bags,79.00,4,316.00
RCPT-20251221-00083,4,P-0041,"LG UltraGear 24G411A 24"" FHD 144Hz Gaming Monitor",monitors,189.00,1,189.00
RCPT-20251221-00084,1,P-0054,TP-Link AX3000 Gigabit Wi-Fi 6 Router,wi_fi_routers,159.00,1,159.00
RCPT-20251221-00085,1,P-0003,"Lenovo IdeaPad S3i 15.6"" FHD Laptop (Intel Core i3)[512GB]",laptops,699.00,1,699.00
RCPT-20251221-00085,2,P-0073,Samsung T7 Portable SSD Drive [1TB](Titan Gray),hard_drive,329.00,1,329.00
RCPT-20251221-00086,1,P-0075,Samsung Portable T7 Shield SSD 4TB (Black),hard_drive,999.00,1,999.00
RCPT-20251221-00086,2,P-0066,AceZone A-Blaze Hybrid ANC Bluetooth Wireless PC Gaming Headset Black,gaming_headsets,356.15,1,356.15
RCPT-20251221-00086,3,P-0009,"Dell 15 DC15250 15.6"" Full HD Laptop (Intel Core i5)[512GB]",laptops,1199.00,1,1199.00
RCPT-20251221-00087,1,P-0060,TP-Link AC750 Wi-Fi Range Extender,wi_fi_routers,59.00,1,59.00
RCPT-20251221-00088,1,P-0010,"Dell DB16255 16"" WUXGA Copilot+ PC Laptop (Ryzen AI 5)[512GB]",laptops,1259.00,1,1259.00
RCPT-20251221-00088,2,P-0071,Seagate Expansion Desktop 16TB Hard Drive,hard_drive,499.00,2,998.00
RCPT-20251221-00089,1,P-0055,ASUS RT-AX54HP V2 AX1800 Wi-Fi 6 Router,wi_fi_routers,179.00,2,358.00
RCPT-20251221-00089,2,P-0063,Corsair VOID Wireless V2 Gaming Headset (Pink),gaming_headsets,199.00,1,199.00
RCPT-20251221-00089,3,P-0008,"Lenovo IdeaPad 5 14"" 2K OLED 2-in-1 Laptop (Copilot+ PC)[512GB]",laptops,1124.00,1,1124.00
RCPT-20251222-00090,1,P-0060,TP-Link AC750 Wi-Fi Range Extender,wi_fi_routers,59.00,1,59.00
RCPT-20251222-00091,1,P-0066,AceZone A-Blaze Hybrid ANC Bluetooth Wireless PC Gaming Headset Black,gaming_headsets,356.15,1,356.15
RCPT-20251222-00091,2,P-0064,Logitech G325 LIGHTSPEED Wireless Gaming Headset (White),gaming_headsets,199.00,1,199.00
RCPT-20251222-00091,3,P-0063,Corsair VOID Wireless V2 Gaming Headset (Pink),gaming_headsets,199.00,1,199.00
RCPT-20251222-00091,4,P-0070,Seagate Expansion Desktop 26TB Hard Drive,hard_drive,749.00,1,749.00
RCPT-20251222-00092,1,P-0060,TP-Link AC750 Wi-Fi Range Extender,wi_fi_routers,59.00,1,59.00
RCPT-20251222-00092,2,P-0034,"Generation Earth 14.1"" Recycled Berlin Laptop Backpack (Black)",bags,79.00,2,158.00
RCPT-20251222-00093,1,P-0053,Apple iPad Air 13-inch M3 128GB Wi-Fi (Space Grey),monitors,1347.00,1,1347.00
RCPT-20251222-00093,2,P-0066,AceZone A-Blaze Hybrid ANC Bluetooth Wireless PC Gaming Headset Black,gaming_headsets,356.15,1,356.15
RCPT-20251222-00094,1,P-0073,Samsung T7 Portable SSD Drive [1TB](Titan Gray),hard_drive,329.00,1,329.00
RCPT-20251222-00094,2,P-0055,ASUS RT-AX54HP V2 AX1800 Wi-Fi 6 Router,wi_fi_routers,179.00,1,179.00
RCPT-20251222-00094,3,P-0072,Sandisk E30 Portable SSD Drive (1TB),hard_drive,169.00,1,169.00
RCPT-20251222-00094,4,P-0065,HyperX Cloud Flight 2 Wire,gaming_headsets,219.00,1,219.00
RCPT-20251222-00095,1,P-0034,"Generation Earth 14.1"" Recycled Berlin Laptop Backpack (Black)",bags,79.00,3,237.00
RCPT-20251222-00096,1,P-0057,Starlink Standard Kit (Latest Generation),wi_fi_routers,549.00,1,549.00
RCPT-20251222-00096,2,P-0035,"Thule Gauntlet Macbook Pro Attache 14"" (Black)",bags,179.95,1,179.95
RCPT-20251222-00096,3,P-0067,Epson WorkForce Pro WF-3825 Multifunction Printer,gaming_headsets,169.00,2,338.00
RCPT-20251222-00097,1,P-0060,TP-Link AC750 Wi-Fi Range Extender,wi_fi_routers,59.00,3,177.00
RCPT-20251222-00098,1,P-0040,"AOC C27G4Z 27"" FHD 280Hz Curved Gaming Monitor",monitors,339.00,1,339.00
RCPT-20251222-00098,2,P-0011,"Lenovo Ideapad 5 14"" WUXGA OLED 2-in-1 Laptop (Snapdragon X Plus)[1TB]",laptops,1274.00,1,1274.00
RCPT-20251222-00098,3,P-0005,"Asus VivoBook 15.6"" Full HD Thin & Light Laptop (1TB)[Intel Core i5",laptops,959.00,1,959.00
RCPT-20251222-00099,1,P-0060,TP-Link AC750 Wi-Fi Range Extender,wi_fi_routers,59.00,1,59.00
RCPT-20251222-00100,1,P-0058,ASUS DSL-AX82U AX5400 Wi-Fi 6 Modem Router,wi_fi_routers,449.00,1,449.00
RCPT-20251222-00100,2,P-0067,Epson WorkForce Pro WF-3825 Multifunction Printer,gaming_headsets,169.00,1,169.00
RCPT-20251222-00100,3,P-0068,Canon TS7760 Pixma Home Printer,gaming_headsets,139.00,1,139.00
RCPT-20251222-00100,4,P-0056,Netgear Nighthawk® Wi-Fi 6 AX1800 Router RAX9,wi_fi_routers,149.00,1,149.00
RCPT-20251223-00101,1,P-0060,TP-Link AC750 Wi-Fi Range Extender,wi_fi_routers,59.00,1,59.00
RCPT-20251223-00102,1,P-0036,"STM Tower View Folio 18"" Laptop Brief (Black)",bags,69.95,1,69.95
RCPT-20251223-00102,2,P-0072,Sandisk E30 Portable SSD Drive (1TB),hard_drive,169.00,1,169.00
RCPT-20251223-00102,3,P-0075,Samsung Portable T7 Shield SSD 4TB (Black),hard_drive,999.00,1,999.00
RCPT-20251223-00102,4,P-0007,"Dell Inspiron 14 7440 14"" WQXGA 2-in-1 Laptop (Intel Core i5)[512GB/16GB]",laptops,1199.00,1,1199.00
RCPT-20251223-00103,1,P-0021,"HP Victus 15-fa2364TX 15.6"" Full HD Gaming Laptop (Intel Core i7)[GeForce RTX 4050]",laptops,1899.00,1,1899.00
RCPT-20251223-00103,2,P-0052,"Samsung Galaxy Tab A11+ 11"" 5G 128GB (Grey)",monitors,529.00,1,529.00
RCPT-20251223-00103,3,P-0042,"LG UltraGear 34G600A 34"" WQHD",monitors,699.00,1,699.00
RCPT-20251223-00103,4,P-0049,"Lenovo Tab 10"" WUXGA 128GB Tablet with Clear Case",monitors,299.00,1,299.00
RCPT-20251223-00104,1,P-0049,"Lenovo Tab 10"" WUXGA 128GB Tablet with Clear Case",monitors,299.00,1,299.00
RCPT-20251223-00104,2,P-0043,"Lenovo Legion R34w-30 34"" WQHD 180Hz Curved Gaming Monitor",monitors,499.00,1,499.00
RCPT-20251223-00105,1,P-0036,"STM Tower View Folio 18"" Laptop Brief (Black)",bags,69.95,4,279.80
RCPT-20251223-00106,1,P-0034,"Generation Earth 14.1"" Recycled Berlin Laptop Backpack (Black)",bags,79.00,1,79.00
RCPT-20251223-00106,2,P-0034,"Generation Earth 14.1"" Recycled Berlin Laptop Backpack (Black)",bags,79.00,1,79.00
RCPT-20251223-00107,1,P-0042,"LG UltraGear 34G600A 34"" WQHD",monitors,699.00,1,699.00
RCPT-20251223-00107,2,P-0046,"LG 31.5"" QHD 100Hz IPS Super Slim Stand Monitor with USB-C",monitors,389.00,1,389.00
RCPT-20251223-00108,1,P-0065,HyperX Cloud Flight 2 Wire,gaming_headsets,219.00,2,438.00
RCPT-20251223-00108,2,P-0048,"Samsung Galaxy Tab A11+ 11"" Wi-Fi 128GB (Grey)",monitors,379.00,1,379.00
RCPT-20251223-00109,1,P-0035,"Thule Gauntlet Macbook Pro Attache 14"" (Black)",bags,179.95,1,179.95
RCPT-20251223-00109,2,P-0055,ASUS RT-AX54HP V2 AX1800 Wi-Fi 6 Router,wi_fi_routers,179.00,1,179.00
RCPT-20251223-00109,3,P-0063,Corsair VOID Wireless V2 Gaming Headset (Pink),gaming_headsets,199.00,2,398.00
RCPT-20251223-00109,4,P-0073,Samsung T7 Portable SSD Drive [1TB](Titan Gray),hard_drive,329.00,1,329.00
RCPT-20251223-00110,1,P-0060,TP-Link AC750 Wi-Fi Range Extender,wi_fi_routers,59.00,2,118.00
RCPT-20251223-00111,1,P-0060,TP-Link AC750 Wi-Fi Range Extender,wi_fi_routers,59.00,2,118.00
RCPT-20251223-00112,1,P-0002,"HP Laptop 15-fc0433AU 15.6"" FHD Laptop (Ryzen 5)[512GB]",laptops,649.00,1,649.00
RCPT-20251223-00112,2,P-0043,"Lenovo Legion R34w-30 34"" WQHD 180Hz Curved Gaming Monitor",monitors,499.00,1,499.00
RCPT-20251223-00113,1,P-0035,"Thule Gauntlet Macbook Pro Attache 14"" (Black)",bags,179.95,1,179.95
RCPT-20251223-00113,2,P-0068,Canon TS7760 Pixma Home Printer,gaming_headsets,139.00,1,139.00
RCPT-20251223-00113,3,P-0034,"Generation Earth 14.1"" Recycled Berlin Laptop Backpack (Black)",bags,79.00,1,79.00
RCPT-20251223-00113,4,P-0052,"Samsung Galaxy Tab A11+ 11"" 5G 128GB (Grey)",monitors,529.00,1,529.00
RCPT-20251224-00114,1,P-0066,AceZone A-Blaze Hybrid ANC Bluetooth Wireless PC Gaming Headset Black,gaming_headsets,356.15,1,356.15
RCPT-20251224-00114,2,P-0052,"Samsung Galaxy Tab A11+ 11"" 5G 128GB (Grey)",monitors,529.00,1,529.00
RCPT-20251224-00114,3,P-0006,"HP OmniBook 5 NG AI PC 14-he0013QU 14"" WUXGA OLED Copilot+ PC Laptop (Snapdragon X1)[512GB/16GB]",laptops,1099.00,1,1099.00
RCPT-20251224-00114,4,P-0053,Apple iPad Air 13-inch M3 128GB Wi-Fi (Space Grey),monitors,1347.00,1,1347.00
RCPT-20251224-00115,1,P-0036,"STM Tower View Folio 18"" Laptop Brief (Black)",bags,69.95,1,69.95
RCPT-20251224-00115,2,P-0038,"Blaupunkt BP27GM240 27"" FHD 240Hz Curved Gaming Monitor",monitors,399.00,1,399.00
RCPT-20251224-00115,3,P-0069,WD My Book 16TB External Hard Drive,hard_drive,679.00,1,679.00
RCPT-20251224-00115,4,P-0071,Seagate Expansion Desktop 16TB Hard Drive,hard_drive,499.00,1,499.00
RCPT-20251224-00116,1,P-0034,"Generation Earth 14.1"" Recycled Berlin Laptop Backpack (Black)",bags,79.00,3,237.00
RCPT-20251224-00117,1,P-0016,"Lenovo Yoga Slim 7i Aura Edition 14"" 2.8K OLED Laptop (Intel Core Ultra 5)[1TB]",laptops,1499.00,1,1499.00
RCPT-20251224-00117,2,P-0068,Canon TS7760 Pixma Home Printer,gaming_headsets,139.00,1,139.00
RCPT-20251224-00117,3,P-0073,Samsung T7 Portable SSD Drive [1TB](Titan Gray),hard_drive,329.00,1,329.00
RCPT-20251224-00118,1,P-0011,"Lenovo Ideapad 5 14"" WUXGA OLED 2-in-1 Laptop (Snapdragon X Plus)[1TB]",laptops,1274.00,1,1274.00
RCPT-20251224-00118,2,P-0063,Corsair VOID Wireless V2 Gaming Headset (Pink),gaming_headsets,199.00,1,199.00
RCPT-20251224-00118,3,P-0042,"LG UltraGear 34G600A 34"" WQHD",monitors,699.00,1,699.00
RCPT-20251224-00119,1,P-0036,"STM Tower View Folio 18"" Laptop Brief (Black)",bags,69.95,1,69.95
RCPT-20251224-00119,2,P-0036,"STM Tower View Folio 18"" Laptop Brief (Black)",bags,69.95,1,69.95
RCPT-20251224-00120,1,P-0041,"LG UltraGear 24G411A 24"" FHD 144Hz Gaming Monitor",monitors,189.00,2,378.00
RCPT-20251224-00120,2,P-0043,"Lenovo Legion R34w-30 34"" WQHD 180Hz Curved Gaming Monitor",monitors,499.00,1,499.00
RCPT-20251225-00121,1,P-0060,TP-Link AC750 Wi-Fi Range Extender,wi_fi_routers,59.00,1,59.00
RCPT-20251225-00122,1,P-0040,"AOC C27G4Z 27"" FHD 280Hz Curved Gaming Monitor",monitors,339.00,2,678.00
RCPT-20251225-00122,2,P-0008,"Lenovo IdeaPad 5 14"" 2K OLED 2-in-1 Laptop (Copilot+ PC)[512GB]",laptops,1124.00,1,1124.00
RCPT-20251225-00123,1,P-0060,TP-Link AC750 Wi-Fi Range Extender,wi_fi_routers,59.00,1,59.00
RCPT-20251225-00124,1,P-0034,"Generation Earth 14.1"" Recycled Berlin Laptop Backpack (Black)",bags,79.00,4,316.00
RCPT-20251225-00124,2,P-0015,"Dell DB16255 16"" WUXGA Copilot+ PC Laptop (Ryzen AI 7)[1TB]",laptops,1399.00,1,1399.00
RCPT-20251225-00124,3,P-0008,"Lenovo IdeaPad 5 14"" 2K OLED 2-in-1 Laptop (Copilot+ PC)[512GB]",laptops,1124.00,2,2248.00
RCPT-20251225-00125,1,P-0038,"Blaupunkt BP27GM240 27"" FHD 240Hz Curved Gaming Monitor",monitors,399.00,1,399.00
RCPT-20251225-00125,2,P-0038,"Blaupunkt BP27GM240 27"" FHD 240Hz Curved Gaming Monitor",monitors,399.00,1,399.00
RCPT-20251225-00126,1,P-0059,TP-Link AX3000 Mesh Wi-Fi 6 Range Extender,wi_fi_routers,149.00,1,149.00
RCPT-20251225-00126,2,P-0068,Canon TS7760 Pixma Home Printer,gaming_headsets,139.00,1,139.00
RCPT-20251225-00126,3,P-0072,Sandisk E30 Portable SSD Drive (1TB),hard_drive,169.00,1,169.00
RCPT-20251225-00126,4,P-0024,"Apple iMac with Retina 4.5K Display 24-inch, M4 Chip 10-core 512GB/24GB (Silver)[2024]",laptops,2887.00,1,2887.00
RCPT-20251225-00127,1,P-0060,TP-Link AC750 Wi-Fi Range Extender,wi_fi_routers,59.00,1,59.00
RCPT-20251225-00127,2,P-0060,TP-Link AC750 Wi-Fi Range Extender,wi_fi_routers,59.00,2,118.00
RCPT-20251225-00128,1,P-0072,Sandisk E30 Portable SSD Drive (1TB),hard_drive,169.00,1,169.00
RCPT-20251225-00128,2,P-0059,TP-Link AX3000 Mesh Wi-Fi 6 Range Extender,wi_fi_routers,149.00,1,149.00
RCPT-20251225-00128,3,P-0035,"Thule Gauntlet Macbook Pro Attache 14"" (Black)",bags,179.95,1,179.95
RCPT-20251225-00128,4,P-0034,"Generation Earth 14.1"" Recycled Berlin Laptop Backpack (Black)",bags,79.00,1,79.00
RCPT-20251225-00129,1,P-0016,"Lenovo Yoga Slim 7i Aura Edition 14"" 2.8K OLED Laptop (Intel Core Ultra 5)[1TB]",laptops,1499.00,1,1499.00
RCPT-20251225-00130,1,P-0073,Samsung T7 Portable SSD Drive [1TB](Titan Gray),hard_drive,329.00,1,329.00
RCPT-20251225-00130,2,P-0058,ASUS DSL-AX82U AX5400 Wi-Fi 6 Modem Router,wi_fi_routers,449.00,1,449.00
RCPT-20251225-00131,1,P-0048,"Samsung Galaxy Tab A11+ 11"" Wi-Fi 128GB (Grey)",monitors,379.00,1,379.00
RCPT-20251225-00131,2,P-0036,"STM Tower View Folio 18"" Laptop Brief (Black)",bags,69.95,1,69.95
RCPT-20251225-00131,3,P-0062,RIG R5 SPEAR PRO HS Gaming Headset (Black),gaming_headsets,179.00,1,179.00
RCPT-20251225-00131,4,P-0064,Logitech G325 LIGHTSPEED Wireless Gaming Headset (White),gaming_headsets,199.00,1,199.00
RCPT-20251225-00132,1,P-0002,"HP Laptop 15-fc0433AU 15.6"" FHD Laptop (Ryzen 5)[512GB]",laptops,649.00,1,649.00
RCPT-20251225-00132,2,P-0063,Corsair VOID Wireless V2 Gaming Headset (Pink),gaming_headsets,199.00,1,199.00
RCPT-20251225-00133,1,P-0034,"Generation Earth 14.1"" Recycled Berlin Laptop Backpack (Black)",bags,79.00,1,79.00
RCPT-20251225-00134,1,P-0036,"STM Tower View Folio 18"" Laptop Brief (Black)",bags,69.95,1,69.95
RCPT-20251225-00134,2,P-0060,TP-Link AC750 Wi-Fi Range Extender,wi_fi_routers,59.00,1,59.00
RCPT-20251225-00135,1,P-0060,TP-Link AC750 Wi-Fi Range Extender,wi_fi_routers,59.00,1,59.00
RCPT-20251225-00135,2,P-0034,"Generation Earth 14.1"" Recycled Berlin Laptop Backpack (Black)",bags,79.00,1,79.00
RCPT-20251226-00136,1,P-0036,"STM Tower View Folio 18"" Laptop Brief (Black)",bags,69.95,1,69.95
RCPT-20251226-00136,2,P-0060,TP-Link AC750 Wi-Fi Range Extender,wi_fi_routers,59.00,4,236.00
RCPT-20251226-00137,1,P-0076,SanDisk® Creator Phone SSD with Magsafe 2TB,hard_drive,399.00,1,399.00
RCPT-20251226-00137,2,P-0068,Canon TS7760 Pixma Home Printer,gaming_headsets,139.00,1,139.00
RCPT-20251226-00137,3,P-0050,Apple iPad 11-inch A16 128GB Wi-Fi (Blue),monitors,499.00,1,499.00
RCPT-20251226-00138,1,P-0043,"Lenovo Legion R34w-30 34"" WQHD 180Hz Curved Gaming Monitor",monitors,499.00,1,499.00
RCPT-20251226-00138,2,P-0058,ASUS DSL-AX82U AX5400 Wi-Fi 6 Modem Router,wi_fi_routers,449.00,1,449.00
RCPT-20251226-00139,1,P-0065,HyperX Cloud Flight 2 Wire,gaming_headsets,219.00,1,219.00
RCPT-20251226-00139,2,P-0058,ASUS DSL-AX82U AX5400 Wi-Fi 6 Modem Router,wi_fi_routers,449.00,2,898.00
RCPT-20251226-00140,1,P-0040,"AOC C27G4Z 27"" FHD 280Hz Curved Gaming Monitor",monitors,339.00,1,339.00
RCPT-20251226-00140,2,P-0041,"LG UltraGear 24G411A 24"" FHD 144Hz Gaming Monitor",monitors,189.00,1,189.00
RCPT-20251226-00140,3,P-0027,"MSI Prestige A16 AI+ 16"" UHD+ OLED Laptop (Ryzen 9) [1TB]",laptops,3099.00,1,3099.00
RCPT-20251226-00140,4,P-0068,Canon TS7760 Pixma Home Printer,gaming_headsets,139.00,1,139.00
RCPT-20251226-00141,1,P-0056,Netgear Nighthawk® Wi-Fi 6 AX1800 Router RAX9,wi_fi_routers,149.00,2,298.00
RCPT-20251226-00141,2,P-0067,Epson WorkForce Pro WF-3825 Multifunction Printer,gaming_headsets,169.00,1,169.00
RCPT-20251226-00141,3,P-0003,"Lenovo IdeaPad S3i 15.6"" FHD Laptop (Intel Core i3)[512GB]",laptops,699.00,1,699.00
RCPT-20251226-00141,4,P-0062,RIG R5 SPEAR PRO HS Gaming Headset (Black),gaming_headsets,179.00,1,179.00
RCPT-20251226-00142,1,P-0018,"MSI Modern 15 H AI 15.6"" FHD 60Hz Laptop (Intel Core Ultra 7) [1TB]",laptops,1499.00,1,1499.00
RCPT-20251226-00142,2,P-0007,"Dell Inspiron 14 7440 14"" WQXGA 2-in-1 Laptop (Intel Core i5)[512GB/16GB]",laptops,1199.00,1,1199.00
RCPT-20251226-00143,1,P-0060,TP-Link AC750 Wi-Fi Range Extender,wi_fi_routers,59.00,1,59.00
RCPT-20251227-00144,1,P-0036,"STM Tower View Folio 18"" Laptop Brief (Black)",bags,69.95,1,69.95
RCPT-20251227-00144,2,P-0034,"Generation Earth 14.1"" Recycled Berlin Laptop Backpack (Black)",bags,79.00,2,158.00
RCPT-20251227-00145,1,P-0065,HyperX Cloud Flight 2 Wire,gaming_headsets,219.00,1,219.00
RCPT-20251227-00145,2,P-0040,"AOC C27G4Z 27"" FHD 280Hz Curved Gaming Monitor",monitors,339.00,1,339.00
RCPT-20251227-00145,3,P-0002,"HP Laptop 15-fc0433AU 15.6"" FHD Laptop (Ryzen 5)[512GB]",laptops,649.00,1,649.00
RCPT-20251227-00145,4,P-0014,"Microsoft Surface Pro Copilot+ PC 12"" Snapdragon X Plus 8 core/16GB/512GB (Violet)",laptops,1399.00,1,1399.00
RCPT-20251227-00146,1,P-0036,"STM Tower View Folio 18"" Laptop Brief (Black)",bags,69.95,3,209.85
RCPT-20251227-00146,2,P-0011,"Lenovo Ideapad 5 14"" WUXGA OLED 2-in-1 Laptop (Snapdragon X Plus)[1TB]",laptops,1274.00,1,1274.00
RCPT-20251227-00146,3,P-0063,Corsair VOID Wireless V2 Gaming Headset (Pink),gaming_headsets,199.00,1,199.00
RCPT-20251227-00146,4,P-0017,"MSI Modern 15 H AI 15.6"" FHD 60Hz Laptop (Intel Core Ultra 9) [1TB]",laptops,1499.00,1,1499.00
RCPT-20251227-00147,1,P-0060,TP-Link AC750 Wi-Fi Range Extender,wi_fi_routers,59.00,4,236.00
RCPT-20251227-00147,2,P-0058,ASUS DSL-AX82U AX5400 Wi-Fi 6 Modem Router,wi_fi_routers,449.00,1,449.00
RCPT-20251227-00147,3,P-0039,"LG UltraGear 27G411A 27"" FHD 144Hz Gaming Monitor",monitors,229.00,1,229.00
RCPT-20251227-00148,1,P-0034,"Generation Earth 14.1"" Recycled Berlin Laptop Backpack (Black)",bags,79.00,1,79.00
RCPT-20251227-00148,2,P-0036,"STM Tower View Folio 18"" Laptop Brief (Black)",bags,69.95,1,69.95
RCPT-20251227-00149,1,P-0057,Starlink Standard Kit (Latest Generation),wi_fi_routers,549.00,1,549.00
RCPT-20251227-00149,2,P-0050,Apple iPad 11-inch A16 128GB Wi-Fi (Blue),monitors,499.00,2,998.00
RCPT-20251227-00150,1,P-0069,WD My Book 16TB External Hard Drive,hard_drive,679.00,1,679.00
RCPT-20251227-00150,2,P-0040,"AOC C27G4Z 27"" FHD 280Hz Curved Gaming Monitor",monitors,339.00,1,339.00
RCPT-20251227-00150,3,P-0066,AceZone A-Blaze Hybrid ANC Bluetooth Wireless PC Gaming Headset Black,gaming_headsets,356.15,1,356.15
RCPT-20251227-00150,4,P-0006,"HP OmniBook 5 NG AI PC 14-he0013QU 14"" WUXGA OLED Copilot+ PC Laptop (Snapdragon X1)[512GB/16GB]",laptops,1099.00,1,1099.00
RCPT-20251227-00151,1,P-0055,ASUS RT-AX54HP V2 AX1800 Wi-Fi 6 Router,wi_fi_routers,179.00,1,179.00
RCPT-20251227-00151,2,P-0066,AceZone A-Blaze Hybrid ANC Bluetooth Wireless PC Gaming Headset Black,gaming_headsets,356.15,1,356.15
RCPT-20251227-00151,3,P-0049,"Lenovo Tab 10"" WUXGA 128GB Tablet with Clear Case",monitors,299.00,1,299.00
RCPT-20251227-00152,1,P-0064,Logitech G325 LIGHTSPEED Wireless Gaming Headset (White),gaming_headsets,199.00,1,199.00
RCPT-20251227-00152,2,P-0057,Starlink Standard Kit (Latest Generation),wi_fi_routers,549.00,1,549.00
RCPT-20251227-00153,1,P-0034,"Generation Earth 14.1"" Recycled Berlin Laptop Backpack (Black)",bags,79.00,2,158.00
RCPT-20251227-00154,1,P-0050,Apple iPad 11-inch A16 128GB Wi-Fi (Blue),monitors,499.00,1,499.00
RCPT-20251227-00154,2,P-0072,Sandisk E30 Portable SSD Drive (1TB),hard_drive,169.00,1,169.00
RCPT-20251227-00154,3,P-0047,"AOC 16T20 15.6"" FHD USB-C Portable Monitor",monitors,179.00,1,179.00
RCPT-20251227-00154,4,P-0073,Samsung T7 Portable SSD Drive [1TB](Titan Gray),hard_drive,329.00,1,329.00
RCPT-20251227-00155,1,P-0048,"Samsung Galaxy Tab A11+ 11"" Wi-Fi 128GB (Grey)",monitors,379.00,1,379.00
RCPT-20251227-00155,2,P-0043,"Lenovo Legion R34w-30 34"" WQHD 180Hz Curved Gaming Monitor",monitors,499.00,1,499.00
RCPT-20251227-00156,1,P-0007,"Dell Inspiron 14 7440 14"" WQXGA 2-in-1 Laptop (Intel Core i5)[512GB/16GB]",laptops,1199.00,1,1199.00
RCPT-20251227-00157,1,P-0060,TP-Link AC750 Wi-Fi Range Extender,wi_fi_routers,59.00,1,59.00
RCPT-20251227-00157,2,P-0060,TP-Link AC750 Wi-Fi Range Extender,wi_fi_routers,59.00,3,177.00
RCPT-20251227-00158,1,P-0060,TP-Link AC750 Wi-Fi Range Extender,wi_fi_routers,59.00,1,59.00
RCPT-20251227-00159,1,P-0034,"Generation Earth 14.1"" Recycled Berlin Laptop Backpack (Black)",bags,79.00,3,237.00
RCPT-20251228-00160,1,P-0048,"Samsung Galaxy Tab A11+ 11"" Wi-Fi 128GB (Grey)",monitors,379.00,1,379.00
RCPT-20251228-00160,2,P-0059,TP-Link AX3000 Mesh Wi-Fi 6 Range Extender,wi_fi_routers,149.00,1,149.00
RCPT-20251228-00160,3,P-0066,AceZone A-Blaze Hybrid ANC Bluetooth Wireless PC Gaming Headset Black,gaming_headsets,356.15,1,356.15
RCPT-20251228-00161,1,P-0060,TP-Link AC750 Wi-Fi Range Extender,wi_fi_routers,59.00,1,59.00
RCPT-20251228-00161,2,P-0034,"Generation Earth 14.1"" Recycled Berlin Laptop Backpack (Black)",bags,79.00,1,79.00
RCPT-20251228-00162,1,P-0038,"Blaupunkt BP27GM240 27"" FHD 240Hz Curved Gaming Monitor",monitors,399.00,1,399.00
RCPT-20251228-00162,2,P-0016,"Lenovo Yoga Slim 7i Aura Edition 14"" 2.8K OLED Laptop (Intel Core Ultra 5)[1TB]",laptops,1499.00,1,1499.00
RCPT-20251228-00162,3,P-0052,"Samsung Galaxy Tab A11+ 11"" 5G 128GB (Grey)",monitors,529.00,1,529.00
RCPT-20251228-00163,1,P-0037,"Lenovo Legion GB800 17"" Laptop Backpack (Black)",bags,199.00,1,199.00
RCPT-20251228-00163,2,P-0068,Canon TS7760 Pixma Home Printer,gaming_headsets,139.00,1,139.00
RCPT-20251228-00163,3,P-0058,ASUS DSL-AX82U AX5400 Wi-Fi 6 Modem Router,wi_fi_routers,449.00,2,898.00
RCPT-20251228-00164,1,P-0060,TP-Link AC750 Wi-Fi Range Extender,wi_fi_routers,59.00,3,177.00
RCPT-20251228-00165,1,P-0060,TP-Link AC750 Wi-Fi Range Extender,wi_fi_routers,59.00,1,59.00
RCPT-20251228-00165,2,P-0036,"STM Tower View Folio 18"" Laptop Brief (Black)",bags,69.95,1,69.95
RCPT-20251228-00166,1,P-0007,"Dell Inspiron 14 7440 14"" WQXGA 2-in-1 Laptop (Intel Core i5)[512GB/16GB]",laptops,1199.00,1,1199.00
RCPT-20251228-00166,2,P-0041,"LG UltraGear 24G411A 24"" FHD 144Hz Gaming Monitor",monitors,189.00,1,189.00
RCPT-20251228-00166,3,P-0057,Starlink Standard Kit (Latest Generation),wi_fi_routers,549.00,1,549.00
RCPT-20251228-00167,1,P-0055,ASUS RT-AX54HP V2 AX1800 Wi-Fi 6 Router,wi_fi_routers,179.00,1,179.00
RCPT-20251228-00167,2,P-0001,"Dell 15 DC15255 15.6"" FHD 120Hz Laptop (Ryzen 3)[512GB]",laptops,629.00,1,629.00
RCPT-20251228-00167,3,P-0074,Samsung Portable SSD T7 Shield 1TB (Black),hard_drive,369.00,1,369.00
RCPT-20251228-00167,4,P-0043,"Lenovo Legion R34w-30 34"" WQHD 180Hz Curved Gaming Monitor",monitors,499.00,1,499.00
RCPT-20251228-00168,1,P-0036,"STM Tower View Folio 18"" Laptop Brief (Black)",bags,69.95,3,209.85
RCPT-20251228-00169,1,P-0058,ASUS DSL-AX82U AX5400 Wi-Fi 6 Modem Router,wi_fi_routers,449.00,2,898.00
RCPT-20251228-00169,2,P-0069,WD My Book 16TB External Hard Drive,hard_drive,679.00,1,679.00
RCPT-20251228-00170,1,P-0075,Samsung Portable T7 Shield SSD 4TB (Black),hard_drive,999.00,1,999.00
RCPT-20251228-00170,2,P-0048,"Samsung Galaxy Tab A11+ 11"" Wi-Fi 128GB (Grey)",monitors,379.00,1,379.00
RCPT-20251228-00171,1,P-0060,TP-Link AC750 Wi-Fi Range Extender,wi_fi_routers,59.00,4,236.00
RCPT-20251229-00172,1,P-0060,TP-Link AC750 Wi-Fi Range Extender,wi_fi_routers,59.00,3,177.00
RCPT-20251229-00173,1,P-0060,TP-Link AC750 Wi-Fi Range Extender,wi_fi_routers,59.00,1,59.00
RCPT-20251229-00174,1,P-0042,"LG UltraGear 34G600A 34"" WQHD",monitors,699.00,1,699.00
RCPT-20251229-00174,2,P-0062,RIG R5 SPEAR PRO HS Gaming Headset (Black),gaming_headsets,179.00,1,179.00
RCPT-20251229-00175,1,P-0034,"Generation Earth 14.1"" Recycled Berlin Laptop Backpack (Black)",bags,79.00,3,237.00
RCPT-20251229-00176,1,P-0071,Seagate Expansion Desktop 16TB Hard Drive,hard_drive,499.00,1,499.00
RCPT-20251229-00177,1,P-0016,"Lenovo Yoga Slim 7i Aura Edition 14"" 2.8K OLED Laptop (Intel Core Ultra 5)[1TB]",laptops,1499.00,1,1499.00
RCPT-20251229-00178,1,P-0062,RIG R5 SPEAR PRO HS Gaming Headset (Black),gaming_headsets,179.00,1,179.00
RCPT-20251229-00178,2,P-0057,Starlink Standard Kit (Latest Generation),wi_fi_routers,549.00,1,549.00
RCPT-20251230-00179,1,P-0051,"Samsung Galaxy Tab S10 FE+ 13.1"" Wi-Fi 128GB (Grey)",monitors,1099.00,1,1099.00
RCPT-20251230-00180,1,P-0060,TP-Link AC750 Wi-Fi Range Extender,wi_fi_routers,59.00,1,59.00
RCPT-20251230-00180,2,P-0036,"STM Tower View Folio 18"" Laptop Brief (Black)",bags,69.95,1,69.95
RCPT-20251230-00181,1,P-0036,"STM Tower View Folio 18"" Laptop Brief (Black)",bags,69.95,1,69.95
RCPT-20251230-00181,2,P-0060,TP-Link AC750 Wi-Fi Range Extender,wi_fi_routers,59.00,1,59.00
RCPT-20251230-00182,1,P-0041,"LG UltraGear 24G411A 24"" FHD 144Hz Gaming Monitor",monitors,189.00,1,189.00
RCPT-20251230-00182,2,P-0009,"Dell 15 DC15250 15.6"" Full HD Laptop (Intel Core i5)[512GB]",laptops,1199.00,1,1199.00
RCPT-20251230-00182,3,P-0040,"AOC C27G4Z 27"" FHD 280Hz Curved Gaming Monitor",monitors,339.00,1,339.00
RCPT-20251230-00183,1,P-0061,Logitech G Astro A20X PLAYSYNC Wireless Headset (Black),gaming_headsets,349.00,1,349.00
RCPT-20251230-00183,2,P-0061,Logitech G Astro A20X PLAYSYNC Wireless Headset (Black),gaming_headsets,349.00,1,349.00
RCPT-20251230-00183,3,P-0074,Samsung Portable SSD T7 Shield 1TB (Black),hard_drive,369.00,1,369.00
RCPT-20251230-00184,1,P-0060,TP-Link AC750 Wi-Fi Range Extender,wi_fi_routers,59.00,3,177.00
RCPT-20251230-00184,2,P-0064,Logitech G325 LIGHTSPEED Wireless Gaming Headset (White),gaming_headsets,199.00,1,199.00
RCPT-20251230-00184,3,P-0039,"LG UltraGear 27G411A 27"" FHD 144Hz Gaming Monitor",monitors,229.00,1,229.00
RCPT-20251230-00184,4,P-0072,Sandisk E30 Portable SSD Drive (1TB),hard_drive,169.00,1,169.00
RCPT-20251230-00185,1,P-0034,"Generation Earth 14.1"" Recycled Berlin Laptop Backpack (Black)",bags,79.00,1,79.00
RCPT-20251231-00186,1,P-0063,Corsair VOID Wireless V2 Gaming Headset (Pink),gaming_headsets,199.00,1,199.00
RCPT-20251231-00186,2,P-0066,AceZone A-Blaze Hybrid ANC Bluetooth Wireless PC Gaming Headset Black,gaming_headsets,356.15,1,356.15
RCPT-20251231-00186,3,P-0057,Starlink Standard Kit (Latest Generation),wi_fi_routers,549.00,1,549.00
RCPT-20251231-00187,1,P-0062,RIG R5 SPEAR PRO HS Gaming Headset (Black),gaming_headsets,179.00,2,358.00
RCPT-20251231-00187,2,P-0050,Apple iPad 11-inch A16 128GB Wi-Fi (Blue),monitors,499.00,1,499.00
RCPT-20251231-00188,1,P-0001,"Dell 15 DC15255 15.6"" FHD 120Hz Laptop (Ryzen 3)[512GB]",laptops,629.00,1,629.00
RCPT-20251231-00188,2,P-0049,"Lenovo Tab 10"" WUXGA 128GB Tablet with Clear Case",monitors,299.00,1,299.00
RCPT-20251231-00189,1,P-0058,ASUS DSL-AX82U AX5400 Wi-Fi 6 Modem Router,wi_fi_routers,449.00,1,449.00
RCPT-20251231-00189,2,P-0051,"Samsung Galaxy Tab S10 FE+ 13.1"" Wi-Fi 128GB (Grey)",monitors,1099.00,1,1099.00
RCPT-20251231-00190,1,P-0018,"MSI Modern 15 H AI 15.6"" FHD 60Hz Laptop (Intel Core Ultra 7) [1TB]",laptops,1499.00,1,1499.00
RCPT-20251231-00190,2,P-0035,"Thule Gauntlet Macbook Pro Attache 14"" (Black)",bags,179.95,1,179.95
RCPT-20251231-00190,3,P-0034,"Generation Earth 14.1"" Recycled Berlin Laptop Backpack (Black)",bags,79.00,1,79.00
RCPT-20251231-00190,4,P-0038,"Blaupunkt BP27GM240 27"" FHD 240Hz Curved Gaming Monitor",monitors,399.00,1,399.00
RCPT-20251231-00191,1,P-0042,"LG UltraGear 34G600A 34"" WQHD",monitors,699.00,1,699.00
RCPT-20251231-00191,2,P-0071,Seagate Expansion Desktop 16TB Hard Drive,hard_drive,499.00,1,499.00
RCPT-20251231-00192,1,P-0060,TP-Link AC750 Wi-Fi Range Extender,wi_fi_routers,59.00,1,59.00
RCPT-20251231-00192,2,P-0036,"STM Tower View Folio 18"" Laptop Brief (Black)",bags,69.95,1,69.95
RCPT-20251231-00193,1,P-0060,TP-Link AC750 Wi-Fi Range Extender,wi_fi_routers,59.00,1,59.00
RCPT-20251231-00194,1,P-0063,Corsair VOID Wireless V2 Gaming Headset (Pink),gaming_headsets,199.00,1,199.00
RCPT-20251231-00194,2,P-0064,Logitech G325 LIGHTSPEED Wireless Gaming Headset (White),gaming_headsets,199.00,1,199.00
RCPT-20251231-00194,3,P-0052,"Samsung Galaxy Tab A11+ 11"" 5G 128GB (Grey)",monitors,529.00,1,529.00
RCPT-20251231-00195,1,P-0038,"Blaupunkt BP27GM240 27"" FHD 240Hz Curved Gaming Monitor",monitors,399.00,1,399.00
RCPT-20251231-00195,2,P-0067,Epson WorkForce Pro WF-3825 Multifunction Printer,gaming_headsets,169.00,1,169.00
RCPT-20251231-00195,3,P-0035,"Thule Gauntlet Macbook Pro Attache 14"" (Black)",bags,179.95,1,179.95
RCPT-20251231-00195,4,P-0038,"Blaupunkt BP27GM240 27"" FHD 240Hz Curved Gaming Monitor",monitors,399.00,1,399.00
RCPT-20251231-00196,1,P-0066,AceZone A-Blaze Hybrid ANC Bluetooth Wireless PC Gaming Headset Black,gaming_headsets,356.15,2,712.30
RCPT-20251231-00196,2,P-0039,"LG UltraGear 27G411A 27"" FHD 144Hz Gaming Monitor",monitors,229.00,1,229.00
RCPT-20251231-00197,1,P-0062,RIG R5 SPEAR PRO HS Gaming Headset (Black),gaming_headsets,179.00,1,179.00
RCPT-20251231-00197,2,P-0046,"LG 31.5"" QHD 100Hz IPS Super Slim Stand Monitor with USB-C",monitors,389.00,1,389.00
RCPT-20251231-00197,3,P-0039,"LG UltraGear 27G411A 27"" FHD 144Hz Gaming Monitor",monitors,229.00,1,229.00
RCPT-20251231-00197,4,P-0057,Starlink Standard Kit (Latest Generation),wi_fi_routers,549.00,1,549.00
RCPT-20251231-00198,1,P-0001,"Dell 15 DC15255 15.6"" FHD 120Hz Laptop (Ryzen 3)[512GB]",laptops,629.00,1,629.00
RCPT-20251231-00198,2,P-0012,"ASUS Vivobook S16 16"" WQXGA Laptop (Copilot+ PC)[512GB]",laptops,1278.00,1,1278.00
RCPT-20251231-00198,3,P-0064,Logitech G325 LIGHTSPEED Wireless Gaming Headset (White),gaming_headsets,199.00,1,199.00
RCPT-20251231-00198,4,P-0051,"Samsung Galaxy Tab S10 FE+ 13.1"" Wi-Fi 128GB (Grey)",monitors,1099.00,1,1099.00
RCPT-20251231-00199,1,P-0017,"MSI Modern 15 H AI 15.6"" FHD 60Hz Laptop (Intel Core Ultra 9) [1TB]",laptops,1499.00,1,1499.00
RCPT-20251231-00199,2,P-0053,Apple iPad Air 13-inch M3 128GB Wi-Fi (Space Grey),monitors,1347.00,1,1347.00
RCPT-20260101-00200,1,P-0060,TP-Link AC750 Wi-Fi Range Extender,wi_fi_routers,59.00,1,59.00
RCPT-20260101-00201,1,P-0039,"LG UltraGear 27G411A 27"" FHD 144Hz Gaming Monitor",monitors,229.00,1,229.00
RCPT-20260101-00201,2,P-0068,Canon TS7760 Pixma Home Printer,gaming_headsets,139.00,1,139.00
RCPT-20260101-00201,3,P-0052,"Samsung Galaxy Tab A11+ 11"" 5G 128GB (Grey)",monitors,529.00,1,529.00
RCPT-20260101-00201,4,P-0074,Samsung Portable SSD T7 Shield 1TB (Black),hard_drive,369.00,1,369.00
RCPT-20260101-00202,1,P-0060,TP-Link AC750 Wi-Fi Range Extender,wi_fi_routers,59.00,1,59.00
RCPT-20260101-00203,1,P-0039,"LG UltraGear 27G411A 27"" FHD 144Hz Gaming Monitor",monitors,229.00,1,229.00
RCPT-20260101-00203,2,P-0046,"LG 31.5"" QHD 100Hz IPS Super Slim Stand Monitor with USB-C",monitors,389.00,1,389.00
RCPT-20260101-00203,3,P-0076,SanDisk® Creator Phone SSD with Magsafe 2TB,hard_drive,399.00,1,399.00
RCPT-20260101-00203,4,P-0069,WD My Book 16TB External Hard Drive,hard_drive,679.00,2,1358.00
RCPT-20260101-00204,1,P-0060,TP-Link AC750 Wi-Fi Range Extender,wi_fi_routers,59.00,1,59.00
RCPT-20260101-00204,2,P-0036,"STM Tower View Folio 18"" Laptop Brief (Black)",bags,69.95,1,69.95
RCPT-20260101-00205,1,P-0018,"MSI Modern 15 H AI 15.6"" FHD 60Hz Laptop (Intel Core Ultra 7) [1TB]",laptops,1499.00,1,1499.00
RCPT-20260101-00205,2,P-0037,"Lenovo Legion GB800 17"" Laptop Backpack (Black)",bags,199.00,1,199.00
RCPT-20260101-00205,3,P-0011,"Lenovo Ideapad 5 14"" WUXGA OLED 2-in-1 Laptop (Snapdragon X Plus)[1TB]",laptops,1274.00,1,1274.00
RCPT-20260101-00205,4,P-0037,"Lenovo Legion GB800 17"" Laptop Backpack (Black)",bags,199.00,1,199.00
RCPT-20260102-00206,1,P-0034,"Generation Earth 14.1"" Recycled Berlin Laptop Backpack (Black)",bags,79.00,1,79.00
RCPT-20260102-00207,1,P-0060,TP-Link AC750 Wi-Fi Range Extender,wi_fi_routers,59.00,1,59.00
RCPT-20260102-00208,1,P-0062,RIG R5 SPEAR PRO HS Gaming Headset (Black),gaming_headsets,179.00,1,179.00
RCPT-20260102-00208,2,P-0076,SanDisk® Creator Phone SSD with Magsafe 2TB,hard_drive,399.00,1,399.00
RCPT-20260102-00208,3,P-0042,"LG UltraGear 34G600A 34"" WQHD",monitors,699.00,1,699.00
RCPT-20260102-00208,4,P-0006,"HP OmniBook 5 NG AI PC 14-he0013QU 14"" WUXGA OLED Copilot+ PC Laptop (Snapdragon X1)[512GB/16GB]",laptops,1099.00,1,1099.00
RCPT-20260102-00209,1,P-0076,SanDisk® Creator Phone SSD with Magsafe 2TB,hard_drive,399.00,1,399.00
RCPT-20260102-00209,2,P-0037,"Lenovo Legion GB800 17"" Laptop Backpack (Black)",bags,199.00,1,199.00
RCPT-20260102-00209,3,P-0065,HyperX Cloud Flight 2 Wire,gaming_headsets,219.00,1,219.00
RCPT-20260102-00210,1,P-0060,TP-Link AC750 Wi-Fi Range Extender,wi_fi_routers,59.00,1,59.00
RCPT-20260102-00210,2,P-0034,"Generation Earth 14.1"" Recycled Berlin Laptop Backpack (Black)",bags,79.00,4,316.00
RCPT-20260102-00211,1,P-0063,Corsair VOID Wireless V2 Gaming Headset (Pink),gaming_headsets,199.00,1,199.00
RCPT-20260102-00211,2,P-0070,Seagate Expansion Desktop 26TB Hard Drive,hard_drive,749.00,1,749.00
RCPT-20260102-00211,3,P-0048,"Samsung Galaxy Tab A11+ 11"" Wi-Fi 128GB (Grey)",monitors,379.00,1,379.00
RCPT-20260102-00211,4,P-0042,"LG UltraGear 34G600A 34"" WQHD",monitors,699.00,1,699.00
RCPT-20260102-00212,1,P-0060,TP-Link AC750 Wi-Fi Range Extender,wi_fi_routers,59.00,1,59.00
RCPT-20260102-00213,1,P-0060,TP-Link AC750 Wi-Fi Range Extender,wi_fi_routers,59.00,1,59.00
RCPT-20260102-00214,1,P-0060,TP-Link AC750 Wi-Fi Range Extender,wi_fi_routers,59.00,1,59.00
RCPT-20260102-00214,2,P-0034,"Generation Earth 14.1"" Recycled Berlin Laptop Backpack (Black)",bags,79.00,1,79.00
RCPT-20260102-00215,1,P-0051,"Samsung Galaxy Tab S10 FE+ 13.1"" Wi-Fi 128GB (Grey)",monitors,1099.00,1,1099.00
RCPT-20260102-00215,2,P-0052,"Samsung Galaxy Tab A11+ 11"" 5G 128GB (Grey)",monitors,529.00,1,529.00
RCPT-20260102-00215,3,P-0038,"Blaupunkt BP27GM240 27"" FHD 240Hz Curved Gaming Monitor",monitors,399.00,1,399.00
RCPT-20260102-00215,4,P-0053,Apple iPad Air 13-inch M3 128GB Wi-Fi (Space Grey),monitors,1347.00,1,1347.00
RCPT-20260102-00216,1,P-0071,Seagate Expansion Desktop 16TB Hard Drive,hard_drive,499.00,1,499.00
RCPT-20260102-00216,2,P-0034,"Generation Earth 14.1"" Recycled Berlin Laptop Backpack (Black)",bags,79.00,1,79.00
RCPT-20260102-00216,3,P-0055,ASUS RT-AX54HP V2 AX1800 Wi-Fi 6 Router,wi_fi_routers,179.00,1,179.00
RCPT-20260102-00216,4,P-0072,Sandisk E30 Portable SSD Drive (1TB),hard_drive,169.00,1,169.00
RCPT-20260102-00217,1,P-0034,"Generation Earth 14.1"" Recycled Berlin Laptop Backpack (Black)",bags,79.00,2,158.00
RCPT-20260103-00218,1,P-0060,TP-Link AC750 Wi-Fi Range Extender,wi_fi_routers,59.00,1,59.00
RCPT-20260103-00219,1,P-0043,"Lenovo Legion R34w-30 34"" WQHD 180Hz Curved Gaming Monitor",monitors,499.00,1,499.00
RCPT-20260103-00219,2,P-0039,"LG UltraGear 27G411A 27"" FHD 144Hz Gaming Monitor",monitors,229.00,1,229.00
RCPT-20260103-00220,1,P-0036,"STM Tower View Folio 18"" Laptop Brief (Black)",bags,69.95,1,69.95
RCPT-20260103-00220,2,P-0054,TP-Link AX3000 Gigabit Wi-Fi 6 Router,wi_fi_routers,159.00,1,159.00
RCPT-20260103-00220,3,P-0035,"Thule Gauntlet Macbook Pro Attache 14"" (Black)",bags,179.95,1,179.95
RCPT-20260103-00220,4,P-0058,ASUS DSL-AX82U AX5400 Wi-Fi 6 Modem Router,wi_fi_routers,449.00,1,449.00
RCPT-20260103-00221,1,P-0073,Samsung T7 Portable SSD Drive [1TB](Titan Gray),hard_drive,329.00,1,329.00
RCPT-20260103-00222,1,P-0060,TP-Link AC750 Wi-Fi Range Extender,wi_fi_routers,59.00,1,59.00
RCPT-20260103-00222,2,P-0060,TP-Link AC750 Wi-Fi Range Extender,wi_fi_routers,59.00,1,59.00
RCPT-20260103-00223,1,P-0060,TP-Link AC750 Wi-Fi Range Extender,wi_fi_routers,59.00,1,59.00
RCPT-20260103-00224,1,P-0069,WD My Book 16TB External Hard Drive,hard_drive,679.00,1,679.00
RCPT-20260103-00224,2,P-0003,"Lenovo IdeaPad S3i 15.6"" FHD Laptop (Intel Core i3)[512GB]",laptops,699.00,1,699.00
RCPT-20260103-00224,3,P-0056,Netgear Nighthawk® Wi-Fi 6 AX1800 Router RAX9,wi_fi_routers,149.00,1,149.00
RCPT-20260103-00224,4,P-0019,"Lenovo IdeaPad Slim 3i 15.3"" 2K Laptop (Intel Core i7)[1TB]",laptops,1599.00,1,1599.00
RCPT-20260103-00225,1,P-0060,TP-Link AC750 Wi-Fi Range Extender,wi_fi_routers,59.00,4,236.00
RCPT-20260103-00226,1,P-0036,"STM Tower View Folio 18"" Laptop Brief (Black)",bags,69.95,1,69.95
RCPT-20260103-00226,2,P-0034,"Generation Earth 14.1"" Recycled Berlin Laptop Backpack (Black)",bags,79.00,1,79.00
RCPT-20260103-00227,1,P-0011,"Lenovo Ideapad 5 14"" WUXGA OLED 2-in-1 Laptop (Snapdragon X Plus)[1TB]",laptops,1274.00,1,1274.00
RCPT-20260103-00227,2,P-0007,"Dell Inspiron 14 7440 14"" WQXGA 2-in-1 Laptop (Intel Core i5)[512GB/16GB]",laptops,1199.00,1,1199.00
RCPT-20260103-00228,1,P-0034,"Generation Earth 14.1"" Recycled Berlin Laptop Backpack (Black)",bags,79.00,1,79.00
RCPT-20260103-00228,2,P-0060,TP-Link AC750 Wi-Fi Range Extender,wi_fi_routers,59.00,1,59.00
RCPT-20260103-00229,1,P-0075,Samsung Portable T7 Shield SSD 4TB (Black),hard_drive,999.00,1,999.00
RCPT-20260103-00229,2,P-0012,"ASUS Vivobook S16 16"" WQXGA Laptop (Copilot+ PC)[512GB]",laptops,1278.00,1,1278.00
RCPT-20260103-00230,1,P-0074,Samsung Portable SSD T7 Shield 1TB (Black),hard_drive,369.00,1,369.00
RCPT-20260103-00230,2,P-0041,"LG UltraGear 24G411A 24"" FHD 144Hz Gaming Monitor",monitors,189.00,1,189.00
RCPT-20260103-00230,3,P-0047,"AOC 16T20 15.6"" FHD USB-C Portable Monitor",monitors,179.00,2,358.00
RCPT-20260103-00231,1,P-0052,"Samsung Galaxy Tab A11+ 11"" 5G 128GB (Grey)",monitors,529.00,1,529.00
RCPT-20260103-00231,2,P-0046,"LG 31.5"" QHD 100Hz IPS Super Slim Stand Monitor with USB-C",monitors,389.00,1,389.00
RCPT-20260103-00231,3,P-0018,"MSI Modern 15 H AI 15.6"" FHD 60Hz Laptop (Intel Core Ultra 7) [1TB]",laptops,1499.00,1,1499.00
RCPT-20260103-00231,4,P-0021,"HP Victus 15-fa2364TX 15.6"" Full HD Gaming Laptop (Intel Core i7)[GeForce RTX 4050]",laptops,1899.00,1,1899.00
RCPT-20260104-00232,1,P-0039,"LG UltraGear 27G411A 27"" FHD 144Hz Gaming Monitor",monitors,229.00,1,229.00
RCPT-20260104-00232,2,P-0065,HyperX Cloud Flight 2 Wire,gaming_headsets,219.00,1,219.00
RCPT-20260104-00232,3,P-0036,"STM Tower View Folio 18"" Laptop Brief (Black)",bags,69.95,4,279.80
RCPT-20260104-00232,4,P-0064,Logitech G325 LIGHTSPEED Wireless Gaming Headset (White),gaming_headsets,199.00,1,199.00
RCPT-20260104-00233,1,P-0010,"Dell DB16255 16"" WUXGA Copilot+ PC Laptop (Ryzen AI 5)[512GB]",laptops,1259.00,1,1259.00
RCPT-20260104-00233,2,P-0036,"STM Tower View Folio 18"" Laptop Brief (Black)",bags,69.95,1,69.95
RCPT-20260104-00233,3,P-0046,"LG 31.5"" QHD 100Hz IPS Super Slim Stand Monitor with USB-C",monitors,389.00,1,389.00
RCPT-20260104-00233,4,P-0012,"ASUS Vivobook S16 16"" WQXGA Laptop (Copilot+ PC)[512GB]",laptops,1278.00,1,1278.00
RCPT-20260104-00234,1,P-0001,"Dell 15 DC15255 15.6"" FHD 120Hz Laptop (Ryzen 3)[512GB]",laptops,629.00,1,629.00
RCPT-20260104-00234,2,P-0066,AceZone A-Blaze Hybrid ANC Bluetooth Wireless PC Gaming Headset Black,gaming_headsets,356.15,1,356.15
RCPT-20260104-00235,1,P-0040,"AOC C27G4Z 27"" FHD 280Hz Curved Gaming Monitor",monitors,339.00,1,339.00
RCPT-20260104-00235,2,P-0005,"Asus VivoBook 15.6"" Full HD Thin & Light Laptop (1TB)[Intel Core i5",laptops,959.00,1,959.00
RCPT-20260104-00235,3,P-0003,"Lenovo IdeaPad S3i 15.6"" FHD Laptop (Intel Core i3)[512GB]",laptops,699.00,1,699.00
RCPT-20260104-00235,4,P-0035,"Thule Gauntlet Macbook Pro Attache 14"" (Black)",bags,179.95,1,179.95
RCPT-20260104-00236,1,P-0064,Logitech G325 LIGHTSPEED Wireless Gaming Headset (White),gaming_headsets,199.00,1,199.00
RCPT-20260104-00236,2,P-0064,Logitech G325 LIGHTSPEED Wireless Gaming Headset (White),gaming_headsets,199.00,2,398.00
RCPT-20260104-00236,3,P-0046,"LG 31.5"" QHD 100Hz IPS Super Slim Stand Monitor with USB-C",monitors,389.00,1,389.00
RCPT-20260104-00237,1,P-0007,"Dell Inspiron 14 7440 14"" WQXGA 2-in-1 Laptop (Intel Core i5)[512GB/16GB]",laptops,1199.00,1,1199.00
RCPT-20260104-00237,2,P-0064,Logitech G325 LIGHTSPEED Wireless Gaming Headset (White),gaming_headsets,199.00,1,199.00
RCPT-20260104-00238,1,P-0073,Samsung T7 Portable SSD Drive [1TB](Titan Gray),hard_drive,329.00,1,329.00
RCPT-20260104-00238,2,P-0002,"HP Laptop 15-fc0433AU 15.6"" FHD Laptop (Ryzen 5)[512GB]",laptops,649.00,1,649.00
RCPT-20260104-00238,3,P-0057,Starlink Standard Kit (Latest Generation),wi_fi_routers,549.00,1,549.00
RCPT-20260104-00238,4,P-0006,"HP OmniBook 5 NG AI PC 14-he0013QU 14"" WUXGA OLED Copilot+ PC Laptop (Snapdragon X1)[512GB/16GB]",laptops,1099.00,1,1099.00
RCPT-20260104-00239,1,P-0039,"LG UltraGear 27G411A 27"" FHD 144Hz Gaming Monitor",monitors,229.00,1,229.00
RCPT-20260104-00239,2,P-0046,"LG 31.5"" QHD 100Hz IPS Super Slim Stand Monitor with USB-C",monitors,389.00,1,389.00
RCPT-20260104-00239,3,P-0003,"Lenovo IdeaPad S3i 15.6"" FHD Laptop (Intel Core i3)[512GB]",laptops,699.00,1,699.00
RCPT-20260104-00239,4,P-0057,Starlink Standard Kit (Latest Generation),wi_fi_routers,549.00,1,549.00
RCPT-20260104-00240,1,P-0072,Sandisk E30 Portable SSD Drive (1TB),hard_drive,169.00,1,169.00
RCPT-20260104-00240,2,P-0051,"Samsung Galaxy Tab S10 FE+ 13.1"" Wi-Fi 128GB (Grey)",monitors,1099.00,1,1099.00
RCPT-20260104-00240,3,P-0059,TP-Link AX3000 Mesh Wi-Fi 6 Range Extender,wi_fi_routers,149.00,2,298.00
RCPT-20260104-00240,4,P-0066,AceZone A-Blaze Hybrid ANC Bluetooth Wireless PC Gaming Headset Black,gaming_headsets,356.15,1,356.15
RCPT-20260105-00241,1,P-0022,"Asus TUF Gaming F16 16"" FHD+ 144Hz Gaming Laptop (Intel Core i7)[GeForce RTX 4050]",laptops,1919.00,1,1919.00
RCPT-20260105-00242,1,P-0035,"Thule Gauntlet Macbook Pro Attache 14"" (Black)",bags,179.95,1,179.95
RCPT-20260105-00242,2,P-0009,"Dell 15 DC15250 15.6"" Full HD Laptop (Intel Core i5)[512GB]",laptops,1199.00,1,1199.00
RCPT-20260105-00242,3,P-0056,Netgear Nighthawk® Wi-Fi 6 AX1800 Router RAX9,wi_fi_routers,149.00,1,149.00
RCPT-20260105-00242,4,P-0041,"LG UltraGear 24G411A 24"" FHD 144Hz Gaming Monitor",monitors,189.00,1,189.00
RCPT-20260105-00243,1,P-0072,Sandisk E30 Portable SSD Drive (1TB),hard_drive,169.00,1,169.00
RCPT-20260105-00243,2,P-0039,"LG UltraGear 27G411A 27"" FHD 144Hz Gaming Monitor",monitors,229.00,2,458.00
RCPT-20260105-00243,3,P-0039,"LG UltraGear 27G411A 27"" FHD 144Hz Gaming Monitor",monitors,229.00,1,229.00
RCPT-20260105-00244,1,P-0060,TP-Link AC750 Wi-Fi Range Extender,wi_fi_routers,59.00,1,59.00
RCPT-20260105-00244,2,P-0060,TP-Link AC750 Wi-Fi Range Extender,wi_fi_routers,59.00,1,59.00
RCPT-20260105-00245,1,P-0054,TP-Link AX3000 Gigabit Wi-Fi 6 Router,wi_fi_routers,159.00,1,159.00
RCPT-20260105-00245,2,P-0066,AceZone A-Blaze Hybrid ANC Bluetooth Wireless PC Gaming Headset Black,gaming_headsets,356.15,1,356.15
RCPT-20260105-00245,3,P-0039,"LG UltraGear 27G411A 27"" FHD 144Hz Gaming Monitor",monitors,229.00,2,458.00
RCPT-20260105-00246,1,P-0061,Logitech G Astro A20X PLAYSYNC Wireless Headset (Black),gaming_headsets,349.00,1,349.00
RCPT-20260105-00246,2,P-0073,Samsung T7 Portable SSD Drive [1TB](Titan Gray),hard_drive,329.00,1,329.00
RCPT-20260105-00246,3,P-0036,"STM Tower View Folio 18"" Laptop Brief (Black)",bags,69.95,1,69.95
RCPT-20260105-00247,1,P-0034,"Generation Earth 14.1"" Recycled Berlin Laptop Backpack (Black)",bags,79.00,2,158.00
RCPT-20260106-00248,1,P-0053,Apple iPad Air 13-inch M3 128GB Wi-Fi (Space Grey),monitors,1347.00,1,1347.00
RCPT-20260106-00249,1,P-0049,"Lenovo Tab 10"" WUXGA 128GB Tablet with Clear Case",monitors,299.00,1,299.00
RCPT-20260106-00249,2,P-0038,"Blaupunkt BP27GM240 27"" FHD 240Hz Curved Gaming Monitor",monitors,399.00,1,399.00
RCPT-20260106-00249,3,P-0062,RIG R5 SPEAR PRO HS Gaming Headset (Black),gaming_headsets,179.00,1,179.00
RCPT-20260106-00250,1,P-0002,"HP Laptop 15-fc0433AU 15.6"" FHD Laptop (Ryzen 5)[512GB]",laptops,649.00,1,649.00
RCPT-20260106-00250,2,P-0009,"Dell 15 DC15250 15.6"" Full HD Laptop (Intel Core i5)[512GB]",laptops,1199.00,1,1199.00
RCPT-20260106-00250,3,P-0055,ASUS RT-AX54HP V2 AX1800 Wi-Fi 6 Router,wi_fi_routers,179.00,1,179.00
RCPT-20260106-00250,4,P-0015,"Dell DB16255 16"" WUXGA Copilot+ PC Laptop (Ryzen AI 7)[1TB]",laptops,1399.00,1,1399.00
RCPT-20260106-00251,1,P-0054,TP-Link AX3000 Gigabit Wi-Fi 6 Router,wi_fi_routers,159.00,1,159.00
RCPT-20260106-00251,2,P-0063,Corsair VOID Wireless V2 Gaming Headset (Pink),gaming_headsets,199.00,1,199.00
RCPT-20260106-00251,3,P-0001,"Dell 15 DC15255 15.6"" FHD 120Hz Laptop (Ryzen 3)[512GB]",laptops,629.00,1,629.00
RCPT-20260106-00252,1,P-0037,"Lenovo Legion GB800 17"" Laptop Backpack (Black)",bags,199.00,1,199.00
RCPT-20260106-00252,2,P-0040,"AOC C27G4Z 27"" FHD 280Hz Curved Gaming Monitor",monitors,339.00,1,339.00
RCPT-20260106-00252,3,P-0069,WD My Book 16TB External Hard Drive,hard_drive,679.00,1,679.00
RCPT-20260106-00252,4,P-0008,"Lenovo IdeaPad 5 14"" 2K OLED 2-in-1 Laptop (Copilot+ PC)[512GB]",laptops,1124.00,1,1124.00
RCPT-20260106-00253,1,P-0055,ASUS RT-AX54HP V2 AX1800 Wi-Fi 6 Router,wi_fi_routers,179.00,1,179.00
RCPT-20260106-00253,2,P-0005,"Asus VivoBook 15.6"" Full HD Thin & Light Laptop (1TB)[Intel Core i5",laptops,959.00,1,959.00
RCPT-20260106-00253,3,P-0025,"Asus TUF F16 16"" FHD+ 165Hz Gaming Laptop (Intel Core i7)[GeForce RTX 5060]",laptops,2899.00,1,2899.00
RCPT-20260106-00253,4,P-0049,"Lenovo Tab 10"" WUXGA 128GB Tablet with Clear Case",monitors,299.00,1,299.00
RCPT-20260106-00254,1,P-0035,"Thule Gauntlet Macbook Pro Attache 14"" (Black)",bags,179.95,1,179.95
RCPT-20260106-00254,2,P-0072,Sandisk E30 Portable SSD Drive (1TB),hard_drive,169.00,1,169.00
RCPT-20260106-00254,3,P-0017,"MSI Modern 15 H AI 15.6"" FHD 60Hz Laptop (Intel Core Ultra 9) [1TB]",laptops,1499.00,1,1499.00
RCPT-20260106-00254,4,P-0063,Corsair VOID Wireless V2 Gaming Headset (Pink),gaming_headsets,199.00,1,199.00
RCPT-20260106-00255,1,P-0054,TP-Link AX3000 Gigabit Wi-Fi 6 Router,wi_fi_routers,159.00,1,159.00
RCPT-20260106-00255,2,P-0051,"Samsung Galaxy Tab S10 FE+ 13.1"" Wi-Fi 128GB (Grey)",monitors,1099.00,1,1099.00
RCPT-20260106-00255,3,P-0071,Seagate Expansion Desktop 16TB Hard Drive,hard_drive,499.00,1,499.00
RCPT-20260106-00255,4,P-0004,"HP Laptop 15-fc0474AU 15.6"" FHD laptop (Ryzen 7)[512GB]",laptops,899.00,1,899.00
RCPT-20260106-00256,1,P-0040,"AOC C27G4Z 27"" FHD 280Hz Curved Gaming Monitor",monitors,339.00,1,339.00
RCPT-20260106-00256,2,P-0048,"Samsung Galaxy Tab A11+ 11"" Wi-Fi 128GB (Grey)",monitors,379.00,1,379.00
RCPT-20260106-00256,3,P-0067,Epson WorkForce Pro WF-3825 Multifunction Printer,gaming_headsets,169.00,1,169.00
RCPT-20260106-00257,1,P-0041,"LG UltraGear 24G411A 24"" FHD 144Hz Gaming Monitor",monitors,189.00,1,189.00
RCPT-20260106-00257,2,P-0046,"LG 31.5"" QHD 100Hz IPS Super Slim Stand Monitor with USB-C",monitors,389.00,1,389.00
RCPT-20260106-00257,3,P-0038,"Blaupunkt BP27GM240 27"" FHD 240Hz Curved Gaming Monitor",monitors,399.00,1,399.00
RCPT-20260106-00258,1,P-0053,Apple iPad Air 13-inch M3 128GB Wi-Fi (Space Grey),monitors,1347.00,1,1347.00
RCPT-20260106-00258,2,P-0065,HyperX Cloud Flight 2 Wire,gaming_headsets,219.00,1,219.00
RCPT-20260106-00258,3,P-0013,"HP Envy x360 14-fc0189TU 14"" WUXGA 2-in-1 Laptop (Intel Core Ultra 5)[512GB]",laptops,1299.00,1,1299.00
RCPT-20260106-00259,1,P-0060,TP-Link AC750 Wi-Fi Range Extender,wi_fi_routers,59.00,1,59.00
RCPT-20260106-00259,2,P-0034,"Generation Earth 14.1"" Recycled Berlin Laptop Backpack (Black)",bags,79.00,3,237.00
RCPT-20260106-00260,1,P-0022,"Asus TUF Gaming F16 16"" FHD+ 144Hz Gaming Laptop (Intel Core i7)[GeForce RTX 4050]",laptops,1919.00,1,1919.00
RCPT-20260106-00261,1,P-0034,"Generation Earth 14.1"" Recycled Berlin Laptop Backpack (Black)",bags,79.00,1,79.00
RCPT-20260106-00261,2,P-0060,TP-Link AC750 Wi-Fi Range Extender,wi_fi_routers,59.00,1,59.00
RCPT-20260106-00262,1,P-0049,"Lenovo Tab 10"" WUXGA 128GB Tablet with Clear Case",monitors,299.00,1,299.00
RCPT-20260106-00262,2,P-0043,"Lenovo Legion R34w-30 34"" WQHD 180Hz Curved Gaming Monitor",monitors,499.00,1,499.00
RCPT-20260106-00263,1,P-0067,Epson WorkForce Pro WF-3825 Multifunction Printer,gaming_headsets,169.00,1,169.00
RCPT-20260106-00263,2,P-0038,"Blaupunkt BP27GM240 27"" FHD 240Hz Curved Gaming Monitor",monitors,399.00,1,399.00
RCPT-20260106-00263,3,P-0039,"LG UltraGear 27G411A 27"" FHD 144Hz Gaming Monitor",monitors,229.00,1,229.00
RCPT-20260107-00264,1,P-0048,"Samsung Galaxy Tab A11+ 11"" Wi-Fi 128GB (Grey)",monitors,379.00,1,379.00
RCPT-20260107-00264,2,P-0001,"Dell 15 DC15255 15.6"" FHD 120Hz Laptop (Ryzen 3)[512GB]",laptops,629.00,1,629.00
RCPT-20260107-00264,3,P-0006,"HP OmniBook 5 NG AI PC 14-he0013QU 14"" WUXGA OLED Copilot+ PC Laptop (Snapdragon X1)[512GB/16GB]",laptops,1099.00,2,2198.00
RCPT-20260107-00265,1,P-0034,"Generation Earth 14.1"" Recycled Berlin Laptop Backpack (Black)",bags,79.00,1,79.00
RCPT-20260107-00265,2,P-0004,"HP Laptop 15-fc0474AU 15.6"" FHD laptop (Ryzen 7)[512GB]",laptops,899.00,1,899.00
RCPT-20260107-00265,3,P-0036,"STM Tower View Folio 18"" Laptop Brief (Black)",bags,69.95,3,209.85
RCPT-20260107-00265,4,P-0050,Apple iPad 11-inch A16 128GB Wi-Fi (Blue),monitors,499.00,1,499.00
RCPT-20260107-00266,1,P-0041,"LG UltraGear 24G411A 24"" FHD 144Hz Gaming Monitor",monitors,189.00,1,189.00
RCPT-20260107-00266,2,P-0064,Logitech G325 LIGHTSPEED Wireless Gaming Headset (White),gaming_headsets,199.00,1,199.00
RCPT-20260107-00266,3,P-0074,Samsung Portable SSD T7 Shield 1TB (Black),hard_drive,369.00,1,369.00
RCPT-20260107-00266,4,P-0048,"Samsung Galaxy Tab A11+ 11"" Wi-Fi 128GB (Grey)",monitors,379.00,1,379.00
RCPT-20260107-00267,1,P-0034,"Generation Earth 14.1"" Recycled Berlin Laptop Backpack (Black)",bags,79.00,1,79.00
RCPT-20260107-00267,2,P-0060,TP-Link AC750 Wi-Fi Range Extender,wi_fi_routers,59.00,1,59.00
RCPT-20260107-00268,1,P-0055,ASUS RT-AX54HP V2 AX1800 Wi-Fi 6 Router,wi_fi_routers,179.00,1,179.00
RCPT-20260107-00268,2,P-0009,"Dell 15 DC15250 15.6"" Full HD Laptop (Intel Core i5)[512GB]",laptops,1199.00,1,1199.00
RCPT-20260107-00268,3,P-0046,"LG 31.5"" QHD 100Hz IPS Super Slim Stand Monitor with USB-C",monitors,389.00,1,389.00
RCPT-20260107-00268,4,P-0073,Samsung T7 Portable SSD Drive [1TB](Titan Gray),hard_drive,329.00,1,329.00
RCPT-20260107-00269,1,P-0065,HyperX Cloud Flight 2 Wire,gaming_headsets,219.00,1,219.00
RCPT-20260107-00269,2,P-0062,RIG R5 SPEAR PRO HS Gaming Headset (Black),gaming_headsets,179.00,1,179.00
RCPT-20260107-00269,3,P-0076,SanDisk® Creator Phone SSD with Magsafe 2TB,hard_drive,399.00,1,399.00
RCPT-20260107-00270,1,P-0054,TP-Link AX3000 Gigabit Wi-Fi 6 Router,wi_fi_routers,159.00,2,318.00
RCPT-20260107-00270,2,P-0004,"HP Laptop 15-fc0474AU 15.6"" FHD laptop (Ryzen 7)[512GB]",laptops,899.00,1,899.00
RCPT-20260107-00270,3,P-0052,"Samsung Galaxy Tab A11+ 11"" 5G 128GB (Grey)",monitors,529.00,1,529.00
RCPT-20260107-00270,4,P-0040,"AOC C27G4Z 27"" FHD 280Hz Curved Gaming Monitor",monitors,339.00,1,339.00
RCPT-20260107-00271,1,P-0066,AceZone A-Blaze Hybrid ANC Bluetooth Wireless PC Gaming Headset Black,gaming_headsets,356.15,1,356.15
RCPT-20260107-00271,2,P-0034,"Generation Earth 14.1"" Recycled Berlin Laptop Backpack (Black)",bags,79.00,1,79.00
RCPT-20260107-00271,3,P-0064,Logitech G325 LIGHTSPEED Wireless Gaming Headset (White),gaming_headsets,199.00,1,199.00
RCPT-20260107-00271,4,P-0076,SanDisk® Creator Phone SSD with Magsafe 2TB,hard_drive,399.00,1,399.00
RCPT-20260107-00272,1,P-0007,"Dell Inspiron 14 7440 14"" WQXGA 2-in-1 Laptop (Intel Core i5)[512GB/16GB]",laptops,1199.00,1,1199.00
RCPT-20260107-00272,2,P-0064,Logitech G325 LIGHTSPEED Wireless Gaming Headset (White),gaming_headsets,199.00,1,199.00
RCPT-20260107-00272,3,P-0066,AceZone A-Blaze Hybrid ANC Bluetooth Wireless PC Gaming Headset Black,gaming_headsets,356.15,1,356.15
RCPT-20260107-00272,4,P-0052,"Samsung Galaxy Tab A11+ 11"" 5G 128GB (Grey)",monitors,529.00,1,529.00
RCPT-20260107-00273,1,P-0049,"Lenovo Tab 10"" WUXGA 128GB Tablet with Clear Case",monitors,299.00,1,299.00
RCPT-20260107-00273,2,P-0059,TP-Link AX3000 Mesh Wi-Fi 6 Range Extender,wi_fi_routers,149.00,1,149.00
RCPT-20260107-00273,3,P-0003,"Lenovo IdeaPad S3i 15.6"" FHD Laptop (Intel Core i3)[512GB]",laptops,699.00,1,699.00
RCPT-20260107-00273,4,P-0048,"Samsung Galaxy Tab A11+ 11"" Wi-Fi 128GB (Grey)",monitors,379.00,1,379.00
RCPT-20260107-00274,1,P-0043,"Lenovo Legion R34w-30 34"" WQHD 180Hz Curved Gaming Monitor",monitors,499.00,1,499.00
RCPT-20260107-00274,2,P-0039,"LG UltraGear 27G411A 27"" FHD 144Hz Gaming Monitor",monitors,229.00,1,229.00
RCPT-20260107-00274,3,P-0035,"Thule Gauntlet Macbook Pro Attache 14"" (Black)",bags,179.95,2,359.90
RCPT-20260107-00275,1,P-0048,"Samsung Galaxy Tab A11+ 11"" Wi-Fi 128GB (Grey)",monitors,379.00,1,379.00
RCPT-20260107-00275,2,P-0058,ASUS DSL-AX82U AX5400 Wi-Fi 6 Modem Router,wi_fi_routers,449.00,2,898.00
RCPT-20260107-00275,3,P-0036,"STM Tower View Folio 18"" Laptop Brief (Black)",bags,69.95,1,69.95
RCPT-20260107-00276,1,P-0056,Netgear Nighthawk® Wi-Fi 6 AX1800 Router RAX9,wi_fi_routers,149.00,2,298.00
RCPT-20260107-00276,2,P-0076,SanDisk® Creator Phone SSD with Magsafe 2TB,hard_drive,399.00,1,399.00
RCPT-20260107-00276,3,P-0052,"Samsung Galaxy Tab A11+ 11"" 5G 128GB (Grey)",monitors,529.00,2,1058.00
RCPT-20260107-00277,1,P-0052,"Samsung Galaxy Tab A11+ 11"" 5G 128GB (Grey)",monitors,529.00,1,529.00
RCPT-20260107-00277,2,P-0076,SanDisk® Creator Phone SSD with Magsafe 2TB,hard_drive,399.00,1,399.00
RCPT-20260107-00277,3,P-0014,"Microsoft Surface Pro Copilot+ PC 12"" Snapdragon X Plus 8 core/16GB/512GB (Violet)",laptops,1399.00,1,1399.00
RCPT-20260108-00278,1,P-0072,Sandisk E30 Portable SSD Drive (1TB),hard_drive,169.00,1,169.00
RCPT-20260108-00278,2,P-0044,"Samsung Odyssey G91SD 49"" DQHD 144Hz OLED Curved Gaming Monitor",monitors,1999.00,1,1999.00
RCPT-20260108-00278,3,P-0015,"Dell DB16255 16"" WUXGA Copilot+ PC Laptop (Ryzen AI 7)[1TB]",laptops,1399.00,1,1399.00
RCPT-20260108-00278,4,P-0051,"Samsung Galaxy Tab S10 FE+ 13.1"" Wi-Fi 128GB (Grey)",monitors,1099.00,1,1099.00
RCPT-20260108-00279,1,P-0010,"Dell DB16255 16"" WUXGA Copilot+ PC Laptop (Ryzen AI 5)[512GB]",laptops,1259.00,1,1259.00
RCPT-20260108-00279,2,P-0004,"HP Laptop 15-fc0474AU 15.6"" FHD laptop (Ryzen 7)[512GB]",laptops,899.00,1,899.00
RCPT-20260108-00280,1,P-0049,"Lenovo Tab 10"" WUXGA 128GB Tablet with Clear Case",monitors,299.00,1,299.00
RCPT-20260108-00280,2,P-0048,"Samsung Galaxy Tab A11+ 11"" Wi-Fi 128GB (Grey)",monitors,379.00,1,379.00
RCPT-20260108-00280,3,P-0069,WD My Book 16TB External Hard Drive,hard_drive,679.00,1,679.00
RCPT-20260108-00280,4,P-0056,Netgear Nighthawk® Wi-Fi 6 AX1800 Router RAX9,wi_fi_routers,149.00,1,149.00
RCPT-20260108-00281,1,P-0043,"Lenovo Legion R34w-30 34"" WQHD 180Hz Curved Gaming Monitor",monitors,499.00,1,499.00
RCPT-20260108-00281,2,P-0071,Seagate Expansion Desktop 16TB Hard Drive,hard_drive,499.00,1,499.00
RCPT-20260108-00281,3,P-0063,Corsair VOID Wireless V2 Gaming Headset (Pink),gaming_headsets,199.00,1,199.00
RCPT-20260108-00281,4,P-0075,Samsung Portable T7 Shield SSD 4TB (Black),hard_drive,999.00,1,999.00
RCPT-20260108-00282,1,P-0049,"Lenovo Tab 10"" WUXGA 128GB Tablet with Clear Case",monitors,299.00,1,299.00
RCPT-20260108-00282,2,P-0010,"Dell DB16255 16"" WUXGA Copilot+ PC Laptop (Ryzen AI 5)[512GB]",laptops,1259.00,1,1259.00
RCPT-20260108-00282,3,P-0012,"ASUS Vivobook S16 16"" WQXGA Laptop (Copilot+ PC)[512GB]",laptops,1278.00,1,1278.00
RCPT-20260108-00283,1,P-0058,ASUS DSL-AX82U AX5400 Wi-Fi 6 Modem Router,wi_fi_routers,449.00,1,449.00
RCPT-20260108-00283,2,P-0001,"Dell 15 DC15255 15.6"" FHD 120Hz Laptop (Ryzen 3)[512GB]",laptops,629.00,1,629.00
RCPT-20260108-00283,3,P-0073,Samsung T7 Portable SSD Drive [1TB](Titan Gray),hard_drive,329.00,2,658.00
RCPT-20260108-00284,1,P-0038,"Blaupunkt BP27GM240 27"" FHD 240Hz Curved Gaming Monitor",monitors,399.00,1,399.00
RCPT-20260108-00284,2,P-0073,Samsung T7 Portable SSD Drive [1TB](Titan Gray),hard_drive,329.00,1,329.00
RCPT-20260108-00284,3,P-0039,"LG UltraGear 27G411A 27"" FHD 144Hz Gaming Monitor",monitors,229.00,2,458.00
RCPT-20260108-00284,4,P-0061,Logitech G Astro A20X PLAYSYNC Wireless Headset (Black),gaming_headsets,349.00,1,349.00
RCPT-20260108-00285,1,P-0054,TP-Link AX3000 Gigabit Wi-Fi 6 Router,wi_fi_routers,159.00,1,159.00
RCPT-20260108-00285,2,P-0039,"LG UltraGear 27G411A 27"" FHD 144Hz Gaming Monitor",monitors,229.00,2,458.00
RCPT-20260108-00285,3,P-0056,Netgear Nighthawk® Wi-Fi 6 AX1800 Router RAX9,wi_fi_routers,149.00,1,149.00
RCPT-20260108-00285,4,P-0052,"Samsung Galaxy Tab A11+ 11"" 5G 128GB (Grey)",monitors,529.00,1,529.00
RCPT-20260108-00286,1,P-0043,"Lenovo Legion R34w-30 34"" WQHD 180Hz Curved Gaming Monitor",monitors,499.00,1,499.00
RCPT-20260108-00286,2,P-0015,"Dell DB16255 16"" WUXGA Copilot+ PC Laptop (Ryzen AI 7)[1TB]",laptops,1399.00,1,1399.00
RCPT-20260108-00286,3,P-0055,ASUS RT-AX54HP V2 AX1800 Wi-Fi 6 Router,wi_fi_routers,179.00,1,179.00
RCPT-20260108-00286,4,P-0042,"LG UltraGear 34G600A 34"" WQHD",monitors,699.00,1,699.00
RCPT-20260108-00287,1,P-0011,"Lenovo Ideapad 5 14"" WUXGA OLED 2-in-1 Laptop (Snapdragon X Plus)[1TB]",laptops,1274.00,1,1274.00
RCPT-20260108-00287,2,P-0007,"Dell Inspiron 14 7440 14"" WQXGA 2-in-1 Laptop (Intel Core i5)[512GB/16GB]",laptops,1199.00,1,1199.00
RCPT-20260108-00288,1,P-0062,RIG R5 SPEAR PRO HS Gaming Headset (Black),gaming_headsets,179.00,1,179.00
RCPT-20260108-00288,2,P-0036,"STM Tower View Folio 18"" Laptop Brief (Black)",bags,69.95,2,139.90
RCPT-20260108-00288,3,P-0034,"Generation Earth 14.1"" Recycled Berlin Laptop Backpack (Black)",bags,79.00,1,79.00
RCPT-20260108-00288,4,P-0059,TP-Link AX3000 Mesh Wi-Fi 6 Range Extender,wi_fi_routers,149.00,1,149.00
RCPT-20260108-00289,1,P-0060,TP-Link AC750 Wi-Fi Range Extender,wi_fi_routers,59.00,1,59.00
RCPT-20260108-00289,2,P-0002,"HP Laptop 15-fc0433AU 15.6"" FHD Laptop (Ryzen 5)[512GB]",laptops,649.00,1,649.00
RCPT-20260108-00289,3,P-0040,"AOC C27G4Z 27"" FHD 280Hz Curved Gaming Monitor",monitors,339.00,1,339.00
RCPT-20260108-00290,1,P-0073,Samsung T7 Portable SSD Drive [1TB](Titan Gray),hard_drive,329.00,1,329.00
RCPT-20260108-00290,2,P-0066,AceZone A-Blaze Hybrid ANC Bluetooth Wireless PC Gaming Headset Black,gaming_headsets,356.15,1,356.15
RCPT-20260108-00290,3,P-0034,"Generation Earth 14.1"" Recycled Berlin Laptop Backpack (Black)",bags,79.00,1,79.00
RCPT-20260108-00291,1,P-0067,Epson WorkForce Pro WF-3825 Multifunction Printer,gaming_headsets,169.00,1,169.00
RCPT-20260108-00291,2,P-0059,TP-Link AX3000 Mesh Wi-Fi 6 Range Extender,wi_fi_routers,149.00,1,149.00
RCPT-20260108-00291,3,P-0001,"Dell 15 DC15255 15.6"" FHD 120Hz Laptop (Ryzen 3)[512GB]",laptops,629.00,1,629.00
RCPT-20260108-00291,4,P-0063,Corsair VOID Wireless V2 Gaming Headset (Pink),gaming_headsets,199.00,1,199.00
RCPT-20260108-00292,1,P-0056,Netgear Nighthawk® Wi-Fi 6 AX1800 Router RAX9,wi_fi_routers,149.00,1,149.00
RCPT-20260108-00292,2,P-0019,"Lenovo IdeaPad Slim 3i 15.3"" 2K Laptop (Intel Core i7)[1TB]",laptops,1599.00,1,1599.00
RCPT-20260108-00292,3,P-0011,"Lenovo Ideapad 5 14"" WUXGA OLED 2-in-1 Laptop (Snapdragon X Plus)[1TB]",laptops,1274.00,1,1274.00
RCPT-20260108-00293,1,P-0004,"HP Laptop 15-fc0474AU 15.6"" FHD laptop (Ryzen 7)[512GB]",laptops,899.00,1,899.00
RCPT-20260108-00293,2,P-0063,Corsair VOID Wireless V2 Gaming Headset (Pink),gaming_headsets,199.00,1,199.00
RCPT-20260108-00293,3,P-0063,Corsair VOID Wireless V2 Gaming Headset (Pink),gaming_headsets,199.00,1,199.00
RCPT-20260108-00293,4,P-0070,Seagate Expansion Desktop 26TB Hard Drive,hard_drive,749.00,1,749.00
RCPT-20260109-00294,1,P-0060,TP-Link AC750 Wi-Fi Range Extender,wi_fi_routers,59.00,1,59.00
RCPT-20260109-00294,2,P-0013,"HP Envy x360 14-fc0189TU 14"" WUXGA 2-in-1 Laptop (Intel Core Ultra 5)[512GB]",laptops,1299.00,1,1299.00
RCPT-20260109-00295,1,P-0036,"STM Tower View Folio 18"" Laptop Brief (Black)",bags,69.95,2,139.90
RCPT-20260109-00295,2,P-0001,"Dell 15 DC15255 15.6"" FHD 120Hz Laptop (Ryzen 3)[512GB]",laptops,629.00,1,629.00
RCPT-20260109-00295,3,P-0039,"LG UltraGear 27G411A 27"" FHD 144Hz Gaming Monitor",monitors,229.00,1,229.00
RCPT-20260109-00295,4,P-0069,WD My Book 16TB External Hard Drive,hard_drive,679.00,1,679.00
RCPT-20260109-00296,1,P-0070,Seagate Expansion Desktop 26TB Hard Drive,hard_drive,749.00,1,749.00
RCPT-20260109-00296,2,P-0038,"Blaupunkt BP27GM240 27"" FHD 240Hz Curved Gaming Monitor",monitors,399.00,1,399.00
RCPT-20260109-00297,1,P-0063,Corsair VOID Wireless V2 Gaming Headset (Pink),gaming_headsets,199.00,1,199.00
RCPT-20260109-00297,2,P-0039,"LG UltraGear 27G411A 27"" FHD 144Hz Gaming Monitor",monitors,229.00,2,458.00
RCPT-20260109-00297,3,P-0052,"Samsung Galaxy Tab A11+ 11"" 5G 128GB (Grey)",monitors,529.00,1,529.00
RCPT-20260109-00297,4,P-0074,Samsung Portable SSD T7 Shield 1TB (Black),hard_drive,369.00,2,738.00
RCPT-20260109-00298,1,P-0034,"Generation Earth 14.1"" Recycled Berlin Laptop Backpack (Black)",bags,79.00,1,79.00
RCPT-20260109-00298,2,P-0060,TP-Link AC750 Wi-Fi Range Extender,wi_fi_routers,59.00,1,59.00
RCPT-20260109-00299,1,P-0060,TP-Link AC750 Wi-Fi Range Extender,wi_fi_routers,59.00,2,118.00
RCPT-20260109-00300,1,P-0068,Canon TS7760 Pixma Home Printer,gaming_headsets,139.00,2,278.00
RCPT-20260109-00300,2,P-0061,Logitech G Astro A20X PLAYSYNC Wireless Headset (Black),gaming_headsets,349.00,1,349.00
RCPT-20260109-00300,3,P-0067,Epson WorkForce Pro WF-3825 Multifunction Printer,gaming_headsets,169.00,1,169.00
RCPT-20260109-00301,1,P-0072,Sandisk E30 Portable SSD Drive (1TB),hard_drive,169.00,1,169.00
RCPT-20260109-00301,2,P-0037,"Lenovo Legion GB800 17"" Laptop Backpack (Black)",bags,199.00,1,199.00
RCPT-20260109-00301,3,P-0062,RIG R5 SPEAR PRO HS Gaming Headset (Black),gaming_headsets,179.00,2,358.00
RCPT-20260109-00302,1,P-0011,"Lenovo Ideapad 5 14"" WUXGA OLED 2-in-1 Laptop (Snapdragon X Plus)[1TB]",laptops,1274.00,1,1274.00
RCPT-20260109-00302,2,P-0039,"LG UltraGear 27G411A 27"" FHD 144Hz Gaming Monitor",monitors,229.00,1,229.00
RCPT-20260109-00303,1,P-0037,"Lenovo Legion GB800 17"" Laptop Backpack (Black)",bags,199.00,1,199.00
RCPT-20260109-00303,2,P-0054,TP-Link AX3000 Gigabit Wi-Fi 6 Router,wi_fi_routers,159.00,1,159.00
RCPT-20260109-00303,3,P-0058,ASUS DSL-AX82U AX5400 Wi-Fi 6 Modem Router,wi_fi_routers,449.00,1,449.00
RCPT-20260109-00303,4,P-0035,"Thule Gauntlet Macbook Pro Attache 14"" (Black)",bags,179.95,1,179.95
RCPT-20260109-00304,1,P-0022,"Asus TUF Gaming F16 16"" FHD+ 144Hz Gaming Laptop (Intel Core i7)[GeForce RTX 4050]",laptops,1919.00,1,1919.00
RCPT-20260109-00304,2,P-0017,"MSI Modern 15 H AI 15.6"" FHD 60Hz Laptop (Intel Core Ultra 9) [1TB]",laptops,1499.00,1,1499.00
RCPT-20260109-00305,1,P-0062,RIG R5 SPEAR PRO HS Gaming Headset (Black),gaming_headsets,179.00,1,179.00
RCPT-20260109-00305,2,P-0022,"Asus TUF Gaming F16 16"" FHD+ 144Hz Gaming Laptop (Intel Core i7)[GeForce RTX 4050]",laptops,1919.00,1,1919.00
RCPT-20260109-00305,3,P-0034,"Generation Earth 14.1"" Recycled Berlin Laptop Backpack (Black)",bags,79.00,4,316.00
RCPT-20260109-00305,4,P-0019,"Lenovo IdeaPad Slim 3i 15.3"" 2K Laptop (Intel Core i7)[1TB]",laptops,1599.00,1,1599.00
RCPT-20260109-00306,1,P-0043,"Lenovo Legion R34w-30 34"" WQHD 180Hz Curved Gaming Monitor",monitors,499.00,1,499.00
RCPT-20260109-00306,2,P-0007,"Dell Inspiron 14 7440 14"" WQXGA 2-in-1 Laptop (Intel Core i5)[512GB/16GB]",laptops,1199.00,1,1199.00
RCPT-20260109-00307,1,P-0016,"Lenovo Yoga Slim 7i Aura Edition 14"" 2.8K OLED Laptop (Intel Core Ultra 5)[1TB]",laptops,1499.00,1,1499.00
RCPT-20260109-00307,2,P-0006,"HP OmniBook 5 NG AI PC 14-he0013QU 14"" WUXGA OLED Copilot+ PC Laptop (Snapdragon X1)[512GB/16GB]",laptops,1099.00,1,1099.00
RCPT-20260109-00308,1,P-0068,Canon TS7760 Pixma Home Printer,gaming_headsets,139.00,1,139.00
RCPT-20260109-00308,2,P-0068,Canon TS7760 Pixma Home Printer,gaming_headsets,139.00,1,139.00
RCPT-20260109-00308,3,P-0062,RIG R5 SPEAR PRO HS Gaming Headset (Black),gaming_headsets,179.00,1,179.00
RCPT-20260109-00308,4,P-0039,"LG UltraGear 27G411A 27"" FHD 144Hz Gaming Monitor",monitors,229.00,1,229.00
RCPT-20260109-00309,1,P-0001,"Dell 15 DC15255 15.6"" FHD 120Hz Laptop (Ryzen 3)[512GB]",laptops,629.00,1,629.00
RCPT-20260109-00309,2,P-0040,"AOC C27G4Z 27"" FHD 280Hz Curved Gaming Monitor",monitors,339.00,1,339.00
RCPT-20260110-00310,1,P-0052,"Samsung Galaxy Tab A11+ 11"" 5G 128GB (Grey)",monitors,529.00,1,529.00
RCPT-20260110-00310,2,P-0050,Apple iPad 11-inch A16 128GB Wi-Fi (Blue),monitors,499.00,1,499.00
RCPT-20260110-00310,3,P-0071,Seagate Expansion Desktop 16TB Hard Drive,hard_drive,499.00,1,499.00
RCPT-20260110-00311,1,P-0035,"Thule Gauntlet Macbook Pro Attache 14"" (Black)",bags,179.95,1,179.95
RCPT-20260110-00311,2,P-0072,Sandisk E30 Portable SSD Drive (1TB),hard_drive,169.00,1,169.00
RCPT-20260110-00311,3,P-0075,Samsung Portable T7 Shield SSD 4TB (Black),hard_drive,999.00,1,999.00
RCPT-20260110-00311,4,P-0070,Seagate Expansion Desktop 26TB Hard Drive,hard_drive,749.00,1,749.00
RCPT-20260110-00312,1,P-0007,"Dell Inspiron 14 7440 14"" WQXGA 2-in-1 Laptop (Intel Core i5)[512GB/16GB]",laptops,1199.00,1,1199.00
RCPT-20260110-00312,2,P-0057,Starlink Standard Kit (Latest Generation),wi_fi_routers,549.00,1,549.00
RCPT-20260110-00312,3,P-0006,"HP OmniBook 5 NG AI PC 14-he0013QU 14"" WUXGA OLED Copilot+ PC Laptop (Snapdragon X1)[512GB/16GB]",laptops,1099.00,1,1099.00
RCPT-20260110-00313,1,P-0059,TP-Link AX3000 Mesh Wi-Fi 6 Range Extender,wi_fi_routers,149.00,2,298.00
RCPT-20260110-00313,2,P-0063,Corsair VOID Wireless V2 Gaming Headset (Pink),gaming_headsets,199.00,1,199.00
RCPT-20260110-00313,3,P-0073,Samsung T7 Portable SSD Drive [1TB](Titan Gray),hard_drive,329.00,1,329.00
RCPT-20260110-00314,1,P-0067,Epson WorkForce Pro WF-3825 Multifunction Printer,gaming_headsets,169.00,1,169.00
RCPT-20260110-00314,2,P-0047,"AOC 16T20 15.6"" FHD USB-C Portable Monitor",monitors,179.00,1,179.00
RCPT-20260110-00314,3,P-0035,"Thule Gauntlet Macbook Pro Attache 14"" (Black)",bags,179.95,1,179.95
RCPT-20260110-00314,4,P-0001,"Dell 15 DC15255 15.6"" FHD 120Hz Laptop (Ryzen 3)[512GB]",laptops,629.00,2,1258.00
RCPT-20260110-00315,1,P-0065,HyperX Cloud Flight 2 Wire,gaming_headsets,219.00,1,219.00
RCPT-20260110-00315,2,P-0006,"HP OmniBook 5 NG AI PC 14-he0013QU 14"" WUXGA OLED Copilot+ PC Laptop (Snapdragon X1)[512GB/16GB]",laptops,1099.00,1,1099.00
RCPT-20260110-00315,3,P-0074,Samsung Portable SSD T7 Shield 1TB (Black),hard_drive,369.00,1,369.00
RCPT-20260110-00316,1,P-0035,"Thule Gauntlet Macbook Pro Attache 14"" (Black)",bags,179.95,1,179.95
RCPT-20260110-00316,2,P-0066,AceZone A-Blaze Hybrid ANC Bluetooth Wireless PC Gaming Headset Black,gaming_headsets,356.15,1,356.15
RCPT-20260110-00316,3,P-0010,"Dell DB16255 16"" WUXGA Copilot+ PC Laptop (Ryzen AI 5)[512GB]",laptops,1259.00,1,1259.00
RCPT-20260110-00316,4,P-0070,Seagate Expansion Desktop 26TB Hard Drive,hard_drive,749.00,1,749.00
RCPT-20260110-00317,1,P-0049,"Lenovo Tab 10"" WUXGA 128GB Tablet with Clear Case",monitors,299.00,2,598.00
RCPT-20260110-00318,1,P-0060,TP-Link AC750 Wi-Fi Range Extender,wi_fi_routers,59.00,3,177.00
RCPT-20260110-00318,2,P-0042,"LG UltraGear 34G600A 34"" WQHD",monitors,699.00,2,1398.00
RCPT-20260110-00319,1,P-0005,"Asus VivoBook 15.6"" Full HD Thin & Light Laptop (1TB)[Intel Core i5",laptops,959.00,1,959.00
RCPT-20260110-00319,2,P-0036,"STM Tower View Folio 18"" Laptop Brief (Black)",bags,69.95,1,69.95
RCPT-20260110-00319,3,P-0049,"Lenovo Tab 10"" WUXGA 128GB Tablet with Clear Case",monitors,299.00,1,299.00
RCPT-20260110-00319,4,P-0064,Logitech G325 LIGHTSPEED Wireless Gaming Headset (White),gaming_headsets,199.00,1,199.00
RCPT-20260110-00320,1,P-0048,"Samsung Galaxy Tab A11+ 11"" Wi-Fi 128GB (Grey)",monitors,379.00,1,379.00
RCPT-20260110-00320,2,P-0060,TP-Link AC750 Wi-Fi Range Extender,wi_fi_routers,59.00,1,59.00
RCPT-20260110-00320,3,P-0039,"LG UltraGear 27G411A 27"" FHD 144Hz Gaming Monitor",monitors,229.00,1,229.00
RCPT-20260110-00320,4,P-0038,"Blaupunkt BP27GM240 27"" FHD 240Hz Curved Gaming Monitor",monitors,399.00,1,399.00
RCPT-20260110-00321,1,P-0047,"AOC 16T20 15.6"" FHD USB-C Portable Monitor",monitors,179.00,1,179.00
RCPT-20260110-00321,2,P-0047,"AOC 16T20 15.6"" FHD USB-C Portable Monitor",monitors,179.00,1,179.00
RCPT-20260110-00321,3,P-0062,RIG R5 SPEAR PRO HS Gaming Headset (Black),gaming_headsets,179.00,1,179.00
RCPT-20260110-00321,4,P-0004,"HP Laptop 15-fc0474AU 15.6"" FHD laptop (Ryzen 7)[512GB]",laptops,899.00,1,899.00
RCPT-20260110-00322,1,P-0068,Canon TS7760 Pixma Home Printer,gaming_headsets,139.00,1,139.00
RCPT-20260110-00322,2,P-0001,"Dell 15 DC15255 15.6"" FHD 120Hz Laptop (Ryzen 3)[512GB]",laptops,629.00,1,629.00
RCPT-20260110-00323,1,P-0074,Samsung Portable SSD T7 Shield 1TB (Black),hard_drive,369.00,1,369.00
RCPT-20260110-00323,2,P-0047,"AOC 16T20 15.6"" FHD USB-C Portable Monitor",monitors,179.00,1,179.00
RCPT-20260110-00323,3,P-0049,"Lenovo Tab 10"" WUXGA 128GB Tablet with Clear Case",monitors,299.00,1,299.00
RCPT-20260110-00324,1,P-0042,"LG UltraGear 34G600A 34"" WQHD",monitors,699.00,1,699.00
RCPT-20260110-00324,2,P-0071,Seagate Expansion Desktop 16TB Hard Drive,hard_drive,499.00,1,499.00
RCPT-20260110-00324,3,P-0010,"Dell DB16255 16"" WUXGA Copilot+ PC Laptop (Ryzen AI 5)[512GB]",laptops,1259.00,1,1259.00
RCPT-20260110-00325,1,P-0068,Canon TS7760 Pixma Home Printer,gaming_headsets,139.00,1,139.00
RCPT-20260110-00325,2,P-0042,"LG UltraGear 34G600A 34"" WQHD",monitors,699.00,1,699.00
RCPT-20260110-00325,3,P-0041,"LG UltraGear 24G411A 24"" FHD 144Hz Gaming Monitor",monitors,189.00,1,189.00
RCPT-20260110-00325,4,P-0075,Samsung Portable T7 Shield SSD 4TB (Black),hard_drive,999.00,1,999.00
RCPT-20260111-00326,1,P-0058,ASUS DSL-AX82U AX5400 Wi-Fi 6 Modem Router,wi_fi_routers,449.00,1,449.00
RCPT-20260111-00326,2,P-0076,SanDisk® Creator Phone SSD with Magsafe 2TB,hard_drive,399.00,1,399.00
RCPT-20260111-00326,3,P-0037,"Lenovo Legion GB800 17"" Laptop Backpack (Black)",bags,199.00,1,199.00
RCPT-20260111-00326,4,P-0008,"Lenovo IdeaPad 5 14"" 2K OLED 2-in-1 Laptop (Copilot+ PC)[512GB]",laptops,1124.00,1,1124.00
RCPT-20260111-00327,1,P-0063,Corsair VOID Wireless V2 Gaming Headset (Pink),gaming_headsets,199.00,1,199.00
RCPT-20260111-00327,2,P-0062,RIG R5 SPEAR PRO HS Gaming Headset (Black),gaming_headsets,179.00,1,179.00
RCPT-20260111-00327,3,P-0067,Epson WorkForce Pro WF-3825 Multifunction Printer,gaming_headsets,169.00,1,169.00
RCPT-20260111-00327,4,P-0043,"Lenovo Legion R34w-30 34"" WQHD 180Hz Curved Gaming Monitor",monitors,499.00,1,499.00
RCPT-20260111-00328,1,P-0052,"Samsung Galaxy Tab A11+ 11"" 5G 128GB (Grey)",monitors,529.00,1,529.00
RCPT-20260111-00328,2,P-0063,Corsair VOID Wireless V2 Gaming Headset (Pink),gaming_headsets,199.00,1,199.00
RCPT-20260111-00329,1,P-0042,"LG UltraGear 34G600A 34"" WQHD",monitors,699.00,1,699.00
RCPT-20260111-00329,2,P-0064,Logitech G325 LIGHTSPEED Wireless Gaming Headset (White),gaming_headsets,199.00,1,199.00
RCPT-20260111-00329,3,P-0006,"HP OmniBook 5 NG AI PC 14-he0013QU 14"" WUXGA OLED Copilot+ PC Laptop (Snapdragon X1)[512GB/16GB]",laptops,1099.00,1,1099.00
RCPT-20260111-00330,1,P-0011,"Lenovo Ideapad 5 14"" WUXGA OLED 2-in-1 Laptop (Snapdragon X Plus)[1TB]",laptops,1274.00,1,1274.00
RCPT-20260111-00330,2,P-0007,"Dell Inspiron 14 7440 14"" WQXGA 2-in-1 Laptop (Intel Core i5)[512GB/16GB]",laptops,1199.00,1,1199.00
RCPT-20260111-00331,1,P-0017,"MSI Modern 15 H AI 15.6"" FHD 60Hz Laptop (Intel Core Ultra 9) [1TB]",laptops,1499.00,1,1499.00
RCPT-20260111-00331,2,P-0009,"Dell 15 DC15250 15.6"" Full HD Laptop (Intel Core i5)[512GB]",laptops,1199.00,1,1199.00
RCPT-20260111-00332,1,P-0036,"STM Tower View Folio 18"" Laptop Brief (Black)",bags,69.95,1,69.95
RCPT-20260111-00332,2,P-0018,"MSI Modern 15 H AI 15.6"" FHD 60Hz Laptop (Intel Core Ultra 7) [1TB]",laptops,1499.00,1,1499.00
RCPT-20260111-00332,3,P-0075,Samsung Portable T7 Shield SSD 4TB (Black),hard_drive,999.00,1,999.00
RCPT-20260111-00332,4,P-0064,Logitech G325 LIGHTSPEED Wireless Gaming Headset (White),gaming_headsets,199.00,1,199.00
RCPT-20260111-00333,1,P-0043,"Lenovo Legion R34w-30 34"" WQHD 180Hz Curved Gaming Monitor",monitors,499.00,1,499.00
RCPT-20260111-00333,2,P-0054,TP-Link AX3000 Gigabit Wi-Fi 6 Router,wi_fi_routers,159.00,1,159.00
RCPT-20260111-00333,3,P-0046,"LG 31.5"" QHD 100Hz IPS Super Slim Stand Monitor with USB-C",monitors,389.00,1,389.00
RCPT-20260111-00333,4,P-0061,Logitech G Astro A20X PLAYSYNC Wireless Headset (Black),gaming_headsets,349.00,1,349.00
RCPT-20260111-00334,1,P-0052,"Samsung Galaxy Tab A11+ 11"" 5G 128GB (Grey)",monitors,529.00,1,529.00
RCPT-20260111-00334,2,P-0001,"Dell 15 DC15255 15.6"" FHD 120Hz Laptop (Ryzen 3)[512GB]",laptops,629.00,1,629.00
RCPT-20260111-00335,1,P-0076,SanDisk® Creator Phone SSD with Magsafe 2TB,hard_drive,399.00,1,399.00
RCPT-20260111-00335,2,P-0055,ASUS RT-AX54HP V2 AX1800 Wi-Fi 6 Router,wi_fi_routers,179.00,1,179.00
RCPT-20260111-00335,3,P-0074,Samsung Portable SSD T7 Shield 1TB (Black),hard_drive,369.00,1,369.00
RCPT-20260111-00336,1,P-0043,"Lenovo Legion R34w-30 34"" WQHD 180Hz Curved Gaming Monitor",monitors,499.00,1,499.00
RCPT-20260111-00336,2,P-0043,"Lenovo Legion R34w-30 34"" WQHD 180Hz Curved Gaming Monitor",monitors,499.00,1,499.00
RCPT-20260111-00337,1,P-0066,AceZone A-Blaze Hybrid ANC Bluetooth Wireless PC Gaming Headset Black,gaming_headsets,356.15,1,356.15
RCPT-20260111-00337,2,P-0064,Logitech G325 LIGHTSPEED Wireless Gaming Headset (White),gaming_headsets,199.00,1,199.00
RCPT-20260111-00337,3,P-0071,Seagate Expansion Desktop 16TB Hard Drive,hard_drive,499.00,2,998.00
RCPT-20260111-00338,1,P-0069,WD My Book 16TB External Hard Drive,hard_drive,679.00,1,679.00
RCPT-20260111-00338,2,P-0048,"Samsung Galaxy Tab A11+ 11"" Wi-Fi 128GB (Grey)",monitors,379.00,1,379.00
RCPT-20260112-00339,1,P-0037,"Lenovo Legion GB800 17"" Laptop Backpack (Black)",bags,199.00,1,199.00
RCPT-20260112-00339,2,P-0048,"Samsung Galaxy Tab A11+ 11"" Wi-Fi 128GB (Grey)",monitors,379.00,1,379.00
RCPT-20260112-00339,3,P-0057,Starlink Standard Kit (Latest Generation),wi_fi_routers,549.00,2,1098.00
RCPT-20260112-00340,1,P-0039,"LG UltraGear 27G411A 27"" FHD 144Hz Gaming Monitor",monitors,229.00,1,229.00
RCPT-20260112-00340,2,P-0067,Epson WorkForce Pro WF-3825 Multifunction Printer,gaming_headsets,169.00,1,169.00
RCPT-20260112-00340,3,P-0008,"Lenovo IdeaPad 5 14"" 2K OLED 2-in-1 Laptop (Copilot+ PC)[512GB]",laptops,1124.00,1,1124.00
RCPT-20260112-00341,1,P-0006,"HP OmniBook 5 NG AI PC 14-he0013QU 14"" WUXGA OLED Copilot+ PC Laptop (Snapdragon X1)[512GB/16GB]",laptops,1099.00,1,1099.00
RCPT-20260112-00341,2,P-0061,Logitech G Astro A20X PLAYSYNC Wireless Headset (Black),gaming_headsets,349.00,1,349.00
RCPT-20260112-00341,3,P-0055,ASUS RT-AX54HP V2 AX1800 Wi-Fi 6 Router,wi_fi_routers,179.00,1,179.00
RCPT-20260112-00341,4,P-0066,AceZone A-Blaze Hybrid ANC Bluetooth Wireless PC Gaming Headset Black,gaming_headsets,356.15,1,356.15
RCPT-20260112-00342,1,P-0069,WD My Book 16TB External Hard Drive,hard_drive,679.00,1,679.00
RCPT-20260112-00342,2,P-0041,"LG UltraGear 24G411A 24"" FHD 144Hz Gaming Monitor",monitors,189.00,1,189.00
RCPT-20260112-00343,1,P-0009,"Dell 15 DC15250 15.6"" Full HD Laptop (Intel Core i5)[512GB]",laptops,1199.00,1,1199.00
RCPT-20260112-00343,2,P-0003,"Lenovo IdeaPad S3i 15.6"" FHD Laptop (Intel Core i3)[512GB]",laptops,699.00,1,699.00
RCPT-20260112-00344,1,P-0047,"AOC 16T20 15.6"" FHD USB-C Portable Monitor",monitors,179.00,1,179.00
RCPT-20260112-00344,2,P-0062,RIG R5 SPEAR PRO HS Gaming Headset (Black),gaming_headsets,179.00,2,358.00
RCPT-20260112-00344,3,P-0063,Corsair VOID Wireless V2 Gaming Headset (Pink),gaming_headsets,199.00,1,199.00
RCPT-20260112-00344,4,P-0061,Logitech G Astro A20X PLAYSYNC Wireless Headset (Black),gaming_headsets,349.00,1,349.00
RCPT-20260113-00345,1,P-0042,"LG UltraGear 34G600A 34"" WQHD",monitors,699.00,1,699.00
RCPT-20260113-00345,2,P-0005,"Asus VivoBook 15.6"" Full HD Thin & Light Laptop (1TB)[Intel Core i5",laptops,959.00,1,959.00
RCPT-20260113-00345,3,P-0051,"Samsung Galaxy Tab S10 FE+ 13.1"" Wi-Fi 128GB (Grey)",monitors,1099.00,1,1099.00
RCPT-20260113-00346,1,P-0038,"Blaupunkt BP27GM240 27"" FHD 240Hz Curved Gaming Monitor",monitors,399.00,1,399.00
RCPT-20260113-00346,2,P-0037,"Lenovo Legion GB800 17"" Laptop Backpack (Black)",bags,199.00,1,199.00
RCPT-20260113-00346,3,P-0041,"LG UltraGear 24G411A 24"" FHD 144Hz Gaming Monitor",monitors,189.00,1,189.00
RCPT-20260113-00347,1,P-0017,"MSI Modern 15 H AI 15.6"" FHD 60Hz Laptop (Intel Core Ultra 9) [1TB]",laptops,1499.00,1,1499.00
RCPT-20260113-00347,2,P-0004,"HP Laptop 15-fc0474AU 15.6"" FHD laptop (Ryzen 7)[512GB]",laptops,899.00,1,899.00
RCPT-20260113-00348,1,P-0058,ASUS DSL-AX82U AX5400 Wi-Fi 6 Modem Router,wi_fi_routers,449.00,1,449.00
RCPT-20260113-00348,2,P-0064,Logitech G325 LIGHTSPEED Wireless Gaming Headset (White),gaming_headsets,199.00,1,199.00
RCPT-20260113-00348,3,P-0036,"STM Tower View Folio 18"" Laptop Brief (Black)",bags,69.95,3,209.85
RCPT-20260113-00349,1,P-0048,"Samsung Galaxy Tab A11+ 11"" Wi-Fi 128GB (Grey)",monitors,379.00,1,379.00
RCPT-20260113-00349,2,P-0047,"AOC 16T20 15.6"" FHD USB-C Portable Monitor",monitors,179.00,1,179.00
RCPT-20260113-00349,3,P-0076,SanDisk® Creator Phone SSD with Magsafe 2TB,hard_drive,399.00,1,399.00
RCPT-20260113-00350,1,P-0060,TP-Link AC750 Wi-Fi Range Extender,wi_fi_routers,59.00,1,59.00
RCPT-20260113-00350,2,P-0056,Netgear Nighthawk® Wi-Fi 6 AX1800 Router RAX9,wi_fi_routers,149.00,1,149.00
RCPT-20260113-00350,3,P-0043,"Lenovo Legion R34w-30 34"" WQHD 180Hz Curved Gaming Monitor",monitors,499.00,2,998.00
RCPT-20260113-00350,4,P-0063,Corsair VOID Wireless V2 Gaming Headset (Pink),gaming_headsets,199.00,2,398.00
RCPT-20260113-00351,1,P-0067,Epson WorkForce Pro WF-3825 Multifunction Printer,gaming_headsets,169.00,1,169.00
RCPT-20260113-00351,2,P-0071,Seagate Expansion Desktop 16TB Hard Drive,hard_drive,499.00,1,499.00
RCPT-20260113-00351,3,P-0056,Netgear Nighthawk® Wi-Fi 6 AX1800 Router RAX9,wi_fi_routers,149.00,1,149.00
RCPT-20260113-00351,4,P-0052,"Samsung Galaxy Tab A11+ 11"" 5G 128GB (Grey)",monitors,529.00,1,529.00
RCPT-20260113-00352,1,P-0055,ASUS RT-AX54HP V2 AX1800 Wi-Fi 6 Router,wi_fi_routers,179.00,1,179.00
RCPT-20260113-00352,2,P-0055,ASUS RT-AX54HP V2 AX1800 Wi-Fi 6 Router,wi_fi_routers,179.00,2,358.00
RCPT-20260113-00352,3,P-0072,Sandisk E30 Portable SSD Drive (1TB),hard_drive,169.00,1,169.00
RCPT-20260113-00353,1,P-0036,"STM Tower View Folio 18"" Laptop Brief (Black)",bags,69.95,1,69.95
RCPT-20260113-00353,2,P-0071,Seagate Expansion Desktop 16TB Hard Drive,hard_drive,499.00,2,998.00
RCPT-20260113-00354,1,P-0060,TP-Link AC750 Wi-Fi Range Extender,wi_fi_routers,59.00,1,59.00
RCPT-20260113-00355,1,P-0002,"HP Laptop 15-fc0433AU 15.6"" FHD Laptop (Ryzen 5)[512GB]",laptops,649.00,1,649.00
RCPT-20260113-00355,2,P-0057,Starlink Standard Kit (Latest Generation),wi_fi_routers,549.00,1,549.00
RCPT-20260113-00355,3,P-0034,"Generation Earth 14.1"" Recycled Berlin Laptop Backpack (Black)",bags,79.00,1,79.00
RCPT-20260113-00355,4,P-0035,"Thule Gauntlet Macbook Pro Attache 14"" (Black)",bags,179.95,1,179.95
RCPT-20260113-00356,1,P-0075,Samsung Portable T7 Shield SSD 4TB (Black),hard_drive,999.00,1,999.00
RCPT-20260113-00356,2,P-0029,"HP OmniBook Ultra 14"" 2.2K Laptop (Ryzen 9 AI HX 375)[1TB]",laptops,3699.00,1,3699.00
RCPT-20260113-00357,1,P-0070,Seagate Expansion Desktop 26TB Hard Drive,hard_drive,749.00,1,749.00
RCPT-20260113-00357,2,P-0038,"Blaupunkt BP27GM240 27"" FHD 240Hz Curved Gaming Monitor",monitors,399.00,1,399.00
RCPT-20260113-00358,1,P-0060,TP-Link AC750 Wi-Fi Range Extender,wi_fi_routers,59.00,4,236.00
RCPT-20260113-00358,2,P-0040,"AOC C27G4Z 27"" FHD 280Hz Curved Gaming Monitor",monitors,339.00,1,339.00
RCPT-20260113-00358,3,P-0042,"LG UltraGear 34G600A 34"" WQHD",monitors,699.00,1,699.00
RCPT-20260113-00358,4,P-0047,"AOC 16T20 15.6"" FHD USB-C Portable Monitor",monitors,179.00,1,179.00
RCPT-20260113-00359,1,P-0002,"HP Laptop 15-fc0433AU 15.6"" FHD Laptop (Ryzen 5)[512GB]",laptops,649.00,1,649.00
RCPT-20260113-00359,2,P-0046,"LG 31.5"" QHD 100Hz IPS Super Slim Stand Monitor with USB-C",monitors,389.00,2,778.00
RCPT-20260114-00360,1,P-0015,"Dell DB16255 16"" WUXGA Copilot+ PC Laptop (Ryzen AI 7)[1TB]",laptops,1399.00,1,1399.00
RCPT-20260114-00360,2,P-0064,Logitech G325 LIGHTSPEED Wireless Gaming Headset (White),gaming_headsets,199.00,1,199.00
RCPT-20260114-00360,3,P-0056,Netgear Nighthawk® Wi-Fi 6 AX1800 Router RAX9,wi_fi_routers,149.00,2,298.00
RCPT-20260114-00360,4,P-0072,Sandisk E30 Portable SSD Drive (1TB),hard_drive,169.00,1,169.00
RCPT-20260114-00361,1,P-0060,TP-Link AC750 Wi-Fi Range Extender,wi_fi_routers,59.00,1,59.00
RCPT-20260114-00362,1,P-0043,"Lenovo Legion R34w-30 34"" WQHD 180Hz Curved Gaming Monitor",monitors,499.00,1,499.00
RCPT-20260114-00362,2,P-0055,ASUS RT-AX54HP V2 AX1800 Wi-Fi 6 Router,wi_fi_routers,179.00,1,179.00
RCPT-20260114-00363,1,P-0041,"LG UltraGear 24G411A 24"" FHD 144Hz Gaming Monitor",monitors,189.00,2,378.00
RCPT-20260114-00363,2,P-0048,"Samsung Galaxy Tab A11+ 11"" Wi-Fi 128GB (Grey)",monitors,379.00,2,758.00
RCPT-20260114-00363,3,P-0007,"Dell Inspiron 14 7440 14"" WQXGA 2-in-1 Laptop (Intel Core i5)[512GB/16GB]",laptops,1199.00,2,2398.00
RCPT-20260114-00364,1,P-0003,"Lenovo IdeaPad S3i 15.6"" FHD Laptop (Intel Core i3)[512GB]",laptops,699.00,1,699.00
RCPT-20260114-00364,2,P-0061,Logitech G Astro A20X PLAYSYNC Wireless Headset (Black),gaming_headsets,349.00,1,349.00
RCPT-20260114-00364,3,P-0059,TP-Link AX3000 Mesh Wi-Fi 6 Range Extender,wi_fi_routers,149.00,1,149.00
RCPT-20260114-00364,4,P-0035,"Thule Gauntlet Macbook Pro Attache 14"" (Black)",bags,179.95,1,179.95
RCPT-20260114-00365,1,P-0073,Samsung T7 Portable SSD Drive [1TB](Titan Gray),hard_drive,329.00,2,658.00
RCPT-20260114-00365,2,P-0002,"HP Laptop 15-fc0433AU 15.6"" FHD Laptop (Ryzen 5)[512GB]",laptops,649.00,2,1298.00
RCPT-20260114-00366,1,P-0061,Logitech G Astro A20X PLAYSYNC Wireless Headset (Black),gaming_headsets,349.00,1,349.00
RCPT-20260114-00366,2,P-0068,Canon TS7760 Pixma Home Printer,gaming_headsets,139.00,1,139.00
RCPT-20260114-00366,3,P-0054,TP-Link AX3000 Gigabit Wi-Fi 6 Router,wi_fi_routers,159.00,1,159.00
RCPT-20260114-00366,4,P-0034,"Generation Earth 14.1"" Recycled Berlin Laptop Backpack (Black)",bags,79.00,1,79.00
RCPT-20260114-00367,1,P-0018,"MSI Modern 15 H AI 15.6"" FHD 60Hz Laptop (Intel Core Ultra 7) [1TB]",laptops,1499.00,1,1499.00
RCPT-20260114-00367,2,P-0042,"LG UltraGear 34G600A 34"" WQHD",monitors,699.00,2,1398.00
RCPT-20260115-00368,1,P-0002,"HP Laptop 15-fc0433AU 15.6"" FHD Laptop (Ryzen 5)[512GB]",laptops,649.00,1,649.00
RCPT-20260115-00368,2,P-0064,Logitech G325 LIGHTSPEED Wireless Gaming Headset (White),gaming_headsets,199.00,2,398.00
RCPT-20260115-00369,1,P-0074,Samsung Portable SSD T7 Shield 1TB (Black),hard_drive,369.00,1,369.00
RCPT-20260115-00369,2,P-0050,Apple iPad 11-inch A16 128GB Wi-Fi (Blue),monitors,499.00,1,499.00
RCPT-20260115-00370,1,P-0072,Sandisk E30 Portable SSD Drive (1TB),hard_drive,169.00,1,169.00
RCPT-20260115-00370,2,P-0053,Apple iPad Air 13-inch M3 128GB Wi-Fi (Space Grey),monitors,1347.00,1,1347.00
RCPT-20260115-00371,1,P-0027,"MSI Prestige A16 AI+ 16"" UHD+ OLED Laptop (Ryzen 9) [1TB]",laptops,3099.00,1,3099.00
RCPT-20260115-00372,1,P-0006,"HP OmniBook 5 NG AI PC 14-he0013QU 14"" WUXGA OLED Copilot+ PC Laptop (Snapdragon X1)[512GB/16GB]",laptops,1099.00,1,1099.00
RCPT-20260115-00372,2,P-0069,WD My Book 16TB External Hard Drive,hard_drive,679.00,1,679.00
RCPT-20260115-00372,3,P-0035,"Thule Gauntlet Macbook Pro Attache 14"" (Black)",bags,179.95,1,179.95
RCPT-20260115-00372,4,P-0064,Logitech G325 LIGHTSPEED Wireless Gaming Headset (White),gaming_headsets,199.00,1,199.00
RCPT-20260115-00373,1,P-0052,"Samsung Galaxy Tab A11+ 11"" 5G 128GB (Grey)",monitors,529.00,1,529.00
RCPT-20260115-00373,2,P-0007,"Dell Inspiron 14 7440 14"" WQXGA 2-in-1 Laptop (Intel Core i5)[512GB/16GB]",laptops,1199.00,1,1199.00
RCPT-20260115-00373,3,P-0062,RIG R5 SPEAR PRO HS Gaming Headset (Black),gaming_headsets,179.00,1,179.00
RCPT-20260115-00373,4,P-0044,"Samsung Odyssey G91SD 49"" DQHD 144Hz OLED Curved Gaming Monitor",monitors,1999.00,1,1999.00
RCPT-20260115-00374,1,P-0036,"STM Tower View Folio 18"" Laptop Brief (Black)",bags,69.95,2,139.90
RCPT-20260115-00374,2,P-0042,"LG UltraGear 34G600A 34"" WQHD",monitors,699.00,1,699.00
RCPT-20260115-00375,1,P-0060,TP-Link AC750 Wi-Fi Range Extender,wi_fi_routers,59.00,2,118.00
RCPT-20260116-00376,1,P-0056,Netgear Nighthawk® Wi-Fi 6 AX1800 Router RAX9,wi_fi_routers,149.00,1,149.00
RCPT-20260116-00376,2,P-0073,Samsung T7 Portable SSD Drive [1TB](Titan Gray),hard_drive,329.00,1,329.00
RCPT-20260116-00376,3,P-0048,"Samsung Galaxy Tab A11+ 11"" Wi-Fi 128GB (Grey)",monitors,379.00,1,379.00
RCPT-20260116-00376,4,P-0070,Seagate Expansion Desktop 26TB Hard Drive,hard_drive,749.00,1,749.00
RCPT-20260116-00377,1,P-0048,"Samsung Galaxy Tab A11+ 11"" Wi-Fi 128GB (Grey)",monitors,379.00,1,379.00
RCPT-20260116-00377,2,P-0008,"Lenovo IdeaPad 5 14"" 2K OLED 2-in-1 Laptop (Copilot+ PC)[512GB]",laptops,1124.00,1,1124.00
RCPT-20260116-00377,3,P-0013,"HP Envy x360 14-fc0189TU 14"" WUXGA 2-in-1 Laptop (Intel Core Ultra 5)[512GB]",laptops,1299.00,1,1299.00
RCPT-20260116-00378,1,P-0052,"Samsung Galaxy Tab A11+ 11"" 5G 128GB (Grey)",monitors,529.00,1,529.00
RCPT-20260116-00378,2,P-0065,HyperX Cloud Flight 2 Wire,gaming_headsets,219.00,1,219.00
RCPT-20260116-00378,3,P-0057,Starlink Standard Kit (Latest Generation),wi_fi_routers,549.00,1,549.00
RCPT-20260116-00378,4,P-0006,"HP OmniBook 5 NG AI PC 14-he0013QU 14"" WUXGA OLED Copilot+ PC Laptop (Snapdragon X1)[512GB/16GB]",laptops,1099.00,1,1099.00
RCPT-20260116-00379,1,P-0060,TP-Link AC750 Wi-Fi Range Extender,wi_fi_routers,59.00,1,59.00
RCPT-20260116-00380,1,P-0039,"LG UltraGear 27G411A 27"" FHD 144Hz Gaming Monitor",monitors,229.00,1,229.00
RCPT-20260116-00380,2,P-0076,SanDisk® Creator Phone SSD with Magsafe 2TB,hard_drive,399.00,1,399.00
RCPT-20260116-00380,3,P-0023,"Apple MacBook Pro 14-inch with M4 Chip, 1TB/24GB (Silver)[2024]",laptops,2887.00,1,2887.00
RCPT-20260116-00380,4,P-0064,Logitech G325 LIGHTSPEED Wireless Gaming Headset (White),gaming_headsets,199.00,1,199.00
RCPT-20260116-00381,1,P-0009,"Dell 15 DC15250 15.6"" Full HD Laptop (Intel Core i5)[512GB]",laptops,1199.00,1,1199.00
RCPT-20260116-00381,2,P-0009,"Dell 15 DC15250 15.6"" Full HD Laptop (Intel Core i5)[512GB]",laptops,1199.00,1,1199.00
RCPT-20260116-00382,1,P-0060,TP-Link AC750 Wi-Fi Range Extender,wi_fi_routers,59.00,1,59.00
RCPT-20260116-00382,2,P-0034,"Generation Earth 14.1"" Recycled Berlin Laptop Backpack (Black)",bags,79.00,1,79.00
RCPT-20260116-00383,1,P-0048,"Samsung Galaxy Tab A11+ 11"" Wi-Fi 128GB (Grey)",monitors,379.00,1,379.00
RCPT-20260116-00383,2,P-0067,Epson WorkForce Pro WF-3825 Multifunction Printer,gaming_headsets,169.00,1,169.00
RCPT-20260116-00383,3,P-0043,"Lenovo Legion R34w-30 34"" WQHD 180Hz Curved Gaming Monitor",monitors,499.00,2,998.00
RCPT-20260116-00384,1,P-0070,Seagate Expansion Desktop 26TB Hard Drive,hard_drive,749.00,1,749.00
RCPT-20260116-00384,2,P-0049,"Lenovo Tab 10"" WUXGA 128GB Tablet with Clear Case",monitors,299.00,1,299.00
RCPT-20260116-00385,1,P-0054,TP-Link AX3000 Gigabit Wi-Fi 6 Router,wi_fi_routers,159.00,1,159.00
RCPT-20260116-00385,2,P-0061,Logitech G Astro A20X PLAYSYNC Wireless Headset (Black),gaming_headsets,349.00,1,349.00
RCPT-20260116-00385,3,P-0002,"HP Laptop 15-fc0433AU 15.6"" FHD Laptop (Ryzen 5)[512GB]",laptops,649.00,1,649.00
RCPT-20260116-00385,4,P-0013,"HP Envy x360 14-fc0189TU 14"" WUXGA 2-in-1 Laptop (Intel Core Ultra 5)[512GB]",laptops,1299.00,1,1299.00
RCPT-20260116-00386,1,P-0074,Samsung Portable SSD T7 Shield 1TB (Black),hard_drive,369.00,1,369.00
RCPT-20260116-00386,2,P-0048,"Samsung Galaxy Tab A11+ 11"" Wi-Fi 128GB (Grey)",monitors,379.00,1,379.00
RCPT-20260116-00386,3,P-0054,TP-Link AX3000 Gigabit Wi-Fi 6 Router,wi_fi_routers,159.00,2,318.00
RCPT-20260116-00386,4,P-0004,"HP Laptop 15-fc0474AU 15.6"" FHD laptop (Ryzen 7)[512GB]",laptops,899.00,1,899.00
RCPT-20260116-00387,1,P-0057,Starlink Standard Kit (Latest Generation),wi_fi_routers,549.00,1,549.00
RCPT-20260116-00387,2,P-0043,"Lenovo Legion R34w-30 34"" WQHD 180Hz Curved Gaming Monitor",monitors,499.00,1,499.00
RCPT-20260116-00388,1,P-0054,TP-Link AX3000 Gigabit Wi-Fi 6 Router,wi_fi_routers,159.00,1,159.00
RCPT-20260116-00388,2,P-0058,ASUS DSL-AX82U AX5400 Wi-Fi 6 Modem Router,wi_fi_routers,449.00,1,449.00
RCPT-20260116-00388,3,P-0055,ASUS RT-AX54HP V2 AX1800 Wi-Fi 6 Router,wi_fi_routers,179.00,1,179.00
RCPT-20260116-00389,1,P-0034,"Generation Earth 14.1"" Recycled Berlin Laptop Backpack (Black)",bags,79.00,3,237.00
RCPT-20260117-00390,1,P-0060,TP-Link AC750 Wi-Fi Range Extender,wi_fi_routers,59.00,1,59.00
RCPT-20260117-00390,2,P-0034,"Generation Earth 14.1"" Recycled Berlin Laptop Backpack (Black)",bags,79.00,1,79.00
RCPT-20260117-00391,1,P-0037,"Lenovo Legion GB800 17"" Laptop Backpack (Black)",bags,199.00,1,199.00
RCPT-20260117-00391,2,P-0056,Netgear Nighthawk® Wi-Fi 6 AX1800 Router RAX9,wi_fi_routers,149.00,1,149.00
RCPT-20260117-00391,3,P-0057,Starlink Standard Kit (Latest Generation),wi_fi_routers,549.00,1,549.00
RCPT-20260117-00392,1,P-0038,"Blaupunkt BP27GM240 27"" FHD 240Hz Curved Gaming Monitor",monitors,399.00,1,399.00
RCPT-20260117-00392,2,P-0076,SanDisk® Creator Phone SSD with Magsafe 2TB,hard_drive,399.00,1,399.00
RCPT-20260117-00393,1,P-0060,TP-Link AC750 Wi-Fi Range Extender,wi_fi_routers,59.00,1,59.00
RCPT-20260117-00394,1,P-0060,TP-Link AC750 Wi-Fi Range Extender,wi_fi_routers,59.00,1,59.00
RCPT-20260117-00394,2,P-0060,TP-Link AC750 Wi-Fi Range Extender,wi_fi_routers,59.00,1,59.00
RCPT-20260117-00395,1,P-0060,TP-Link AC750 Wi-Fi Range Extender,wi_fi_routers,59.00,1,59.00
RCPT-20260117-00395,2,P-0036,"STM Tower View Folio 18"" Laptop Brief (Black)",bags,69.95,1,69.95
RCPT-20260117-00396,1,P-0056,Netgear Nighthawk® Wi-Fi 6 AX1800 Router RAX9,wi_fi_routers,149.00,1,149.00
RCPT-20260117-00396,2,P-0055,ASUS RT-AX54HP V2 AX1800 Wi-Fi 6 Router,wi_fi_routers,179.00,1,179.00
RCPT-20260117-00396,3,P-0034,"Generation Earth 14.1"" Recycled Berlin Laptop Backpack (Black)",bags,79.00,1,79.00
RCPT-20260117-00396,4,P-0040,"AOC C27G4Z 27"" FHD 280Hz Curved Gaming Monitor",monitors,339.00,1,339.00
RCPT-20260117-00397,1,P-0037,"Lenovo Legion GB800 17"" Laptop Backpack (Black)",bags,199.00,1,199.00
RCPT-20260117-00397,2,P-0036,"STM Tower View Folio 18"" Laptop Brief (Black)",bags,69.95,4,279.80
RCPT-20260117-00397,3,P-0067,Epson WorkForce Pro WF-3825 Multifunction Printer,gaming_headsets,169.00,1,169.00
RCPT-20260117-00397,4,P-0064,Logitech G325 LIGHTSPEED Wireless Gaming Headset (White),gaming_headsets,199.00,1,199.00
RCPT-20260117-00398,1,P-0055,ASUS RT-AX54HP V2 AX1800 Wi-Fi 6 Router,wi_fi_routers,179.00,1,179.00
RCPT-20260117-00398,2,P-0016,"Lenovo Yoga Slim 7i Aura Edition 14"" 2.8K OLED Laptop (Intel Core Ultra 5)[1TB]",laptops,1499.00,1,1499.00
RCPT-20260117-00398,3,P-0012,"ASUS Vivobook S16 16"" WQXGA Laptop (Copilot+ PC)[512GB]",laptops,1278.00,1,1278.00
RCPT-20260117-00399,1,P-0063,Corsair VOID Wireless V2 Gaming Headset (Pink),gaming_headsets,199.00,1,199.00
RCPT-20260117-00399,2,P-0063,Corsair VOID Wireless V2 Gaming Headset (Pink),gaming_headsets,199.00,1,199.00
RCPT-20260117-00399,3,P-0039,"LG UltraGear 27G411A 27"" FHD 144Hz Gaming Monitor",monitors,229.00,1,229.00
RCPT-20260117-00399,4,P-0062,RIG R5 SPEAR PRO HS Gaming Headset (Black),gaming_headsets,179.00,1,179.00
RCPT-20260117-00400,1,P-0034,"Generation Earth 14.1"" Recycled Berlin Laptop Backpack (Black)",bags,79.00,1,79.00
RCPT-20260117-00400,2,P-0057,Starlink Standard Kit (Latest Generation),wi_fi_routers,549.00,1,549.00
RCPT-20260117-00400,3,P-0038,"Blaupunkt BP27GM240 27"" FHD 240Hz Curved Gaming Monitor",monitors,399.00,1,399.00
RCPT-20260117-00400,4,P-0047,"AOC 16T20 15.6"" FHD USB-C Portable Monitor",monitors,179.00,1,179.00
RCPT-20260118-00401,1,P-0017,"MSI Modern 15 H AI 15.6"" FHD 60Hz Laptop (Intel Core Ultra 9) [1TB]",laptops,1499.00,1,1499.00
RCPT-20260118-00401,2,P-0043,"Lenovo Legion R34w-30 34"" WQHD 180Hz Curved Gaming Monitor",monitors,499.00,1,499.00
RCPT-20260118-00401,3,P-0076,SanDisk® Creator Phone SSD with Magsafe 2TB,hard_drive,399.00,2,798.00
RCPT-20260118-00401,4,P-0001,"Dell 15 DC15255 15.6"" FHD 120Hz Laptop (Ryzen 3)[512GB]",laptops,629.00,1,629.00
RCPT-20260118-00402,1,P-0040,"AOC C27G4Z 27"" FHD 280Hz Curved Gaming Monitor",monitors,339.00,1,339.00
RCPT-20260118-00402,2,P-0061,Logitech G Astro A20X PLAYSYNC Wireless Headset (Black),gaming_headsets,349.00,1,349.00
RCPT-20260118-00402,3,P-0036,"STM Tower View Folio 18"" Laptop Brief (Black)",bags,69.95,1,69.95
RCPT-20260118-00402,4,P-0037,"Lenovo Legion GB800 17"" Laptop Backpack (Black)",bags,199.00,1,199.00
RCPT-20260118-00403,1,P-0052,"Samsung Galaxy Tab A11+ 11"" 5G 128GB (Grey)",monitors,529.00,1,529.00
RCPT-20260118-00403,2,P-0009,"Dell 15 DC15250 15.6"" Full HD Laptop (Intel Core i5)[512GB]",laptops,1199.00,1,1199.00
RCPT-20260118-00404,1,P-0063,Corsair VOID Wireless V2 Gaming Headset (Pink),gaming_headsets,199.00,1,199.00
RCPT-20260118-00404,2,P-0050,Apple iPad 11-inch A16 128GB Wi-Fi (Blue),monitors,499.00,1,499.00
RCPT-20260118-00404,3,P-0001,"Dell 15 DC15255 15.6"" FHD 120Hz Laptop (Ryzen 3)[512GB]",laptops,629.00,1,629.00
RCPT-20260118-00405,1,P-0062,RIG R5 SPEAR PRO HS Gaming Headset (Black),gaming_headsets,179.00,1,179.00
RCPT-20260118-00406,1,P-0074,Samsung Portable SSD T7 Shield 1TB (Black),hard_drive,369.00,1,369.00
RCPT-20260118-00406,2,P-0068,Canon TS7760 Pixma Home Printer,gaming_headsets,139.00,1,139.00
RCPT-20260118-00406,3,P-0037,"Lenovo Legion GB800 17"" Laptop Backpack (Black)",bags,199.00,1,199.00
RCPT-20260118-00407,1,P-0038,"Blaupunkt BP27GM240 27"" FHD 240Hz Curved Gaming Monitor",monitors,399.00,2,798.00
RCPT-20260118-00407,2,P-0043,"Lenovo Legion R34w-30 34"" WQHD 180Hz Curved Gaming Monitor",monitors,499.00,1,499.00
RCPT-20260118-00407,3,P-0003,"Lenovo IdeaPad S3i 15.6"" FHD Laptop (Intel Core i3)[512GB]",laptops,699.00,1,699.00
RCPT-20260118-00408,1,P-0019,"Lenovo IdeaPad Slim 3i 15.3"" 2K Laptop (Intel Core i7)[1TB]",laptops,1599.00,1,1599.00
RCPT-20260118-00409,1,P-0050,Apple iPad 11-inch A16 128GB Wi-Fi (Blue),monitors,499.00,1,499.00
RCPT-20260118-00409,2,P-0001,"Dell 15 DC15255 15.6"" FHD 120Hz Laptop (Ryzen 3)[512GB]",laptops,629.00,1,629.00
RCPT-20260118-00410,1,P-0072,Sandisk E30 Portable SSD Drive (1TB),hard_drive,169.00,1,169.00
RCPT-20260118-00410,2,P-0006,"HP OmniBook 5 NG AI PC 14-he0013QU 14"" WUXGA OLED Copilot+ PC Laptop (Snapdragon X1)[512GB/16GB]",laptops,1099.00,2,2198.00
RCPT-20260118-00411,1,P-0057,Starlink Standard Kit (Latest Generation),wi_fi_routers,549.00,1,549.00
RCPT-20260118-00411,2,P-0049,"Lenovo Tab 10"" WUXGA 128GB Tablet with Clear Case",monitors,299.00,1,299.00
RCPT-20260118-00411,3,P-0041,"LG UltraGear 24G411A 24"" FHD 144Hz Gaming Monitor",monitors,189.00,1,189.00
RCPT-20260118-00411,4,P-0008,"Lenovo IdeaPad 5 14"" 2K OLED 2-in-1 Laptop (Copilot+ PC)[512GB]",laptops,1124.00,1,1124.00
RCPT-20260118-00412,1,P-0065,HyperX Cloud Flight 2 Wire,gaming_headsets,219.00,1,219.00
RCPT-20260118-00412,2,P-0073,Samsung T7 Portable SSD Drive [1TB](Titan Gray),hard_drive,329.00,1,329.00
RCPT-20260118-00412,3,P-0001,"Dell 15 DC15255 15.6"" FHD 120Hz Laptop (Ryzen 3)[512GB]",laptops,629.00,1,629.00
RCPT-20260118-00413,1,P-0018,"MSI Modern 15 H AI 15.6"" FHD 60Hz Laptop (Intel Core Ultra 7) [1TB]",laptops,1499.00,1,1499.00
RCPT-20260118-00413,2,P-0048,"Samsung Galaxy Tab A11+ 11"" Wi-Fi 128GB (Grey)",monitors,379.00,1,379.00
RCPT-20260118-00414,1,P-0012,"ASUS Vivobook S16 16"" WQXGA Laptop (Copilot+ PC)[512GB]",laptops,1278.00,1,1278.00
RCPT-20260118-00414,2,P-0047,"AOC 16T20 15.6"" FHD USB-C Portable Monitor",monitors,179.00,1,179.00
RCPT-20260118-00414,3,P-0071,Seagate Expansion Desktop 16TB Hard Drive,hard_drive,499.00,1,499.00
RCPT-20260118-00415,1,P-0043,"Lenovo Legion R34w-30 34"" WQHD 180Hz Curved Gaming Monitor",monitors,499.00,1,499.00
RCPT-20260118-00415,2,P-0038,"Blaupunkt BP27GM240 27"" FHD 240Hz Curved Gaming Monitor",monitors,399.00,1,399.00
RCPT-20260119-00416,1,P-0035,"Thule Gauntlet Macbook Pro Attache 14"" (Black)",bags,179.95,1,179.95
RCPT-20260119-00416,2,P-0035,"Thule Gauntlet Macbook Pro Attache 14"" (Black)",bags,179.95,1,179.95
RCPT-20260119-00416,3,P-0043,"Lenovo Legion R34w-30 34"" WQHD 180Hz Curved Gaming Monitor",monitors,499.00,1,499.00
RCPT-20260119-00416,4,P-0005,"Asus VivoBook 15.6"" Full HD Thin & Light Laptop (1TB)[Intel Core i5",laptops,959.00,1,959.00
RCPT-20260119-00417,1,P-0059,TP-Link AX3000 Mesh Wi-Fi 6 Range Extender,wi_fi_routers,149.00,1,149.00
RCPT-20260119-00417,2,P-0036,"STM Tower View Folio 18"" Laptop Brief (Black)",bags,69.95,1,69.95
RCPT-20260119-00417,3,P-0054,TP-Link AX3000 Gigabit Wi-Fi 6 Router,wi_fi_routers,159.00,1,159.00
RCPT-20260119-00417,4,P-0037,"Lenovo Legion GB800 17"" Laptop Backpack (Black)",bags,199.00,1,199.00
RCPT-20260119-00418,1,P-0049,"Lenovo Tab 10"" WUXGA 128GB Tablet with Clear Case",monitors,299.00,1,299.00
RCPT-20260119-00418,2,P-0007,"Dell Inspiron 14 7440 14"" WQXGA 2-in-1 Laptop (Intel Core i5)[512GB/16GB]",laptops,1199.00,1,1199.00
RCPT-20260119-00419,1,P-0003,"Lenovo IdeaPad S3i 15.6"" FHD Laptop (Intel Core i3)[512GB]",laptops,699.00,1,699.00
RCPT-20260119-00419,2,P-0042,"LG UltraGear 34G600A 34"" WQHD",monitors,699.00,1,699.00
RCPT-20260119-00420,1,P-0035,"Thule Gauntlet Macbook Pro Attache 14"" (Black)",bags,179.95,1,179.95
RCPT-20260119-00420,2,P-0001,"Dell 15 DC15255 15.6"" FHD 120Hz Laptop (Ryzen 3)[512GB]",laptops,629.00,1,629.00
RCPT-20260119-00421,1,P-0060,TP-Link AC750 Wi-Fi Range Extender,wi_fi_routers,59.00,1,59.00
RCPT-20260119-00422,1,P-0059,TP-Link AX3000 Mesh Wi-Fi 6 Range Extender,wi_fi_routers,149.00,1,149.00
RCPT-20260119-00422,2,P-0062,RIG R5 SPEAR PRO HS Gaming Headset (Black),gaming_headsets,179.00,1,179.00
RCPT-20260119-00422,3,P-0007,"Dell Inspiron 14 7440 14"" WQXGA 2-in-1 Laptop (Intel Core i5)[512GB/16GB]",laptops,1199.00,1,1199.00
RCPT-20260119-00422,4,P-0049,"Lenovo Tab 10"" WUXGA 128GB Tablet with Clear Case",monitors,299.00,1,299.00
RCPT-20260119-00423,1,P-0055,ASUS RT-AX54HP V2 AX1800 Wi-Fi 6 Router,wi_fi_routers,179.00,1,179.00
RCPT-20260119-00423,2,P-0057,Starlink Standard Kit (Latest Generation),wi_fi_routers,549.00,1,549.00
RCPT-20260119-00423,3,P-0056,Netgear Nighthawk® Wi-Fi 6 AX1800 Router RAX9,wi_fi_routers,149.00,2,298.00
RCPT-20260119-00423,4,P-0002,"HP Laptop 15-fc0433AU 15.6"" FHD Laptop (Ryzen 5)[512GB]",laptops,649.00,1,649.00
RCPT-20260119-00424,1,P-0070,Seagate Expansion Desktop 26TB Hard Drive,hard_drive,749.00,2,1498.00
RCPT-20260119-00424,2,P-0072,Sandisk E30 Portable SSD Drive (1TB),hard_drive,169.00,1,169.00
RCPT-20260119-00424,3,P-0010,"Dell DB16255 16"" WUXGA Copilot+ PC Laptop (Ryzen AI 5)[512GB]",laptops,1259.00,1,1259.00
RCPT-20260119-00425,1,P-0017,"MSI Modern 15 H AI 15.6"" FHD 60Hz Laptop (Intel Core Ultra 9) [1TB]",laptops,1499.00,1,1499.00
RCPT-20260119-00426,1,P-0014,"Microsoft Surface Pro Copilot+ PC 12"" Snapdragon X Plus 8 core/16GB/512GB (Violet)",laptops,1399.00,1,1399.00
RCPT-20260119-00426,2,P-0008,"Lenovo IdeaPad 5 14"" 2K OLED 2-in-1 Laptop (Copilot+ PC)[512GB]",laptops,1124.00,1,1124.00
RCPT-20260119-00427,1,P-0060,TP-Link AC750 Wi-Fi Range Extender,wi_fi_routers,59.00,1,59.00
RCPT-20260119-00427,2,P-0034,"Generation Earth 14.1"" Recycled Berlin Laptop Backpack (Black)",bags,79.00,4,316.00
RCPT-20260119-00428,1,P-0003,"Lenovo IdeaPad S3i 15.6"" FHD Laptop (Intel Core i3)[512GB]",laptops,699.00,1,699.00
RCPT-20260119-00428,2,P-0062,RIG R5 SPEAR PRO HS Gaming Headset (Black),gaming_headsets,179.00,1,179.00
RCPT-20260119-00429,1,P-0065,HyperX Cloud Flight 2 Wire,gaming_headsets,219.00,1,219.00
RCPT-20260119-00429,2,P-0048,"Samsung Galaxy Tab A11+ 11"" Wi-Fi 128GB (Grey)",monitors,379.00,1,379.00
RCPT-20260119-00429,3,P-0055,ASUS RT-AX54HP V2 AX1800 Wi-Fi 6 Router,wi_fi_routers,179.00,1,179.00
RCPT-20260119-00430,1,P-0073,Samsung T7 Portable SSD Drive [1TB](Titan Gray),hard_drive,329.00,1,329.00
RCPT-20260119-00430,2,P-0049,"Lenovo Tab 10"" WUXGA 128GB Tablet with Clear Case",monitors,299.00,1,299.00
RCPT-20260119-00430,3,P-0063,Corsair VOID Wireless V2 Gaming Headset (Pink),gaming_headsets,199.00,1,199.00
RCPT-20260119-00430,4,P-0008,"Lenovo IdeaPad 5 14"" 2K OLED 2-in-1 Laptop (Copilot+ PC)[512GB]",laptops,1124.00,2,2248.00
RCPT-20260119-00431,1,P-0047,"AOC 16T20 15.6"" FHD USB-C Portable Monitor",monitors,179.00,1,179.00
RCPT-20260119-00431,2,P-0015,"Dell DB16255 16"" WUXGA Copilot+ PC Laptop (Ryzen AI 7)[1TB]",laptops,1399.00,1,1399.00
RCPT-20260119-00431,3,P-0067,Epson WorkForce Pro WF-3825 Multifunction Printer,gaming_headsets,169.00,1,169.00
RCPT-20260119-00431,4,P-0071,Seagate Expansion Desktop 16TB Hard Drive,hard_drive,499.00,2,998.00
RCPT-20260120-00432,1,P-0064,Logitech G325 LIGHTSPEED Wireless Gaming Headset (White),gaming_headsets,199.00,1,199.00
RCPT-20260120-00432,2,P-0036,"STM Tower View Folio 18"" Laptop Brief (Black)",bags,69.95,2,139.90
RCPT-20260120-00432,3,P-0046,"LG 31.5"" QHD 100Hz IPS Super Slim Stand Monitor with USB-C",monitors,389.00,1,389.00
RCPT-20260120-00433,1,P-0055,ASUS RT-AX54HP V2 AX1800 Wi-Fi 6 Router,wi_fi_routers,179.00,1,179.00
RCPT-20260120-00433,2,P-0039,"LG UltraGear 27G411A 27"" FHD 144Hz Gaming Monitor",monitors,229.00,1,229.00
RCPT-20260120-00433,3,P-0039,"LG UltraGear 27G411A 27"" FHD 144Hz Gaming Monitor",monitors,229.00,1,229.00
RCPT-20260120-00433,4,P-0064,Logitech G325 LIGHTSPEED Wireless Gaming Headset (White),gaming_headsets,199.00,1,199.00
RCPT-20260120-00434,1,P-0051,"Samsung Galaxy Tab S10 FE+ 13.1"" Wi-Fi 128GB (Grey)",monitors,1099.00,1,1099.00
RCPT-20260120-00434,2,P-0064,Logitech G325 LIGHTSPEED Wireless Gaming Headset (White),gaming_headsets,199.00,1,199.00
RCPT-20260120-00434,3,P-0051,"Samsung Galaxy Tab S10 FE+ 13.1"" Wi-Fi 128GB (Grey)",monitors,1099.00,2,2198.00
RCPT-20260120-00435,1,P-0036,"STM Tower View Folio 18"" Laptop Brief (Black)",bags,69.95,1,69.95
RCPT-20260120-00435,2,P-0036,"STM Tower View Folio 18"" Laptop Brief (Black)",bags,69.95,1,69.95
RCPT-20260120-00436,1,P-0046,"LG 31.5"" QHD 100Hz IPS Super Slim Stand Monitor with USB-C",monitors,389.00,1,389.00
RCPT-20260120-00436,2,P-0067,Epson WorkForce Pro WF-3825 Multifunction Printer,gaming_headsets,169.00,1,169.00
RCPT-20260120-00436,3,P-0065,HyperX Cloud Flight 2 Wire,gaming_headsets,219.00,1,219.00
RCPT-20260120-00437,1,P-0065,HyperX Cloud Flight 2 Wire,gaming_headsets,219.00,1,219.00
RCPT-20260120-00437,2,P-0072,Sandisk E30 Portable SSD Drive (1TB),hard_drive,169.00,1,169.00
RCPT-20260120-00437,3,P-0073,Samsung T7 Portable SSD Drive [1TB](Titan Gray),hard_drive,329.00,1,329.00
RCPT-20260120-00438,1,P-0060,TP-Link AC750 Wi-Fi Range Extender,wi_fi_routers,59.00,2,118.00
RCPT-20260120-00439,1,P-0018,"MSI Modern 15 H AI 15.6"" FHD 60Hz Laptop (Intel Core Ultra 7) [1TB]",laptops,1499.00,1,1499.00
RCPT-20260120-00439,2,P-0057,Starlink Standard Kit (Latest Generation),wi_fi_routers,549.00,1,549.00
RCPT-20260120-00439,3,P-0053,Apple iPad Air 13-inch M3 128GB Wi-Fi (Space Grey),monitors,1347.00,1,1347.00
RCPT-20260120-00439,4,P-0065,HyperX Cloud Flight 2 Wire,gaming_headsets,219.00,1,219.00
RCPT-20260120-00440,1,P-0074,Samsung Portable SSD T7 Shield 1TB (Black),hard_drive,369.00,1,369.00
RCPT-20260120-00440,2,P-0049,"Lenovo Tab 10"" WUXGA 128GB Tablet with Clear Case",monitors,299.00,1,299.00
RCPT-20260120-00440,3,P-0038,"Blaupunkt BP27GM240 27"" FHD 240Hz Curved Gaming Monitor",monitors,399.00,1,399.00
RCPT-20260121-00441,1,P-0058,ASUS DSL-AX82U AX5400 Wi-Fi 6 Modem Router,wi_fi_routers,449.00,1,449.00
RCPT-20260121-00441,2,P-0076,SanDisk® Creator Phone SSD with Magsafe 2TB,hard_drive,399.00,1,399.00
RCPT-20260121-00442,1,P-0053,Apple iPad Air 13-inch M3 128GB Wi-Fi (Space Grey),monitors,1347.00,1,1347.00
RCPT-20260121-00442,2,P-0037,"Lenovo Legion GB800 17"" Laptop Backpack (Black)",bags,199.00,1,199.00
RCPT-20260121-00442,3,P-0049,"Lenovo Tab 10"" WUXGA 128GB Tablet with Clear Case",monitors,299.00,1,299.00
RCPT-20260121-00442,4,P-0018,"MSI Modern 15 H AI 15.6"" FHD 60Hz Laptop (Intel Core Ultra 7) [1TB]",laptops,1499.00,1,1499.00
RCPT-20260121-00443,1,P-0069,WD My Book 16TB External Hard Drive,hard_drive,679.00,1,679.00
RCPT-20260121-00443,2,P-0066,AceZone A-Blaze Hybrid ANC Bluetooth Wireless PC Gaming Headset Black,gaming_headsets,356.15,1,356.15
RCPT-20260121-00444,1,P-0022,"Asus TUF Gaming F16 16"" FHD+ 144Hz Gaming Laptop (Intel Core i7)[GeForce RTX 4050]",laptops,1919.00,1,1919.00
RCPT-20260121-00444,2,P-0041,"LG UltraGear 24G411A 24"" FHD 144Hz Gaming Monitor",monitors,189.00,1,189.00
RCPT-20260121-00444,3,P-0019,"Lenovo IdeaPad Slim 3i 15.3"" 2K Laptop (Intel Core i7)[1TB]",laptops,1599.00,1,1599.00
RCPT-20260121-00444,4,P-0069,WD My Book 16TB External Hard Drive,hard_drive,679.00,1,679.00
RCPT-20260121-00445,1,P-0002,"HP Laptop 15-fc0433AU 15.6"" FHD Laptop (Ryzen 5)[512GB]",laptops,649.00,1,649.00
RCPT-20260121-00445,2,P-0037,"Lenovo Legion GB800 17"" Laptop Backpack (Black)",bags,199.00,1,199.00
RCPT-20260121-00446,1,P-0070,Seagate Expansion Desktop 26TB Hard Drive,hard_drive,749.00,1,749.00
RCPT-20260121-00446,2,P-0057,Starlink Standard Kit (Latest Generation),wi_fi_routers,549.00,1,549.00
RCPT-20260121-00446,3,P-0009,"Dell 15 DC15250 15.6"" Full HD Laptop (Intel Core i5)[512GB]",laptops,1199.00,1,1199.00
RCPT-20260121-00447,1,P-0057,Starlink Standard Kit (Latest Generation),wi_fi_routers,549.00,1,549.00
RCPT-20260121-00447,2,P-0011,"Lenovo Ideapad 5 14"" WUXGA OLED 2-in-1 Laptop (Snapdragon X Plus)[1TB]",laptops,1274.00,1,1274.00
RCPT-20260121-00447,3,P-0056,Netgear Nighthawk® Wi-Fi 6 AX1800 Router RAX9,wi_fi_routers,149.00,2,298.00
RCPT-20260121-00448,1,P-0060,TP-Link AC750 Wi-Fi Range Extender,wi_fi_routers,59.00,1,59.00
RCPT-20260121-00449,1,P-0068,Canon TS7760 Pixma Home Printer,gaming_headsets,139.00,1,139.00
RCPT-20260121-00449,2,P-0002,"HP Laptop 15-fc0433AU 15.6"" FHD Laptop (Ryzen 5)[512GB]",laptops,649.00,1,649.00
RCPT-20260121-00450,1,P-0075,Samsung Portable T7 Shield SSD 4TB (Black),hard_drive,999.00,1,999.00
RCPT-20260121-00450,2,P-0076,SanDisk® Creator Phone SSD with Magsafe 2TB,hard_drive,399.00,2,798.00
RCPT-20260121-00451,1,P-0073,Samsung T7 Portable SSD Drive [1TB](Titan Gray),hard_drive,329.00,1,329.00
RCPT-20260121-00451,2,P-0004,"HP Laptop 15-fc0474AU 15.6"" FHD laptop (Ryzen 7)[512GB]",laptops,899.00,1,899.00
RCPT-20260121-00451,3,P-0034,"Generation Earth 14.1"" Recycled Berlin Laptop Backpack (Black)",bags,79.00,1,79.00
RCPT-20260121-00451,4,P-0012,"ASUS Vivobook S16 16"" WQXGA Laptop (Copilot+ PC)[512GB]",laptops,1278.00,1,1278.00
RCPT-20260122-00452,1,P-0063,Corsair VOID Wireless V2 Gaming Headset (Pink),gaming_headsets,199.00,1,199.00
RCPT-20260122-00452,2,P-0038,"Blaupunkt BP27GM240 27"" FHD 240Hz Curved Gaming Monitor",monitors,399.00,2,798.00
RCPT-20260122-00453,1,P-0036,"STM Tower View Folio 18"" Laptop Brief (Black)",bags,69.95,1,69.95
RCPT-20260122-00453,2,P-0034,"Generation Earth 14.1"" Recycled Berlin Laptop Backpack (Black)",bags,79.00,1,79.00
RCPT-20260122-00454,1,P-0066,AceZone A-Blaze Hybrid ANC Bluetooth Wireless PC Gaming Headset Black,gaming_headsets,356.15,1,356.15
RCPT-20260122-00454,2,P-0041,"LG UltraGear 24G411A 24"" FHD 144Hz Gaming Monitor",monitors,189.00,1,189.00
RCPT-20260122-00454,3,P-0054,TP-Link AX3000 Gigabit Wi-Fi 6 Router,wi_fi_routers,159.00,1,159.00
RCPT-20260122-00454,4,P-0010,"Dell DB16255 16"" WUXGA Copilot+ PC Laptop (Ryzen AI 5)[512GB]",laptops,1259.00,1,1259.00
RCPT-20260122-00455,1,P-0036,"STM Tower View Folio 18"" Laptop Brief (Black)",bags,69.95,1,69.95
RCPT-20260122-00455,2,P-0060,TP-Link AC750 Wi-Fi Range Extender,wi_fi_routers,59.00,1,59.00
RCPT-20260122-00456,1,P-0071,Seagate Expansion Desktop 16TB Hard Drive,hard_drive,499.00,1,499.00
RCPT-20260122-00456,2,P-0067,Epson WorkForce Pro WF-3825 Multifunction Printer,gaming_headsets,169.00,1,169.00
RCPT-20260122-00456,3,P-0017,"MSI Modern 15 H AI 15.6"" FHD 60Hz Laptop (Intel Core Ultra 9) [1TB]",laptops,1499.00,1,1499.00
RCPT-20260122-00457,1,P-0060,TP-Link AC750 Wi-Fi Range Extender,wi_fi_routers,59.00,1,59.00
RCPT-20260122-00457,2,P-0034,"Generation Earth 14.1"" Recycled Berlin Laptop Backpack (Black)",bags,79.00,3,237.00
RCPT-20260122-00458,1,P-0002,"HP Laptop 15-fc0433AU 15.6"" FHD Laptop (Ryzen 5)[512GB]",laptops,649.00,1,649.00
RCPT-20260122-00458,2,P-0046,"LG 31.5"" QHD 100Hz IPS Super Slim Stand Monitor with USB-C",monitors,389.00,1,389.00
RCPT-20260122-00459,1,P-0057,Starlink Standard Kit (Latest Generation),wi_fi_routers,549.00,1,549.00
RCPT-20260122-00459,2,P-0056,Netgear Nighthawk® Wi-Fi 6 AX1800 Router RAX9,wi_fi_routers,149.00,1,149.00
RCPT-20260122-00459,3,P-0037,"Lenovo Legion GB800 17"" Laptop Backpack (Black)",bags,199.00,1,199.00
RCPT-20260122-00460,1,P-0007,"Dell Inspiron 14 7440 14"" WQXGA 2-in-1 Laptop (Intel Core i5)[512GB/16GB]",laptops,1199.00,1,1199.00
RCPT-20260122-00460,2,P-0049,"Lenovo Tab 10"" WUXGA 128GB Tablet with Clear Case",monitors,299.00,1,299.00
RCPT-20260122-00461,1,P-0020,"MSI Thin A15 15"" FHD 144Hz Gaming Laptop (Ryzen 5) [GeForce RTX 3050]",laptops,1799.00,1,1799.00
RCPT-20260123-00462,1,P-0039,"LG UltraGear 27G411A 27"" FHD 144Hz Gaming Monitor",monitors,229.00,2,458.00
RCPT-20260123-00462,2,P-0068,Canon TS7760 Pixma Home Printer,gaming_headsets,139.00,1,139.00
RCPT-20260123-00462,3,P-0061,Logitech G Astro A20X PLAYSYNC Wireless Headset (Black),gaming_headsets,349.00,1,349.00
RCPT-20260123-00463,1,P-0017,"MSI Modern 15 H AI 15.6"" FHD 60Hz Laptop (Intel Core Ultra 9) [1TB]",laptops,1499.00,1,1499.00
RCPT-20260123-00463,2,P-0071,Seagate Expansion Desktop 16TB Hard Drive,hard_drive,499.00,1,499.00
RCPT-20260123-00464,1,P-0060,TP-Link AC750 Wi-Fi Range Extender,wi_fi_routers,59.00,1,59.00
RCPT-20260123-00465,1,P-0060,TP-Link AC750 Wi-Fi Range Extender,wi_fi_routers,59.00,2,118.00
RCPT-20260123-00466,1,P-0021,"HP Victus 15-fa2364TX 15.6"" Full HD Gaming Laptop (Intel Core i7)[GeForce RTX 4050]",laptops,1899.00,1,1899.00
RCPT-20260123-00466,2,P-0070,Seagate Expansion Desktop 26TB Hard Drive,hard_drive,749.00,1,749.00
RCPT-20260123-00466,3,P-0036,"STM Tower View Folio 18"" Laptop Brief (Black)",bags,69.95,1,69.95
RCPT-20260123-00466,4,P-0009,"Dell 15 DC15250 15.6"" Full HD Laptop (Intel Core i5)[512GB]",laptops,1199.00,1,1199.00
RCPT-20260123-00467,1,P-0028,"Alienware 16 Aurora 16"" WQXGA 120Hz Gaming Laptop (Intel Core 7)[GeForce RTX 5060]",laptops,3499.00,1,3499.00
RCPT-20260123-00467,2,P-0070,Seagate Expansion Desktop 26TB Hard Drive,hard_drive,749.00,1,749.00
RCPT-20260123-00468,1,P-0066,AceZone A-Blaze Hybrid ANC Bluetooth Wireless PC Gaming Headset Black,gaming_headsets,356.15,1,356.15
RCPT-20260123-00468,2,P-0041,"LG UltraGear 24G411A 24"" FHD 144Hz Gaming Monitor",monitors,189.00,1,189.00
RCPT-20260123-00468,3,P-0064,Logitech G325 LIGHTSPEED Wireless Gaming Headset (White),gaming_headsets,199.00,2,398.00
RCPT-20260123-00468,4,P-0008,"Lenovo IdeaPad 5 14"" 2K OLED 2-in-1 Laptop (Copilot+ PC)[512GB]",laptops,1124.00,1,1124.00
RCPT-20260123-00469,1,P-0052,"Samsung Galaxy Tab A11+ 11"" 5G 128GB (Grey)",monitors,529.00,1,529.00
RCPT-20260123-00469,2,P-0057,Starlink Standard Kit (Latest Generation),wi_fi_routers,549.00,1,549.00
RCPT-20260123-00470,1,P-0002,"HP Laptop 15-fc0433AU 15.6"" FHD Laptop (Ryzen 5)[512GB]",laptops,649.00,2,1298.00
RCPT-20260123-00470,2,P-0068,Canon TS7760 Pixma Home Printer,gaming_headsets,139.00,1,139.00
RCPT-20260123-00470,3,P-0056,Netgear Nighthawk® Wi-Fi 6 AX1800 Router RAX9,wi_fi_routers,149.00,1,149.00
RCPT-20260123-00470,4,P-0011,"Lenovo Ideapad 5 14"" WUXGA OLED 2-in-1 Laptop (Snapdragon X Plus)[1TB]",laptops,1274.00,1,1274.00
RCPT-20260123-00471,1,P-0043,"Lenovo Legion R34w-30 34"" WQHD 180Hz Curved Gaming Monitor",monitors,499.00,1,499.00
RCPT-20260123-00471,2,P-0063,Corsair VOID Wireless V2 Gaming Headset (Pink),gaming_headsets,199.00,1,199.00
RCPT-20260123-00472,1,P-0060,TP-Link AC750 Wi-Fi Range Extender,wi_fi_routers,59.00,4,236.00
RCPT-20260123-00472,2,P-0055,ASUS RT-AX54HP V2 AX1800 Wi-Fi 6 Router,wi_fi_routers,179.00,1,179.00
RCPT-20260123-00472,3,P-0067,Epson WorkForce Pro WF-3825 Multifunction Printer,gaming_headsets,169.00,1,169.00
RCPT-20260123-00472,4,P-0054,TP-Link AX3000 Gigabit Wi-Fi 6 Router,wi_fi_routers,159.00,1,159.00
RCPT-20260123-00473,1,P-0043,"Lenovo Legion R34w-30 34"" WQHD 180Hz Curved Gaming Monitor",monitors,499.00,1,499.00
RCPT-20260123-00473,2,P-0013,"HP Envy x360 14-fc0189TU 14"" WUXGA 2-in-1 Laptop (Intel Core Ultra 5)[512GB]",laptops,1299.00,1,1299.00
RCPT-20260123-00473,3,P-0010,"Dell DB16255 16"" WUXGA Copilot+ PC Laptop (Ryzen AI 5)[512GB]",laptops,1259.00,1,1259.00
RCPT-20260123-00473,4,P-0072,Sandisk E30 Portable SSD Drive (1TB),hard_drive,169.00,1,169.00
RCPT-20260124-00474,1,P-0051,"Samsung Galaxy Tab S10 FE+ 13.1"" Wi-Fi 128GB (Grey)",monitors,1099.00,1,1099.00
RCPT-20260124-00474,2,P-0076,SanDisk® Creator Phone SSD with Magsafe 2TB,hard_drive,399.00,1,399.00
RCPT-20260124-00474,3,P-0055,ASUS RT-AX54HP V2 AX1800 Wi-Fi 6 Router,wi_fi_routers,179.00,1,179.00
RCPT-20260124-00475,1,P-0060,TP-Link AC750 Wi-Fi Range Extender,wi_fi_routers,59.00,2,118.00
RCPT-20260124-00476,1,P-0049,"Lenovo Tab 10"" WUXGA 128GB Tablet with Clear Case",monitors,299.00,1,299.00
RCPT-20260124-00476,2,P-0037,"Lenovo Legion GB800 17"" Laptop Backpack (Black)",bags,199.00,1,199.00
RCPT-20260124-00476,3,P-0051,"Samsung Galaxy Tab S10 FE+ 13.1"" Wi-Fi 128GB (Grey)",monitors,1099.00,1,1099.00
RCPT-20260124-00477,1,P-0060,TP-Link AC750 Wi-Fi Range Extender,wi_fi_routers,59.00,1,59.00
RCPT-20260124-00477,2,P-0060,TP-Link AC750 Wi-Fi Range Extender,wi_fi_routers,59.00,1,59.00
RCPT-20260124-00478,1,P-0009,"Dell 15 DC15250 15.6"" Full HD Laptop (Intel Core i5)[512GB]",laptops,1199.00,1,1199.00
RCPT-20260124-00478,2,P-0008,"Lenovo IdeaPad 5 14"" 2K OLED 2-in-1 Laptop (Copilot+ PC)[512GB]",laptops,1124.00,1,1124.00
RCPT-20260124-00479,1,P-0072,Sandisk E30 Portable SSD Drive (1TB),hard_drive,169.00,1,169.00
RCPT-20260124-00479,2,P-0057,Starlink Standard Kit (Latest Generation),wi_fi_routers,549.00,1,549.00
RCPT-20260124-00479,3,P-0062,RIG R5 SPEAR PRO HS Gaming Headset (Black),gaming_headsets,179.00,1,179.00
RCPT-20260124-00480,1,P-0062,RIG R5 SPEAR PRO HS Gaming Headset (Black),gaming_headsets,179.00,1,179.00
RCPT-20260124-00480,2,P-0037,"Lenovo Legion GB800 17"" Laptop Backpack (Black)",bags,199.00,1,199.00
RCPT-20260124-00480,3,P-0074,Samsung Portable SSD T7 Shield 1TB (Black),hard_drive,369.00,1,369.00
RCPT-20260124-00481,1,P-0072,Sandisk E30 Portable SSD Drive (1TB),hard_drive,169.00,1,169.00
RCPT-20260124-00481,2,P-0034,"Generation Earth 14.1"" Recycled Berlin Laptop Backpack (Black)",bags,79.00,4,316.00
RCPT-20260124-00481,3,P-0069,WD My Book 16TB External Hard Drive,hard_drive,679.00,1,679.00
RCPT-20260124-00481,4,P-0068,Canon TS7760 Pixma Home Printer,gaming_headsets,139.00,1,139.00
RCPT-20260124-00482,1,P-0003,"Lenovo IdeaPad S3i 15.6"" FHD Laptop (Intel Core i3)[512GB]",laptops,699.00,1,699.00
RCPT-20260124-00482,2,P-0050,Apple iPad 11-inch A16 128GB Wi-Fi (Blue),monitors,499.00,1,499.00
RCPT-20260124-00482,3,P-0053,Apple iPad Air 13-inch M3 128GB Wi-Fi (Space Grey),monitors,1347.00,1,1347.00
RCPT-20260124-00483,1,P-0008,"Lenovo IdeaPad 5 14"" 2K OLED 2-in-1 Laptop (Copilot+ PC)[512GB]",laptops,1124.00,1,1124.00
RCPT-20260124-00483,2,P-0051,"Samsung Galaxy Tab S10 FE+ 13.1"" Wi-Fi 128GB (Grey)",monitors,1099.00,1,1099.00
RCPT-20260124-00483,3,P-0036,"STM Tower View Folio 18"" Laptop Brief (Black)",bags,69.95,1,69.95
RCPT-20260124-00483,4,P-0044,"Samsung Odyssey G91SD 49"" DQHD 144Hz OLED Curved Gaming Monitor",monitors,1999.00,1,1999.00
RCPT-20260124-00484,1,P-0041,"LG UltraGear 24G411A 24"" FHD 144Hz Gaming Monitor",monitors,189.00,1,189.00
RCPT-20260124-00484,2,P-0052,"Samsung Galaxy Tab A11+ 11"" 5G 128GB (Grey)",monitors,529.00,1,529.00
RCPT-20260124-00485,1,P-0013,"HP Envy x360 14-fc0189TU 14"" WUXGA 2-in-1 Laptop (Intel Core Ultra 5)[512GB]",laptops,1299.00,1,1299.00
RCPT-20260124-00485,2,P-0035,"Thule Gauntlet Macbook Pro Attache 14"" (Black)",bags,179.95,1,179.95
RCPT-20260124-00485,3,P-0002,"HP Laptop 15-fc0433AU 15.6"" FHD Laptop (Ryzen 5)[512GB]",laptops,649.00,1,649.00
RCPT-20260124-00486,1,P-0060,TP-Link AC750 Wi-Fi Range Extender,wi_fi_routers,59.00,1,59.00
RCPT-20260124-00487,1,P-0034,"Generation Earth 14.1"" Recycled Berlin Laptop Backpack (Black)",bags,79.00,1,79.00
RCPT-20260124-00487,2,P-0060,TP-Link AC750 Wi-Fi Range Extender,wi_fi_routers,59.00,4,236.00
RCPT-20260125-00488,1,P-0014,"Microsoft Surface Pro Copilot+ PC 12"" Snapdragon X Plus 8 core/16GB/512GB (Violet)",laptops,1399.00,1,1399.00
RCPT-20260125-00488,2,P-0023,"Apple MacBook Pro 14-inch with M4 Chip, 1TB/24GB (Silver)[2024]",laptops,2887.00,1,2887.00
RCPT-20260125-00489,1,P-0008,"Lenovo IdeaPad 5 14"" 2K OLED 2-in-1 Laptop (Copilot+ PC)[512GB]",laptops,1124.00,1,1124.00
RCPT-20260125-00489,2,P-0055,ASUS RT-AX54HP V2 AX1800 Wi-Fi 6 Router,wi_fi_routers,179.00,1,179.00
RCPT-20260125-00489,3,P-0040,"AOC C27G4Z 27"" FHD 280Hz Curved Gaming Monitor",monitors,339.00,2,678.00
RCPT-20260125-00490,1,P-0007,"Dell Inspiron 14 7440 14"" WQXGA 2-in-1 Laptop (Intel Core i5)[512GB/16GB]",laptops,1199.00,1,1199.00
RCPT-20260125-00490,2,P-0036,"STM Tower View Folio 18"" Laptop Brief (Black)",bags,69.95,1,69.95
RCPT-20260125-00490,3,P-0055,ASUS RT-AX54HP V2 AX1800 Wi-Fi 6 Router,wi_fi_routers,179.00,1,179.00
RCPT-20260125-00490,4,P-0052,"Samsung Galaxy Tab A11+ 11"" 5G 128GB (Grey)",monitors,529.00,2,1058.00
RCPT-20260125-00491,1,P-0040,"AOC C27G4Z 27"" FHD 280Hz Curved Gaming Monitor",monitors,339.00,1,339.00
RCPT-20260125-00491,2,P-0044,"Samsung Odyssey G91SD 49"" DQHD 144Hz OLED Curved Gaming Monitor",monitors,1999.00,1,1999.00
RCPT-20260125-00492,1,P-0011,"Lenovo Ideapad 5 14"" WUXGA OLED 2-in-1 Laptop (Snapdragon X Plus)[1TB]",laptops,1274.00,1,1274.00
RCPT-20260125-00492,2,P-0069,WD My Book 16TB External Hard Drive,hard_drive,679.00,1,679.00
RCPT-20260125-00493,1,P-0066,AceZone A-Blaze Hybrid ANC Bluetooth Wireless PC Gaming Headset Black,gaming_headsets,356.15,1,356.15
RCPT-20260125-00493,2,P-0055,ASUS RT-AX54HP V2 AX1800 Wi-Fi 6 Router,wi_fi_routers,179.00,1,179.00
RCPT-20260125-00493,3,P-0073,Samsung T7 Portable SSD Drive [1TB](Titan Gray),hard_drive,329.00,1,329.00
RCPT-20260125-00493,4,P-0061,Logitech G Astro A20X PLAYSYNC Wireless Headset (Black),gaming_headsets,349.00,1,349.00
RCPT-20260125-00494,1,P-0035,"Thule Gauntlet Macbook Pro Attache 14"" (Black)",bags,179.95,1,179.95
RCPT-20260125-00494,2,P-0008,"Lenovo IdeaPad 5 14"" 2K OLED 2-in-1 Laptop (Copilot+ PC)[512GB]",laptops,1124.00,1,1124.00
RCPT-20260125-00494,3,P-0061,Logitech G Astro A20X PLAYSYNC Wireless Headset (Black),gaming_headsets,349.00,1,349.00
RCPT-20260125-00495,1,P-0023,"Apple MacBook Pro 14-inch with M4 Chip, 1TB/24GB (Silver)[2024]",laptops,2887.00,1,2887.00
RCPT-20260125-00495,2,P-0047,"AOC 16T20 15.6"" FHD USB-C Portable Monitor",monitors,179.00,1,179.00
RCPT-20260125-00496,1,P-0072,Sandisk E30 Portable SSD Drive (1TB),hard_drive,169.00,1,169.00
RCPT-20260126-00497,1,P-0058,ASUS DSL-AX82U AX5400 Wi-Fi 6 Modem Router,wi_fi_routers,449.00,1,449.00
RCPT-20260126-00497,2,P-0040,"AOC C27G4Z 27"" FHD 280Hz Curved Gaming Monitor",monitors,339.00,1,339.00
RCPT-20260126-00498,1,P-0036,"STM Tower View Folio 18"" Laptop Brief (Black)",bags,69.95,1,69.95
RCPT-20260126-00498,2,P-0065,HyperX Cloud Flight 2 Wire,gaming_headsets,219.00,1,219.00
RCPT-20260126-00498,3,P-0057,Starlink Standard Kit (Latest Generation),wi_fi_routers,549.00,1,549.00
RCPT-20260126-00498,4,P-0028,"Alienware 16 Aurora 16"" WQXGA 120Hz Gaming Laptop (Intel Core 7)[GeForce RTX 5060]",laptops,3499.00,1,3499.00
RCPT-20260126-00499,1,P-0060,TP-Link AC750 Wi-Fi Range Extender,wi_fi_routers,59.00,1,59.00
RCPT-20260126-00500,1,P-0055,ASUS RT-AX54HP V2 AX1800 Wi-Fi 6 Router,wi_fi_routers,179.00,1,179.00
RCPT-20260126-00500,2,P-0038,"Blaupunkt BP27GM240 27"" FHD 240Hz Curved Gaming Monitor",monitors,399.00,1,399.00
RCPT-20260126-00500,3,P-0008,"Lenovo IdeaPad 5 14"" 2K OLED 2-in-1 Laptop (Copilot+ PC)[512GB]",laptops,1124.00,1,1124.00
RCPT-20260126-00501,1,P-0060,TP-Link AC750 Wi-Fi Range Extender,wi_fi_routers,59.00,1,59.00
RCPT-20260126-00502,1,P-0073,Samsung T7 Portable SSD Drive [1TB](Titan Gray),hard_drive,329.00,1,329.00
RCPT-20260126-00502,2,P-0006,"HP OmniBook 5 NG AI PC 14-he0013QU 14"" WUXGA OLED Copilot+ PC Laptop (Snapdragon X1)[512GB/16GB]",laptops,1099.00,1,1099.00
RCPT-20260126-00502,3,P-0061,Logitech G Astro A20X PLAYSYNC Wireless Headset (Black),gaming_headsets,349.00,1,349.00
RCPT-20260126-00503,1,P-0035,"Thule Gauntlet Macbook Pro Attache 14"" (Black)",bags,179.95,1,179.95
RCPT-20260126-00503,2,P-0036,"STM Tower View Folio 18"" Laptop Brief (Black)",bags,69.95,1,69.95
RCPT-20260126-00503,3,P-0058,ASUS DSL-AX82U AX5400 Wi-Fi 6 Modem Router,wi_fi_routers,449.00,1,449.00
RCPT-20260126-00503,4,P-0045,"ASUS ROG Strix XG32UCWMG 32"" 4K 240Hz OLED Gaming Monitor",monitors,1999.00,1,1999.00
RCPT-20260126-00504,1,P-0060,TP-Link AC750 Wi-Fi Range Extender,wi_fi_routers,59.00,1,59.00
RCPT-20260126-00505,1,P-0034,"Generation Earth 14.1"" Recycled Berlin Laptop Backpack (Black)",bags,79.00,1,79.00
RCPT-20260126-00505,2,P-0034,"Generation Earth 14.1"" Recycled Berlin Laptop Backpack (Black)",bags,79.00,1,79.00
RCPT-20260126-00506,1,P-0035,"Thule Gauntlet Macbook Pro Attache 14"" (Black)",bags,179.95,1,179.95
RCPT-20260126-00506,2,P-0010,"Dell DB16255 16"" WUXGA Copilot+ PC Laptop (Ryzen AI 5)[512GB]",laptops,1259.00,1,1259.00
RCPT-20260126-00506,3,P-0016,"Lenovo Yoga Slim 7i Aura Edition 14"" 2.8K OLED Laptop (Intel Core Ultra 5)[1TB]",laptops,1499.00,1,1499.00
RCPT-20260126-00507,1,P-0007,"Dell Inspiron 14 7440 14"" WQXGA 2-in-1 Laptop (Intel Core i5)[512GB/16GB]",laptops,1199.00,1,1199.00
RCPT-20260126-00507,2,P-0034,"Generation Earth 14.1"" Recycled Berlin Laptop Backpack (Black)",bags,79.00,1,79.00
RCPT-20260126-00507,3,P-0057,Starlink Standard Kit (Latest Generation),wi_fi_routers,549.00,1,549.00
RCPT-20260126-00508,1,P-0059,TP-Link AX3000 Mesh Wi-Fi 6 Range Extender,wi_fi_routers,149.00,1,149.00
RCPT-20260126-00508,2,P-0074,Samsung Portable SSD T7 Shield 1TB (Black),hard_drive,369.00,1,369.00
RCPT-20260126-00508,3,P-0007,"Dell Inspiron 14 7440 14"" WQXGA 2-in-1 Laptop (Intel Core i5)[512GB/16GB]",laptops,1199.00,1,1199.00
RCPT-20260126-00508,4,P-0042,"LG UltraGear 34G600A 34"" WQHD",monitors,699.00,1,699.00
RCPT-20260126-00509,1,P-0060,TP-Link AC750 Wi-Fi Range Extender,wi_fi_routers,59.00,1,59.00
RCPT-20260126-00509,2,P-0046,"LG 31.5"" QHD 100Hz IPS Super Slim Stand Monitor with USB-C",monitors,389.00,1,389.00
RCPT-20260126-00509,3,P-0063,Corsair VOID Wireless V2 Gaming Headset (Pink),gaming_headsets,199.00,1,199.00
RCPT-20260126-00509,4,P-0043,"Lenovo Legion R34w-30 34"" WQHD 180Hz Curved Gaming Monitor",monitors,499.00,1,499.00
RCPT-20260126-00510,1,P-0064,Logitech G325 LIGHTSPEED Wireless Gaming Headset (White),gaming_headsets,199.00,1,199.00
RCPT-20260126-00510,2,P-0051,"Samsung Galaxy Tab S10 FE+ 13.1"" Wi-Fi 128GB (Grey)",monitors,1099.00,1,1099.00
RCPT-20260126-00510,3,P-0060,TP-Link AC750 Wi-Fi Range Extender,wi_fi_routers,59.00,1,59.00
RCPT-20260126-00510,4,P-0060,TP-Link AC750 Wi-Fi Range Extender,wi_fi_routers,59.00,4,236.00
RCPT-20260126-00511,1,P-0020,"MSI Thin A15 15"" FHD 144Hz Gaming Laptop (Ryzen 5) [GeForce RTX 3050]",laptops,1799.00,1,1799.00
RCPT-20260126-00511,2,P-0069,WD My Book 16TB External Hard Drive,hard_drive,679.00,1,679.00
RCPT-20260126-00511,3,P-0073,Samsung T7 Portable SSD Drive [1TB](Titan Gray),hard_drive,329.00,1,329.00
RCPT-20260126-00511,4,P-0065,HyperX Cloud Flight 2 Wire,gaming_headsets,219.00,1,219.00
RCPT-20260127-00512,1,P-0076,SanDisk® Creator Phone SSD with Magsafe 2TB,hard_drive,399.00,1,399.00
RCPT-20260127-00512,2,P-0007,"Dell Inspiron 14 7440 14"" WQXGA 2-in-1 Laptop (Intel Core i5)[512GB/16GB]",laptops,1199.00,1,1199.00
RCPT-20260127-00513,1,P-0003,"Lenovo IdeaPad S3i 15.6"" FHD Laptop (Intel Core i3)[512GB]",laptops,699.00,1,699.00
RCPT-20260127-00513,2,P-0059,TP-Link AX3000 Mesh Wi-Fi 6 Range Extender,wi_fi_routers,149.00,1,149.00
RCPT-20260127-00513,3,P-0067,Epson WorkForce Pro WF-3825 Multifunction Printer,gaming_headsets,169.00,1,169.00
RCPT-20260127-00513,4,P-0040,"AOC C27G4Z 27"" FHD 280Hz Curved Gaming Monitor",monitors,339.00,1,339.00
RCPT-20260127-00514,1,P-0035,"Thule Gauntlet Macbook Pro Attache 14"" (Black)",bags,179.95,1,179.95
RCPT-20260127-00514,2,P-0006,"HP OmniBook 5 NG AI PC 14-he0013QU 14"" WUXGA OLED Copilot+ PC Laptop (Snapdragon X1)[512GB/16GB]",laptops,1099.00,1,1099.00
RCPT-20260127-00514,3,P-0055,ASUS RT-AX54HP V2 AX1800 Wi-Fi 6 Router,wi_fi_routers,179.00,1,179.00
RCPT-20260127-00514,4,P-0060,TP-Link AC750 Wi-Fi Range Extender,wi_fi_routers,59.00,1,59.00
RCPT-20260127-00515,1,P-0074,Samsung Portable SSD T7 Shield 1TB (Black),hard_drive,369.00,1,369.00
RCPT-20260127-00515,2,P-0066,AceZone A-Blaze Hybrid ANC Bluetooth Wireless PC Gaming Headset Black,gaming_headsets,356.15,2,712.30
RCPT-20260127-00515,3,P-0038,"Blaupunkt BP27GM240 27"" FHD 240Hz Curved Gaming Monitor",monitors,399.00,1,399.00
RCPT-20260127-00515,4,P-0061,Logitech G Astro A20X PLAYSYNC Wireless Headset (Black),gaming_headsets,349.00,1,349.00
RCPT-20260127-00516,1,P-0004,"HP Laptop 15-fc0474AU 15.6"" FHD laptop (Ryzen 7)[512GB]",laptops,899.00,1,899.00
RCPT-20260127-00516,2,P-0058,ASUS DSL-AX82U AX5400 Wi-Fi 6 Modem Router,wi_fi_routers,449.00,1,449.00
RCPT-20260127-00516,3,P-0016,"Lenovo Yoga Slim 7i Aura Edition 14"" 2.8K OLED Laptop (Intel Core Ultra 5)[1TB]",laptops,1499.00,1,1499.00
RCPT-20260127-00517,1,P-0066,AceZone A-Blaze Hybrid ANC Bluetooth Wireless PC Gaming Headset Black,gaming_headsets,356.15,1,356.15
RCPT-20260127-00517,2,P-0011,"Lenovo Ideapad 5 14"" WUXGA OLED 2-in-1 Laptop (Snapdragon X Plus)[1TB]",laptops,1274.00,1,1274.00
RCPT-20260127-00517,3,P-0074,Samsung Portable SSD T7 Shield 1TB (Black),hard_drive,369.00,1,369.00
RCPT-20260127-00518,1,P-0060,TP-Link AC750 Wi-Fi Range Extender,wi_fi_routers,59.00,1,59.00
RCPT-20260127-00518,2,P-0001,"Dell 15 DC15255 15.6"" FHD 120Hz Laptop (Ryzen 3)[512GB]",laptops,629.00,1,629.00
RCPT-20260127-00518,3,P-0065,HyperX Cloud Flight 2 Wire,gaming_headsets,219.00,2,438.00
RCPT-20260127-00519,1,P-0076,SanDisk® Creator Phone SSD with Magsafe 2TB,hard_drive,399.00,1,399.00
RCPT-20260127-00519,2,P-0059,TP-Link AX3000 Mesh Wi-Fi 6 Range Extender,wi_fi_routers,149.00,1,149.00
RCPT-20260127-00519,3,P-0004,"HP Laptop 15-fc0474AU 15.6"" FHD laptop (Ryzen 7)[512GB]",laptops,899.00,1,899.00
RCPT-20260127-00519,4,P-0055,ASUS RT-AX54HP V2 AX1800 Wi-Fi 6 Router,wi_fi_routers,179.00,1,179.00
RCPT-20260127-00520,1,P-0069,WD My Book 16TB External Hard Drive,hard_drive,679.00,1,679.00
RCPT-20260127-00520,2,P-0002,"HP Laptop 15-fc0433AU 15.6"" FHD Laptop (Ryzen 5)[512GB]",laptops,649.00,1,649.00
RCPT-20260127-00520,3,P-0063,Corsair VOID Wireless V2 Gaming Headset (Pink),gaming_headsets,199.00,1,199.00
RCPT-20260127-00520,4,P-0037,"Lenovo Legion GB800 17"" Laptop Backpack (Black)",bags,199.00,1,199.00
RCPT-20260127-00521,1,P-0051,"Samsung Galaxy Tab S10 FE+ 13.1"" Wi-Fi 128GB (Grey)",monitors,1099.00,2,2198.00
RCPT-20260127-00521,2,P-0052,"Samsung Galaxy Tab A11+ 11"" 5G 128GB (Grey)",monitors,529.00,1,529.00
RCPT-20260127-00521,3,P-0021,"HP Victus 15-fa2364TX 15.6"" Full HD Gaming Laptop (Intel Core i7)[GeForce RTX 4050]",laptops,1899.00,1,1899.00
RCPT-20260128-00522,1,P-0037,"Lenovo Legion GB800 17"" Laptop Backpack (Black)",bags,199.00,1,199.00
RCPT-20260128-00522,2,P-0071,Seagate Expansion Desktop 16TB Hard Drive,hard_drive,499.00,1,499.00
RCPT-20260128-00522,3,P-0049,"Lenovo Tab 10"" WUXGA 128GB Tablet with Clear Case",monitors,299.00,1,299.00
RCPT-20260128-00523,1,P-0047,"AOC 16T20 15.6"" FHD USB-C Portable Monitor",monitors,179.00,1,179.00
RCPT-20260128-00523,2,P-0050,Apple iPad 11-inch A16 128GB Wi-Fi (Blue),monitors,499.00,1,499.00
RCPT-20260128-00524,1,P-0068,Canon TS7760 Pixma Home Printer,gaming_headsets,139.00,1,139.00
RCPT-20260128-00524,2,P-0015,"Dell DB16255 16"" WUXGA Copilot+ PC Laptop (Ryzen AI 7)[1TB]",laptops,1399.00,1,1399.00
RCPT-20260128-00524,3,P-0007,"Dell Inspiron 14 7440 14"" WQXGA 2-in-1 Laptop (Intel Core i5)[512GB/16GB]",laptops,1199.00,1,1199.00
RCPT-20260128-00525,1,P-0021,"HP Victus 15-fa2364TX 15.6"" Full HD Gaming Laptop (Intel Core i7)[GeForce RTX 4050]",laptops,1899.00,1,1899.00
RCPT-20260128-00525,2,P-0043,"Lenovo Legion R34w-30 34"" WQHD 180Hz Curved Gaming Monitor",monitors,499.00,1,499.00
RCPT-20260128-00525,3,P-0070,Seagate Expansion Desktop 26TB Hard Drive,hard_drive,749.00,1,749.00
RCPT-20260128-00525,4,P-0013,"HP Envy x360 14-fc0189TU 14"" WUXGA 2-in-1 Laptop (Intel Core Ultra 5)[512GB]",laptops,1299.00,1,1299.00
RCPT-20260128-00526,1,P-0001,"Dell 15 DC15255 15.6"" FHD 120Hz Laptop (Ryzen 3)[512GB]",laptops,629.00,1,629.00
RCPT-20260128-00526,2,P-0063,Corsair VOID Wireless V2 Gaming Headset (Pink),gaming_headsets,199.00,1,199.00
RCPT-20260128-00526,3,P-0067,Epson WorkForce Pro WF-3825 Multifunction Printer,gaming_headsets,169.00,1,169.00
RCPT-20260128-00526,4,P-0039,"LG UltraGear 27G411A 27"" FHD 144Hz Gaming Monitor",monitors,229.00,1,229.00
RCPT-20260128-00527,1,P-0066,AceZone A-Blaze Hybrid ANC Bluetooth Wireless PC Gaming Headset Black,gaming_headsets,356.15,1,356.15
RCPT-20260128-00527,2,P-0041,"LG UltraGear 24G411A 24"" FHD 144Hz Gaming Monitor",monitors,189.00,1,189.00
RCPT-20260128-00527,3,P-0071,Seagate Expansion Desktop 16TB Hard Drive,hard_drive,499.00,1,499.00
RCPT-20260128-00527,4,P-0060,TP-Link AC750 Wi-Fi Range Extender,wi_fi_routers,59.00,1,59.00
RCPT-20260128-00528,1,P-0042,"LG UltraGear 34G600A 34"" WQHD",monitors,699.00,1,699.00
RCPT-20260128-00528,2,P-0076,SanDisk® Creator Phone SSD with Magsafe 2TB,hard_drive,399.00,1,399.00
RCPT-20260128-00528,3,P-0069,WD My Book 16TB External Hard Drive,hard_drive,679.00,1,679.00
RCPT-20260128-00529,1,P-0040,"AOC C27G4Z 27"" FHD 280Hz Curved Gaming Monitor",monitors,339.00,1,339.00
RCPT-20260128-00529,2,P-0042,"LG UltraGear 34G600A 34"" WQHD",monitors,699.00,2,1398.00
RCPT-20260128-00529,3,P-0002,"HP Laptop 15-fc0433AU 15.6"" FHD Laptop (Ryzen 5)[512GB]",laptops,649.00,1,649.00
RCPT-20260128-00529,4,P-0073,Samsung T7 Portable SSD Drive [1TB](Titan Gray),hard_drive,329.00,1,329.00
RCPT-20260129-00530,1,P-0053,Apple iPad Air 13-inch M3 128GB Wi-Fi (Space Grey),monitors,1347.00,1,1347.00
RCPT-20260129-00530,2,P-0044,"Samsung Odyssey G91SD 49"" DQHD 144Hz OLED Curved Gaming Monitor",monitors,1999.00,1,1999.00
RCPT-20260129-00531,1,P-0054,TP-Link AX3000 Gigabit Wi-Fi 6 Router,wi_fi_routers,159.00,1,159.00
RCPT-20260129-00531,2,P-0043,"Lenovo Legion R34w-30 34"" WQHD 180Hz Curved Gaming Monitor",monitors,499.00,1,499.00
RCPT-20260129-00531,3,P-0074,Samsung Portable SSD T7 Shield 1TB (Black),hard_drive,369.00,1,369.00
RCPT-20260129-00532,1,P-0038,"Blaupunkt BP27GM240 27"" FHD 240Hz Curved Gaming Monitor",monitors,399.00,1,399.00
RCPT-20260129-00532,2,P-0040,"AOC C27G4Z 27"" FHD 280Hz Curved Gaming Monitor",monitors,339.00,1,339.00
RCPT-20260129-00533,1,P-0068,Canon TS7760 Pixma Home Printer,gaming_headsets,139.00,1,139.00
RCPT-20260129-00533,2,P-0059,TP-Link AX3000 Mesh Wi-Fi 6 Range Extender,wi_fi_routers,149.00,1,149.00
RCPT-20260129-00533,3,P-0073,Samsung T7 Portable SSD Drive [1TB](Titan Gray),hard_drive,329.00,1,329.00
RCPT-20260129-00533,4,P-0075,Samsung Portable T7 Shield SSD 4TB (Black),hard_drive,999.00,1,999.00
RCPT-20260129-00534,1,P-0011,"Lenovo Ideapad 5 14"" WUXGA OLED 2-in-1 Laptop (Snapdragon X Plus)[1TB]",laptops,1274.00,1,1274.00
RCPT-20260129-00534,2,P-0006,"HP OmniBook 5 NG AI PC 14-he0013QU 14"" WUXGA OLED Copilot+ PC Laptop (Snapdragon X1)[512GB/16GB]",laptops,1099.00,1,1099.00
RCPT-20260129-00535,1,P-0062,RIG R5 SPEAR PRO HS Gaming Headset (Black),gaming_headsets,179.00,1,179.00
RCPT-20260129-00535,2,P-0075,Samsung Portable T7 Shield SSD 4TB (Black),hard_drive,999.00,1,999.00
RCPT-20260129-00535,3,P-0043,"Lenovo Legion R34w-30 34"" WQHD 180Hz Curved Gaming Monitor",monitors,499.00,1,499.00
RCPT-20260129-00535,4,P-0048,"Samsung Galaxy Tab A11+ 11"" Wi-Fi 128GB (Grey)",monitors,379.00,1,379.00
RCPT-20260129-00536,1,P-0060,TP-Link AC750 Wi-Fi Range Extender,wi_fi_routers,59.00,1,59.00
RCPT-20260129-00536,2,P-0034,"Generation Earth 14.1"" Recycled Berlin Laptop Backpack (Black)",bags,79.00,1,79.00
RCPT-20260129-00537,1,P-0051,"Samsung Galaxy Tab S10 FE+ 13.1"" Wi-Fi 128GB (Grey)",monitors,1099.00,1,1099.00
RCPT-20260129-00537,2,P-0050,Apple iPad 11-inch A16 128GB Wi-Fi (Blue),monitors,499.00,1,499.00
RCPT-20260129-00538,1,P-0060,TP-Link AC750 Wi-Fi Range Extender,wi_fi_routers,59.00,1,59.00
RCPT-20260129-00539,1,P-0067,Epson WorkForce Pro WF-3825 Multifunction Printer,gaming_headsets,169.00,1,169.00
RCPT-20260129-00539,2,P-0074,Samsung Portable SSD T7 Shield 1TB (Black),hard_drive,369.00,1,369.00
RCPT-20260129-00539,3,P-0066,AceZone A-Blaze Hybrid ANC Bluetooth Wireless PC Gaming Headset Black,gaming_headsets,356.15,1,356.15
RCPT-20260129-00539,4,P-0009,"Dell 15 DC15250 15.6"" Full HD Laptop (Intel Core i5)[512GB]",laptops,1199.00,1,1199.00
RCPT-20260129-00540,1,P-0064,Logitech G325 LIGHTSPEED Wireless Gaming Headset (White),gaming_headsets,199.00,1,199.00
RCPT-20260129-00540,2,P-0062,RIG R5 SPEAR PRO HS Gaming Headset (Black),gaming_headsets,179.00,1,179.00
RCPT-20260129-00540,3,P-0003,"Lenovo IdeaPad S3i 15.6"" FHD Laptop (Intel Core i3)[512GB]",laptops,699.00,2,1398.00
RCPT-20260129-00540,4,P-0073,Samsung T7 Portable SSD Drive [1TB](Titan Gray),hard_drive,329.00,1,329.00
RCPT-20260130-00541,1,P-0011,"Lenovo Ideapad 5 14"" WUXGA OLED 2-in-1 Laptop (Snapdragon X Plus)[1TB]",laptops,1274.00,1,1274.00
RCPT-20260130-00541,2,P-0013,"HP Envy x360 14-fc0189TU 14"" WUXGA 2-in-1 Laptop (Intel Core Ultra 5)[512GB]",laptops,1299.00,1,1299.00
RCPT-20260130-00542,1,P-0003,"Lenovo IdeaPad S3i 15.6"" FHD Laptop (Intel Core i3)[512GB]",laptops,699.00,1,699.00
RCPT-20260130-00542,2,P-0014,"Microsoft Surface Pro Copilot+ PC 12"" Snapdragon X Plus 8 core/16GB/512GB (Violet)",laptops,1399.00,1,1399.00
RCPT-20260130-00543,1,P-0076,SanDisk® Creator Phone SSD with Magsafe 2TB,hard_drive,399.00,2,798.00
RCPT-20260130-00543,2,P-0048,"Samsung Galaxy Tab A11+ 11"" Wi-Fi 128GB (Grey)",monitors,379.00,1,379.00
RCPT-20260130-00543,3,P-0054,TP-Link AX3000 Gigabit Wi-Fi 6 Router,wi_fi_routers,159.00,1,159.00
RCPT-20260130-00544,1,P-0036,"STM Tower View Folio 18"" Laptop Brief (Black)",bags,69.95,1,69.95
RCPT-20260130-00544,2,P-0061,Logitech G Astro A20X PLAYSYNC Wireless Headset (Black),gaming_headsets,349.00,1,349.00
RCPT-20260130-00544,3,P-0036,"STM Tower View Folio 18"" Laptop Brief (Black)",bags,69.95,1,69.95
RCPT-20260130-00544,4,P-0058,ASUS DSL-AX82U AX5400 Wi-Fi 6 Modem Router,wi_fi_routers,449.00,1,449.00
RCPT-20260130-00545,1,P-0007,"Dell Inspiron 14 7440 14"" WQXGA 2-in-1 Laptop (Intel Core i5)[512GB/16GB]",laptops,1199.00,1,1199.00
RCPT-20260130-00545,2,P-0035,"Thule Gauntlet Macbook Pro Attache 14"" (Black)",bags,179.95,1,179.95
RCPT-20260130-00545,3,P-0070,Seagate Expansion Desktop 26TB Hard Drive,hard_drive,749.00,1,749.00
RCPT-20260130-00545,4,P-0015,"Dell DB16255 16"" WUXGA Copilot+ PC Laptop (Ryzen AI 7)[1TB]",laptops,1399.00,1,1399.00
RCPT-20260130-00546,1,P-0060,TP-Link AC750 Wi-Fi Range Extender,wi_fi_routers,59.00,1,59.00
RCPT-20260130-00547,1,P-0049,"Lenovo Tab 10"" WUXGA 128GB Tablet with Clear Case",monitors,299.00,1,299.00
RCPT-20260130-00547,2,P-0010,"Dell DB16255 16"" WUXGA Copilot+ PC Laptop (Ryzen AI 5)[512GB]",laptops,1259.00,1,1259.00
RCPT-20260130-00548,1,P-0060,TP-Link AC750 Wi-Fi Range Extender,wi_fi_routers,59.00,1,59.00
RCPT-20260130-00549,1,P-0071,Seagate Expansion Desktop 16TB Hard Drive,hard_drive,499.00,1,499.00
RCPT-20260130-00549,2,P-0021,"HP Victus 15-fa2364TX 15.6"" Full HD Gaming Laptop (Intel Core i7)[GeForce RTX 4050]",laptops,1899.00,1,1899.00
RCPT-20260130-00550,1,P-0066,AceZone A-Blaze Hybrid ANC Bluetooth Wireless PC Gaming Headset Black,gaming_headsets,356.15,2,712.30
RCPT-20260130-00550,2,P-0045,"ASUS ROG Strix XG32UCWMG 32"" 4K 240Hz OLED Gaming Monitor",monitors,1999.00,1,1999.00
RCPT-20260130-00550,3,P-0049,"Lenovo Tab 10"" WUXGA 128GB Tablet with Clear Case",monitors,299.00,1,299.00
RCPT-20260130-00550,4,P-0063,Corsair VOID Wireless V2 Gaming Headset (Pink),gaming_headsets,199.00,1,199.00
RCPT-20260130-00551,1,P-0072,Sandisk E30 Portable SSD Drive (1TB),hard_drive,169.00,1,169.00
RCPT-20260130-00551,2,P-0001,"Dell 15 DC15255 15.6"" FHD 120Hz Laptop (Ryzen 3)[512GB]",laptops,629.00,1,629.00
RCPT-20260130-00551,3,P-0041,"LG UltraGear 24G411A 24"" FHD 144Hz Gaming Monitor",monitors,189.00,1,189.00
RCPT-20260130-00551,4,P-0061,Logitech G Astro A20X PLAYSYNC Wireless Headset (Black),gaming_headsets,349.00,1,349.00
RCPT-20260130-00552,1,P-0060,TP-Link AC750 Wi-Fi Range Extender,wi_fi_routers,59.00,3,177.00
RCPT-20260130-00552,2,P-0036,"STM Tower View Folio 18"" Laptop Brief (Black)",bags,69.95,1,69.95
RCPT-20260130-00552,3,P-0065,HyperX Cloud Flight 2 Wire,gaming_headsets,219.00,1,219.00
RCPT-20260130-00552,4,P-0001,"Dell 15 DC15255 15.6"" FHD 120Hz Laptop (Ryzen 3)[512GB]",laptops,629.00,1,629.00
RCPT-20260130-00553,1,P-0036,"STM Tower View Folio 18"" Laptop Brief (Black)",bags,69.95,2,139.90
RCPT-20260130-00554,1,P-0015,"Dell DB16255 16"" WUXGA Copilot+ PC Laptop (Ryzen AI 7)[1TB]",laptops,1399.00,1,1399.00
RCPT-20260130-00554,2,P-0041,"LG UltraGear 24G411A 24"" FHD 144Hz Gaming Monitor",monitors,189.00,1,189.00
RCPT-20260130-00554,3,P-0069,WD My Book 16TB External Hard Drive,hard_drive,679.00,1,679.00
RCPT-20260131-00555,1,P-0003,"Lenovo IdeaPad S3i 15.6"" FHD Laptop (Intel Core i3)[512GB]",laptops,699.00,2,1398.00
RCPT-20260131-00555,2,P-0061,Logitech G Astro A20X PLAYSYNC Wireless Headset (Black),gaming_headsets,349.00,1,349.00
RCPT-20260131-00555,3,P-0056,Netgear Nighthawk® Wi-Fi 6 AX1800 Router RAX9,wi_fi_routers,149.00,1,149.00
RCPT-20260131-00555,4,P-0052,"Samsung Galaxy Tab A11+ 11"" 5G 128GB (Grey)",monitors,529.00,1,529.00
RCPT-20260131-00556,1,P-0064,Logitech G325 LIGHTSPEED Wireless Gaming Headset (White),gaming_headsets,199.00,1,199.00
RCPT-20260131-00556,2,P-0072,Sandisk E30 Portable SSD Drive (1TB),hard_drive,169.00,1,169.00
RCPT-20260131-00556,3,P-0050,Apple iPad 11-inch A16 128GB Wi-Fi (Blue),monitors,499.00,1,499.00
RCPT-20260131-00557,1,P-0056,Netgear Nighthawk® Wi-Fi 6 AX1800 Router RAX9,wi_fi_routers,149.00,2,298.00
RCPT-20260131-00557,2,P-0034,"Generation Earth 14.1"" Recycled Berlin Laptop Backpack (Black)",bags,79.00,1,79.00
RCPT-20260131-00557,3,P-0045,"ASUS ROG Strix XG32UCWMG 32"" 4K 240Hz OLED Gaming Monitor",monitors,1999.00,1,1999.00
RCPT-20260131-00557,4,P-0045,"ASUS ROG Strix XG32UCWMG 32"" 4K 240Hz OLED Gaming Monitor",monitors,1999.00,1,1999.00
RCPT-20260131-00558,1,P-0054,TP-Link AX3000 Gigabit Wi-Fi 6 Router,wi_fi_routers,159.00,1,159.00
RCPT-20260131-00558,2,P-0043,"Lenovo Legion R34w-30 34"" WQHD 180Hz Curved Gaming Monitor",monitors,499.00,1,499.00
RCPT-20260131-00558,3,P-0016,"Lenovo Yoga Slim 7i Aura Edition 14"" 2.8K OLED Laptop (Intel Core Ultra 5)[1TB]",laptops,1499.00,1,1499.00
RCPT-20260131-00559,1,P-0013,"HP Envy x360 14-fc0189TU 14"" WUXGA 2-in-1 Laptop (Intel Core Ultra 5)[512GB]",laptops,1299.00,1,1299.00
RCPT-20260131-00559,2,P-0057,Starlink Standard Kit (Latest Generation),wi_fi_routers,549.00,1,549.00
RCPT-20260131-00559,3,P-0008,"Lenovo IdeaPad 5 14"" 2K OLED 2-in-1 Laptop (Copilot+ PC)[512GB]",laptops,1124.00,1,1124.00
RCPT-20260131-00560,1,P-0034,"Generation Earth 14.1"" Recycled Berlin Laptop Backpack (Black)",bags,79.00,1,79.00
RCPT-20260131-00560,2,P-0060,TP-Link AC750 Wi-Fi Range Extender,wi_fi_routers,59.00,1,59.00
RCPT-20260131-00561,1,P-0074,Samsung Portable SSD T7 Shield 1TB (Black),hard_drive,369.00,1,369.00
RCPT-20260131-00561,2,P-0062,RIG R5 SPEAR PRO HS Gaming Headset (Black),gaming_headsets,179.00,1,179.00
RCPT-20260131-00561,3,P-0065,HyperX Cloud Flight 2 Wire,gaming_headsets,219.00,1,219.00
RCPT-20260131-00562,1,P-0060,TP-Link AC750 Wi-Fi Range Extender,wi_fi_routers,59.00,1,59.00
RCPT-20260131-00562,2,P-0034,"Generation Earth 14.1"" Recycled Berlin Laptop Backpack (Black)",bags,79.00,2,158.00
RCPT-20260131-00563,1,P-0036,"STM Tower View Folio 18"" Laptop Brief (Black)",bags,69.95,1,69.95
RCPT-20260131-00563,2,P-0060,TP-Link AC750 Wi-Fi Range Extender,wi_fi_routers,59.00,3,177.00
RCPT-20260131-00564,1,P-0060,TP-Link AC750 Wi-Fi Range Extender,wi_fi_routers,59.00,1,59.00
RCPT-20260131-00565,1,P-0054,TP-Link AX3000 Gigabit Wi-Fi 6 Router,wi_fi_routers,159.00,1,159.00
RCPT-20260131-00565,2,P-0054,TP-Link AX3000 Gigabit Wi-Fi 6 Router,wi_fi_routers,159.00,1,159.00
RCPT-20260131-00565,3,P-0065,HyperX Cloud Flight 2 Wire,gaming_headsets,219.00,1,219.00
RCPT-20260131-00565,4,P-0007,"Dell Inspiron 14 7440 14"" WQXGA 2-in-1 Laptop (Intel Core i5)[512GB/16GB]",laptops,1199.00,1,1199.00
RCPT-20260131-00566,1,P-0048,"Samsung Galaxy Tab A11+ 11"" Wi-Fi 128GB (Grey)",monitors,379.00,1,379.00
RCPT-20260131-00566,2,P-0048,"Samsung Galaxy Tab A11+ 11"" Wi-Fi 128GB (Grey)",monitors,379.00,1,379.00
RCPT-20260131-00566,3,P-0051,"Samsung Galaxy Tab S10 FE+ 13.1"" Wi-Fi 128GB (Grey)",monitors,1099.00,1,1099.00
RCPT-20260131-00567,1,P-0049,"Lenovo Tab 10"" WUXGA 128GB Tablet with Clear Case",monitors,299.00,1,299.00
RCPT-20260131-00567,2,P-0065,HyperX Cloud Flight 2 Wire,gaming_headsets,219.00,2,438.00
RCPT-20260131-00567,3,P-0050,Apple iPad 11-inch A16 128GB Wi-Fi (Blue),monitors,499.00,1,499.00
RCPT-20260131-00567,4,P-0002,"HP Laptop 15-fc0433AU 15.6"" FHD Laptop (Ryzen 5)[512GB]",laptops,649.00,1,649.00
RCPT-20260131-00568,1,P-0026,"Apple MacBook Pro 14-inch with M5 Chip, 1TB/24GB (Space Black)",laptops,3099.00,1,3099.00
RCPT-20260131-00568,2,P-0003,"Lenovo IdeaPad S3i 15.6"" FHD Laptop (Intel Core i3)[512GB]",laptops,699.00,1,699.00
RCPT-20260131-00568,3,P-0039,"LG UltraGear 27G411A 27"" FHD 144Hz Gaming Monitor",monitors,229.00,2,458.00
RCPT-20260201-00569,1,P-0058,ASUS DSL-AX82U AX5400 Wi-Fi 6 Modem Router,wi_fi_routers,449.00,1,449.00
RCPT-20260201-00569,2,P-0073,Samsung T7 Portable SSD Drive [1TB](Titan Gray),hard_drive,329.00,2,658.00
RCPT-20260201-00570,1,P-0066,AceZone A-Blaze Hybrid ANC Bluetooth Wireless PC Gaming Headset Black,gaming_headsets,356.15,2,712.30
RCPT-20260201-00570,2,P-0016,"Lenovo Yoga Slim 7i Aura Edition 14"" 2.8K OLED Laptop (Intel Core Ultra 5)[1TB]",laptops,1499.00,1,1499.00
RCPT-20260201-00571,1,P-0050,Apple iPad 11-inch A16 128GB Wi-Fi (Blue),monitors,499.00,1,499.00
RCPT-20260201-00571,2,P-0072,Sandisk E30 Portable SSD Drive (1TB),hard_drive,169.00,2,338.00
RCPT-20260201-00572,1,P-0059,TP-Link AX3000 Mesh Wi-Fi 6 Range Extender,wi_fi_routers,149.00,1,149.00
RCPT-20260201-00572,2,P-0071,Seagate Expansion Desktop 16TB Hard Drive,hard_drive,499.00,1,499.00
RCPT-20260201-00572,3,P-0062,RIG R5 SPEAR PRO HS Gaming Headset (Black),gaming_headsets,179.00,1,179.00
RCPT-20260201-00572,4,P-0061,Logitech G Astro A20X PLAYSYNC Wireless Headset (Black),gaming_headsets,349.00,1,349.00
RCPT-20260201-00573,1,P-0048,"Samsung Galaxy Tab A11+ 11"" Wi-Fi 128GB (Grey)",monitors,379.00,1,379.00
RCPT-20260201-00573,2,P-0057,Starlink Standard Kit (Latest Generation),wi_fi_routers,549.00,1,549.00
RCPT-20260201-00574,1,P-0003,"Lenovo IdeaPad S3i 15.6"" FHD Laptop (Intel Core i3)[512GB]",laptops,699.00,1,699.00
RCPT-20260201-00574,2,P-0067,Epson WorkForce Pro WF-3825 Multifunction Printer,gaming_headsets,169.00,1,169.00
RCPT-20260201-00574,3,P-0056,Netgear Nighthawk® Wi-Fi 6 AX1800 Router RAX9,wi_fi_routers,149.00,1,149.00
RCPT-20260201-00574,4,P-0054,TP-Link AX3000 Gigabit Wi-Fi 6 Router,wi_fi_routers,159.00,1,159.00
RCPT-20260201-00575,1,P-0074,Samsung Portable SSD T7 Shield 1TB (Black),hard_drive,369.00,1,369.00
RCPT-20260201-00575,2,P-0062,RIG R5 SPEAR PRO HS Gaming Headset (Black),gaming_headsets,179.00,1,179.00
RCPT-20260201-00575,3,P-0042,"LG UltraGear 34G600A 34"" WQHD",monitors,699.00,2,1398.00
RCPT-20260201-00576,1,P-0054,TP-Link AX3000 Gigabit Wi-Fi 6 Router,wi_fi_routers,159.00,1,159.00
RCPT-20260201-00576,2,P-0054,TP-Link AX3000 Gigabit Wi-Fi 6 Router,wi_fi_routers,159.00,1,159.00
RCPT-20260201-00576,3,P-0041,"LG UltraGear 24G411A 24"" FHD 144Hz Gaming Monitor",monitors,189.00,2,378.00
RCPT-20260201-00576,4,P-0074,Samsung Portable SSD T7 Shield 1TB (Black),hard_drive,369.00,2,738.00
RCPT-20260201-00577,1,P-0066,AceZone A-Blaze Hybrid ANC Bluetooth Wireless PC Gaming Headset Black,gaming_headsets,356.15,2,712.30
RCPT-20260201-00577,2,P-0052,"Samsung Galaxy Tab A11+ 11"" 5G 128GB (Grey)",monitors,529.00,1,529.00
RCPT-20260201-00577,3,P-0074,Samsung Portable SSD T7 Shield 1TB (Black),hard_drive,369.00,1,369.00
RCPT-20260202-00578,1,P-0061,Logitech G Astro A20X PLAYSYNC Wireless Headset (Black),gaming_headsets,349.00,1,349.00
RCPT-20260202-00578,2,P-0066,AceZone A-Blaze Hybrid ANC Bluetooth Wireless PC Gaming Headset Black,gaming_headsets,356.15,1,356.15
RCPT-20260202-00579,1,P-0060,TP-Link AC750 Wi-Fi Range Extender,wi_fi_routers,59.00,4,236.00
RCPT-20260202-00579,2,P-0074,Samsung Portable SSD T7 Shield 1TB (Black),hard_drive,369.00,1,369.00
RCPT-20260202-00579,3,P-0034,"Generation Earth 14.1"" Recycled Berlin Laptop Backpack (Black)",bags,79.00,1,79.00
RCPT-20260202-00579,4,P-0035,"Thule Gauntlet Macbook Pro Attache 14"" (Black)",bags,179.95,2,359.90
RCPT-20260202-00580,1,P-0052,"Samsung Galaxy Tab A11+ 11"" 5G 128GB (Grey)",monitors,529.00,1,529.00
RCPT-20260202-00580,2,P-0052,"Samsung Galaxy Tab A11+ 11"" 5G 128GB (Grey)",monitors,529.00,1,529.00
RCPT-20260202-00580,3,P-0014,"Microsoft Surface Pro Copilot+ PC 12"" Snapdragon X Plus 8 core/16GB/512GB (Violet)",laptops,1399.00,1,1399.00
RCPT-20260202-00580,4,P-0048,"Samsung Galaxy Tab A11+ 11"" Wi-Fi 128GB (Grey)",monitors,379.00,1,379.00
RCPT-20260202-00581,1,P-0060,TP-Link AC750 Wi-Fi Range Extender,wi_fi_routers,59.00,1,59.00
RCPT-20260202-00582,1,P-0001,"Dell 15 DC15255 15.6"" FHD 120Hz Laptop (Ryzen 3)[512GB]",laptops,629.00,1,629.00
RCPT-20260202-00582,2,P-0054,TP-Link AX3000 Gigabit Wi-Fi 6 Router,wi_fi_routers,159.00,1,159.00
RCPT-20260202-00582,3,P-0008,"Lenovo IdeaPad 5 14"" 2K OLED 2-in-1 Laptop (Copilot+ PC)[512GB]",laptops,1124.00,1,1124.00
RCPT-20260202-00583,1,P-0065,HyperX Cloud Flight 2 Wire,gaming_headsets,219.00,1,219.00
RCPT-20260202-00583,2,P-0076,SanDisk® Creator Phone SSD with Magsafe 2TB,hard_drive,399.00,2,798.00
RCPT-20260202-00584,1,P-0073,Samsung T7 Portable SSD Drive [1TB](Titan Gray),hard_drive,329.00,1,329.00
RCPT-20260203-00585,1,P-0071,Seagate Expansion Desktop 16TB Hard Drive,hard_drive,499.00,1,499.00
RCPT-20260203-00585,2,P-0040,"AOC C27G4Z 27"" FHD 280Hz Curved Gaming Monitor",monitors,339.00,1,339.00
RCPT-20260203-00585,3,P-0067,Epson WorkForce Pro WF-3825 Multifunction Printer,gaming_headsets,169.00,1,169.00
RCPT-20260203-00585,4,P-0057,Starlink Standard Kit (Latest Generation),wi_fi_routers,549.00,1,549.00
RCPT-20260203-00586,1,P-0071,Seagate Expansion Desktop 16TB Hard Drive,hard_drive,499.00,1,499.00
RCPT-20260203-00586,2,P-0009,"Dell 15 DC15250 15.6"" Full HD Laptop (Intel Core i5)[512GB]",laptops,1199.00,1,1199.00
RCPT-20260203-00587,1,P-0041,"LG UltraGear 24G411A 24"" FHD 144Hz Gaming Monitor",monitors,189.00,1,189.00
RCPT-20260203-00587,2,P-0035,"Thule Gauntlet Macbook Pro Attache 14"" (Black)",bags,179.95,1,179.95
RCPT-20260203-00587,3,P-0003,"Lenovo IdeaPad S3i 15.6"" FHD Laptop (Intel Core i3)[512GB]",laptops,699.00,1,699.00
RCPT-20260203-00587,4,P-0005,"Asus VivoBook 15.6"" Full HD Thin & Light Laptop (1TB)[Intel Core i5",laptops,959.00,1,959.00
RCPT-20260203-00588,1,P-0060,TP-Link AC750 Wi-Fi Range Extender,wi_fi_routers,59.00,1,59.00
RCPT-20260203-00589,1,P-0011,"Lenovo Ideapad 5 14"" WUXGA OLED 2-in-1 Laptop (Snapdragon X Plus)[1TB]",laptops,1274.00,1,1274.00
RCPT-20260203-00589,2,P-0035,"Thule Gauntlet Macbook Pro Attache 14"" (Black)",bags,179.95,1,179.95
RCPT-20260203-00590,1,P-0060,TP-Link AC750 Wi-Fi Range Extender,wi_fi_routers,59.00,1,59.00
RCPT-20260203-00590,2,P-0036,"STM Tower View Folio 18"" Laptop Brief (Black)",bags,69.95,1,69.95
RCPT-20260203-00591,1,P-0004,"HP Laptop 15-fc0474AU 15.6"" FHD laptop (Ryzen 7)[512GB]",laptops,899.00,1,899.00
RCPT-20260203-00591,2,P-0004,"HP Laptop 15-fc0474AU 15.6"" FHD laptop (Ryzen 7)[512GB]",laptops,899.00,1,899.00
RCPT-20260203-00592,1,P-0036,"STM Tower View Folio 18"" Laptop Brief (Black)",bags,69.95,4,279.80
RCPT-20260203-00592,2,P-0063,Corsair VOID Wireless V2 Gaming Headset (Pink),gaming_headsets,199.00,1,199.00
RCPT-20260203-00592,3,P-0007,"Dell Inspiron 14 7440 14"" WQXGA 2-in-1 Laptop (Intel Core i5)[512GB/16GB]",laptops,1199.00,1,1199.00
RCPT-20260203-00593,1,P-0074,Samsung Portable SSD T7 Shield 1TB (Black),hard_drive,369.00,1,369.00
RCPT-20260203-00593,2,P-0074,Samsung Portable SSD T7 Shield 1TB (Black),hard_drive,369.00,1,369.00
RCPT-20260203-00594,1,P-0039,"LG UltraGear 27G411A 27"" FHD 144Hz Gaming Monitor",monitors,229.00,1,229.00
RCPT-20260203-00594,2,P-0005,"Asus VivoBook 15.6"" Full HD Thin & Light Laptop (1TB)[Intel Core i5",laptops,959.00,1,959.00
RCPT-20260203-00594,3,P-0018,"MSI Modern 15 H AI 15.6"" FHD 60Hz Laptop (Intel Core Ultra 7) [1TB]",laptops,1499.00,1,1499.00
RCPT-20260204-00595,1,P-0022,"Asus TUF Gaming F16 16"" FHD+ 144Hz Gaming Laptop (Intel Core i7)[GeForce RTX 4050]",laptops,1919.00,1,1919.00
RCPT-20260204-00595,2,P-0017,"MSI Modern 15 H AI 15.6"" FHD 60Hz Laptop (Intel Core Ultra 9) [1TB]",laptops,1499.00,1,1499.00
RCPT-20260204-00596,1,P-0055,ASUS RT-AX54HP V2 AX1800 Wi-Fi 6 Router,wi_fi_routers,179.00,2,358.00
RCPT-20260204-00596,2,P-0068,Canon TS7760 Pixma Home Printer,gaming_headsets,139.00,1,139.00
RCPT-20260204-00596,3,P-0034,"Generation Earth 14.1"" Recycled Berlin Laptop Backpack (Black)",bags,79.00,1,79.00
RCPT-20260204-00596,4,P-0066,AceZone A-Blaze Hybrid ANC Bluetooth Wireless PC Gaming Headset Black,gaming_headsets,356.15,1,356.15
RCPT-20260204-00597,1,P-0011,"Lenovo Ideapad 5 14"" WUXGA OLED 2-in-1 Laptop (Snapdragon X Plus)[1TB]",laptops,1274.00,1,1274.00
RCPT-20260204-00597,2,P-0004,"HP Laptop 15-fc0474AU 15.6"" FHD laptop (Ryzen 7)[512GB]",laptops,899.00,1,899.00
RCPT-20260204-00598,1,P-0058,ASUS DSL-AX82U AX5400 Wi-Fi 6 Modem Router,wi_fi_routers,449.00,1,449.00
RCPT-20260204-00598,2,P-0045,"ASUS ROG Strix XG32UCWMG 32"" 4K 240Hz OLED Gaming Monitor",monitors,1999.00,1,1999.00
RCPT-20260204-00598,3,P-0018,"MSI Modern 15 H AI 15.6"" FHD 60Hz Laptop (Intel Core Ultra 7) [1TB]",laptops,1499.00,1,1499.00
RCPT-20260204-00598,4,P-0041,"LG UltraGear 24G411A 24"" FHD 144Hz Gaming Monitor",monitors,189.00,1,189.00
RCPT-20260204-00599,1,P-0004,"HP Laptop 15-fc0474AU 15.6"" FHD laptop (Ryzen 7)[512GB]",laptops,899.00,2,1798.00
RCPT-20260204-00600,1,P-0035,"Thule Gauntlet Macbook Pro Attache 14"" (Black)",bags,179.95,1,179.95
RCPT-20260204-00600,2,P-0036,"STM Tower View Folio 18"" Laptop Brief (Black)",bags,69.95,2,139.90
RCPT-20260204-00600,3,P-0043,"Lenovo Legion R34w-30 34"" WQHD 180Hz Curved Gaming Monitor",monitors,499.00,2,998.00
RCPT-20260204-00601,1,P-0011,"Lenovo Ideapad 5 14"" WUXGA OLED 2-in-1 Laptop (Snapdragon X Plus)[1TB]",laptops,1274.00,1,1274.00
RCPT-20260204-00601,2,P-0074,Samsung Portable SSD T7 Shield 1TB (Black),hard_drive,369.00,1,369.00
RCPT-20260205-00602,1,P-0065,HyperX Cloud Flight 2 Wire,gaming_headsets,219.00,1,219.00
RCPT-20260205-00602,2,P-0060,TP-Link AC750 Wi-Fi Range Extender,wi_fi_routers,59.00,1,59.00
RCPT-20260205-00602,3,P-0046,"LG 31.5"" QHD 100Hz IPS Super Slim Stand Monitor with USB-C",monitors,389.00,1,389.00
RCPT-20260205-00602,4,P-0065,HyperX Cloud Flight 2 Wire,gaming_headsets,219.00,1,219.00
RCPT-20260205-00603,1,P-0043,"Lenovo Legion R34w-30 34"" WQHD 180Hz Curved Gaming Monitor",monitors,499.00,1,499.00
RCPT-20260205-00603,2,P-0057,Starlink Standard Kit (Latest Generation),wi_fi_routers,549.00,1,549.00
RCPT-20260205-00603,3,P-0063,Corsair VOID Wireless V2 Gaming Headset (Pink),gaming_headsets,199.00,1,199.00
RCPT-20260205-00603,4,P-0005,"Asus VivoBook 15.6"" Full HD Thin & Light Laptop (1TB)[Intel Core i5",laptops,959.00,1,959.00
RCPT-20260205-00604,1,P-0040,"AOC C27G4Z 27"" FHD 280Hz Curved Gaming Monitor",monitors,339.00,2,678.00
RCPT-20260205-00604,2,P-0050,Apple iPad 11-inch A16 128GB Wi-Fi (Blue),monitors,499.00,1,499.00
RCPT-20260205-00604,3,P-0046,"LG 31.5"" QHD 100Hz IPS Super Slim Stand Monitor with USB-C",monitors,389.00,1,389.00
RCPT-20260205-00605,1,P-0049,"Lenovo Tab 10"" WUXGA 128GB Tablet with Clear Case",monitors,299.00,1,299.00
RCPT-20260205-00605,2,P-0060,TP-Link AC750 Wi-Fi Range Extender,wi_fi_routers,59.00,1,59.00
RCPT-20260205-00605,3,P-0071,Seagate Expansion Desktop 16TB Hard Drive,hard_drive,499.00,1,499.00
RCPT-20260205-00606,1,P-0004,"HP Laptop 15-fc0474AU 15.6"" FHD laptop (Ryzen 7)[512GB]",laptops,899.00,1,899.00
RCPT-20260205-00606,2,P-0019,"Lenovo IdeaPad Slim 3i 15.3"" 2K Laptop (Intel Core i7)[1TB]",laptops,1599.00,1,1599.00
RCPT-20260205-00606,3,P-0039,"LG UltraGear 27G411A 27"" FHD 144Hz Gaming Monitor",monitors,229.00,1,229.00
RCPT-20260205-00606,4,P-0019,"Lenovo IdeaPad Slim 3i 15.3"" 2K Laptop (Intel Core i7)[1TB]",laptops,1599.00,1,1599.00
RCPT-20260205-00607,1,P-0062,RIG R5 SPEAR PRO HS Gaming Headset (Black),gaming_headsets,179.00,1,179.00
RCPT-20260205-00607,2,P-0011,"Lenovo Ideapad 5 14"" WUXGA OLED 2-in-1 Laptop (Snapdragon X Plus)[1TB]",laptops,1274.00,1,1274.00
RCPT-20260205-00607,3,P-0050,Apple iPad 11-inch A16 128GB Wi-Fi (Blue),monitors,499.00,2,998.00
RCPT-20260205-00608,1,P-0012,"ASUS Vivobook S16 16"" WQXGA Laptop (Copilot+ PC)[512GB]",laptops,1278.00,1,1278.00
RCPT-20260205-00608,2,P-0007,"Dell Inspiron 14 7440 14"" WQXGA 2-in-1 Laptop (Intel Core i5)[512GB/16GB]",laptops,1199.00,1,1199.00
RCPT-20260205-00609,1,P-0060,TP-Link AC750 Wi-Fi Range Extender,wi_fi_routers,59.00,1,59.00
RCPT-20260205-00610,1,P-0039,"LG UltraGear 27G411A 27"" FHD 144Hz Gaming Monitor",monitors,229.00,1,229.00
RCPT-20260205-00610,2,P-0047,"AOC 16T20 15.6"" FHD USB-C Portable Monitor",monitors,179.00,1,179.00
RCPT-20260205-00610,3,P-0040,"AOC C27G4Z 27"" FHD 280Hz Curved Gaming Monitor",monitors,339.00,1,339.00
RCPT-20260205-00611,1,P-0022,"Asus TUF Gaming F16 16"" FHD+ 144Hz Gaming Laptop (Intel Core i7)[GeForce RTX 4050]",laptops,1919.00,1,1919.00
RCPT-20260205-00611,2,P-0006,"HP OmniBook 5 NG AI PC 14-he0013QU 14"" WUXGA OLED Copilot+ PC Laptop (Snapdragon X1)[512GB/16GB]",laptops,1099.00,1,1099.00
RCPT-20260205-00612,1,P-0007,"Dell Inspiron 14 7440 14"" WQXGA 2-in-1 Laptop (Intel Core i5)[512GB/16GB]",laptops,1199.00,1,1199.00
RCPT-20260205-00612,2,P-0042,"LG UltraGear 34G600A 34"" WQHD",monitors,699.00,1,699.00
RCPT-20260205-00613,1,P-0066,AceZone A-Blaze Hybrid ANC Bluetooth Wireless PC Gaming Headset Black,gaming_headsets,356.15,1,356.15
RCPT-20260205-00613,2,P-0059,TP-Link AX3000 Mesh Wi-Fi 6 Range Extender,wi_fi_routers,149.00,1,149.00
RCPT-20260205-00613,3,P-0048,"Samsung Galaxy Tab A11+ 11"" Wi-Fi 128GB (Grey)",monitors,379.00,1,379.00
RCPT-20260205-00613,4,P-0048,"Samsung Galaxy Tab A11+ 11"" Wi-Fi 128GB (Grey)",monitors,379.00,1,379.00
RCPT-20260205-00614,1,P-0054,TP-Link AX3000 Gigabit Wi-Fi 6 Router,wi_fi_routers,159.00,1,159.00
RCPT-20260205-00614,2,P-0001,"Dell 15 DC15255 15.6"" FHD 120Hz Laptop (Ryzen 3)[512GB]",laptops,629.00,1,629.00
RCPT-20260205-00614,3,P-0061,Logitech G Astro A20X PLAYSYNC Wireless Headset (Black),gaming_headsets,349.00,1,349.00
RCPT-20260205-00614,4,P-0070,Seagate Expansion Desktop 26TB Hard Drive,hard_drive,749.00,1,749.00
RCPT-20260205-00615,1,P-0072,Sandisk E30 Portable SSD Drive (1TB),hard_drive,169.00,1,169.00
RCPT-20260205-00615,2,P-0047,"AOC 16T20 15.6"" FHD USB-C Portable Monitor",monitors,179.00,1,179.00
RCPT-20260205-00615,3,P-0001,"Dell 15 DC15255 15.6"" FHD 120Hz Laptop (Ryzen 3)[512GB]",laptops,629.00,2,1258.00
RCPT-20260205-00616,1,P-0074,Samsung Portable SSD T7 Shield 1TB (Black),hard_drive,369.00,1,369.00
RCPT-20260205-00616,2,P-0060,TP-Link AC750 Wi-Fi Range Extender,wi_fi_routers,59.00,1,59.00
RCPT-20260205-00616,3,P-0068,Canon TS7760 Pixma Home Printer,gaming_headsets,139.00,2,278.00
RCPT-20260205-00616,4,P-0039,"LG UltraGear 27G411A 27"" FHD 144Hz Gaming Monitor",monitors,229.00,1,229.00
RCPT-20260205-00617,1,P-0036,"STM Tower View Folio 18"" Laptop Brief (Black)",bags,69.95,4,279.80
RCPT-20260206-00618,1,P-0012,"ASUS Vivobook S16 16"" WQXGA Laptop (Copilot+ PC)[512GB]",laptops,1278.00,1,1278.00
RCPT-20260206-00618,2,P-0007,"Dell Inspiron 14 7440 14"" WQXGA 2-in-1 Laptop (Intel Core i5)[512GB/16GB]",laptops,1199.00,1,1199.00
RCPT-20260206-00619,1,P-0016,"Lenovo Yoga Slim 7i Aura Edition 14"" 2.8K OLED Laptop (Intel Core Ultra 5)[1TB]",laptops,1499.00,1,1499.00
RCPT-20260206-00619,2,P-0059,TP-Link AX3000 Mesh Wi-Fi 6 Range Extender,wi_fi_routers,149.00,1,149.00
RCPT-20260206-00619,3,P-0051,"Samsung Galaxy Tab S10 FE+ 13.1"" Wi-Fi 128GB (Grey)",monitors,1099.00,1,1099.00
RCPT-20260206-00620,1,P-0060,TP-Link AC750 Wi-Fi Range Extender,wi_fi_routers,59.00,1,59.00
RCPT-20260206-00620,2,P-0067,Epson WorkForce Pro WF-3825 Multifunction Printer,gaming_headsets,169.00,1,169.00
RCPT-20260206-00620,3,P-0015,"Dell DB16255 16"" WUXGA Copilot+ PC Laptop (Ryzen AI 7)[1TB]",laptops,1399.00,1,1399.00
RCPT-20260206-00620,4,P-0017,"MSI Modern 15 H AI 15.6"" FHD 60Hz Laptop (Intel Core Ultra 9) [1TB]",laptops,1499.00,1,1499.00
RCPT-20260206-00621,1,P-0059,TP-Link AX3000 Mesh Wi-Fi 6 Range Extender,wi_fi_routers,149.00,1,149.00
RCPT-20260206-00621,2,P-0021,"HP Victus 15-fa2364TX 15.6"" Full HD Gaming Laptop (Intel Core i7)[GeForce RTX 4050]",laptops,1899.00,1,1899.00
RCPT-20260206-00622,1,P-0042,"LG UltraGear 34G600A 34"" WQHD",monitors,699.00,1,699.00
RCPT-20260206-00622,2,P-0017,"MSI Modern 15 H AI 15.6"" FHD 60Hz Laptop (Intel Core Ultra 9) [1TB]",laptops,1499.00,1,1499.00
RCPT-20260206-00622,3,P-0072,Sandisk E30 Portable SSD Drive (1TB),hard_drive,169.00,1,169.00
RCPT-20260206-00622,4,P-0034,"Generation Earth 14.1"" Recycled Berlin Laptop Backpack (Black)",bags,79.00,1,79.00
RCPT-20260206-00623,1,P-0056,Netgear Nighthawk® Wi-Fi 6 AX1800 Router RAX9,wi_fi_routers,149.00,1,149.00
RCPT-20260206-00623,2,P-0068,Canon TS7760 Pixma Home Printer,gaming_headsets,139.00,1,139.00
RCPT-20260206-00623,3,P-0071,Seagate Expansion Desktop 16TB Hard Drive,hard_drive,499.00,1,499.00
RCPT-20260206-00623,4,P-0047,"AOC 16T20 15.6"" FHD USB-C Portable Monitor",monitors,179.00,1,179.00
RCPT-20260206-00624,1,P-0004,"HP Laptop 15-fc0474AU 15.6"" FHD laptop (Ryzen 7)[512GB]",laptops,899.00,2,1798.00
RCPT-20260206-00625,1,P-0064,Logitech G325 LIGHTSPEED Wireless Gaming Headset (White),gaming_headsets,199.00,1,199.00
RCPT-20260206-00625,2,P-0040,"AOC C27G4Z 27"" FHD 280Hz Curved Gaming Monitor",monitors,339.00,2,678.00
RCPT-20260206-00625,3,P-0021,"HP Victus 15-fa2364TX 15.6"" Full HD Gaming Laptop (Intel Core i7)[GeForce RTX 4050]",laptops,1899.00,1,1899.00
RCPT-20260206-00625,4,P-0003,"Lenovo IdeaPad S3i 15.6"" FHD Laptop (Intel Core i3)[512GB]",laptops,699.00,1,699.00
RCPT-20260207-00626,1,P-0036,"STM Tower View Folio 18"" Laptop Brief (Black)",bags,69.95,4,279.80
RCPT-20260207-00626,2,P-0039,"LG UltraGear 27G411A 27"" FHD 144Hz Gaming Monitor",monitors,229.00,1,229.00
RCPT-20260207-00626,3,P-0035,"Thule Gauntlet Macbook Pro Attache 14"" (Black)",bags,179.95,1,179.95
RCPT-20260207-00626,4,P-0054,TP-Link AX3000 Gigabit Wi-Fi 6 Router,wi_fi_routers,159.00,1,159.00
RCPT-20260207-00627,1,P-0019,"Lenovo IdeaPad Slim 3i 15.3"" 2K Laptop (Intel Core i7)[1TB]",laptops,1599.00,1,1599.00
RCPT-20260207-00627,2,P-0014,"Microsoft Surface Pro Copilot+ PC 12"" Snapdragon X Plus 8 core/16GB/512GB (Violet)",laptops,1399.00,1,1399.00
RCPT-20260207-00628,1,P-0019,"Lenovo IdeaPad Slim 3i 15.3"" 2K Laptop (Intel Core i7)[1TB]",laptops,1599.00,1,1599.00
RCPT-20260207-00628,2,P-0039,"LG UltraGear 27G411A 27"" FHD 144Hz Gaming Monitor",monitors,229.00,2,458.00
RCPT-20260207-00628,3,P-0042,"LG UltraGear 34G600A 34"" WQHD",monitors,699.00,1,699.00
RCPT-20260207-00629,1,P-0036,"STM Tower View Folio 18"" Laptop Brief (Black)",bags,69.95,1,69.95
RCPT-20260207-00629,2,P-0034,"Generation Earth 14.1"" Recycled Berlin Laptop Backpack (Black)",bags,79.00,1,79.00
RCPT-20260207-00630,1,P-0012,"ASUS Vivobook S16 16"" WQXGA Laptop (Copilot+ PC)[512GB]",laptops,1278.00,1,1278.00
RCPT-20260207-00630,2,P-0066,AceZone A-Blaze Hybrid ANC Bluetooth Wireless PC Gaming Headset Black,gaming_headsets,356.15,1,356.15
RCPT-20260207-00630,3,P-0069,WD My Book 16TB External Hard Drive,hard_drive,679.00,1,679.00
RCPT-20260207-00631,1,P-0060,TP-Link AC750 Wi-Fi Range Extender,wi_fi_routers,59.00,2,118.00
RCPT-20260207-00632,1,P-0042,"LG UltraGear 34G600A 34"" WQHD",monitors,699.00,1,699.00
RCPT-20260207-00632,2,P-0009,"Dell 15 DC15250 15.6"" Full HD Laptop (Intel Core i5)[512GB]",laptops,1199.00,1,1199.00
RCPT-20260207-00633,1,P-0067,Epson WorkForce Pro WF-3825 Multifunction Printer,gaming_headsets,169.00,1,169.00
RCPT-20260207-00633,2,P-0052,"Samsung Galaxy Tab A11+ 11"" 5G 128GB (Grey)",monitors,529.00,1,529.00
RCPT-20260207-00633,3,P-0065,HyperX Cloud Flight 2 Wire,gaming_headsets,219.00,1,219.00
RCPT-20260207-00633,4,P-0069,WD My Book 16TB External Hard Drive,hard_drive,679.00,1,679.00
RCPT-20260207-00634,1,P-0008,"Lenovo IdeaPad 5 14"" 2K OLED 2-in-1 Laptop (Copilot+ PC)[512GB]",laptops,1124.00,1,1124.00
RCPT-20260207-00634,2,P-0064,Logitech G325 LIGHTSPEED Wireless Gaming Headset (White),gaming_headsets,199.00,1,199.00
RCPT-20260207-00634,3,P-0035,"Thule Gauntlet Macbook Pro Attache 14"" (Black)",bags,179.95,1,179.95
RCPT-20260207-00635,1,P-0043,"Lenovo Legion R34w-30 34"" WQHD 180Hz Curved Gaming Monitor",monitors,499.00,2,998.00
RCPT-20260207-00635,2,P-0070,Seagate Expansion Desktop 26TB Hard Drive,hard_drive,749.00,1,749.00
RCPT-20260207-00636,1,P-0036,"STM Tower View Folio 18"" Laptop Brief (Black)",bags,69.95,1,69.95
RCPT-20260207-00636,2,P-0036,"STM Tower View Folio 18"" Laptop Brief (Black)",bags,69.95,1,69.95
RCPT-20260207-00637,1,P-0018,"MSI Modern 15 H AI 15.6"" FHD 60Hz Laptop (Intel Core Ultra 7) [1TB]",laptops,1499.00,1,1499.00
RCPT-20260207-00637,2,P-0076,SanDisk® Creator Phone SSD with Magsafe 2TB,hard_drive,399.00,1,399.00
RCPT-20260207-00637,3,P-0051,"Samsung Galaxy Tab S10 FE+ 13.1"" Wi-Fi 128GB (Grey)",monitors,1099.00,1,1099.00
RCPT-20260207-00637,4,P-0060,TP-Link AC750 Wi-Fi Range Extender,wi_fi_routers,59.00,1,59.00
RCPT-20260207-00638,1,P-0019,"Lenovo IdeaPad Slim 3i 15.3"" 2K Laptop (Intel Core i7)[1TB]",laptops,1599.00,1,1599.00
RCPT-20260207-00638,2,P-0074,Samsung Portable SSD T7 Shield 1TB (Black),hard_drive,369.00,1,369.00
RCPT-20260207-00638,3,P-0040,"AOC C27G4Z 27"" FHD 280Hz Curved Gaming Monitor",monitors,339.00,2,678.00
RCPT-20260207-00639,1,P-0057,Starlink Standard Kit (Latest Generation),wi_fi_routers,549.00,1,549.00
RCPT-20260207-00639,2,P-0034,"Generation Earth 14.1"" Recycled Berlin Laptop Backpack (Black)",bags,79.00,1,79.00
RCPT-20260207-00639,3,P-0016,"Lenovo Yoga Slim 7i Aura Edition 14"" 2.8K OLED Laptop (Intel Core Ultra 5)[1TB]",laptops,1499.00,1,1499.00
RCPT-20260207-00639,4,P-0074,Samsung Portable SSD T7 Shield 1TB (Black),hard_drive,369.00,1,369.00
RCPT-20260208-00640,1,P-0002,"HP Laptop 15-fc0433AU 15.6"" FHD Laptop (Ryzen 5)[512GB]",laptops,649.00,1,649.00
RCPT-20260208-00640,2,P-0029,"HP OmniBook Ultra 14"" 2.2K Laptop (Ryzen 9 AI HX 375)[1TB]",laptops,3699.00,1,3699.00
RCPT-20260208-00641,1,P-0013,"HP Envy x360 14-fc0189TU 14"" WUXGA 2-in-1 Laptop (Intel Core Ultra 5)[512GB]",laptops,1299.00,1,1299.00
RCPT-20260208-00641,2,P-0050,Apple iPad 11-inch A16 128GB Wi-Fi (Blue),monitors,499.00,1,499.00
RCPT-20260208-00641,3,P-0053,Apple iPad Air 13-inch M3 128GB Wi-Fi (Space Grey),monitors,1347.00,1,1347.00
RCPT-20260208-00642,1,P-0046,"LG 31.5"" QHD 100Hz IPS Super Slim Stand Monitor with USB-C",monitors,389.00,1,389.00
RCPT-20260208-00642,2,P-0071,Seagate Expansion Desktop 16TB Hard Drive,hard_drive,499.00,1,499.00
RCPT-20260208-00642,3,P-0056,Netgear Nighthawk® Wi-Fi 6 AX1800 Router RAX9,wi_fi_routers,149.00,1,149.00
RCPT-20260208-00642,4,P-0017,"MSI Modern 15 H AI 15.6"" FHD 60Hz Laptop (Intel Core Ultra 9) [1TB]",laptops,1499.00,1,1499.00
RCPT-20260208-00643,1,P-0004,"HP Laptop 15-fc0474AU 15.6"" FHD laptop (Ryzen 7)[512GB]",laptops,899.00,2,1798.00
RCPT-20260208-00644,1,P-0047,"AOC 16T20 15.6"" FHD USB-C Portable Monitor",monitors,179.00,1,179.00
RCPT-20260208-00644,2,P-0038,"Blaupunkt BP27GM240 27"" FHD 240Hz Curved Gaming Monitor",monitors,399.00,2,798.00
RCPT-20260208-00644,3,P-0061,Logitech G Astro A20X PLAYSYNC Wireless Headset (Black),gaming_headsets,349.00,2,698.00
RCPT-20260208-00645,1,P-0010,"Dell DB16255 16"" WUXGA Copilot+ PC Laptop (Ryzen AI 5)[512GB]",laptops,1259.00,1,1259.00
RCPT-20260208-00645,2,P-0036,"STM Tower View Folio 18"" Laptop Brief (Black)",bags,69.95,2,139.90
RCPT-20260208-00645,3,P-0008,"Lenovo IdeaPad 5 14"" 2K OLED 2-in-1 Laptop (Copilot+ PC)[512GB]",laptops,1124.00,1,1124.00
RCPT-20260208-00645,4,P-0042,"LG UltraGear 34G600A 34"" WQHD",monitors,699.00,1,699.00
RCPT-20260208-00646,1,P-0061,Logitech G Astro A20X PLAYSYNC Wireless Headset (Black),gaming_headsets,349.00,1,349.00
RCPT-20260208-00646,2,P-0072,Sandisk E30 Portable SSD Drive (1TB),hard_drive,169.00,1,169.00
RCPT-20260208-00646,3,P-0001,"Dell 15 DC15255 15.6"" FHD 120Hz Laptop (Ryzen 3)[512GB]",laptops,629.00,1,629.00
RCPT-20260208-00646,4,P-0075,Samsung Portable T7 Shield SSD 4TB (Black),hard_drive,999.00,1,999.00
RCPT-20260208-00647,1,P-0040,"AOC C27G4Z 27"" FHD 280Hz Curved Gaming Monitor",monitors,339.00,1,339.00
RCPT-20260208-00647,2,P-0058,ASUS DSL-AX82U AX5400 Wi-Fi 6 Modem Router,wi_fi_routers,449.00,1,449.00
RCPT-20260208-00647,3,P-0049,"Lenovo Tab 10"" WUXGA 128GB Tablet with Clear Case",monitors,299.00,1,299.00
RCPT-20260208-00647,4,P-0004,"HP Laptop 15-fc0474AU 15.6"" FHD laptop (Ryzen 7)[512GB]",laptops,899.00,1,899.00
RCPT-20260209-00648,1,P-0046,"LG 31.5"" QHD 100Hz IPS Super Slim Stand Monitor with USB-C",monitors,389.00,1,389.00
RCPT-20260209-00648,2,P-0063,Corsair VOID Wireless V2 Gaming Headset (Pink),gaming_headsets,199.00,1,199.00
RCPT-20260209-00648,3,P-0057,Starlink Standard Kit (Latest Generation),wi_fi_routers,549.00,2,1098.00
RCPT-20260209-00649,1,P-0060,TP-Link AC750 Wi-Fi Range Extender,wi_fi_routers,59.00,1,59.00
RCPT-20260209-00650,1,P-0053,Apple iPad Air 13-inch M3 128GB Wi-Fi (Space Grey),monitors,1347.00,1,1347.00
RCPT-20260209-00650,2,P-0034,"Generation Earth 14.1"" Recycled Berlin Laptop Backpack (Black)",bags,79.00,1,79.00
RCPT-20260209-00651,1,P-0075,Samsung Portable T7 Shield SSD 4TB (Black),hard_drive,999.00,1,999.00
RCPT-20260209-00651,2,P-0042,"LG UltraGear 34G600A 34"" WQHD",monitors,699.00,1,699.00
RCPT-20260209-00652,1,P-0060,TP-Link AC750 Wi-Fi Range Extender,wi_fi_routers,59.00,1,59.00
RCPT-20260209-00653,1,P-0036,"STM Tower View Folio 18"" Laptop Brief (Black)",bags,69.95,1,69.95
RCPT-20260209-00653,2,P-0064,Logitech G325 LIGHTSPEED Wireless Gaming Headset (White),gaming_headsets,199.00,1,199.00
RCPT-20260209-00653,3,P-0017,"MSI Modern 15 H AI 15.6"" FHD 60Hz Laptop (Intel Core Ultra 9) [1TB]",laptops,1499.00,1,1499.00
RCPT-20260209-00653,4,P-0047,"AOC 16T20 15.6"" FHD USB-C Portable Monitor",monitors,179.00,1,179.00
RCPT-20260209-00654,1,P-0056,Netgear Nighthawk® Wi-Fi 6 AX1800 Router RAX9,wi_fi_routers,149.00,1,149.00
RCPT-20260209-00654,2,P-0064,Logitech G325 LIGHTSPEED Wireless Gaming Headset (White),gaming_headsets,199.00,1,199.00
RCPT-20260209-00654,3,P-0004,"HP Laptop 15-fc0474AU 15.6"" FHD laptop (Ryzen 7)[512GB]",laptops,899.00,1,899.00
RCPT-20260209-00654,4,P-0036,"STM Tower View Folio 18"" Laptop Brief (Black)",bags,69.95,1,69.95
RCPT-20260209-00655,1,P-0067,Epson WorkForce Pro WF-3825 Multifunction Printer,gaming_headsets,169.00,1,169.00
RCPT-20260209-00655,2,P-0055,ASUS RT-AX54HP V2 AX1800 Wi-Fi 6 Router,wi_fi_routers,179.00,1,179.00
RCPT-20260209-00655,3,P-0054,TP-Link AX3000 Gigabit Wi-Fi 6 Router,wi_fi_routers,159.00,2,318.00
RCPT-20260209-00655,4,P-0052,"Samsung Galaxy Tab A11+ 11"" 5G 128GB (Grey)",monitors,529.00,1,529.00
RCPT-20260209-00656,1,P-0076,SanDisk® Creator Phone SSD with Magsafe 2TB,hard_drive,399.00,1,399.00
RCPT-20260209-00656,2,P-0050,Apple iPad 11-inch A16 128GB Wi-Fi (Blue),monitors,499.00,1,499.00
RCPT-20260209-00657,1,P-0036,"STM Tower View Folio 18"" Laptop Brief (Black)",bags,69.95,1,69.95
RCPT-20260209-00657,2,P-0060,TP-Link AC750 Wi-Fi Range Extender,wi_fi_routers,59.00,1,59.00
RCPT-20260210-00658,1,P-0057,Starlink Standard Kit (Latest Generation),wi_fi_routers,549.00,1,549.00
RCPT-20260210-00658,2,P-0052,"Samsung Galaxy Tab A11+ 11"" 5G 128GB (Grey)",monitors,529.00,1,529.00
RCPT-20260210-00659,1,P-0062,RIG R5 SPEAR PRO HS Gaming Headset (Black),gaming_headsets,179.00,1,179.00
RCPT-20260210-00659,2,P-0068,Canon TS7760 Pixma Home Printer,gaming_headsets,139.00,1,139.00
RCPT-20260210-00659,3,P-0057,Starlink Standard Kit (Latest Generation),wi_fi_routers,549.00,1,549.00
RCPT-20260210-00660,1,P-0072,Sandisk E30 Portable SSD Drive (1TB),hard_drive,169.00,1,169.00
RCPT-20260210-00660,2,P-0039,"LG UltraGear 27G411A 27"" FHD 144Hz Gaming Monitor",monitors,229.00,1,229.00
RCPT-20260210-00660,3,P-0040,"AOC C27G4Z 27"" FHD 280Hz Curved Gaming Monitor",monitors,339.00,1,339.00
RCPT-20260210-00661,1,P-0043,"Lenovo Legion R34w-30 34"" WQHD 180Hz Curved Gaming Monitor",monitors,499.00,1,499.00
RCPT-20260210-00661,2,P-0043,"Lenovo Legion R34w-30 34"" WQHD 180Hz Curved Gaming Monitor",monitors,499.00,1,499.00
RCPT-20260210-00662,1,P-0067,Epson WorkForce Pro WF-3825 Multifunction Printer,gaming_headsets,169.00,1,169.00
RCPT-20260210-00662,2,P-0040,"AOC C27G4Z 27"" FHD 280Hz Curved Gaming Monitor",monitors,339.00,1,339.00
RCPT-20260210-00662,3,P-0049,"Lenovo Tab 10"" WUXGA 128GB Tablet with Clear Case",monitors,299.00,1,299.00
RCPT-20260210-00662,4,P-0011,"Lenovo Ideapad 5 14"" WUXGA OLED 2-in-1 Laptop (Snapdragon X Plus)[1TB]",laptops,1274.00,1,1274.00
RCPT-20260210-00663,1,P-0010,"Dell DB16255 16"" WUXGA Copilot+ PC Laptop (Ryzen AI 5)[512GB]",laptops,1259.00,1,1259.00
RCPT-20260210-00663,2,P-0011,"Lenovo Ideapad 5 14"" WUXGA OLED 2-in-1 Laptop (Snapdragon X Plus)[1TB]",laptops,1274.00,1,1274.00
RCPT-20260210-00664,1,P-0071,Seagate Expansion Desktop 16TB Hard Drive,hard_drive,499.00,1,499.00
RCPT-20260210-00664,2,P-0001,"Dell 15 DC15255 15.6"" FHD 120Hz Laptop (Ryzen 3)[512GB]",laptops,629.00,1,629.00
RCPT-20260211-00665,1,P-0052,"Samsung Galaxy Tab A11+ 11"" 5G 128GB (Grey)",monitors,529.00,1,529.00
RCPT-20260211-00665,2,P-0043,"Lenovo Legion R34w-30 34"" WQHD 180Hz Curved Gaming Monitor",monitors,499.00,2,998.00
RCPT-20260211-00666,1,P-0041,"LG UltraGear 24G411A 24"" FHD 144Hz Gaming Monitor",monitors,189.00,1,189.00
RCPT-20260211-00666,2,P-0050,Apple iPad 11-inch A16 128GB Wi-Fi (Blue),monitors,499.00,1,499.00
RCPT-20260211-00666,3,P-0073,Samsung T7 Portable SSD Drive [1TB](Titan Gray),hard_drive,329.00,1,329.00
RCPT-20260211-00666,4,P-0041,"LG UltraGear 24G411A 24"" FHD 144Hz Gaming Monitor",monitors,189.00,1,189.00
RCPT-20260211-00667,1,P-0041,"LG UltraGear 24G411A 24"" FHD 144Hz Gaming Monitor",monitors,189.00,1,189.00
RCPT-20260211-00667,2,P-0002,"HP Laptop 15-fc0433AU 15.6"" FHD Laptop (Ryzen 5)[512GB]",laptops,649.00,1,649.00
RCPT-20260211-00668,1,P-0072,Sandisk E30 Portable SSD Drive (1TB),hard_drive,169.00,1,169.00
RCPT-20260211-00668,2,P-0063,Corsair VOID Wireless V2 Gaming Headset (Pink),gaming_headsets,199.00,1,199.00
RCPT-20260211-00668,3,P-0050,Apple iPad 11-inch A16 128GB Wi-Fi (Blue),monitors,499.00,1,499.00
RCPT-20260211-00669,1,P-0012,"ASUS Vivobook S16 16"" WQXGA Laptop (Copilot+ PC)[512GB]",laptops,1278.00,1,1278.00
RCPT-20260211-00669,2,P-0069,WD My Book 16TB External Hard Drive,hard_drive,679.00,1,679.00
RCPT-20260211-00670,1,P-0034,"Generation Earth 14.1"" Recycled Berlin Laptop Backpack (Black)",bags,79.00,1,79.00
RCPT-20260211-00671,1,P-0001,"Dell 15 DC15255 15.6"" FHD 120Hz Laptop (Ryzen 3)[512GB]",laptops,629.00,1,629.00
RCPT-20260211-00671,2,P-0069,WD My Book 16TB External Hard Drive,hard_drive,679.00,2,1358.00
RCPT-20260211-00672,1,P-0014,"Microsoft Surface Pro Copilot+ PC 12"" Snapdragon X Plus 8 core/16GB/512GB (Violet)",laptops,1399.00,1,1399.00
RCPT-20260211-00672,2,P-0051,"Samsung Galaxy Tab S10 FE+ 13.1"" Wi-Fi 128GB (Grey)",monitors,1099.00,1,1099.00
RCPT-20260212-00673,1,P-0048,"Samsung Galaxy Tab A11+ 11"" Wi-Fi 128GB (Grey)",monitors,379.00,1,379.00
RCPT-20260212-00673,2,P-0055,ASUS RT-AX54HP V2 AX1800 Wi-Fi 6 Router,wi_fi_routers,179.00,1,179.00
RCPT-20260212-00673,3,P-0040,"AOC C27G4Z 27"" FHD 280Hz Curved Gaming Monitor",monitors,339.00,1,339.00
RCPT-20260212-00674,1,P-0060,TP-Link AC750 Wi-Fi Range Extender,wi_fi_routers,59.00,1,59.00
RCPT-20260212-00675,1,P-0050,Apple iPad 11-inch A16 128GB Wi-Fi (Blue),monitors,499.00,1,499.00
RCPT-20260212-00675,2,P-0059,TP-Link AX3000 Mesh Wi-Fi 6 Range Extender,wi_fi_routers,149.00,1,149.00
RCPT-20260212-00675,3,P-0038,"Blaupunkt BP27GM240 27"" FHD 240Hz Curved Gaming Monitor",monitors,399.00,1,399.00
RCPT-20260212-00676,1,P-0038,"Blaupunkt BP27GM240 27"" FHD 240Hz Curved Gaming Monitor",monitors,399.00,1,399.00
RCPT-20260212-00676,2,P-0014,"Microsoft Surface Pro Copilot+ PC 12"" Snapdragon X Plus 8 core/16GB/512GB (Violet)",laptops,1399.00,1,1399.00
RCPT-20260212-00676,3,P-0040,"AOC C27G4Z 27"" FHD 280Hz Curved Gaming Monitor",monitors,339.00,2,678.00
RCPT-20260212-00676,4,P-0053,Apple iPad Air 13-inch M3 128GB Wi-Fi (Space Grey),monitors,1347.00,1,1347.00
RCPT-20260212-00677,1,P-0065,HyperX Cloud Flight 2 Wire,gaming_headsets,219.00,1,219.00
RCPT-20260212-00677,2,P-0040,"AOC C27G4Z 27"" FHD 280Hz Curved Gaming Monitor",monitors,339.00,1,339.00
RCPT-20260212-00677,3,P-0055,ASUS RT-AX54HP V2 AX1800 Wi-Fi 6 Router,wi_fi_routers,179.00,1,179.00
RCPT-20260212-00678,1,P-0054,TP-Link AX3000 Gigabit Wi-Fi 6 Router,wi_fi_routers,159.00,1,159.00
RCPT-20260212-00678,2,P-0043,"Lenovo Legion R34w-30 34"" WQHD 180Hz Curved Gaming Monitor",monitors,499.00,1,499.00
RCPT-20260212-00678,3,P-0052,"Samsung Galaxy Tab A11+ 11"" 5G 128GB (Grey)",monitors,529.00,1,529.00
RCPT-20260212-00678,4,P-0051,"Samsung Galaxy Tab S10 FE+ 13.1"" Wi-Fi 128GB (Grey)",monitors,1099.00,1,1099.00
RCPT-20260212-00679,1,P-0001,"Dell 15 DC15255 15.6"" FHD 120Hz Laptop (Ryzen 3)[512GB]",laptops,629.00,1,629.00
RCPT-20260212-00679,2,P-0071,Seagate Expansion Desktop 16TB Hard Drive,hard_drive,499.00,1,499.00
RCPT-20260212-00679,3,P-0052,"Samsung Galaxy Tab A11+ 11"" 5G 128GB (Grey)",monitors,529.00,1,529.00
RCPT-20260212-00679,4,P-0009,"Dell 15 DC15250 15.6"" Full HD Laptop (Intel Core i5)[512GB]",laptops,1199.00,2,2398.00
RCPT-20260212-00680,1,P-0055,ASUS RT-AX54HP V2 AX1800 Wi-Fi 6 Router,wi_fi_routers,179.00,1,179.00
RCPT-20260212-00680,2,P-0008,"Lenovo IdeaPad 5 14"" 2K OLED 2-in-1 Laptop (Copilot+ PC)[512GB]",laptops,1124.00,1,1124.00
