transaction_id,receipt_id,timestamp,scenario,customer_segment,channel,payment_method,subtotal,discount,tax,shipping,total,item_count,currency,receipt_image_path,receipt_text_hint
TX-RCPT-20251215-00001,RCPT-20251215-00001,2025-12-15T09:37:27,new_year_refresh,student,web,card,59.00,0.00,5.90,15.99,80.89,1,USD,receipts/RCPT-20251215-00001.png,new year refresh bundle purchase
TX-RCPT-20251215-00002,RCPT-20251215-00002,2025-12-15T20:55:00,new_year_refresh,professional,in_store_pickup,paypal,236.00,7.08,22.89,11.99,263.80,4,USD,receipts/RCPT-20251215-00002.png,new year refresh bundle purchase
TX-RCPT-20251215-00003,RCPT-20251215-00003,2025-12-15T19:29:34,new_year_refresh,student,mobile_app,card,139.90,7.00,13.29,7.99,154.18,2,USD,receipts/RCPT-20251215-00003.png,new year refresh bundle purchase
TX-RCPT-20251215-00004,RCPT-20251215-00004,2025-12-15T21:14:55,new_year_refresh,student,mobile_app,google_pay,2376.00,0.00,237.60,0.00,2613.60,4,USD,receipts/RCPT-20251215-00004.png,new year refresh bundle purchase
TX-RCPT-20251215-00005,RCPT-20251215-00005,2025-12-15T10:29:24,new_year_refresh,family,in_store_pickup,bank_transfer,827.00,24.81,80.22,7.99,890.40,3,USD,receipts/RCPT-20251215-00005.png,new year refresh bundle purchase
TX-RCPT-20251215-00006,RCPT-20251215-00006,2025-12-15T22:36:56,new_year_refresh,family,web,paypal,1584.15,47.52,153.66,0.00,1690.29,3,USD,receipts/RCPT-20251215-00006.png,new year refresh bundle purchase
TX-RCPT-20251215-00007,RCPT-20251215-00007,2025-12-15T11:47:35,new_year_refresh,small_business,mobile_app,bank_transfer,3098.00,92.94,300.51,0.00,3305.57,2,USD,receipts/RCPT-20251215-00007.png,new year refresh bundle purchase
TX-RCPT-20251215-00008,RCPT-20251215-00008,2025-12-15T10:40:10,new_year_refresh,gamer,in_store_pickup,card,2976.00,0.00,297.60,0.00,3273.60,4,USD,receipts/RCPT-20251215-00008.png,new year refresh bundle purchase
TX-RCPT-20251215-00009,RCPT-20251215-00009,2025-12-15T20:17:49,new_year_refresh,family,web,google_pay,177.00,0.00,17.70,15.99,210.69,3,USD,receipts/RCPT-20251215-00009.png,new year refresh bundle purchase
TX-RCPT-20251215-00010,RCPT-20251215-00010,2025-12-15T21:40:19,new_year_refresh,small_business,in_store_pickup,apple_pay,79.00,2.37,7.66,7.99,92.28,1,USD,receipts/RCPT-20251215-00010.png,new year refresh bundle purchase
TX-RCPT-20251215-00011,RCPT-20251215-00011,2025-12-15T22:23:56,new_year_refresh,family,web,card,236.00,11.80,22.42,7.99,254.61,4,USD,receipts/RCPT-20251215-00011.png,new year refresh bundle purchase
TX-RCPT-20251215-00012,RCPT-20251215-00012,2025-12-15T10:42:30,new_year_refresh,small_business,web,google_pay,3391.00,101.73,328.93,0.00,3618.20,4,USD,receipts/RCPT-20251215-00012.png,new year refresh bundle purchase
TX-RCPT-20251215-00013,RCPT-20251215-00013,2025-12-15T18:41:23,new_year_refresh,gamer,in_store_pickup,paypal,1999.00,199.90,179.91,0.00,1979.01,1,USD,receipts/RCPT-20251215-00013.png,new year refresh bundle purchase
TX-RCPT-20251215-00014,RCPT-20251215-00014,2025-12-15T09:45:40,new_year_refresh,student,web,card,79.00,2.37,7.66,7.99,92.28,1,USD,receipts/RCPT-20251215-00014.png,new year refresh bundle purchase
TX-RCPT-20251215-00015,RCPT-20251215-00015,2025-12-15T11:50:30,new_year_refresh,gamer,web,card,2277.00,227.70,204.93,0.00,2254.23,3,USD,receipts/RCPT-20251215-00015.png,new year refresh bundle purchase
TX-RCPT-20251215-00016,RCPT-20251215-00016,2025-12-15T08:25:46,new_year_refresh,family,web,apple_pay,2426.00,0.00,242.60,0.00,2668.60,4,USD,receipts/RCPT-20251215-00016.png,new year refresh bundle purchase
TX-RCPT-20251216-00017,RCPT-20251216-00017,2025-12-16T15:51:55,new_year_refresh,small_business,web,card,1228.00,0.00,122.80,0.00,1350.80,2,USD,receipts/RCPT-20251216-00017.png,new year refresh bundle purchase
TX-RCPT-20251216-00018,RCPT-20251216-00018,2025-12-16T15:30:13,new_year_refresh,gamer,web,apple_pay,1919.00,191.90,172.71,0.00,1899.81,1,USD,receipts/RCPT-20251216-00018.png,new year refresh bundle purchase
TX-RCPT-20251216-00019,RCPT-20251216-00019,2025-12-16T12:13:03,new_year_refresh,small_business,in_store_pickup,bank_transfer,59.00,5.90,5.31,0.00,58.41,1,USD,receipts/RCPT-20251216-00019.png,new year refresh bundle purchase
TX-RCPT-20251216-00020,RCPT-20251216-00020,2025-12-16T14:07:56,new_year_refresh,small_business,web,bank_transfer,926.95,0.00,92.70,7.99,1027.64,4,USD,receipts/RCPT-20251216-00020.png,new year refresh bundle purchase
TX-RCPT-20251216-00021,RCPT-20251216-00021,2025-12-16T18:45:20,new_year_refresh,professional,mobile_app,paypal,1267.00,38.01,122.90,0.00,1351.89,3,USD,receipts/RCPT-20251216-00021.png,new year refresh bundle purchase
TX-RCPT-20251216-00022,RCPT-20251216-00022,2025-12-16T10:59:22,new_year_refresh,student,web,google_pay,2125.90,106.30,201.96,0.00,2221.56,6,USD,receipts/RCPT-20251216-00022.png,new year refresh bundle purchase
TX-RCPT-20251216-00023,RCPT-20251216-00023,2025-12-16T12:59:42,new_year_refresh,student,web,google_pay,59.00,0.00,5.90,15.99,80.89,1,USD,receipts/RCPT-20251216-00023.png,new year refresh bundle purchase
TX-RCPT-20251216-00024,RCPT-20251216-00024,2025-12-16T17:13:45,new_year_refresh,family,web,google_pay,3298.00,164.90,313.31,0.00,3446.41,2,USD,receipts/RCPT-20251216-00024.png,new year refresh bundle purchase
TX-RCPT-20251216-00025,RCPT-20251216-00025,2025-12-16T10:40:16,new_year_refresh,professional,in_store_pickup,paypal,218.90,0.00,21.89,0.00,240.79,3,USD,receipts/RCPT-20251216-00025.png,new year refresh bundle purchase
TX-RCPT-20251217-00026,RCPT-20251217-00026,2025-12-17T21:23:37,new_year_refresh,small_business,web,paypal,1799.00,0.00,179.90,0.00,1978.90,1,USD,receipts/RCPT-20251217-00026.png,new year refresh bundle purchase
TX-RCPT-20251217-00027,RCPT-20251217-00027,2025-12-17T20:35:56,new_year_refresh,gamer,in_store_pickup,apple_pay,118.00,3.54,11.45,11.99,137.90,2,USD,receipts/RCPT-20251217-00027.png,new year refresh bundle purchase
TX-RCPT-20251217-00028,RCPT-20251217-00028,2025-12-17T20:44:06,new_year_refresh,gamer,web,paypal,932.00,27.96,90.40,0.00,994.44,8,USD,receipts/RCPT-20251217-00028.png,new year refresh bundle purchase
TX-RCPT-20251217-00029,RCPT-20251217-00029,2025-12-17T21:04:49,new_year_refresh,family,mobile_app,bank_transfer,148.95,4.47,14.45,11.99,170.92,2,USD,receipts/RCPT-20251217-00029.png,new year refresh bundle purchase
TX-RCPT-20251217-00030,RCPT-20251217-00030,2025-12-17T20:20:27,new_year_refresh,small_business,in_store_pickup,card,1136.85,113.69,102.32,0.00,1125.48,6,USD,receipts/RCPT-20251217-00030.png,new year refresh bundle purchase
TX-RCPT-20251217-00031,RCPT-20251217-00031,2025-12-17T13:27:04,new_year_refresh,family,in_store_pickup,google_pay,2265.00,67.95,219.71,0.00,2416.76,5,USD,receipts/RCPT-20251217-00031.png,new year refresh bundle purchase
TX-RCPT-20251217-00032,RCPT-20251217-00032,2025-12-17T17:36:19,new_year_refresh,gamer,in_store_pickup,card,1066.95,106.70,96.03,7.99,1064.27,4,USD,receipts/RCPT-20251217-00032.png,new year refresh bundle purchase
TX-RCPT-20251217-00033,RCPT-20251217-00033,2025-12-17T15:50:57,new_year_refresh,professional,in_store_pickup,card,128.95,12.89,11.61,15.99,143.66,2,USD,receipts/RCPT-20251217-00033.png,new year refresh bundle purchase
TX-RCPT-20251217-00034,RCPT-20251217-00034,2025-12-17T11:30:39,new_year_refresh,student,mobile_app,paypal,1027.00,30.81,99.62,0.00,1095.81,3,USD,receipts/RCPT-20251217-00034.png,new year refresh bundle purchase
TX-RCPT-20251217-00035,RCPT-20251217-00035,2025-12-17T10:51:44,new_year_refresh,small_business,mobile_app,card,1986.00,59.58,192.64,0.00,2119.06,4,USD,receipts/RCPT-20251217-00035.png,new year refresh bundle purchase
TX-RCPT-20251217-00036,RCPT-20251217-00036,2025-12-17T20:57:28,new_year_refresh,small_business,in_store_pickup,bank_transfer,2636.00,131.80,250.42,0.00,2754.62,4,USD,receipts/RCPT-20251217-00036.png,new year refresh bundle purchase
TX-RCPT-20251217-00037,RCPT-20251217-00037,2025-12-17T12:48:15,new_year_refresh,family,in_store_pickup,paypal,2098.00,209.80,188.82,0.00,2077.02,2,USD,receipts/RCPT-20251217-00037.png,new year refresh bundle purchase
TX-RCPT-20251217-00038,RCPT-20251217-00038,2025-12-17T11:24:44,new_year_refresh,professional,in_store_pickup,apple_pay,139.90,0.00,13.99,0.00,153.89,2,USD,receipts/RCPT-20251217-00038.png,new year refresh bundle purchase
TX-RCPT-20251217-00039,RCPT-20251217-00039,2025-12-17T14:30:00,new_year_refresh,family,mobile_app,paypal,306.95,0.00,30.70,15.99,353.64,4,USD,receipts/RCPT-20251217-00039.png,new year refresh bundle purchase
TX-RCPT-20251218-00040,RCPT-20251218-00040,2025-12-18T19:10:53,new_year_refresh,gamer,web,bank_transfer,1956.00,195.60,176.04,0.00,1936.44,4,USD,receipts/RCPT-20251218-00040.png,new year refresh bundle purchase
TX-RCPT-20251218-00041,RCPT-20251218-00041,2025-12-18T13:13:29,new_year_refresh,family,mobile_app,paypal,3486.00,348.60,313.74,0.00,3451.14,4,USD,receipts/RCPT-20251218-00041.png,new year refresh bundle purchase
TX-RCPT-20251218-00042,RCPT-20251218-00042,2025-12-18T13:14:41,new_year_refresh,student,in_store_pickup,card,2598.00,0.00,259.80,0.00,2857.80,2,USD,receipts/RCPT-20251218-00042.png,new year refresh bundle purchase
TX-RCPT-20251218-00043,RCPT-20251218-00043,2025-12-18T19:16:49,new_year_refresh,family,web,bank_transfer,2277.95,227.79,205.02,0.00,2255.18,3,USD,receipts/RCPT-20251218-00043.png,new year refresh bundle purchase
TX-RCPT-20251218-00044,RCPT-20251218-00044,2025-12-18T14:45:12,new_year_refresh,student,in_store_pickup,apple_pay,1697.00,169.70,152.73,0.00,1680.03,3,USD,receipts/RCPT-20251218-00044.png,new year refresh bundle purchase
TX-RCPT-20251218-00045,RCPT-20251218-00045,2025-12-18T13:34:27,new_year_refresh,family,web,bank_transfer,1473.00,0.00,147.30,0.00,1620.30,2,USD,receipts/RCPT-20251218-00045.png,new year refresh bundle purchase
TX-RCPT-20251218-00046,RCPT-20251218-00046,2025-12-18T19:09:27,new_year_refresh,professional,in_store_pickup,bank_transfer,59.00,2.95,5.61,11.99,73.65,1,USD,receipts/RCPT-20251218-00046.png,new year refresh bundle purchase
TX-RCPT-20251218-00047,RCPT-20251218-00047,2025-12-18T15:15:48,new_year_refresh,gamer,in_store_pickup,bank_transfer,907.00,0.00,90.70,0.00,997.70,3,USD,receipts/RCPT-20251218-00047.png,new year refresh bundle purchase
TX-RCPT-20251218-00048,RCPT-20251218-00048,2025-12-18T22:38:44,new_year_refresh,family,in_store_pickup,card,148.95,7.45,14.15,0.00,155.65,2,USD,receipts/RCPT-20251218-00048.png,new year refresh bundle purchase
TX-RCPT-20251218-00049,RCPT-20251218-00049,2025-12-18T19:31:28,new_year_refresh,student,web,google_pay,59.00,1.77,5.72,15.99,78.94,1,USD,receipts/RCPT-20251218-00049.png,new year refresh bundle purchase
TX-RCPT-20251218-00050,RCPT-20251218-00050,2025-12-18T16:21:22,new_year_refresh,gamer,mobile_app,google_pay,128.95,6.45,12.25,15.99,150.74,2,USD,receipts/RCPT-20251218-00050.png,new year refresh bundle purchase
TX-RCPT-20251218-00051,RCPT-20251218-00051,2025-12-18T19:30:17,new_year_refresh,small_business,in_store_pickup,bank_transfer,305.95,9.18,29.68,0.00,326.45,5,USD,receipts/RCPT-20251218-00051.png,new year refresh bundle purchase
TX-RCPT-20251218-00052,RCPT-20251218-00052,2025-12-18T19:34:08,new_year_refresh,family,web,card,2228.00,0.00,222.80,0.00,2450.80,2,USD,receipts/RCPT-20251218-00052.png,new year refresh bundle purchase
TX-RCPT-20251218-00053,RCPT-20251218-00053,2025-12-18T15:30:28,new_year_refresh,family,web,card,1598.00,79.90,151.81,0.00,1669.91,2,USD,receipts/RCPT-20251218-00053.png,new year refresh bundle purchase
TX-RCPT-20251219-00054,RCPT-20251219-00054,2025-12-19T08:09:09,new_year_refresh,small_business,mobile_app,card,199.00,0.00,19.90,15.99,234.89,1,USD,receipts/RCPT-20251219-00054.png,new year refresh bundle purchase
TX-RCPT-20251219-00055,RCPT-20251219-00055,2025-12-19T21:37:27,new_year_refresh,family,in_store_pickup,bank_transfer,177.00,17.70,15.93,11.99,187.22,3,USD,receipts/RCPT-20251219-00055.png,new year refresh bundle purchase
TX-RCPT-20251219-00056,RCPT-20251219-00056,2025-12-19T14:28:44,new_year_refresh,small_business,mobile_app,google_pay,937.00,0.00,93.70,0.00,1030.70,3,USD,receipts/RCPT-20251219-00056.png,new year refresh bundle purchase
TX-RCPT-20251219-00057,RCPT-20251219-00057,2025-12-19T17:42:51,new_year_refresh,professional,mobile_app,card,118.00,3.54,11.45,15.99,141.90,2,USD,receipts/RCPT-20251219-00057.png,new year refresh bundle purchase
TX-RCPT-20251219-00058,RCPT-20251219-00058,2025-12-19T17:47:52,new_year_refresh,small_business,mobile_app,paypal,1578.00,78.90,149.91,0.00,1649.01,2,USD,receipts/RCPT-20251219-00058.png,new year refresh bundle purchase
TX-RCPT-20251219-00059,RCPT-20251219-00059,2025-12-19T12:01:05,new_year_refresh,professional,in_store_pickup,bank_transfer,1004.00,100.40,90.36,15.99,1009.95,6,USD,receipts/RCPT-20251219-00059.png,new year refresh bundle purchase
TX-RCPT-20251219-00060,RCPT-20251219-00060,2025-12-19T17:27:40,new_year_refresh,gamer,web,paypal,3671.10,110.13,356.10,0.00,3917.07,5,USD,receipts/RCPT-20251219-00060.png,new year refresh bundle purchase
TX-RCPT-20251219-00061,RCPT-20251219-00061,2025-12-19T18:25:52,new_year_refresh,small_business,web,paypal,237.00,23.70,21.33,11.99,246.62,3,USD,receipts/RCPT-20251219-00061.png,new year refresh bundle purchase
TX-RCPT-20251219-00062,RCPT-20251219-00062,2025-12-19T16:23:39,new_year_refresh,gamer,in_store_pickup,paypal,139.90,13.99,12.59,7.99,146.49,2,USD,receipts/RCPT-20251219-00062.png,new year refresh bundle purchase
TX-RCPT-20251219-00063,RCPT-20251219-00063,2025-12-19T20:15:45,new_year_refresh,professional,mobile_app,bank_transfer,128.95,0.00,12.89,15.99,157.83,2,USD,receipts/RCPT-20251219-00063.png,new year refresh bundle purchase
TX-RCPT-20251219-00064,RCPT-20251219-00064,2025-12-19T12:32:45,new_year_refresh,family,mobile_app,paypal,738.00,22.14,71.59,15.99,803.44,2,USD,receipts/RCPT-20251219-00064.png,new year refresh bundle purchase
TX-RCPT-20251219-00065,RCPT-20251219-00065,2025-12-19T20:50:54,new_year_refresh,gamer,mobile_app,bank_transfer,128.95,3.87,12.51,11.99,149.58,2,USD,receipts/RCPT-20251219-00065.png,new year refresh bundle purchase
TX-RCPT-20251219-00066,RCPT-20251219-00066,2025-12-19T13:35:48,new_year_refresh,small_business,mobile_app,paypal,1695.00,84.75,161.03,0.00,1771.28,5,USD,receipts/RCPT-20251219-00066.png,new year refresh bundle purchase
TX-RCPT-20251220-00067,RCPT-20251220-00067,2025-12-20T15:02:08,new_year_refresh,small_business,in_store_pickup,google_pay,2063.15,61.89,200.13,0.00,2201.39,4,USD,receipts/RCPT-20251220-00067.png,new year refresh bundle purchase
TX-RCPT-20251220-00068,RCPT-20251220-00068,2025-12-20T21:41:09,new_year_refresh,student,mobile_app,google_pay,2008.00,200.80,180.72,0.00,1987.92,2,USD,receipts/RCPT-20251220-00068.png,new year refresh bundle purchase
TX-RCPT-20251220-00069,RCPT-20251220-00069,2025-12-20T17:04:15,new_year_refresh,family,web,card,1097.80,109.78,98.80,7.99,1094.81,6,USD,receipts/RCPT-20251220-00069.png,new year refresh bundle purchase
TX-RCPT-20251220-00070,RCPT-20251220-00070,2025-12-20T12:22:23,new_year_refresh,gamer,web,apple_pay,4376.00,0.00,437.60,0.00,4813.60,4,USD,receipts/RCPT-20251220-00070.png,new year refresh bundle purchase
TX-RCPT-20251220-00071,RCPT-20251220-00071,2025-12-20T18:16:29,new_year_refresh,family,in_store_pickup,card,1067.00,32.01,103.50,0.00,1138.49,3,USD,receipts/RCPT-20251220-00071.png,new year refresh bundle purchase
TX-RCPT-20251220-00072,RCPT-20251220-00072,2025-12-20T17:19:40,new_year_refresh,gamer,in_store_pickup,google_pay,2858.00,142.90,271.51,0.00,2986.61,2,USD,receipts/RCPT-20251220-00072.png,new year refresh bundle purchase
TX-RCPT-20251220-00073,RCPT-20251220-00073,2025-12-20T17:18:44,new_year_refresh,family,web,paypal,2895.00,144.75,275.03,0.00,3025.28,3,USD,receipts/RCPT-20251220-00073.png,new year refresh bundle purchase
TX-RCPT-20251220-00074,RCPT-20251220-00074,2025-12-20T20:51:14,new_year_refresh,small_business,mobile_app,apple_pay,236.00,23.60,21.24,11.99,245.63,4,USD,receipts/RCPT-20251220-00074.png,new year refresh bundle purchase
TX-RCPT-20251220-00075,RCPT-20251220-00075,2025-12-20T22:18:20,new_year_refresh,gamer,web,apple_pay,765.10,38.26,72.68,7.99,807.51,3,USD,receipts/RCPT-20251220-00075.png,new year refresh bundle purchase
TX-RCPT-20251221-00076,RCPT-20251221-00076,2025-12-21T20:18:47,new_year_refresh,family,web,paypal,2546.00,254.60,229.14,0.00,2520.54,4,USD,receipts/RCPT-20251221-00076.png,new year refresh bundle purchase
TX-RCPT-20251221-00077,RCPT-20251221-00077,2025-12-21T14:00:16,new_year_refresh,small_business,web,paypal,236.00,11.80,22.42,0.00,246.62,4,USD,receipts/RCPT-20251221-00077.png,new year refresh bundle purchase
TX-RCPT-20251221-00078,RCPT-20251221-00078,2025-12-21T08:39:56,new_year_refresh,small_business,mobile_app,bank_transfer,2056.00,205.60,185.04,0.00,2035.44,4,USD,receipts/RCPT-20251221-00078.png,new year refresh bundle purchase
TX-RCPT-20251221-00079,RCPT-20251221-00079,2025-12-21T12:31:07,new_year_refresh,student,web,bank_transfer,2291.00,0.00,229.10,0.00,2520.10,4,USD,receipts/RCPT-20251221-00079.png,new year refresh bundle purchase
TX-RCPT-20251221-00080,RCPT-20251221-00080,2025-12-21T09:53:31,new_year_refresh,small_business,mobile_app,google_pay,118.00,3.54,11.45,15.99,141.90,2,USD,receipts/RCPT-20251221-00080.png,new year refresh bundle purchase
TX-RCPT-20251221-00081,RCPT-20251221-00081,2025-12-21T08:25:17,new_year_refresh,professional,web,paypal,1776.00,88.80,168.72,0.00,1855.92,4,USD,receipts/RCPT-20251221-00081.png,new year refresh bundle purchase
TX-RCPT-20251221-00082,RCPT-20251221-00082,2025-12-21T09:53:48,new_year_refresh,small_business,web,bank_transfer,1935.00,58.05,187.70,0.00,2064.65,5,USD,receipts/RCPT-20251221-00082.png,new year refresh bundle purchase
TX-RCPT-20251221-00083,RCPT-20251221-00083,2025-12-21T10:00:22,new_year_refresh,professional,in_store_pickup,google_pay,853.00,0.00,85.30,7.99,946.29,7,USD,receipts/RCPT-20251221-00083.png,new year refresh bundle purchase
TX-RCPT-20251221-00084,RCPT-20251221-00084,2025-12-21T15:49:23,new_year_refresh,small_business,in_store_pickup,card,159.00,0.00,15.90,11.99,186.89,1,USD,receipts/RCPT-20251221-00084.png,new year refresh bundle purchase
TX-RCPT-20251221-00085,RCPT-20251221-00085,2025-12-21T15:54:25,new_year_refresh,gamer,in_store_pickup,card,1028.00,0.00,102.80,0.00,1130.80,2,USD,receipts/RCPT-20251221-00085.png,new year refresh bundle purchase
TX-RCPT-20251221-00086,RCPT-20251221-00086,2025-12-21T14:38:33,new_year_refresh,family,mobile_app,bank_transfer,2554.15,127.71,242.64,0.00,2669.08,3,USD,receipts/RCPT-20251221-00086.png,new year refresh bundle purchase
TX-RCPT-20251221-00087,RCPT-20251221-00087,2025-12-21T14:26:46,new_year_refresh,student,mobile_app,paypal,59.00,1.77,5.72,11.99,74.94,1,USD,receipts/RCPT-20251221-00087.png,new year refresh bundle purchase
TX-RCPT-20251221-00088,RCPT-20251221-00088,2025-12-21T09:53:05,new_year_refresh,student,mobile_app,card,2257.00,0.00,225.70,0.00,2482.70,3,USD,receipts/RCPT-20251221-00088.png,new year refresh bundle purchase
TX-RCPT-20251221-00089,RCPT-20251221-00089,2025-12-21T21:58:46,new_year_refresh,student,mobile_app,bank_transfer,1681.00,168.10,151.29,0.00,1664.19,4,USD,receipts/RCPT-20251221-00089.png,new year refresh bundle purchase
TX-RCPT-20251222-00090,RCPT-20251222-00090,2025-12-22T21:35:23,new_year_refresh,student,mobile_app,bank_transfer,59.00,1.77,5.72,11.99,74.94,1,USD,receipts/RCPT-20251222-00090.png,new year refresh bundle purchase
TX-RCPT-20251222-00091,RCPT-20251222-00091,2025-12-22T08:11:17,new_year_refresh,family,mobile_app,google_pay,1503.15,75.16,142.80,0.00,1570.79,4,USD,receipts/RCPT-20251222-00091.png,new year refresh bundle purchase
TX-RCPT-20251222-00092,RCPT-20251222-00092,2025-12-22T14:26:29,new_year_refresh,family,web,google_pay,217.00,0.00,21.70,7.99,246.69,3,USD,receipts/RCPT-20251222-00092.png,new year refresh bundle purchase
TX-RCPT-20251222-00093,RCPT-20251222-00093,2025-12-22T10:10:48,new_year_refresh,small_business,web,card,1703.15,0.00,170.32,0.00,1873.47,2,USD,receipts/RCPT-20251222-00093.png,new year refresh bundle purchase
TX-RCPT-20251222-00094,RCPT-20251222-00094,2025-12-22T08:14:25,new_year_refresh,small_business,web,card,896.00,89.60,80.64,11.99,899.03,4,USD,receipts/RCPT-20251222-00094.png,new year refresh bundle purchase
TX-RCPT-20251222-00095,RCPT-20251222-00095,2025-12-22T15:47:27,new_year_refresh,professional,web,paypal,237.00,11.85,22.52,0.00,247.67,3,USD,receipts/RCPT-20251222-00095.png,new year refresh bundle purchase
TX-RCPT-20251222-00096,RCPT-20251222-00096,2025-12-22T14:45:40,new_year_refresh,gamer,mobile_app,card,1066.95,53.35,101.36,15.99,1130.95,4,USD,receipts/RCPT-20251222-00096.png,new year refresh bundle purchase
TX-RCPT-20251222-00097,RCPT-20251222-00097,2025-12-22T11:27:37,new_year_refresh,gamer,in_store_pickup,card,177.00,0.00,17.70,7.99,202.69,3,USD,receipts/RCPT-20251222-00097.png,new year refresh bundle purchase
TX-RCPT-20251222-00098,RCPT-20251222-00098,2025-12-22T16:32:12,new_year_refresh,family,mobile_app,apple_pay,2572.00,0.00,257.20,0.00,2829.20,3,USD,receipts/RCPT-20251222-00098.png,new year refresh bundle purchase
TX-RCPT-20251222-00099,RCPT-20251222-00099,2025-12-22T20:40:31,new_year_refresh,gamer,in_store_pickup,bank_transfer,59.00,0.00,5.90,0.00,64.90,1,USD,receipts/RCPT-20251222-00099.png,new year refresh bundle purchase
TX-RCPT-20251222-00100,RCPT-20251222-00100,2025-12-22T17:03:22,new_year_refresh,small_business,web,google_pay,906.00,90.60,81.54,11.99,908.93,4,USD,receipts/RCPT-20251222-00100.png,new year refresh bundle purchase
TX-RCPT-20251223-00101,RCPT-20251223-00101,2025-12-23T14:29:37,new_year_refresh,small_business,in_store_pickup,card,59.00,0.00,5.90,15.99,80.89,1,USD,receipts/RCPT-20251223-00101.png,new year refresh bundle purchase
TX-RCPT-20251223-00102,RCPT-20251223-00102,2025-12-23T19:05:32,new_year_refresh,professional,web,apple_pay,2436.95,121.85,231.51,0.00,2546.61,4,USD,receipts/RCPT-20251223-00102.png,new year refresh bundle purchase
TX-RCPT-20251223-00103,RCPT-20251223-00103,2025-12-23T20:40:41,new_year_refresh,family,web,google_pay,3426.00,0.00,342.60,0.00,3768.60,4,USD,receipts/RCPT-20251223-00103.png,new year refresh bundle purchase
TX-RCPT-20251223-00104,RCPT-20251223-00104,2025-12-23T18:44:42,new_year_refresh,gamer,web,bank_transfer,798.00,23.94,77.41,11.99,863.46,2,USD,receipts/RCPT-20251223-00104.png,new year refresh bundle purchase
TX-RCPT-20251223-00105,RCPT-20251223-00105,2025-12-23T16:23:01,new_year_refresh,family,mobile_app,apple_pay,279.80,0.00,27.98,11.99,319.77,4,USD,receipts/RCPT-20251223-00105.png,new year refresh bundle purchase
TX-RCPT-20251223-00106,RCPT-20251223-00106,2025-12-23T16:49:34,new_year_refresh,small_business,web,google_pay,158.00,7.90,15.01,7.99,173.10,2,USD,receipts/RCPT-20251223-00106.png,new year refresh bundle purchase
TX-RCPT-20251223-00107,RCPT-20251223-00107,2025-12-23T19:15:28,new_year_refresh,small_business,mobile_app,paypal,1088.00,0.00,108.80,15.99,1212.79,2,USD,receipts/RCPT-20251223-00107.png,new year refresh bundle purchase
TX-RCPT-20251223-00108,RCPT-20251223-00108,2025-12-23T20:24:32,new_year_refresh,small_business,mobile_app,apple_pay,817.00,81.70,73.53,11.99,820.82,3,USD,receipts/RCPT-20251223-00108.png,new year refresh bundle purchase
TX-RCPT-20251223-00109,RCPT-20251223-00109,2025-12-23T20:10:17,new_year_refresh,gamer,in_store_pickup,apple_pay,1085.95,0.00,108.60,0.00,1194.55,5,USD,receipts/RCPT-20251223-00109.png,new year refresh bundle purchase
TX-RCPT-20251223-00110,RCPT-20251223-00110,2025-12-23T16:23:15,new_year_refresh,gamer,web,google_pay,118.00,11.80,10.62,0.00,116.82,2,USD,receipts/RCPT-20251223-00110.png,new year refresh bundle purchase
TX-RCPT-20251223-00111,RCPT-20251223-00111,2025-12-23T21:30:44,new_year_refresh,professional,in_store_pickup,paypal,118.00,0.00,11.80,0.00,129.80,2,USD,receipts/RCPT-20251223-00111.png,new year refresh bundle purchase
TX-RCPT-20251223-00112,RCPT-20251223-00112,2025-12-23T12:15:19,new_year_refresh,student,web,apple_pay,1148.00,114.80,103.32,0.00,1136.52,2,USD,receipts/RCPT-20251223-00112.png,new year refresh bundle purchase
TX-RCPT-20251223-00113,RCPT-20251223-00113,2025-12-23T13:15:36,new_year_refresh,gamer,web,card,926.95,46.35,88.06,15.99,984.65,4,USD,receipts/RCPT-20251223-00113.png,new year refresh bundle purchase
TX-RCPT-20251224-00114,RCPT-20251224-00114,2025-12-24T19:01:22,new_year_refresh,student,mobile_app,apple_pay,3331.15,166.56,316.46,0.00,3481.05,4,USD,receipts/RCPT-20251224-00114.png,new year refresh bundle purchase
TX-RCPT-20251224-00115,RCPT-20251224-00115,2025-12-24T18:11:51,new_year_refresh,professional,web,paypal,1646.95,164.70,148.22,0.00,1630.47,4,USD,receipts/RCPT-20251224-00115.png,new year refresh bundle purchase
TX-RCPT-20251224-00116,RCPT-20251224-00116,2025-12-24T15:16:02,new_year_refresh,professional,mobile_app,google_pay,237.00,11.85,22.52,15.99,263.66,3,USD,receipts/RCPT-20251224-00116.png,new year refresh bundle purchase
TX-RCPT-20251224-00117,RCPT-20251224-00117,2025-12-24T22:24:21,new_year_refresh,professional,mobile_app,paypal,1967.00,196.70,177.03,0.00,1947.33,3,USD,receipts/RCPT-20251224-00117.png,new year refresh bundle purchase
TX-RCPT-20251224-00118,RCPT-20251224-00118,2025-12-24T16:18:20,new_year_refresh,student,web,google_pay,2172.00,65.16,210.68,0.00,2317.52,3,USD,receipts/RCPT-20251224-00118.png,new year refresh bundle purchase
TX-RCPT-20251224-00119,RCPT-20251224-00119,2025-12-24T17:27:17,new_year_refresh,student,web,paypal,139.90,0.00,13.99,11.99,165.88,2,USD,receipts/RCPT-20251224-00119.png,new year refresh bundle purchase
TX-RCPT-20251224-00120,RCPT-20251224-00120,2025-12-24T09:15:49,new_year_refresh,family,mobile_app,paypal,877.00,87.70,78.93,0.00,868.23,3,USD,receipts/RCPT-20251224-00120.png,new year refresh bundle purchase
TX-RCPT-20251225-00121,RCPT-20251225-00121,2025-12-25T13:25:20,new_year_refresh,family,web,card,59.00,0.00,5.90,15.99,80.89,1,USD,receipts/RCPT-20251225-00121.png,new year refresh bundle purchase
TX-RCPT-20251225-00122,RCPT-20251225-00122,2025-12-25T19:28:13,new_year_refresh,small_business,mobile_app,paypal,1802.00,90.10,171.19,0.00,1883.09,3,USD,receipts/RCPT-20251225-00122.png,new year refresh bundle purchase
TX-RCPT-20251225-00123,RCPT-20251225-00123,2025-12-25T21:20:42,new_year_refresh,family,in_store_pickup,card,59.00,5.90,5.31,15.99,74.40,1,USD,receipts/RCPT-20251225-00123.png,new year refresh bundle purchase
TX-RCPT-20251225-00124,RCPT-20251225-00124,2025-12-25T11:50:31,new_year_refresh,student,mobile_app,bank_transfer,3963.00,118.89,384.41,0.00,4228.52,7,USD,receipts/RCPT-20251225-00124.png,new year refresh bundle purchase
TX-RCPT-20251225-00125,RCPT-20251225-00125,2025-12-25T15:33:26,new_year_refresh,gamer,in_store_pickup,card,798.00,79.80,71.82,15.99,806.01,2,USD,receipts/RCPT-20251225-00125.png,new year refresh bundle purchase
TX-RCPT-20251225-00126,RCPT-20251225-00126,2025-12-25T14:32:58,new_year_refresh,student,web,bank_transfer,3344.00,100.32,324.37,0.00,3568.05,4,USD,receipts/RCPT-20251225-00126.png,new year refresh bundle purchase
TX-RCPT-20251225-00127,RCPT-20251225-00127,2025-12-25T16:17:08,new_year_refresh,family,in_store_pickup,bank_transfer,177.00,8.85,16.82,0.00,184.97,3,USD,receipts/RCPT-20251225-00127.png,new year refresh bundle purchase
TX-RCPT-20251225-00128,RCPT-20251225-00128,2025-12-25T14:39:40,new_year_refresh,student,mobile_app,bank_transfer,576.95,28.85,54.81,15.99,618.90,4,USD,receipts/RCPT-20251225-00128.png,new year refresh bundle purchase
TX-RCPT-20251225-00129,RCPT-20251225-00129,2025-12-25T12:29:04,new_year_refresh,student,web,paypal,1499.00,149.90,134.91,0.00,1484.01,1,USD,receipts/RCPT-20251225-00129.png,new year refresh bundle purchase
TX-RCPT-20251225-00130,RCPT-20251225-00130,2025-12-25T20:23:32,new_year_refresh,small_business,web,google_pay,778.00,38.90,73.91,7.99,821.00,2,USD,receipts/RCPT-20251225-00130.png,new year refresh bundle purchase
TX-RCPT-20251225-00131,RCPT-20251225-00131,2025-12-25T19:20:12,new_year_refresh,professional,mobile_app,bank_transfer,826.95,24.81,80.21,15.99,898.34,4,USD,receipts/RCPT-20251225-00131.png,new year refresh bundle purchase
TX-RCPT-20251225-00132,RCPT-20251225-00132,2025-12-25T13:03:03,new_year_refresh,family,mobile_app,bank_transfer,848.00,25.44,82.26,0.00,904.82,2,USD,receipts/RCPT-20251225-00132.png,new year refresh bundle purchase
TX-RCPT-20251225-00133,RCPT-20251225-00133,2025-12-25T13:02:25,new_year_refresh,student,in_store_pickup,bank_transfer,79.00,3.95,7.50,11.99,94.54,1,USD,receipts/RCPT-20251225-00133.png,new year refresh bundle purchase
TX-RCPT-20251225-00134,RCPT-20251225-00134,2025-12-25T09:25:23,new_year_refresh,family,in_store_pickup,google_pay,128.95,0.00,12.89,0.00,141.84,2,USD,receipts/RCPT-20251225-00134.png,new year refresh bundle purchase
TX-RCPT-20251225-00135,RCPT-20251225-00135,2025-12-25T15:09:38,new_year_refresh,small_business,web,google_pay,138.00,6.90,13.11,15.99,160.20,2,USD,receipts/RCPT-20251225-00135.png,new year refresh bundle purchase
TX-RCPT-20251226-00136,RCPT-20251226-00136,2025-12-26T15:52:01,new_year_refresh,family,mobile_app,card,305.95,30.59,27.54,11.99,314.89,5,USD,receipts/RCPT-20251226-00136.png,new year refresh bundle purchase
TX-RCPT-20251226-00137,RCPT-20251226-00137,2025-12-26T18:46:39,new_year_refresh,gamer,web,apple_pay,1037.00,103.70,93.33,0.00,1026.63,3,USD,receipts/RCPT-20251226-00137.png,new year refresh bundle purchase
TX-RCPT-20251226-00138,RCPT-20251226-00138,2025-12-26T16:49:39,new_year_refresh,gamer,in_store_pickup,card,948.00,94.80,85.32,11.99,950.51,2,USD,receipts/RCPT-20251226-00138.png,new year refresh bundle purchase
TX-RCPT-20251226-00139,RCPT-20251226-00139,2025-12-26T16:22:43,new_year_refresh,family,in_store_pickup,paypal,1117.00,111.70,100.53,11.99,1117.82,3,USD,receipts/RCPT-20251226-00139.png,new year refresh bundle purchase
TX-RCPT-20251226-00140,RCPT-20251226-00140,2025-12-26T16:59:59,new_year_refresh,family,mobile_app,card,3766.00,188.30,357.77,0.00,3935.47,4,USD,receipts/RCPT-20251226-00140.png,new year refresh bundle purchase
TX-RCPT-20251226-00141,RCPT-20251226-00141,2025-12-26T18:16:47,new_year_refresh,gamer,web,apple_pay,1345.00,134.50,121.05,0.00,1331.55,5,USD,receipts/RCPT-20251226-00141.png,new year refresh bundle purchase
TX-RCPT-20251226-00142,RCPT-20251226-00142,2025-12-26T11:03:42,new_year_refresh,small_business,web,apple_pay,2698.00,80.94,261.71,0.00,2878.77,2,USD,receipts/RCPT-20251226-00142.png,new year refresh bundle purchase
TX-RCPT-20251226-00143,RCPT-20251226-00143,2025-12-26T16:59:10,new_year_refresh,gamer,in_store_pickup,paypal,59.00,1.77,5.72,0.00,62.95,1,USD,receipts/RCPT-20251226-00143.png,new year refresh bundle purchase
TX-RCPT-20251227-00144,RCPT-20251227-00144,2025-12-27T21:59:02,new_year_refresh,professional,mobile_app,apple_pay,227.95,6.84,22.11,15.99,259.21,3,USD,receipts/RCPT-20251227-00144.png,new year refresh bundle purchase
TX-RCPT-20251227-00145,RCPT-20251227-00145,2025-12-27T12:29:41,new_year_refresh,small_business,in_store_pickup,paypal,2606.00,130.30,247.57,0.00,2723.27,4,USD,receipts/RCPT-20251227-00145.png,new year refresh bundle purchase
TX-RCPT-20251227-00146,RCPT-20251227-00146,2025-12-27T08:47:21,new_year_refresh,family,in_store_pickup,apple_pay,3181.85,95.46,308.64,0.00,3395.03,6,USD,receipts/RCPT-20251227-00146.png,new year refresh bundle purchase
TX-RCPT-20251227-00147,RCPT-20251227-00147,2025-12-27T08:16:24,new_year_refresh,professional,mobile_app,google_pay,914.00,27.42,88.66,7.99,983.23,6,USD,receipts/RCPT-20251227-00147.png,new year refresh bundle purchase
TX-RCPT-20251227-00148,RCPT-20251227-00148,2025-12-27T12:10:25,new_year_refresh,small_business,in_store_pickup,google_pay,148.95,0.00,14.89,11.99,175.83,2,USD,receipts/RCPT-20251227-00148.png,new year refresh bundle purchase
TX-RCPT-20251227-00149,RCPT-20251227-00149,2025-12-27T10:29:47,new_year_refresh,small_business,mobile_app,paypal,1547.00,154.70,139.23,0.00,1531.53,3,USD,receipts/RCPT-20251227-00149.png,new year refresh bundle purchase
TX-RCPT-20251227-00150,RCPT-20251227-00150,2025-12-27T09:58:36,new_year_refresh,student,web,bank_transfer,2473.15,123.66,234.95,0.00,2584.44,4,USD,receipts/RCPT-20251227-00150.png,new year refresh bundle purchase
TX-RCPT-20251227-00151,RCPT-20251227-00151,2025-12-27T16:28:51,new_year_refresh,student,mobile_app,apple_pay,834.15,83.42,75.07,0.00,825.80,3,USD,receipts/RCPT-20251227-00151.png,new year refresh bundle purchase
TX-RCPT-20251227-00152,RCPT-20251227-00152,2025-12-27T08:47:13,new_year_refresh,small_business,web,card,748.00,74.80,67.32,0.00,740.52,2,USD,receipts/RCPT-20251227-00152.png,new year refresh bundle purchase
TX-RCPT-20251227-00153,RCPT-20251227-00153,2025-12-27T14:11:49,new_year_refresh,professional,in_store_pickup,paypal,158.00,15.80,14.22,0.00,156.42,2,USD,receipts/RCPT-20251227-00153.png,new year refresh bundle purchase
TX-RCPT-20251227-00154,RCPT-20251227-00154,2025-12-27T21:00:48,new_year_refresh,student,mobile_app,paypal,1176.00,35.28,114.07,7.99,1262.78,4,USD,receipts/RCPT-20251227-00154.png,new year refresh bundle purchase
TX-RCPT-20251227-00155,RCPT-20251227-00155,2025-12-27T18:26:39,new_year_refresh,student,web,apple_pay,878.00,0.00,87.80,0.00,965.80,2,USD,receipts/RCPT-20251227-00155.png,new year refresh bundle purchase
TX-RCPT-20251227-00156,RCPT-20251227-00156,2025-12-27T15:14:34,new_year_refresh,professional,web,apple_pay,1199.00,35.97,116.30,11.99,1291.32,1,USD,receipts/RCPT-20251227-00156.png,new year refresh bundle purchase
TX-RCPT-20251227-00157,RCPT-20251227-00157,2025-12-27T10:42:33,new_year_refresh,professional,mobile_app,google_pay,236.00,7.08,22.89,0.00,251.81,4,USD,receipts/RCPT-20251227-00157.png,new year refresh bundle purchase
TX-RCPT-20251227-00158,RCPT-20251227-00158,2025-12-27T13:41:42,new_year_refresh,gamer,in_store_pickup,google_pay,59.00,5.90,5.31,7.99,66.40,1,USD,receipts/RCPT-20251227-00158.png,new year refresh bundle purchase
TX-RCPT-20251227-00159,RCPT-20251227-00159,2025-12-27T21:45:09,new_year_refresh,gamer,web,bank_transfer,237.00,7.11,22.99,11.99,264.87,3,USD,receipts/RCPT-20251227-00159.png,new year refresh bundle purchase
TX-RCPT-20251228-00160,RCPT-20251228-00160,2025-12-28T08:17:24,new_year_refresh,small_business,in_store_pickup,card,884.15,0.00,88.42,7.99,980.56,3,USD,receipts/RCPT-20251228-00160.png,new year refresh bundle purchase
TX-RCPT-20251228-00161,RCPT-20251228-00161,2025-12-28T22:00:13,new_year_refresh,professional,in_store_pickup,card,138.00,6.90,13.11,0.00,144.21,2,USD,receipts/RCPT-20251228-00161.png,new year refresh bundle purchase
TX-RCPT-20251228-00162,RCPT-20251228-00162,2025-12-28T14:29:34,new_year_refresh,family,mobile_app,google_pay,2427.00,121.35,230.57,0.00,2536.22,3,USD,receipts/RCPT-20251228-00162.png,new year refresh bundle purchase
TX-RCPT-20251228-00163,RCPT-20251228-00163,2025-12-28T13:26:02,new_year_refresh,small_business,web,apple_pay,1236.00,61.80,117.42,0.00,1291.62,4,USD,receipts/RCPT-20251228-00163.png,new year refresh bundle purchase
TX-RCPT-20251228-00164,RCPT-20251228-00164,2025-12-28T11:24:36,new_year_refresh,professional,mobile_app,bank_transfer,177.00,5.31,17.17,0.00,188.86,3,USD,receipts/RCPT-20251228-00164.png,new year refresh bundle purchase
TX-RCPT-20251228-00165,RCPT-20251228-00165,2025-12-28T19:34:31,new_year_refresh,professional,in_store_pickup,card,128.95,6.45,12.25,0.00,134.75,2,USD,receipts/RCPT-20251228-00165.png,new year refresh bundle purchase
TX-RCPT-20251228-00166,RCPT-20251228-00166,2025-12-28T08:13:32,new_year_refresh,gamer,mobile_app,card,1937.00,58.11,187.89,0.00,2066.78,3,USD,receipts/RCPT-20251228-00166.png,new year refresh bundle purchase
TX-RCPT-20251228-00167,RCPT-20251228-00167,2025-12-28T20:58:11,new_year_refresh,student,web,bank_transfer,1676.00,167.60,150.84,0.00,1659.24,4,USD,receipts/RCPT-20251228-00167.png,new year refresh bundle purchase
TX-RCPT-20251228-00168,RCPT-20251228-00168,2025-12-28T14:29:36,new_year_refresh,professional,in_store_pickup,apple_pay,209.85,20.98,18.89,0.00,207.76,3,USD,receipts/RCPT-20251228-00168.png,new year refresh bundle purchase
TX-RCPT-20251228-00169,RCPT-20251228-00169,2025-12-28T14:24:24,new_year_refresh,small_business,mobile_app,card,1577.00,0.00,157.70,0.00,1734.70,3,USD,receipts/RCPT-20251228-00169.png,new year refresh bundle purchase
TX-RCPT-20251228-00170,RCPT-20251228-00170,2025-12-28T22:33:58,new_year_refresh,student,web,apple_pay,1378.00,0.00,137.80,0.00,1515.80,2,USD,receipts/RCPT-20251228-00170.png,new year refresh bundle purchase
TX-RCPT-20251228-00171,RCPT-20251228-00171,2025-12-28T21:20:01,new_year_refresh,professional,in_store_pickup,apple_pay,236.00,0.00,23.60,0.00,259.60,4,USD,receipts/RCPT-20251228-00171.png,new year refresh bundle purchase
TX-RCPT-20251229-00172,RCPT-20251229-00172,2025-12-29T10:50:44,new_year_refresh,student,in_store_pickup,google_pay,177.00,8.85,16.82,15.99,200.96,3,USD,receipts/RCPT-20251229-00172.png,new year refresh bundle purchase
TX-RCPT-20251229-00173,RCPT-20251229-00173,2025-12-29T08:40:17,new_year_refresh,gamer,mobile_app,apple_pay,59.00,5.90,5.31,11.99,70.40,1,USD,receipts/RCPT-20251229-00173.png,new year refresh bundle purchase
TX-RCPT-20251229-00174,RCPT-20251229-00174,2025-12-29T09:05:17,new_year_refresh,professional,mobile_app,apple_pay,878.00,43.90,83.41,15.99,933.50,2,USD,receipts/RCPT-20251229-00174.png,new year refresh bundle purchase
TX-RCPT-20251229-00175,RCPT-20251229-00175,2025-12-29T10:05:11,new_year_refresh,gamer,mobile_app,bank_transfer,237.00,11.85,22.52,7.99,255.66,3,USD,receipts/RCPT-20251229-00175.png,new year refresh bundle purchase
TX-RCPT-20251229-00176,RCPT-20251229-00176,2025-12-29T21:24:00,new_year_refresh,family,mobile_app,paypal,499.00,0.00,49.90,11.99,560.89,1,USD,receipts/RCPT-20251229-00176.png,new year refresh bundle purchase
TX-RCPT-20251229-00177,RCPT-20251229-00177,2025-12-29T18:24:10,new_year_refresh,professional,mobile_app,google_pay,1499.00,44.97,145.40,0.00,1599.43,1,USD,receipts/RCPT-20251229-00177.png,new year refresh bundle purchase
TX-RCPT-20251229-00178,RCPT-20251229-00178,2025-12-29T19:40:31,new_year_refresh,small_business,in_store_pickup,apple_pay,728.00,0.00,72.80,7.99,808.79,2,USD,receipts/RCPT-20251229-00178.png,new year refresh bundle purchase
TX-RCPT-20251230-00179,RCPT-20251230-00179,2025-12-30T20:55:21,new_year_refresh,gamer,mobile_app,paypal,1099.00,54.95,104.41,11.99,1160.45,1,USD,receipts/RCPT-20251230-00179.png,new year refresh bundle purchase
TX-RCPT-20251230-00180,RCPT-20251230-00180,2025-12-30T19:44:40,new_year_refresh,gamer,in_store_pickup,apple_pay,128.95,12.89,11.61,11.99,139.66,2,USD,receipts/RCPT-20251230-00180.png,new year refresh bundle purchase
TX-RCPT-20251230-00181,RCPT-20251230-00181,2025-12-30T08:46:29,new_year_refresh,professional,mobile_app,google_pay,128.95,3.87,12.51,15.99,153.58,2,USD,receipts/RCPT-20251230-00181.png,new year refresh bundle purchase
TX-RCPT-20251230-00182,RCPT-20251230-00182,2025-12-30T19:27:50,new_year_refresh,gamer,web,paypal,1727.00,51.81,167.52,0.00,1842.71,3,USD,receipts/RCPT-20251230-00182.png,new year refresh bundle purchase
TX-RCPT-20251230-00183,RCPT-20251230-00183,2025-12-30T11:42:42,new_year_refresh,family,web,bank_transfer,1067.00,0.00,106.70,0.00,1173.70,3,USD,receipts/RCPT-20251230-00183.png,new year refresh bundle purchase
TX-RCPT-20251230-00184,RCPT-20251230-00184,2025-12-30T15:49:43,new_year_refresh,small_business,in_store_pickup,bank_transfer,774.00,23.22,75.08,11.99,837.85,6,USD,receipts/RCPT-20251230-00184.png,new year refresh bundle purchase
TX-RCPT-20251230-00185,RCPT-20251230-00185,2025-12-30T19:09:22,new_year_refresh,family,mobile_app,paypal,79.00,0.00,7.90,0.00,86.90,1,USD,receipts/RCPT-20251230-00185.png,new year refresh bundle purchase
TX-RCPT-20251231-00186,RCPT-20251231-00186,2025-12-31T13:41:06,new_year_refresh,professional,in_store_pickup,apple_pay,1104.15,0.00,110.42,0.00,1214.57,3,USD,receipts/RCPT-20251231-00186.png,new year refresh bundle purchase
TX-RCPT-20251231-00187,RCPT-20251231-00187,2025-12-31T18:27:25,new_year_refresh,student,in_store_pickup,bank_transfer,857.00,25.71,83.13,0.00,914.42,3,USD,receipts/RCPT-20251231-00187.png,new year refresh bundle purchase
TX-RCPT-20251231-00188,RCPT-20251231-00188,2025-12-31T10:23:20,new_year_refresh,professional,mobile_app,card,928.00,0.00,92.80,15.99,1036.79,2,USD,receipts/RCPT-20251231-00188.png,new year refresh bundle purchase
TX-RCPT-20251231-00189,RCPT-20251231-00189,2025-12-31T13:22:54,new_year_refresh,gamer,in_store_pickup,apple_pay,1548.00,0.00,154.80,0.00,1702.80,2,USD,receipts/RCPT-20251231-00189.png,new year refresh bundle purchase
TX-RCPT-20251231-00190,RCPT-20251231-00190,2025-12-31T14:38:08,new_year_refresh,small_business,mobile_app,paypal,2156.95,215.69,194.13,0.00,2135.39,4,USD,receipts/RCPT-20251231-00190.png,new year refresh bundle purchase
TX-RCPT-20251231-00191,RCPT-20251231-00191,2025-12-31T15:39:03,new_year_refresh,family,web,paypal,1198.00,35.94,116.21,0.00,1278.27,2,USD,receipts/RCPT-20251231-00191.png,new year refresh bundle purchase
TX-RCPT-20251231-00192,RCPT-20251231-00192,2025-12-31T15:10:05,new_year_refresh,small_business,web,apple_pay,128.95,12.89,11.61,11.99,139.66,2,USD,receipts/RCPT-20251231-00192.png,new year refresh bundle purchase
TX-RCPT-20251231-00193,RCPT-20251231-00193,2025-12-31T16:32:07,new_year_refresh,small_business,web,google_pay,59.00,5.90,5.31,11.99,70.40,1,USD,receipts/RCPT-20251231-00193.png,new year refresh bundle purchase
TX-RCPT-20251231-00194,RCPT-20251231-00194,2025-12-31T21:52:05,new_year_refresh,gamer,web,apple_pay,927.00,0.00,92.70,11.99,1031.69,3,USD,receipts/RCPT-20251231-00194.png,new year refresh bundle purchase
TX-RCPT-20251231-00195,RCPT-20251231-00195,2025-12-31T12:38:34,new_year_refresh,professional,mobile_app,google_pay,1146.95,0.00,114.70,15.99,1277.64,4,USD,receipts/RCPT-20251231-00195.png,new year refresh bundle purchase
TX-RCPT-20251231-00196,RCPT-20251231-00196,2025-12-31T21:41:08,new_year_refresh,professional,web,apple_pay,941.30,94.13,84.72,11.99,943.88,3,USD,receipts/RCPT-20251231-00196.png,new year refresh bundle purchase
TX-RCPT-20251231-00197,RCPT-20251231-00197,2025-12-31T14:32:47,new_year_refresh,family,in_store_pickup,google_pay,1346.00,0.00,134.60,0.00,1480.60,4,USD,receipts/RCPT-20251231-00197.png,new year refresh bundle purchase
TX-RCPT-20251231-00198,RCPT-20251231-00198,2025-12-31T11:27:52,new_year_refresh,professional,mobile_app,google_pay,3205.00,320.50,288.45,0.00,3172.95,4,USD,receipts/RCPT-20251231-00198.png,new year refresh bundle purchase
TX-RCPT-20251231-00199,RCPT-20251231-00199,2025-12-31T20:21:57,new_year_refresh,student,web,card,2846.00,284.60,256.14,0.00,2817.54,2,USD,receipts/RCPT-20251231-00199.png,new year refresh bundle purchase
TX-RCPT-20260101-00200,RCPT-20260101-00200,2026-01-01T19:58:08,new_year_refresh,family,web,google_pay,59.00,5.90,5.31,0.00,58.41,1,USD,receipts/RCPT-20260101-00200.png,new year refresh bundle purchase
TX-RCPT-20260101-00201,RCPT-20260101-00201,2026-01-01T14:41:05,new_year_refresh,student,web,apple_pay,1266.00,37.98,122.80,0.00,1350.82,4,USD,receipts/RCPT-20260101-00201.png,new year refresh bundle purchase
TX-RCPT-20260101-00202,RCPT-20260101-00202,2026-01-01T19:08:30,new_year_refresh,student,web,paypal,59.00,2.95,5.61,11.99,73.65,1,USD,receipts/RCPT-20260101-00202.png,new year refresh bundle purchase
TX-RCPT-20260101-00203,RCPT-20260101-00203,2026-01-01T09:33:36,new_year_refresh,student,in_store_pickup,apple_pay,2375.00,71.25,230.38,0.00,2534.13,5,USD,receipts/RCPT-20260101-00203.png,new year refresh bundle purchase
TX-RCPT-20260101-00204,RCPT-20260101-00204,2026-01-01T22:06:08,new_year_refresh,student,in_store_pickup,paypal,128.95,12.89,11.61,7.99,135.66,2,USD,receipts/RCPT-20260101-00204.png,new year refresh bundle purchase
TX-RCPT-20260101-00205,RCPT-20260101-00205,2026-01-01T20:44:01,new_year_refresh,family,web,bank_transfer,3171.00,158.55,301.25,0.00,3313.70,4,USD,receipts/RCPT-20260101-00205.png,new year refresh bundle purchase
TX-RCPT-20260102-00206,RCPT-20260102-00206,2026-01-02T18:38:04,new_year_refresh,small_business,web,google_pay,79.00,0.00,7.90,0.00,86.90,1,USD,receipts/RCPT-20260102-00206.png,new year refresh bundle purchase
TX-RCPT-20260102-00207,RCPT-20260102-00207,2026-01-02T08:37:04,new_year_refresh,student,mobile_app,apple_pay,59.00,1.77,5.72,7.99,70.94,1,USD,receipts/RCPT-20260102-00207.png,new year refresh bundle purchase
TX-RCPT-20260102-00208,RCPT-20260102-00208,2026-01-02T12:05:19,new_year_refresh,student,in_store_pickup,apple_pay,2376.00,71.28,230.47,0.00,2535.19,4,USD,receipts/RCPT-20260102-00208.png,new year refresh bundle purchase
TX-RCPT-20260102-00209,RCPT-20260102-00209,2026-01-02T09:59:27,new_year_refresh,student,mobile_app,bank_transfer,817.00,24.51,79.25,0.00,871.74,3,USD,receipts/RCPT-20260102-00209.png,new year refresh bundle purchase
TX-RCPT-20260102-00210,RCPT-20260102-00210,2026-01-02T13:33:33,new_year_refresh,family,web,google_pay,375.00,0.00,37.50,0.00,412.50,5,USD,receipts/RCPT-20260102-00210.png,new year refresh bundle purchase
TX-RCPT-20260102-00211,RCPT-20260102-00211,2026-01-02T19:36:40,new_year_refresh,student,mobile_app,paypal,2026.00,101.30,192.47,0.00,2117.17,4,USD,receipts/RCPT-20260102-00211.png,new year refresh bundle purchase
TX-RCPT-20260102-00212,RCPT-20260102-00212,2026-01-02T18:46:07,new_year_refresh,professional,in_store_pickup,bank_transfer,59.00,2.95,5.61,15.99,77.65,1,USD,receipts/RCPT-20260102-00212.png,new year refresh bundle purchase
TX-RCPT-20260102-00213,RCPT-20260102-00213,2026-01-02T10:59:54,new_year_refresh,student,in_store_pickup,paypal,59.00,2.95,5.61,7.99,69.65,1,USD,receipts/RCPT-20260102-00213.png,new year refresh bundle purchase
TX-RCPT-20260102-00214,RCPT-20260102-00214,2026-01-02T10:14:51,new_year_refresh,small_business,web,paypal,138.00,0.00,13.80,7.99,159.79,2,USD,receipts/RCPT-20260102-00214.png,new year refresh bundle purchase
TX-RCPT-20260102-00215,RCPT-20260102-00215,2026-01-02T19:39:15,new_year_refresh,gamer,mobile_app,bank_transfer,3374.00,168.70,320.53,0.00,3525.83,4,USD,receipts/RCPT-20260102-00215.png,new year refresh bundle purchase
TX-RCPT-20260102-00216,RCPT-20260102-00216,2026-01-02T20:42:24,new_year_refresh,family,web,apple_pay,926.00,0.00,92.60,7.99,1026.59,4,USD,receipts/RCPT-20260102-00216.png,new year refresh bundle purchase
TX-RCPT-20260102-00217,RCPT-20260102-00217,2026-01-02T14:44:57,new_year_refresh,family,mobile_app,card,158.00,0.00,15.80,15.99,189.79,2,USD,receipts/RCPT-20260102-00217.png,new year refresh bundle purchase
TX-RCPT-20260103-00218,RCPT-20260103-00218,2026-01-03T11:18:16,new_year_refresh,family,mobile_app,google_pay,59.00,0.00,5.90,7.99,72.89,1,USD,receipts/RCPT-20260103-00218.png,new year refresh bundle purchase
TX-RCPT-20260103-00219,RCPT-20260103-00219,2026-01-03T14:07:34,new_year_refresh,family,web,paypal,728.00,21.84,70.62,11.99,788.77,2,USD,receipts/RCPT-20260103-00219.png,new year refresh bundle purchase
TX-RCPT-20260103-00220,RCPT-20260103-00220,2026-01-03T16:03:43,new_year_refresh,family,mobile_app,apple_pay,857.90,25.74,83.22,11.99,927.37,4,USD,receipts/RCPT-20260103-00220.png,new year refresh bundle purchase
TX-RCPT-20260103-00221,RCPT-20260103-00221,2026-01-03T09:00:03,new_year_refresh,professional,web,apple_pay,329.00,0.00,32.90,7.99,369.89,1,USD,receipts/RCPT-20260103-00221.png,new year refresh bundle purchase
TX-RCPT-20260103-00222,RCPT-20260103-00222,2026-01-03T09:12:57,new_year_refresh,gamer,web,card,118.00,0.00,11.80,0.00,129.80,2,USD,receipts/RCPT-20260103-00222.png,new year refresh bundle purchase
TX-RCPT-20260103-00223,RCPT-20260103-00223,2026-01-03T15:01:24,new_year_refresh,gamer,web,google_pay,59.00,5.90,5.31,11.99,70.40,1,USD,receipts/RCPT-20260103-00223.png,new year refresh bundle purchase
TX-RCPT-20260103-00224,RCPT-20260103-00224,2026-01-03T14:56:35,new_year_refresh,gamer,web,card,3126.00,312.60,281.34,0.00,3094.74,4,USD,receipts/RCPT-20260103-00224.png,new year refresh bundle purchase
TX-RCPT-20260103-00225,RCPT-20260103-00225,2026-01-03T20:01:24,new_year_refresh,family,mobile_app,bank_transfer,236.00,7.08,22.89,15.99,267.80,4,USD,receipts/RCPT-20260103-00225.png,new year refresh bundle purchase
TX-RCPT-20260103-00226,RCPT-20260103-00226,2026-01-03T20:49:17,new_year_refresh,student,mobile_app,bank_transfer,148.95,4.47,14.45,0.00,158.93,2,USD,receipts/RCPT-20260103-00226.png,new year refresh bundle purchase
TX-RCPT-20260103-00227,RCPT-20260103-00227,2026-01-03T12:34:52,new_year_refresh,student,web,bank_transfer,2473.00,74.19,239.88,0.00,2638.69,2,USD,receipts/RCPT-20260103-00227.png,new year refresh bundle purchase
TX-RCPT-20260103-00228,RCPT-20260103-00228,2026-01-03T19:44:22,new_year_refresh,small_business,in_store_pickup,apple_pay,138.00,6.90,13.11,7.99,152.20,2,USD,receipts/RCPT-20260103-00228.png,new year refresh bundle purchase
TX-RCPT-20260103-00229,RCPT-20260103-00229,2026-01-03T08:05:03,new_year_refresh,professional,in_store_pickup,apple_pay,2277.00,227.70,204.93,0.00,2254.23,2,USD,receipts/RCPT-20260103-00229.png,new year refresh bundle purchase
TX-RCPT-20260103-00230,RCPT-20260103-00230,2026-01-03T10:37:45,new_year_refresh,professional,web,bank_transfer,916.00,45.80,87.02,0.00,957.22,4,USD,receipts/RCPT-20260103-00230.png,new year refresh bundle purchase
TX-RCPT-20260103-00231,RCPT-20260103-00231,2026-01-03T20:40:31,new_year_refresh,family,web,bank_transfer,4316.00,431.60,388.44,0.00,4272.84,4,USD,receipts/RCPT-20260103-00231.png,new year refresh bundle purchase
TX-RCPT-20260104-00232,RCPT-20260104-00232,2026-01-04T13:58:51,back_to_school_university,small_business,web,bank_transfer,926.80,0.00,92.68,0.00,1019.48,7,USD,receipts/RCPT-20260104-00232.png,back to school university bundle purchase
TX-RCPT-20260104-00233,RCPT-20260104-00233,2026-01-04T15:00:16,back_to_school_university,professional,web,card,2995.95,149.80,284.61,0.00,3130.76,4,USD,receipts/RCPT-20260104-00233.png,back to school university bundle purchase
TX-RCPT-20260104-00234,RCPT-20260104-00234,2026-01-04T22:24:22,back_to_school_university,small_business,mobile_app,card,985.15,29.55,95.56,11.99,1063.15,2,USD,receipts/RCPT-20260104-00234.png,back to school university bundle purchase
TX-RCPT-20260104-00235,RCPT-20260104-00235,2026-01-04T09:21:10,back_to_school_university,gamer,web,card,2176.95,0.00,217.69,0.00,2394.64,4,USD,receipts/RCPT-20260104-00235.png,back to school university bundle purchase
TX-RCPT-20260104-00236,RCPT-20260104-00236,2026-01-04T09:21:13,back_to_school_university,professional,mobile_app,bank_transfer,986.00,98.60,88.74,0.00,976.14,4,USD,receipts/RCPT-20260104-00236.png,back to school university bundle purchase
TX-RCPT-20260104-00237,RCPT-20260104-00237,2026-01-04T10:03:23,back_to_school_university,student,mobile_app,card,1398.00,139.80,125.82,0.00,1384.02,2,USD,receipts/RCPT-20260104-00237.png,back to school university bundle purchase
TX-RCPT-20260104-00238,RCPT-20260104-00238,2026-01-04T12:50:25,back_to_school_university,gamer,mobile_app,google_pay,2626.00,0.00,262.60,0.00,2888.60,4,USD,receipts/RCPT-20260104-00238.png,back to school university bundle purchase
TX-RCPT-20260104-00239,RCPT-20260104-00239,2026-01-04T17:03:09,back_to_school_university,student,web,google_pay,1866.00,93.30,177.27,0.00,1949.97,4,USD,receipts/RCPT-20260104-00239.png,back to school university bundle purchase
TX-RCPT-20260104-00240,RCPT-20260104-00240,2026-01-04T15:19:05,back_to_school_university,gamer,in_store_pickup,card,1922.15,57.66,186.45,0.00,2050.94,5,USD,receipts/RCPT-20260104-00240.png,back to school university bundle purchase
TX-RCPT-20260105-00241,RCPT-20260105-00241,2026-01-05T10:02:27,back_to_school_university,student,in_store_pickup,paypal,1919.00,57.57,186.14,0.00,2047.57,1,USD,receipts/RCPT-20260105-00241.png,back to school university bundle purchase
TX-RCPT-20260105-00242,RCPT-20260105-00242,2026-01-05T20:44:39,back_to_school_university,small_business,in_store_pickup,paypal,1716.95,0.00,171.70,0.00,1888.65,4,USD,receipts/RCPT-20260105-00242.png,back to school university bundle purchase
TX-RCPT-20260105-00243,RCPT-20260105-00243,2026-01-05T14:41:31,back_to_school_university,small_business,in_store_pickup,paypal,856.00,42.80,81.32,11.99,906.51,4,USD,receipts/RCPT-20260105-00243.png,back to school university bundle purchase
TX-RCPT-20260105-00244,RCPT-20260105-00244,2026-01-05T19:15:03,back_to_school_university,gamer,mobile_app,google_pay,118.00,11.80,10.62,11.99,128.81,2,USD,receipts/RCPT-20260105-00244.png,back to school university bundle purchase
TX-RCPT-20260105-00245,RCPT-20260105-00245,2026-01-05T19:28:49,back_to_school_university,family,mobile_app,paypal,973.15,29.19,94.40,0.00,1038.36,4,USD,receipts/RCPT-20260105-00245.png,back to school university bundle purchase
TX-RCPT-20260105-00246,RCPT-20260105-00246,2026-01-05T19:32:25,back_to_school_university,professional,in_store_pickup,bank_transfer,747.95,22.44,72.55,0.00,798.06,3,USD,receipts/RCPT-20260105-00246.png,back to school university bundle purchase
TX-RCPT-20260105-00247,RCPT-20260105-00247,2026-01-05T19:12:17,back_to_school_university,family,mobile_app,bank_transfer,158.00,0.00,15.80,11.99,185.79,2,USD,receipts/RCPT-20260105-00247.png,back to school university bundle purchase
TX-RCPT-20260106-00248,RCPT-20260106-00248,2026-01-06T17:28:11,back_to_school_university,gamer,in_store_pickup,bank_transfer,1347.00,134.70,121.23,0.00,1333.53,1,USD,receipts/RCPT-20260106-00248.png,back to school university bundle purchase
TX-RCPT-20260106-00249,RCPT-20260106-00249,2026-01-06T11:43:13,back_to_school_university,family,in_store_pickup,paypal,877.00,26.31,85.07,15.99,951.75,3,USD,receipts/RCPT-20260106-00249.png,back to school university bundle purchase
TX-RCPT-20260106-00250,RCPT-20260106-00250,2026-01-06T17:51:19,back_to_school_university,family,mobile_app,paypal,3426.00,171.30,325.47,0.00,3580.17,4,USD,receipts/RCPT-20260106-00250.png,back to school university bundle purchase
TX-RCPT-20260106-00251,RCPT-20260106-00251,2026-01-06T17:18:19,back_to_school_university,student,mobile_app,card,987.00,49.35,93.77,15.99,1047.41,3,USD,receipts/RCPT-20260106-00251.png,back to school university bundle purchase
TX-RCPT-20260106-00252,RCPT-20260106-00252,2026-01-06T18:20:43,back_to_school_university,professional,in_store_pickup,card,2341.00,234.10,210.69,0.00,2317.59,4,USD,receipts/RCPT-20260106-00252.png,back to school university bundle purchase
TX-RCPT-20260106-00253,RCPT-20260106-00253,2026-01-06T18:34:40,back_to_school_university,gamer,in_store_pickup,google_pay,4336.00,130.08,420.59,0.00,4626.51,4,USD,receipts/RCPT-20260106-00253.png,back to school university bundle purchase
TX-RCPT-20260106-00254,RCPT-20260106-00254,2026-01-06T18:57:21,back_to_school_university,student,web,google_pay,2046.95,61.41,198.55,0.00,2184.09,4,USD,receipts/RCPT-20260106-00254.png,back to school university bundle purchase
TX-RCPT-20260106-00255,RCPT-20260106-00255,2026-01-06T15:56:12,back_to_school_university,small_business,web,paypal,2656.00,0.00,265.60,0.00,2921.60,4,USD,receipts/RCPT-20260106-00255.png,back to school university bundle purchase
TX-RCPT-20260106-00256,RCPT-20260106-00256,2026-01-06T13:40:11,back_to_school_university,family,in_store_pickup,card,887.00,26.61,86.04,11.99,958.42,3,USD,receipts/RCPT-20260106-00256.png,back to school university bundle purchase
TX-RCPT-20260106-00257,RCPT-20260106-00257,2026-01-06T14:30:24,back_to_school_university,student,web,bank_transfer,977.00,97.70,87.93,11.99,979.22,3,USD,receipts/RCPT-20260106-00257.png,back to school university bundle purchase
TX-RCPT-20260106-00258,RCPT-20260106-00258,2026-01-06T18:00:40,back_to_school_university,professional,web,google_pay,2865.00,0.00,286.50,0.00,3151.50,3,USD,receipts/RCPT-20260106-00258.png,back to school university bundle purchase
TX-RCPT-20260106-00259,RCPT-20260106-00259,2026-01-06T17:33:21,back_to_school_university,gamer,in_store_pickup,apple_pay,296.00,14.80,28.12,15.99,325.31,4,USD,receipts/RCPT-20260106-00259.png,back to school university bundle purchase
TX-RCPT-20260106-00260,RCPT-20260106-00260,2026-01-06T08:14:14,back_to_school_university,professional,web,card,1919.00,191.90,172.71,0.00,1899.81,1,USD,receipts/RCPT-20260106-00260.png,back to school university bundle purchase
TX-RCPT-20260106-00261,RCPT-20260106-00261,2026-01-06T18:06:41,back_to_school_university,student,web,card,138.00,0.00,13.80,7.99,159.79,2,USD,receipts/RCPT-20260106-00261.png,back to school university bundle purchase
TX-RCPT-20260106-00262,RCPT-20260106-00262,2026-01-06T18:06:42,back_to_school_university,small_business,mobile_app,bank_transfer,798.00,0.00,79.80,0.00,877.80,2,USD,receipts/RCPT-20260106-00262.png,back to school university bundle purchase
TX-RCPT-20260106-00263,RCPT-20260106-00263,2026-01-06T11:22:45,back_to_school_university,gamer,mobile_app,apple_pay,797.00,23.91,77.31,15.99,866.39,3,USD,receipts/RCPT-20260106-00263.png,back to school university bundle purchase
TX-RCPT-20260107-00264,RCPT-20260107-00264,2026-01-07T10:05:49,back_to_school_university,small_business,web,card,3206.00,320.60,288.54,0.00,3173.94,4,USD,receipts/RCPT-20260107-00264.png,back to school university bundle purchase
TX-RCPT-20260107-00265,RCPT-20260107-00265,2026-01-07T14:47:07,back_to_school_university,student,web,card,1686.85,84.34,160.25,0.00,1762.76,6,USD,receipts/RCPT-20260107-00265.png,back to school university bundle purchase
TX-RCPT-20260107-00266,RCPT-20260107-00266,2026-01-07T12:53:24,back_to_school_university,gamer,mobile_app,apple_pay,1136.00,113.60,102.24,11.99,1136.63,4,USD,receipts/RCPT-20260107-00266.png,back to school university bundle purchase
TX-RCPT-20260107-00267,RCPT-20260107-00267,2026-01-07T14:49:22,back_to_school_university,small_business,web,apple_pay,138.00,13.80,12.42,0.00,136.62,2,USD,receipts/RCPT-20260107-00267.png,back to school university bundle purchase
TX-RCPT-20260107-00268,RCPT-20260107-00268,2026-01-07T18:55:21,back_to_school_university,small_business,in_store_pickup,bank_transfer,2096.00,62.88,203.31,0.00,2236.43,4,USD,receipts/RCPT-20260107-00268.png,back to school university bundle purchase
TX-RCPT-20260107-00269,RCPT-20260107-00269,2026-01-07T22:10:32,back_to_school_university,gamer,mobile_app,apple_pay,797.00,0.00,79.70,0.00,876.70,3,USD,receipts/RCPT-20260107-00269.png,back to school university bundle purchase
TX-RCPT-20260107-00270,RCPT-20260107-00270,2026-01-07T15:28:51,back_to_school_university,small_business,mobile_app,card,2085.00,0.00,208.50,0.00,2293.50,5,USD,receipts/RCPT-20260107-00270.png,back to school university bundle purchase
TX-RCPT-20260107-00271,RCPT-20260107-00271,2026-01-07T18:19:56,back_to_school_university,small_business,in_store_pickup,apple_pay,1033.15,0.00,103.32,15.99,1152.46,4,USD,receipts/RCPT-20260107-00271.png,back to school university bundle purchase
TX-RCPT-20260107-00272,RCPT-20260107-00272,2026-01-07T09:48:42,back_to_school_university,professional,web,google_pay,2283.15,0.00,228.32,0.00,2511.47,4,USD,receipts/RCPT-20260107-00272.png,back to school university bundle purchase
TX-RCPT-20260107-00273,RCPT-20260107-00273,2026-01-07T09:16:39,back_to_school_university,professional,web,card,1526.00,152.60,137.34,0.00,1510.74,4,USD,receipts/RCPT-20260107-00273.png,back to school university bundle purchase
TX-RCPT-20260107-00274,RCPT-20260107-00274,2026-01-07T15:42:37,back_to_school_university,small_business,web,paypal,1087.90,0.00,108.79,11.99,1208.68,4,USD,receipts/RCPT-20260107-00274.png,back to school university bundle purchase
TX-RCPT-20260107-00275,RCPT-20260107-00275,2026-01-07T19:52:08,back_to_school_university,student,mobile_app,bank_transfer,1346.95,40.41,130.65,0.00,1437.19,4,USD,receipts/RCPT-20260107-00275.png,back to school university bundle purchase
TX-RCPT-20260107-00276,RCPT-20260107-00276,2026-01-07T15:51:08,back_to_school_university,professional,mobile_app,bank_transfer,1755.00,87.75,166.73,0.00,1833.98,5,USD,receipts/RCPT-20260107-00276.png,back to school university bundle purchase
TX-RCPT-20260107-00277,RCPT-20260107-00277,2026-01-07T11:39:45,back_to_school_university,family,in_store_pickup,google_pay,2327.00,69.81,225.72,0.00,2482.91,3,USD,receipts/RCPT-20260107-00277.png,back to school university bundle purchase
TX-RCPT-20260108-00278,RCPT-20260108-00278,2026-01-08T18:47:57,back_to_school_university,small_business,mobile_app,paypal,4666.00,466.60,419.94,0.00,4619.34,4,USD,receipts/RCPT-20260108-00278.png,back to school university bundle purchase
TX-RCPT-20260108-00279,RCPT-20260108-00279,2026-01-08T12:48:50,back_to_school_university,professional,mobile_app,google_pay,2158.00,64.74,209.33,0.00,2302.59,2,USD,receipts/RCPT-20260108-00279.png,back to school university bundle purchase
TX-RCPT-20260108-00280,RCPT-20260108-00280,2026-01-08T19:41:35,back_to_school_university,gamer,web,bank_transfer,1506.00,45.18,146.08,0.00,1606.90,4,USD,receipts/RCPT-20260108-00280.png,back to school university bundle purchase
TX-RCPT-20260108-00281,RCPT-20260108-00281,2026-01-08T21:14:58,back_to_school_university,family,in_store_pickup,bank_transfer,2196.00,219.60,197.64,0.00,2174.04,4,USD,receipts/RCPT-20260108-00281.png,back to school university bundle purchase
TX-RCPT-20260108-00282,RCPT-20260108-00282,2026-01-08T19:32:07,back_to_school_university,gamer,web,paypal,2836.00,85.08,275.09,0.00,3026.01,3,USD,receipts/RCPT-20260108-00282.png,back to school university bundle purchase
TX-RCPT-20260108-00283,RCPT-20260108-00283,2026-01-08T10:59:20,back_to_school_university,small_business,web,bank_transfer,1736.00,0.00,173.60,0.00,1909.60,4,USD,receipts/RCPT-20260108-00283.png,back to school university bundle purchase
TX-RCPT-20260108-00284,RCPT-20260108-00284,2026-01-08T14:34:34,back_to_school_university,gamer,web,google_pay,1535.00,46.05,148.90,0.00,1637.85,5,USD,receipts/RCPT-20260108-00284.png,back to school university bundle purchase
TX-RCPT-20260108-00285,RCPT-20260108-00285,2026-01-08T09:42:22,back_to_school_university,gamer,web,bank_transfer,1295.00,0.00,129.50,0.00,1424.50,5,USD,receipts/RCPT-20260108-00285.png,back to school university bundle purchase
TX-RCPT-20260108-00286,RCPT-20260108-00286,2026-01-08T16:51:32,back_to_school_university,gamer,mobile_app,card,2776.00,138.80,263.72,0.00,2900.92,4,USD,receipts/RCPT-20260108-00286.png,back to school university bundle purchase
TX-RCPT-20260108-00287,RCPT-20260108-00287,2026-01-08T18:04:13,back_to_school_university,professional,in_store_pickup,paypal,2473.00,0.00,247.30,0.00,2720.30,2,USD,receipts/RCPT-20260108-00287.png,back to school university bundle purchase
TX-RCPT-20260108-00288,RCPT-20260108-00288,2026-01-08T20:16:35,back_to_school_university,student,in_store_pickup,apple_pay,546.90,0.00,54.69,0.00,601.59,5,USD,receipts/RCPT-20260108-00288.png,back to school university bundle purchase
TX-RCPT-20260108-00289,RCPT-20260108-00289,2026-01-08T08:44:54,back_to_school_university,student,mobile_app,bank_transfer,1047.00,0.00,104.70,15.99,1167.69,3,USD,receipts/RCPT-20260108-00289.png,back to school university bundle purchase
TX-RCPT-20260108-00290,RCPT-20260108-00290,2026-01-08T14:50:51,back_to_school_university,small_business,mobile_app,apple_pay,764.15,22.92,74.12,0.00,815.35,3,USD,receipts/RCPT-20260108-00290.png,back to school university bundle purchase
TX-RCPT-20260108-00291,RCPT-20260108-00291,2026-01-08T17:25:34,back_to_school_university,small_business,web,google_pay,1146.00,0.00,114.60,0.00,1260.60,4,USD,receipts/RCPT-20260108-00291.png,back to school university bundle purchase
TX-RCPT-20260108-00292,RCPT-20260108-00292,2026-01-08T11:39:53,back_to_school_university,family,web,card,3022.00,90.66,293.13,0.00,3224.47,3,USD,receipts/RCPT-20260108-00292.png,back to school university bundle purchase
TX-RCPT-20260108-00293,RCPT-20260108-00293,2026-01-08T11:46:37,back_to_school_university,gamer,mobile_app,google_pay,2046.00,0.00,204.60,0.00,2250.60,4,USD,receipts/RCPT-20260108-00293.png,back to school university bundle purchase
TX-RCPT-20260109-00294,RCPT-20260109-00294,2026-01-09T15:28:21,back_to_school_university,small_business,in_store_pickup,google_pay,1358.00,67.90,129.01,0.00,1419.11,2,USD,receipts/RCPT-20260109-00294.png,back to school university bundle purchase
TX-RCPT-20260109-00295,RCPT-20260109-00295,2026-01-09T10:43:46,back_to_school_university,family,mobile_app,paypal,1676.90,83.85,159.31,0.00,1752.36,5,USD,receipts/RCPT-20260109-00295.png,back to school university bundle purchase
TX-RCPT-20260109-00296,RCPT-20260109-00296,2026-01-09T12:46:56,back_to_school_university,student,in_store_pickup,card,1148.00,34.44,111.36,7.99,1232.91,2,USD,receipts/RCPT-20260109-00296.png,back to school university bundle purchase
TX-RCPT-20260109-00297,RCPT-20260109-00297,2026-01-09T18:49:09,back_to_school_university,family,mobile_app,apple_pay,1924.00,192.40,173.16,0.00,1904.76,6,USD,receipts/RCPT-20260109-00297.png,back to school university bundle purchase
TX-RCPT-20260109-00298,RCPT-20260109-00298,2026-01-09T18:10:48,back_to_school_university,small_business,web,paypal,138.00,4.14,13.39,15.99,163.24,2,USD,receipts/RCPT-20260109-00298.png,back to school university bundle purchase
TX-RCPT-20260109-00299,RCPT-20260109-00299,2026-01-09T11:48:31,back_to_school_university,professional,web,google_pay,118.00,11.80,10.62,7.99,124.81,2,USD,receipts/RCPT-20260109-00299.png,back to school university bundle purchase
TX-RCPT-20260109-00300,RCPT-20260109-00300,2026-01-09T09:45:33,back_to_school_university,family,in_store_pickup,google_pay,796.00,0.00,79.60,11.99,887.59,4,USD,receipts/RCPT-20260109-00300.png,back to school university bundle purchase
TX-RCPT-20260109-00301,RCPT-20260109-00301,2026-01-09T21:55:22,back_to_school_university,gamer,mobile_app,bank_transfer,726.00,21.78,70.42,11.99,786.63,4,USD,receipts/RCPT-20260109-00301.png,back to school university bundle purchase
TX-RCPT-20260109-00302,RCPT-20260109-00302,2026-01-09T11:09:11,back_to_school_university,professional,mobile_app,bank_transfer,1503.00,75.15,142.78,0.00,1570.63,2,USD,receipts/RCPT-20260109-00302.png,back to school university bundle purchase
TX-RCPT-20260109-00303,RCPT-20260109-00303,2026-01-09T08:08:36,back_to_school_university,small_business,web,apple_pay,986.95,98.70,88.83,0.00,977.08,4,USD,receipts/RCPT-20260109-00303.png,back to school university bundle purchase
TX-RCPT-20260109-00304,RCPT-20260109-00304,2026-01-09T16:25:38,back_to_school_university,small_business,in_store_pickup,card,3418.00,102.54,331.55,0.00,3647.01,2,USD,receipts/RCPT-20260109-00304.png,back to school university bundle purchase
TX-RCPT-20260109-00305,RCPT-20260109-00305,2026-01-09T17:42:32,back_to_school_university,family,web,google_pay,4013.00,120.39,389.26,0.00,4281.87,7,USD,receipts/RCPT-20260109-00305.png,back to school university bundle purchase
TX-RCPT-20260109-00306,RCPT-20260109-00306,2026-01-09T21:09:38,back_to_school_university,student,web,paypal,1698.00,169.80,152.82,0.00,1681.02,2,USD,receipts/RCPT-20260109-00306.png,back to school university bundle purchase
TX-RCPT-20260109-00307,RCPT-20260109-00307,2026-01-09T22:38:34,back_to_school_university,student,in_store_pickup,paypal,2598.00,77.94,252.01,0.00,2772.07,2,USD,receipts/RCPT-20260109-00307.png,back to school university bundle purchase
TX-RCPT-20260109-00308,RCPT-20260109-00308,2026-01-09T22:54:05,back_to_school_university,family,in_store_pickup,bank_transfer,686.00,34.30,65.17,7.99,724.86,4,USD,receipts/RCPT-20260109-00308.png,back to school university bundle purchase
TX-RCPT-20260109-00309,RCPT-20260109-00309,2026-01-09T20:20:26,back_to_school_university,family,web,apple_pay,968.00,96.80,87.12,15.99,974.31,2,USD,receipts/RCPT-20260109-00309.png,back to school university bundle purchase
TX-RCPT-20260110-00310,RCPT-20260110-00310,2026-01-10T14:35:50,back_to_school_university,small_business,mobile_app,apple_pay,1527.00,45.81,148.12,0.00,1629.31,3,USD,receipts/RCPT-20260110-00310.png,back to school university bundle purchase
TX-RCPT-20260110-00311,RCPT-20260110-00311,2026-01-10T15:50:44,back_to_school_university,professional,web,apple_pay,2096.95,62.91,203.40,0.00,2237.44,4,USD,receipts/RCPT-20260110-00311.png,back to school university bundle purchase
TX-RCPT-20260110-00312,RCPT-20260110-00312,2026-01-10T22:38:27,back_to_school_university,student,web,google_pay,2847.00,284.70,256.23,0.00,2818.53,3,USD,receipts/RCPT-20260110-00312.png,back to school university bundle purchase
TX-RCPT-20260110-00313,RCPT-20260110-00313,2026-01-10T18:31:28,back_to_school_university,student,web,bank_transfer,826.00,0.00,82.60,7.99,916.59,4,USD,receipts/RCPT-20260110-00313.png,back to school university bundle purchase
TX-RCPT-20260110-00314,RCPT-20260110-00314,2026-01-10T12:49:25,back_to_school_university,family,in_store_pickup,paypal,1785.95,0.00,178.60,0.00,1964.55,5,USD,receipts/RCPT-20260110-00314.png,back to school university bundle purchase
TX-RCPT-20260110-00315,RCPT-20260110-00315,2026-01-10T13:52:17,back_to_school_university,professional,in_store_pickup,apple_pay,1687.00,84.35,160.27,0.00,1762.92,3,USD,receipts/RCPT-20260110-00315.png,back to school university bundle purchase
TX-RCPT-20260110-00316,RCPT-20260110-00316,2026-01-10T20:32:16,back_to_school_university,small_business,in_store_pickup,google_pay,2544.10,0.00,254.41,0.00,2798.51,4,USD,receipts/RCPT-20260110-00316.png,back to school university bundle purchase
TX-RCPT-20260110-00317,RCPT-20260110-00317,2026-01-10T21:01:30,back_to_school_university,student,mobile_app,card,598.00,59.80,53.82,15.99,608.01,2,USD,receipts/RCPT-20260110-00317.png,back to school university bundle purchase
TX-RCPT-20260110-00318,RCPT-20260110-00318,2026-01-10T19:53:16,back_to_school_university,professional,mobile_app,card,1575.00,0.00,157.50,0.00,1732.50,5,USD,receipts/RCPT-20260110-00318.png,back to school university bundle purchase
TX-RCPT-20260110-00319,RCPT-20260110-00319,2026-01-10T15:47:12,back_to_school_university,professional,in_store_pickup,apple_pay,1526.95,45.81,148.11,0.00,1629.25,4,USD,receipts/RCPT-20260110-00319.png,back to school university bundle purchase
TX-RCPT-20260110-00320,RCPT-20260110-00320,2026-01-10T08:54:30,back_to_school_university,family,in_store_pickup,google_pay,1066.00,106.60,95.94,15.99,1071.33,4,USD,receipts/RCPT-20260110-00320.png,back to school university bundle purchase
TX-RCPT-20260110-00321,RCPT-20260110-00321,2026-01-10T15:34:02,back_to_school_university,small_business,mobile_app,paypal,1436.00,143.60,129.24,0.00,1421.64,4,USD,receipts/RCPT-20260110-00321.png,back to school university bundle purchase
TX-RCPT-20260110-00322,RCPT-20260110-00322,2026-01-10T13:23:39,back_to_school_university,family,web,bank_transfer,768.00,23.04,74.50,7.99,827.45,2,USD,receipts/RCPT-20260110-00322.png,back to school university bundle purchase
TX-RCPT-20260110-00323,RCPT-20260110-00323,2026-01-10T12:28:11,back_to_school_university,small_business,web,bank_transfer,847.00,42.35,80.47,11.99,897.11,3,USD,receipts/RCPT-20260110-00323.png,back to school university bundle purchase
TX-RCPT-20260110-00324,RCPT-20260110-00324,2026-01-10T15:51:00,back_to_school_university,professional,mobile_app,paypal,2457.00,73.71,238.33,0.00,2621.62,3,USD,receipts/RCPT-20260110-00324.png,back to school university bundle purchase
TX-RCPT-20260110-00325,RCPT-20260110-00325,2026-01-10T19:10:03,back_to_school_university,professional,mobile_app,paypal,2026.00,0.00,202.60,0.00,2228.60,4,USD,receipts/RCPT-20260110-00325.png,back to school university bundle purchase
TX-RCPT-20260111-00326,RCPT-20260111-00326,2026-01-11T17:36:41,back_to_school_university,small_business,web,google_pay,2171.00,65.13,210.59,0.00,2316.46,4,USD,receipts/RCPT-20260111-00326.png,back to school university bundle purchase
TX-RCPT-20260111-00327,RCPT-20260111-00327,2026-01-11T17:25:54,back_to_school_university,student,web,apple_pay,1046.00,52.30,99.37,15.99,1109.06,4,USD,receipts/RCPT-20260111-00327.png,back to school university bundle purchase
TX-RCPT-20260111-00328,RCPT-20260111-00328,2026-01-11T19:37:33,back_to_school_university,gamer,mobile_app,apple_pay,728.00,72.80,65.52,11.99,732.71,2,USD,receipts/RCPT-20260111-00328.png,back to school university bundle purchase
TX-RCPT-20260111-00329,RCPT-20260111-00329,2026-01-11T09:06:04,back_to_school_university,gamer,in_store_pickup,card,1997.00,199.70,179.73,0.00,1977.03,3,USD,receipts/RCPT-20260111-00329.png,back to school university bundle purchase
TX-RCPT-20260111-00330,RCPT-20260111-00330,2026-01-11T09:41:59,back_to_school_university,gamer,mobile_app,apple_pay,2473.00,74.19,239.88,0.00,2638.69,2,USD,receipts/RCPT-20260111-00330.png,back to school university bundle purchase
TX-RCPT-20260111-00331,RCPT-20260111-00331,2026-01-11T08:02:42,back_to_school_university,family,mobile_app,paypal,2698.00,80.94,261.71,0.00,2878.77,2,USD,receipts/RCPT-20260111-00331.png,back to school university bundle purchase
TX-RCPT-20260111-00332,RCPT-20260111-00332,2026-01-11T16:40:40,back_to_school_university,small_business,mobile_app,google_pay,2766.95,276.69,249.03,0.00,2739.29,4,USD,receipts/RCPT-20260111-00332.png,back to school university bundle purchase
TX-RCPT-20260111-00333,RCPT-20260111-00333,2026-01-11T13:18:30,back_to_school_university,small_business,web,paypal,1396.00,41.88,135.41,0.00,1489.53,4,USD,receipts/RCPT-20260111-00333.png,back to school university bundle purchase
TX-RCPT-20260111-00334,RCPT-20260111-00334,2026-01-11T14:25:15,back_to_school_university,professional,in_store_pickup,paypal,1158.00,34.74,112.33,15.99,1251.58,2,USD,receipts/RCPT-20260111-00334.png,back to school university bundle purchase
TX-RCPT-20260111-00335,RCPT-20260111-00335,2026-01-11T09:11:08,back_to_school_university,family,web,paypal,947.00,94.70,85.23,0.00,937.53,3,USD,receipts/RCPT-20260111-00335.png,back to school university bundle purchase
TX-RCPT-20260111-00336,RCPT-20260111-00336,2026-01-11T09:18:17,back_to_school_university,professional,in_store_pickup,paypal,998.00,0.00,99.80,0.00,1097.80,2,USD,receipts/RCPT-20260111-00336.png,back to school university bundle purchase
TX-RCPT-20260111-00337,RCPT-20260111-00337,2026-01-11T19:50:02,back_to_school_university,family,web,apple_pay,1553.15,155.32,139.78,0.00,1537.61,4,USD,receipts/RCPT-20260111-00337.png,back to school university bundle purchase
TX-RCPT-20260111-00338,RCPT-20260111-00338,2026-01-11T09:49:45,back_to_school_university,professional,mobile_app,paypal,1058.00,52.90,100.51,7.99,1113.60,2,USD,receipts/RCPT-20260111-00338.png,back to school university bundle purchase
TX-RCPT-20260112-00339,RCPT-20260112-00339,2026-01-12T18:46:02,back_to_school_university,small_business,in_store_pickup,card,1676.00,50.28,162.57,0.00,1788.29,4,USD,receipts/RCPT-20260112-00339.png,back to school university bundle purchase
TX-RCPT-20260112-00340,RCPT-20260112-00340,2026-01-12T13:00:10,back_to_school_university,family,in_store_pickup,card,1522.00,152.20,136.98,0.00,1506.78,3,USD,receipts/RCPT-20260112-00340.png,back to school university bundle purchase
TX-RCPT-20260112-00341,RCPT-20260112-00341,2026-01-12T15:05:43,back_to_school_university,small_business,mobile_app,card,1983.15,59.49,192.37,0.00,2116.03,4,USD,receipts/RCPT-20260112-00341.png,back to school university bundle purchase
TX-RCPT-20260112-00342,RCPT-20260112-00342,2026-01-12T20:22:51,back_to_school_university,gamer,in_store_pickup,apple_pay,868.00,43.40,82.46,15.99,923.05,2,USD,receipts/RCPT-20260112-00342.png,back to school university bundle purchase
TX-RCPT-20260112-00343,RCPT-20260112-00343,2026-01-12T16:18:34,back_to_school_university,gamer,web,bank_transfer,1898.00,189.80,170.82,0.00,1879.02,2,USD,receipts/RCPT-20260112-00343.png,back to school university bundle purchase
TX-RCPT-20260112-00344,RCPT-20260112-00344,2026-01-12T13:29:00,back_to_school_university,small_business,mobile_app,apple_pay,1085.00,54.25,103.08,15.99,1149.82,5,USD,receipts/RCPT-20260112-00344.png,back to school university bundle purchase
TX-RCPT-20260113-00345,RCPT-20260113-00345,2026-01-13T16:43:31,back_to_school_university,small_business,web,bank_transfer,2757.00,82.71,267.43,0.00,2941.72,3,USD,receipts/RCPT-20260113-00345.png,back to school university bundle purchase
TX-RCPT-20260113-00346,RCPT-20260113-00346,2026-01-13T15:12:06,back_to_school_university,student,in_store_pickup,paypal,787.00,0.00,78.70,0.00,865.70,3,USD,receipts/RCPT-20260113-00346.png,back to school university bundle purchase
TX-RCPT-20260113-00347,RCPT-20260113-00347,2026-01-13T08:59:58,back_to_school_university,professional,in_store_pickup,paypal,2398.00,0.00,239.80,0.00,2637.80,2,USD,receipts/RCPT-20260113-00347.png,back to school university bundle purchase
TX-RCPT-20260113-00348,RCPT-20260113-00348,2026-01-13T09:13:33,back_to_school_university,student,web,apple_pay,857.85,0.00,85.79,11.99,955.63,5,USD,receipts/RCPT-20260113-00348.png,back to school university bundle purchase
TX-RCPT-20260113-00349,RCPT-20260113-00349,2026-01-13T13:43:29,back_to_school_university,gamer,web,apple_pay,957.00,0.00,95.70,15.99,1068.69,3,USD,receipts/RCPT-20260113-00349.png,back to school university bundle purchase
TX-RCPT-20260113-00350,RCPT-20260113-00350,2026-01-13T21:23:26,back_to_school_university,gamer,in_store_pickup,google_pay,1604.00,80.20,152.38,0.00,1676.18,6,USD,receipts/RCPT-20260113-00350.png,back to school university bundle purchase
TX-RCPT-20260113-00351,RCPT-20260113-00351,2026-01-13T12:38:01,back_to_school_university,small_business,web,google_pay,1346.00,0.00,134.60,0.00,1480.60,4,USD,receipts/RCPT-20260113-00351.png,back to school university bundle purchase
TX-RCPT-20260113-00352,RCPT-20260113-00352,2026-01-13T15:22:09,back_to_school_university,professional,mobile_app,google_pay,706.00,21.18,68.48,0.00,753.30,4,USD,receipts/RCPT-20260113-00352.png,back to school university bundle purchase
TX-RCPT-20260113-00353,RCPT-20260113-00353,2026-01-13T10:31:52,back_to_school_university,small_business,web,bank_transfer,1067.95,0.00,106.80,11.99,1186.74,3,USD,receipts/RCPT-20260113-00353.png,back to school university bundle purchase
TX-RCPT-20260113-00354,RCPT-20260113-00354,2026-01-13T13:56:52,back_to_school_university,gamer,mobile_app,card,59.00,0.00,5.90,11.99,76.89,1,USD,receipts/RCPT-20260113-00354.png,back to school university bundle purchase
TX-RCPT-20260113-00355,RCPT-20260113-00355,2026-01-13T13:32:44,back_to_school_university,professional,web,card,1456.95,43.71,141.32,0.00,1554.56,4,USD,receipts/RCPT-20260113-00355.png,back to school university bundle purchase
TX-RCPT-20260113-00356,RCPT-20260113-00356,2026-01-13T12:50:25,back_to_school_university,professional,web,google_pay,4698.00,469.80,422.82,0.00,4651.02,2,USD,receipts/RCPT-20260113-00356.png,back to school university bundle purchase
TX-RCPT-20260113-00357,RCPT-20260113-00357,2026-01-13T20:08:30,back_to_school_university,small_business,web,paypal,1148.00,114.80,103.32,7.99,1144.51,2,USD,receipts/RCPT-20260113-00357.png,back to school university bundle purchase
TX-RCPT-20260113-00358,RCPT-20260113-00358,2026-01-13T09:42:26,back_to_school_university,gamer,mobile_app,google_pay,1453.00,0.00,145.30,0.00,1598.30,7,USD,receipts/RCPT-20260113-00358.png,back to school university bundle purchase
TX-RCPT-20260113-00359,RCPT-20260113-00359,2026-01-13T17:09:28,back_to_school_university,student,web,apple_pay,1427.00,142.70,128.43,0.00,1412.73,3,USD,receipts/RCPT-20260113-00359.png,back to school university bundle purchase
TX-RCPT-20260114-00360,RCPT-20260114-00360,2026-01-14T08:21:44,back_to_school_university,student,mobile_app,paypal,2065.00,103.25,196.18,0.00,2157.93,5,USD,receipts/RCPT-20260114-00360.png,back to school university bundle purchase
TX-RCPT-20260114-00361,RCPT-20260114-00361,2026-01-14T19:09:44,back_to_school_university,student,mobile_app,bank_transfer,59.00,2.95,5.61,15.99,77.65,1,USD,receipts/RCPT-20260114-00361.png,back to school university bundle purchase
TX-RCPT-20260114-00362,RCPT-20260114-00362,2026-01-14T18:17:42,back_to_school_university,family,web,card,678.00,0.00,67.80,0.00,745.80,2,USD,receipts/RCPT-20260114-00362.png,back to school university bundle purchase
TX-RCPT-20260114-00363,RCPT-20260114-00363,2026-01-14T21:38:34,back_to_school_university,student,web,apple_pay,3534.00,353.40,318.06,0.00,3498.66,6,USD,receipts/RCPT-20260114-00363.png,back to school university bundle purchase
TX-RCPT-20260114-00364,RCPT-20260114-00364,2026-01-14T13:40:19,back_to_school_university,professional,in_store_pickup,google_pay,1376.95,68.85,130.81,0.00,1438.91,4,USD,receipts/RCPT-20260114-00364.png,back to school university bundle purchase
TX-RCPT-20260114-00365,RCPT-20260114-00365,2026-01-14T11:09:21,back_to_school_university,gamer,in_store_pickup,apple_pay,1956.00,97.80,185.82,0.00,2044.02,4,USD,receipts/RCPT-20260114-00365.png,back to school university bundle purchase
TX-RCPT-20260114-00366,RCPT-20260114-00366,2026-01-14T15:34:08,back_to_school_university,professional,in_store_pickup,apple_pay,726.00,36.30,68.97,11.99,770.66,4,USD,receipts/RCPT-20260114-00366.png,back to school university bundle purchase
TX-RCPT-20260114-00367,RCPT-20260114-00367,2026-01-14T18:59:36,back_to_school_university,professional,mobile_app,card,2897.00,86.91,281.01,0.00,3091.10,3,USD,receipts/RCPT-20260114-00367.png,back to school university bundle purchase
TX-RCPT-20260115-00368,RCPT-20260115-00368,2026-01-15T22:47:17,back_to_school_university,professional,web,card,1047.00,52.35,99.47,15.99,1110.11,3,USD,receipts/RCPT-20260115-00368.png,back to school university bundle purchase
TX-RCPT-20260115-00369,RCPT-20260115-00369,2026-01-15T09:44:49,back_to_school_university,gamer,web,bank_transfer,868.00,26.04,84.20,11.99,938.15,2,USD,receipts/RCPT-20260115-00369.png,back to school university bundle purchase
TX-RCPT-20260115-00370,RCPT-20260115-00370,2026-01-15T10:12:14,back_to_school_university,student,mobile_app,card,1516.00,45.48,147.05,0.00,1617.57,2,USD,receipts/RCPT-20260115-00370.png,back to school university bundle purchase
TX-RCPT-20260115-00371,RCPT-20260115-00371,2026-01-15T10:59:28,back_to_school_university,small_business,mobile_app,google_pay,3099.00,0.00,309.90,0.00,3408.90,1,USD,receipts/RCPT-20260115-00371.png,back to school university bundle purchase
TX-RCPT-20260115-00372,RCPT-20260115-00372,2026-01-15T16:06:28,back_to_school_university,gamer,web,apple_pay,2156.95,0.00,215.69,0.00,2372.64,4,USD,receipts/RCPT-20260115-00372.png,back to school university bundle purchase
TX-RCPT-20260115-00373,RCPT-20260115-00373,2026-01-15T15:10:27,back_to_school_university,family,in_store_pickup,card,3906.00,195.30,371.07,0.00,4081.77,4,USD,receipts/RCPT-20260115-00373.png,back to school university bundle purchase
TX-RCPT-20260115-00374,RCPT-20260115-00374,2026-01-15T15:01:11,back_to_school_university,gamer,in_store_pickup,apple_pay,838.90,25.17,81.37,11.99,907.09,3,USD,receipts/RCPT-20260115-00374.png,back to school university bundle purchase
TX-RCPT-20260115-00375,RCPT-20260115-00375,2026-01-15T19:28:40,back_to_school_university,family,web,bank_transfer,118.00,0.00,11.80,0.00,129.80,2,USD,receipts/RCPT-20260115-00375.png,back to school university bundle purchase
TX-RCPT-20260116-00376,RCPT-20260116-00376,2026-01-16T21:09:11,back_to_school_university,student,mobile_app,google_pay,1606.00,48.18,155.78,0.00,1713.60,4,USD,receipts/RCPT-20260116-00376.png,back to school university bundle purchase
TX-RCPT-20260116-00377,RCPT-20260116-00377,2026-01-16T17:48:16,back_to_school_university,student,mobile_app,paypal,2802.00,0.00,280.20,0.00,3082.20,3,USD,receipts/RCPT-20260116-00377.png,back to school university bundle purchase
TX-RCPT-20260116-00378,RCPT-20260116-00378,2026-01-16T11:56:35,back_to_school_university,family,in_store_pickup,bank_transfer,2396.00,0.00,239.60,0.00,2635.60,4,USD,receipts/RCPT-20260116-00378.png,back to school university bundle purchase
TX-RCPT-20260116-00379,RCPT-20260116-00379,2026-01-16T12:21:58,back_to_school_university,student,web,card,59.00,0.00,5.90,15.99,80.89,1,USD,receipts/RCPT-20260116-00379.png,back to school university bundle purchase
TX-RCPT-20260116-00380,RCPT-20260116-00380,2026-01-16T22:02:05,back_to_school_university,family,mobile_app,google_pay,3714.00,185.70,352.83,0.00,3881.13,4,USD,receipts/RCPT-20260116-00380.png,back to school university bundle purchase
TX-RCPT-20260116-00381,RCPT-20260116-00381,2026-01-16T13:33:26,back_to_school_university,small_business,web,apple_pay,2398.00,119.90,227.81,0.00,2505.91,2,USD,receipts/RCPT-20260116-00381.png,back to school university bundle purchase
TX-RCPT-20260116-00382,RCPT-20260116-00382,2026-01-16T12:33:36,back_to_school_university,small_business,mobile_app,apple_pay,138.00,6.90,13.11,11.99,156.20,2,USD,receipts/RCPT-20260116-00382.png,back to school university bundle purchase
TX-RCPT-20260116-00383,RCPT-20260116-00383,2026-01-16T09:01:29,back_to_school_university,student,in_store_pickup,apple_pay,1546.00,0.00,154.60,0.00,1700.60,4,USD,receipts/RCPT-20260116-00383.png,back to school university bundle purchase
TX-RCPT-20260116-00384,RCPT-20260116-00384,2026-01-16T20:04:19,back_to_school_university,family,in_store_pickup,bank_transfer,1048.00,31.44,101.66,11.99,1130.21,2,USD,receipts/RCPT-20260116-00384.png,back to school university bundle purchase
TX-RCPT-20260116-00385,RCPT-20260116-00385,2026-01-16T21:21:59,back_to_school_university,gamer,mobile_app,card,2456.00,122.80,233.32,0.00,2566.52,4,USD,receipts/RCPT-20260116-00385.png,back to school university bundle purchase
TX-RCPT-20260116-00386,RCPT-20260116-00386,2026-01-16T17:46:43,back_to_school_university,family,in_store_pickup,bank_transfer,1965.00,98.25,186.68,0.00,2053.43,5,USD,receipts/RCPT-20260116-00386.png,back to school university bundle purchase
TX-RCPT-20260116-00387,RCPT-20260116-00387,2026-01-16T14:40:34,back_to_school_university,professional,in_store_pickup,bank_transfer,1048.00,0.00,104.80,0.00,1152.80,2,USD,receipts/RCPT-20260116-00387.png,back to school university bundle purchase
TX-RCPT-20260116-00388,RCPT-20260116-00388,2026-01-16T15:53:19,back_to_school_university,professional,in_store_pickup,google_pay,787.00,78.70,70.83,11.99,791.12,3,USD,receipts/RCPT-20260116-00388.png,back to school university bundle purchase
TX-RCPT-20260116-00389,RCPT-20260116-00389,2026-01-16T10:12:21,back_to_school_university,gamer,in_store_pickup,bank_transfer,237.00,0.00,23.70,15.99,276.69,3,USD,receipts/RCPT-20260116-00389.png,back to school university bundle purchase
TX-RCPT-20260117-00390,RCPT-20260117-00390,2026-01-17T21:33:07,back_to_school_university,student,mobile_app,card,138.00,0.00,13.80,15.99,167.79,2,USD,receipts/RCPT-20260117-00390.png,back to school university bundle purchase
TX-RCPT-20260117-00391,RCPT-20260117-00391,2026-01-17T11:18:17,back_to_school_university,small_business,mobile_app,paypal,897.00,26.91,87.01,0.00,957.10,3,USD,receipts/RCPT-20260117-00391.png,back to school university bundle purchase
TX-RCPT-20260117-00392,RCPT-20260117-00392,2026-01-17T13:17:09,back_to_school_university,family,in_store_pickup,apple_pay,798.00,23.94,77.41,15.99,867.46,2,USD,receipts/RCPT-20260117-00392.png,back to school university bundle purchase
TX-RCPT-20260117-00393,RCPT-20260117-00393,2026-01-17T15:57:43,back_to_school_university,student,web,paypal,59.00,0.00,5.90,0.00,64.90,1,USD,receipts/RCPT-20260117-00393.png,back to school university bundle purchase
TX-RCPT-20260117-00394,RCPT-20260117-00394,2026-01-17T13:52:12,back_to_school_university,small_business,web,paypal,118.00,11.80,10.62,11.99,128.81,2,USD,receipts/RCPT-20260117-00394.png,back to school university bundle purchase
TX-RCPT-20260117-00395,RCPT-20260117-00395,2026-01-17T10:55:57,back_to_school_university,small_business,mobile_app,google_pay,128.95,12.89,11.61,7.99,135.66,2,USD,receipts/RCPT-20260117-00395.png,back to school university bundle purchase
TX-RCPT-20260117-00396,RCPT-20260117-00396,2026-01-17T20:22:38,back_to_school_university,small_business,web,bank_transfer,746.00,74.60,67.14,11.99,750.53,4,USD,receipts/RCPT-20260117-00396.png,back to school university bundle purchase
TX-RCPT-20260117-00397,RCPT-20260117-00397,2026-01-17T14:04:21,back_to_school_university,professional,in_store_pickup,bank_transfer,846.80,25.40,82.14,11.99,915.53,7,USD,receipts/RCPT-20260117-00397.png,back to school university bundle purchase
TX-RCPT-20260117-00398,RCPT-20260117-00398,2026-01-17T19:59:45,back_to_school_university,small_business,mobile_app,card,2956.00,0.00,295.60,0.00,3251.60,3,USD,receipts/RCPT-20260117-00398.png,back to school university bundle purchase
TX-RCPT-20260117-00399,RCPT-20260117-00399,2026-01-17T21:08:56,back_to_school_university,small_business,in_store_pickup,card,806.00,0.00,80.60,0.00,886.60,4,USD,receipts/RCPT-20260117-00399.png,back to school university bundle purchase
TX-RCPT-20260117-00400,RCPT-20260117-00400,2026-01-17T22:59:27,back_to_school_university,family,web,bank_transfer,1206.00,60.30,114.57,0.00,1260.27,4,USD,receipts/RCPT-20260117-00400.png,back to school university bundle purchase
TX-RCPT-20260118-00401,RCPT-20260118-00401,2026-01-18T09:55:18,back_to_school_university,student,web,paypal,3425.00,171.25,325.38,0.00,3579.13,5,USD,receipts/RCPT-20260118-00401.png,back to school university bundle purchase
TX-RCPT-20260118-00402,RCPT-20260118-00402,2026-01-18T12:55:42,back_to_school_university,professional,web,card,956.95,47.85,90.91,7.99,1008.00,4,USD,receipts/RCPT-20260118-00402.png,back to school university bundle purchase
TX-RCPT-20260118-00403,RCPT-20260118-00403,2026-01-18T21:29:57,back_to_school_university,small_business,mobile_app,bank_transfer,1728.00,172.80,155.52,0.00,1710.72,2,USD,receipts/RCPT-20260118-00403.png,back to school university bundle purchase
TX-RCPT-20260118-00404,RCPT-20260118-00404,2026-01-18T19:32:17,back_to_school_university,gamer,in_store_pickup,bank_transfer,1327.00,39.81,128.72,0.00,1415.91,3,USD,receipts/RCPT-20260118-00404.png,back to school university bundle purchase
TX-RCPT-20260118-00405,RCPT-20260118-00405,2026-01-18T15:44:05,back_to_school_university,professional,in_store_pickup,bank_transfer,179.00,8.95,17.01,0.00,187.06,1,USD,receipts/RCPT-20260118-00405.png,back to school university bundle purchase
TX-RCPT-20260118-00406,RCPT-20260118-00406,2026-01-18T16:49:00,back_to_school_university,gamer,mobile_app,bank_transfer,707.00,35.35,67.17,11.99,750.81,3,USD,receipts/RCPT-20260118-00406.png,back to school university bundle purchase
TX-RCPT-20260118-00407,RCPT-20260118-00407,2026-01-18T19:50:36,back_to_school_university,family,web,paypal,1996.00,99.80,189.62,0.00,2085.82,4,USD,receipts/RCPT-20260118-00407.png,back to school university bundle purchase
TX-RCPT-20260118-00408,RCPT-20260118-00408,2026-01-18T12:31:05,back_to_school_university,professional,in_store_pickup,card,1599.00,0.00,159.90,0.00,1758.90,1,USD,receipts/RCPT-20260118-00408.png,back to school university bundle purchase
TX-RCPT-20260118-00409,RCPT-20260118-00409,2026-01-18T10:42:28,back_to_school_university,family,web,google_pay,1128.00,33.84,109.42,15.99,1219.57,2,USD,receipts/RCPT-20260118-00409.png,back to school university bundle purchase
TX-RCPT-20260118-00410,RCPT-20260118-00410,2026-01-18T21:31:48,back_to_school_university,gamer,mobile_app,apple_pay,2367.00,71.01,229.60,0.00,2525.59,3,USD,receipts/RCPT-20260118-00410.png,back to school university bundle purchase
TX-RCPT-20260118-00411,RCPT-20260118-00411,2026-01-18T14:30:19,back_to_school_university,gamer,in_store_pickup,bank_transfer,2161.00,216.10,194.49,0.00,2139.39,4,USD,receipts/RCPT-20260118-00411.png,back to school university bundle purchase
TX-RCPT-20260118-00412,RCPT-20260118-00412,2026-01-18T16:43:02,back_to_school_university,student,in_store_pickup,google_pay,1177.00,117.70,105.93,11.99,1177.22,3,USD,receipts/RCPT-20260118-00412.png,back to school university bundle purchase
TX-RCPT-20260118-00413,RCPT-20260118-00413,2026-01-18T12:41:37,back_to_school_university,gamer,mobile_app,apple_pay,1878.00,0.00,187.80,0.00,2065.80,2,USD,receipts/RCPT-20260118-00413.png,back to school university bundle purchase
TX-RCPT-20260118-00414,RCPT-20260118-00414,2026-01-18T08:26:06,back_to_school_university,small_business,web,paypal,1956.00,0.00,195.60,0.00,2151.60,3,USD,receipts/RCPT-20260118-00414.png,back to school university bundle purchase
TX-RCPT-20260118-00415,RCPT-20260118-00415,2026-01-18T09:45:07,back_to_school_university,student,in_store_pickup,apple_pay,898.00,26.94,87.11,15.99,974.16,2,USD,receipts/RCPT-20260118-00415.png,back to school university bundle purchase
TX-RCPT-20260119-00416,RCPT-20260119-00416,2026-01-19T20:27:44,back_to_school_university,family,mobile_app,apple_pay,1817.90,90.90,172.70,0.00,1899.70,4,USD,receipts/RCPT-20260119-00416.png,back to school university bundle purchase
TX-RCPT-20260119-00417,RCPT-20260119-00417,2026-01-19T18:31:06,back_to_school_university,professional,in_store_pickup,paypal,576.95,17.31,55.96,7.99,623.59,4,USD,receipts/RCPT-20260119-00417.png,back to school university bundle purchase
TX-RCPT-20260119-00418,RCPT-20260119-00418,2026-01-19T17:46:16,back_to_school_university,gamer,web,paypal,1498.00,0.00,149.80,0.00,1647.80,2,USD,receipts/RCPT-20260119-00418.png,back to school university bundle purchase
TX-RCPT-20260119-00419,RCPT-20260119-00419,2026-01-19T22:25:36,back_to_school_university,student,in_store_pickup,paypal,1398.00,69.90,132.81,0.00,1460.91,2,USD,receipts/RCPT-20260119-00419.png,back to school university bundle purchase
TX-RCPT-20260119-00420,RCPT-20260119-00420,2026-01-19T16:59:22,back_to_school_university,family,in_store_pickup,google_pay,808.95,80.90,72.81,0.00,800.86,2,USD,receipts/RCPT-20260119-00420.png,back to school university bundle purchase
TX-RCPT-20260119-00421,RCPT-20260119-00421,2026-01-19T15:48:49,back_to_school_university,family,in_store_pickup,apple_pay,59.00,2.95,5.61,0.00,61.66,1,USD,receipts/RCPT-20260119-00421.png,back to school university bundle purchase
TX-RCPT-20260119-00422,RCPT-20260119-00422,2026-01-19T19:12:08,back_to_school_university,student,web,card,1826.00,182.60,164.34,0.00,1807.74,4,USD,receipts/RCPT-20260119-00422.png,back to school university bundle purchase
TX-RCPT-20260119-00423,RCPT-20260119-00423,2026-01-19T13:50:46,back_to_school_university,student,mobile_app,card,1675.00,0.00,167.50,0.00,1842.50,5,USD,receipts/RCPT-20260119-00423.png,back to school university bundle purchase
TX-RCPT-20260119-00424,RCPT-20260119-00424,2026-01-19T22:04:02,back_to_school_university,professional,mobile_app,card,2926.00,87.78,283.82,0.00,3122.04,4,USD,receipts/RCPT-20260119-00424.png,back to school university bundle purchase
TX-RCPT-20260119-00425,RCPT-20260119-00425,2026-01-19T10:40:03,back_to_school_university,family,web,paypal,1499.00,0.00,149.90,0.00,1648.90,1,USD,receipts/RCPT-20260119-00425.png,back to school university bundle purchase
TX-RCPT-20260119-00426,RCPT-20260119-00426,2026-01-19T09:51:12,back_to_school_university,gamer,mobile_app,paypal,2523.00,75.69,244.73,0.00,2692.04,2,USD,receipts/RCPT-20260119-00426.png,back to school university bundle purchase
TX-RCPT-20260119-00427,RCPT-20260119-00427,2026-01-19T09:17:09,back_to_school_university,gamer,web,google_pay,375.00,11.25,36.38,0.00,400.13,5,USD,receipts/RCPT-20260119-00427.png,back to school university bundle purchase
TX-RCPT-20260119-00428,RCPT-20260119-00428,2026-01-19T08:00:11,back_to_school_university,student,in_store_pickup,bank_transfer,878.00,0.00,87.80,7.99,973.79,2,USD,receipts/RCPT-20260119-00428.png,back to school university bundle purchase
TX-RCPT-20260119-00429,RCPT-20260119-00429,2026-01-19T10:39:44,back_to_school_university,student,in_store_pickup,apple_pay,777.00,77.70,69.93,0.00,769.23,3,USD,receipts/RCPT-20260119-00429.png,back to school university bundle purchase
TX-RCPT-20260119-00430,RCPT-20260119-00430,2026-01-19T17:23:55,back_to_school_university,small_business,in_store_pickup,apple_pay,3075.00,0.00,307.50,0.00,3382.50,5,USD,receipts/RCPT-20260119-00430.png,back to school university bundle purchase
TX-RCPT-20260119-00431,RCPT-20260119-00431,2026-01-19T15:11:10,back_to_school_university,student,web,google_pay,2745.00,274.50,247.05,0.00,2717.55,5,USD,receipts/RCPT-20260119-00431.png,back to school university bundle purchase
TX-RCPT-20260120-00432,RCPT-20260120-00432,2026-01-20T22:15:46,back_to_school_university,gamer,in_store_pickup,bank_transfer,727.90,72.79,65.51,7.99,728.61,4,USD,receipts/RCPT-20260120-00432.png,back to school university bundle purchase
TX-RCPT-20260120-00433,RCPT-20260120-00433,2026-01-20T15:37:31,back_to_school_university,student,mobile_app,apple_pay,836.00,83.60,75.24,7.99,835.63,4,USD,receipts/RCPT-20260120-00433.png,back to school university bundle purchase
TX-RCPT-20260120-00434,RCPT-20260120-00434,2026-01-20T10:02:44,back_to_school_university,small_business,web,google_pay,3496.00,174.80,332.12,0.00,3653.32,4,USD,receipts/RCPT-20260120-00434.png,back to school university bundle purchase
TX-RCPT-20260120-00435,RCPT-20260120-00435,2026-01-20T17:57:10,back_to_school_university,small_business,in_store_pickup,apple_pay,139.90,7.00,13.29,15.99,162.18,2,USD,receipts/RCPT-20260120-00435.png,back to school university bundle purchase
TX-RCPT-20260120-00436,RCPT-20260120-00436,2026-01-20T14:37:14,back_to_school_university,small_business,web,bank_transfer,777.00,23.31,75.37,0.00,829.06,3,USD,receipts/RCPT-20260120-00436.png,back to school university bundle purchase
TX-RCPT-20260120-00437,RCPT-20260120-00437,2026-01-20T09:35:48,back_to_school_university,student,in_store_pickup,paypal,717.00,0.00,71.70,7.99,796.69,3,USD,receipts/RCPT-20260120-00437.png,back to school university bundle purchase
TX-RCPT-20260120-00438,RCPT-20260120-00438,2026-01-20T19:29:54,back_to_school_university,small_business,in_store_pickup,bank_transfer,118.00,11.80,10.62,7.99,124.81,2,USD,receipts/RCPT-20260120-00438.png,back to school university bundle purchase
TX-RCPT-20260120-00439,RCPT-20260120-00439,2026-01-20T21:40:04,back_to_school_university,gamer,in_store_pickup,google_pay,3614.00,0.00,361.40,0.00,3975.40,4,USD,receipts/RCPT-20260120-00439.png,back to school university bundle purchase
TX-RCPT-20260120-00440,RCPT-20260120-00440,2026-01-20T16:58:43,back_to_school_university,family,web,card,1067.00,53.35,101.37,7.99,1123.01,3,USD,receipts/RCPT-20260120-00440.png,back to school university bundle purchase
TX-RCPT-20260121-00441,RCPT-20260121-00441,2026-01-21T13:15:34,back_to_school_university,student,in_store_pickup,paypal,848.00,25.44,82.26,0.00,904.82,2,USD,receipts/RCPT-20260121-00441.png,back to school university bundle purchase
TX-RCPT-20260121-00442,RCPT-20260121-00442,2026-01-21T09:23:22,back_to_school_university,gamer,mobile_app,bank_transfer,3344.00,0.00,334.40,0.00,3678.40,4,USD,receipts/RCPT-20260121-00442.png,back to school university bundle purchase
TX-RCPT-20260121-00443,RCPT-20260121-00443,2026-01-21T22:29:05,back_to_school_university,student,mobile_app,apple_pay,1035.15,0.00,103.52,0.00,1138.67,2,USD,receipts/RCPT-20260121-00443.png,back to school university bundle purchase
TX-RCPT-20260121-00444,RCPT-20260121-00444,2026-01-21T16:40:01,back_to_school_university,family,mobile_app,bank_transfer,4386.00,131.58,425.44,0.00,4679.86,4,USD,receipts/RCPT-20260121-00444.png,back to school university bundle purchase
TX-RCPT-20260121-00445,RCPT-20260121-00445,2026-01-21T18:21:26,back_to_school_university,small_business,mobile_app,google_pay,848.00,25.44,82.26,15.99,920.81,2,USD,receipts/RCPT-20260121-00445.png,back to school university bundle purchase
TX-RCPT-20260121-00446,RCPT-20260121-00446,2026-01-21T10:50:16,back_to_school_university,professional,mobile_app,google_pay,2497.00,124.85,237.22,0.00,2609.37,3,USD,receipts/RCPT-20260121-00446.png,back to school university bundle purchase
TX-RCPT-20260121-00447,RCPT-20260121-00447,2026-01-21T10:11:53,back_to_school_university,professional,web,apple_pay,2121.00,106.05,201.50,0.00,2216.45,4,USD,receipts/RCPT-20260121-00447.png,back to school university bundle purchase
TX-RCPT-20260121-00448,RCPT-20260121-00448,2026-01-21T16:45:02,back_to_school_university,family,mobile_app,apple_pay,59.00,2.95,5.61,0.00,61.66,1,USD,receipts/RCPT-20260121-00448.png,back to school university bundle purchase
TX-RCPT-20260121-00449,RCPT-20260121-00449,2026-01-21T22:20:09,back_to_school_university,student,in_store_pickup,bank_transfer,788.00,78.80,70.92,11.99,792.11,2,USD,receipts/RCPT-20260121-00449.png,back to school university bundle purchase
TX-RCPT-20260121-00450,RCPT-20260121-00450,2026-01-21T20:36:46,back_to_school_university,gamer,mobile_app,card,1797.00,53.91,174.31,0.00,1917.40,3,USD,receipts/RCPT-20260121-00450.png,back to school university bundle purchase
TX-RCPT-20260121-00451,RCPT-20260121-00451,2026-01-21T08:38:41,back_to_school_university,professional,in_store_pickup,bank_transfer,2585.00,129.25,245.58,0.00,2701.33,4,USD,receipts/RCPT-20260121-00451.png,back to school university bundle purchase
TX-RCPT-20260122-00452,RCPT-20260122-00452,2026-01-22T13:38:38,back_to_school_university,small_business,web,google_pay,997.00,99.70,89.73,0.00,987.03,3,USD,receipts/RCPT-20260122-00452.png,back to school university bundle purchase
TX-RCPT-20260122-00453,RCPT-20260122-00453,2026-01-22T15:55:35,back_to_school_university,student,web,paypal,148.95,7.45,14.15,0.00,155.65,2,USD,receipts/RCPT-20260122-00453.png,back to school university bundle purchase
TX-RCPT-20260122-00454,RCPT-20260122-00454,2026-01-22T12:30:55,back_to_school_university,small_business,mobile_app,card,1963.15,58.89,190.43,0.00,2094.69,4,USD,receipts/RCPT-20260122-00454.png,back to school university bundle purchase
TX-RCPT-20260122-00455,RCPT-20260122-00455,2026-01-22T21:24:18,back_to_school_university,small_business,mobile_app,card,128.95,3.87,12.51,0.00,137.59,2,USD,receipts/RCPT-20260122-00455.png,back to school university bundle purchase
TX-RCPT-20260122-00456,RCPT-20260122-00456,2026-01-22T18:53:40,back_to_school_university,gamer,web,google_pay,2167.00,108.35,205.87,0.00,2264.52,3,USD,receipts/RCPT-20260122-00456.png,back to school university bundle purchase
TX-RCPT-20260122-00457,RCPT-20260122-00457,2026-01-22T17:30:36,back_to_school_university,gamer,mobile_app,paypal,296.00,0.00,29.60,11.99,337.59,4,USD,receipts/RCPT-20260122-00457.png,back to school university bundle purchase
TX-RCPT-20260122-00458,RCPT-20260122-00458,2026-01-22T22:44:08,back_to_school_university,family,web,card,1038.00,31.14,100.69,0.00,1107.55,2,USD,receipts/RCPT-20260122-00458.png,back to school university bundle purchase
TX-RCPT-20260122-00459,RCPT-20260122-00459,2026-01-22T20:10:34,back_to_school_university,family,mobile_app,google_pay,897.00,26.91,87.01,15.99,973.09,3,USD,receipts/RCPT-20260122-00459.png,back to school university bundle purchase
TX-RCPT-20260122-00460,RCPT-20260122-00460,2026-01-22T10:33:18,back_to_school_university,family,mobile_app,paypal,1498.00,0.00,149.80,0.00,1647.80,2,USD,receipts/RCPT-20260122-00460.png,back to school university bundle purchase
TX-RCPT-20260122-00461,RCPT-20260122-00461,2026-01-22T21:12:50,back_to_school_university,small_business,in_store_pickup,bank_transfer,1799.00,53.97,174.50,0.00,1919.53,1,USD,receipts/RCPT-20260122-00461.png,back to school university bundle purchase
TX-RCPT-20260123-00462,RCPT-20260123-00462,2026-01-23T16:48:21,back_to_school_university,professional,in_store_pickup,google_pay,946.00,94.60,85.14,15.99,952.53,4,USD,receipts/RCPT-20260123-00462.png,back to school university bundle purchase
TX-RCPT-20260123-00463,RCPT-20260123-00463,2026-01-23T12:08:13,back_to_school_university,professional,web,paypal,1998.00,59.94,193.81,0.00,2131.87,2,USD,receipts/RCPT-20260123-00463.png,back to school university bundle purchase
TX-RCPT-20260123-00464,RCPT-20260123-00464,2026-01-23T18:32:37,back_to_school_university,student,mobile_app,card,59.00,0.00,5.90,0.00,64.90,1,USD,receipts/RCPT-20260123-00464.png,back to school university bundle purchase
TX-RCPT-20260123-00465,RCPT-20260123-00465,2026-01-23T10:42:22,back_to_school_university,student,web,apple_pay,118.00,3.54,11.45,7.99,133.90,2,USD,receipts/RCPT-20260123-00465.png,back to school university bundle purchase
TX-RCPT-20260123-00466,RCPT-20260123-00466,2026-01-23T16:13:45,back_to_school_university,professional,mobile_app,apple_pay,3916.95,0.00,391.69,0.00,4308.64,4,USD,receipts/RCPT-20260123-00466.png,back to school university bundle purchase
TX-RCPT-20260123-00467,RCPT-20260123-00467,2026-01-23T13:44:37,back_to_school_university,professional,mobile_app,card,4248.00,424.80,382.32,0.00,4205.52,2,USD,receipts/RCPT-20260123-00467.png,back to school university bundle purchase
TX-RCPT-20260123-00468,RCPT-20260123-00468,2026-01-23T15:48:23,back_to_school_university,family,in_store_pickup,card,2067.15,62.01,200.51,0.00,2205.65,5,USD,receipts/RCPT-20260123-00468.png,back to school university bundle purchase
TX-RCPT-20260123-00469,RCPT-20260123-00469,2026-01-23T14:18:54,back_to_school_university,gamer,web,card,1078.00,107.80,97.02,0.00,1067.22,2,USD,receipts/RCPT-20260123-00469.png,back to school university bundle purchase
TX-RCPT-20260123-00470,RCPT-20260123-00470,2026-01-23T10:25:25,back_to_school_university,small_business,web,apple_pay,2860.00,0.00,286.00,0.00,3146.00,5,USD,receipts/RCPT-20260123-00470.png,back to school university bundle purchase
TX-RCPT-20260123-00471,RCPT-20260123-00471,2026-01-23T20:45:49,back_to_school_university,small_business,in_store_pickup,google_pay,698.00,69.80,62.82,11.99,703.01,2,USD,receipts/RCPT-20260123-00471.png,back to school university bundle purchase
TX-RCPT-20260123-00472,RCPT-20260123-00472,2026-01-23T08:06:47,back_to_school_university,student,web,paypal,743.00,22.29,72.07,7.99,800.77,7,USD,receipts/RCPT-20260123-00472.png,back to school university bundle purchase
TX-RCPT-20260123-00473,RCPT-20260123-00473,2026-01-23T11:18:42,back_to_school_university,gamer,mobile_app,bank_transfer,3226.00,322.60,290.34,0.00,3193.74,4,USD,receipts/RCPT-20260123-00473.png,back to school university bundle purchase
TX-RCPT-20260124-00474,RCPT-20260124-00474,2026-01-24T14:28:20,work_setup_upgrade,gamer,mobile_app,paypal,1677.00,0.00,167.70,0.00,1844.70,3,USD,receipts/RCPT-20260124-00474.png,work setup upgrade bundle purchase
TX-RCPT-20260124-00475,RCPT-20260124-00475,2026-01-24T19:24:31,work_setup_upgrade,student,in_store_pickup,paypal,118.00,11.80,10.62,11.99,128.81,2,USD,receipts/RCPT-20260124-00475.png,work setup upgrade bundle purchase
TX-RCPT-20260124-00476,RCPT-20260124-00476,2026-01-24T20:18:20,work_setup_upgrade,student,web,bank_transfer,1597.00,79.85,151.72,0.00,1668.87,3,USD,receipts/RCPT-20260124-00476.png,work setup upgrade bundle purchase
TX-RCPT-20260124-00477,RCPT-20260124-00477,2026-01-24T14:22:03,work_setup_upgrade,professional,web,apple_pay,118.00,0.00,11.80,11.99,141.79,2,USD,receipts/RCPT-20260124-00477.png,work setup upgrade bundle purchase
TX-RCPT-20260124-00478,RCPT-20260124-00478,2026-01-24T16:20:02,work_setup_upgrade,gamer,in_store_pickup,paypal,2323.00,0.00,232.30,0.00,2555.30,2,USD,receipts/RCPT-20260124-00478.png,work setup upgrade bundle purchase
TX-RCPT-20260124-00479,RCPT-20260124-00479,2026-01-24T19:43:13,work_setup_upgrade,family,mobile_app,bank_transfer,897.00,0.00,89.70,7.99,994.69,3,USD,receipts/RCPT-20260124-00479.png,work setup upgrade bundle purchase
TX-RCPT-20260124-00480,RCPT-20260124-00480,2026-01-24T17:25:51,work_setup_upgrade,professional,in_store_pickup,card,747.00,37.35,70.97,0.00,780.62,3,USD,receipts/RCPT-20260124-00480.png,work setup upgrade bundle purchase
TX-RCPT-20260124-00481,RCPT-20260124-00481,2026-01-24T11:26:25,work_setup_upgrade,family,in_store_pickup,bank_transfer,1303.00,65.15,123.78,0.00,1361.63,7,USD,receipts/RCPT-20260124-00481.png,work setup upgrade bundle purchase
TX-RCPT-20260124-00482,RCPT-20260124-00482,2026-01-24T11:42:52,work_setup_upgrade,gamer,mobile_app,bank_transfer,2545.00,254.50,229.05,0.00,2519.55,3,USD,receipts/RCPT-20260124-00482.png,work setup upgrade bundle purchase
TX-RCPT-20260124-00483,RCPT-20260124-00483,2026-01-24T14:20:55,work_setup_upgrade,student,in_store_pickup,apple_pay,4291.95,429.19,386.28,0.00,4249.04,4,USD,receipts/RCPT-20260124-00483.png,work setup upgrade bundle purchase
TX-RCPT-20260124-00484,RCPT-20260124-00484,2026-01-24T08:15:51,work_setup_upgrade,family,mobile_app,paypal,718.00,0.00,71.80,0.00,789.80,2,USD,receipts/RCPT-20260124-00484.png,work setup upgrade bundle purchase
TX-RCPT-20260124-00485,RCPT-20260124-00485,2026-01-24T18:35:11,work_setup_upgrade,student,in_store_pickup,paypal,2127.95,106.40,202.15,0.00,2223.70,3,USD,receipts/RCPT-20260124-00485.png,work setup upgrade bundle purchase
TX-RCPT-20260124-00486,RCPT-20260124-00486,2026-01-24T22:23:42,work_setup_upgrade,student,mobile_app,apple_pay,59.00,0.00,5.90,11.99,76.89,1,USD,receipts/RCPT-20260124-00486.png,work setup upgrade bundle purchase
TX-RCPT-20260124-00487,RCPT-20260124-00487,2026-01-24T11:38:07,work_setup_upgrade,family,mobile_app,bank_transfer,315.00,15.75,29.93,7.99,337.17,5,USD,receipts/RCPT-20260124-00487.png,work setup upgrade bundle purchase
TX-RCPT-20260125-00488,RCPT-20260125-00488,2026-01-25T12:28:26,work_setup_upgrade,family,in_store_pickup,card,4286.00,128.58,415.74,0.00,4573.16,2,USD,receipts/RCPT-20260125-00488.png,work setup upgrade bundle purchase
TX-RCPT-20260125-00489,RCPT-20260125-00489,2026-01-25T13:30:45,work_setup_upgrade,family,mobile_app,card,1981.00,59.43,192.16,0.00,2113.73,4,USD,receipts/RCPT-20260125-00489.png,work setup upgrade bundle purchase
TX-RCPT-20260125-00490,RCPT-20260125-00490,2026-01-25T16:55:15,work_setup_upgrade,gamer,mobile_app,card,2505.95,0.00,250.59,0.00,2756.54,5,USD,receipts/RCPT-20260125-00490.png,work setup upgrade bundle purchase
TX-RCPT-20260125-00491,RCPT-20260125-00491,2026-01-25T21:56:10,work_setup_upgrade,gamer,in_store_pickup,google_pay,2338.00,70.14,226.79,0.00,2494.65,2,USD,receipts/RCPT-20260125-00491.png,work setup upgrade bundle purchase
TX-RCPT-20260125-00492,RCPT-20260125-00492,2026-01-25T15:47:26,work_setup_upgrade,family,in_store_pickup,paypal,1953.00,195.30,175.77,0.00,1933.47,2,USD,receipts/RCPT-20260125-00492.png,work setup upgrade bundle purchase
TX-RCPT-20260125-00493,RCPT-20260125-00493,2026-01-25T18:41:11,work_setup_upgrade,gamer,in_store_pickup,apple_pay,1213.15,0.00,121.32,0.00,1334.47,4,USD,receipts/RCPT-20260125-00493.png,work setup upgrade bundle purchase
TX-RCPT-20260125-00494,RCPT-20260125-00494,2026-01-25T21:38:43,work_setup_upgrade,gamer,mobile_app,paypal,1652.95,49.59,160.34,0.00,1763.70,3,USD,receipts/RCPT-20260125-00494.png,work setup upgrade bundle purchase
TX-RCPT-20260125-00495,RCPT-20260125-00495,2026-01-25T14:23:11,work_setup_upgrade,gamer,mobile_app,bank_transfer,3066.00,0.00,306.60,0.00,3372.60,2,USD,receipts/RCPT-20260125-00495.png,work setup upgrade bundle purchase
TX-RCPT-20260125-00496,RCPT-20260125-00496,2026-01-25T11:16:44,work_setup_upgrade,professional,web,paypal,169.00,5.07,16.39,11.99,192.31,1,USD,receipts/RCPT-20260125-00496.png,work setup upgrade bundle purchase
TX-RCPT-20260126-00497,RCPT-20260126-00497,2026-01-26T21:43:31,work_setup_upgrade,student,web,apple_pay,788.00,78.80,70.92,11.99,792.11,2,USD,receipts/RCPT-20260126-00497.png,work setup upgrade bundle purchase
TX-RCPT-20260126-00498,RCPT-20260126-00498,2026-01-26T19:43:12,work_setup_upgrade,gamer,web,paypal,4336.95,216.85,412.01,0.00,4532.11,4,USD,receipts/RCPT-20260126-00498.png,work setup upgrade bundle purchase
TX-RCPT-20260126-00499,RCPT-20260126-00499,2026-01-26T18:29:05,work_setup_upgrade,student,mobile_app,apple_pay,59.00,1.77,5.72,15.99,78.94,1,USD,receipts/RCPT-20260126-00499.png,work setup upgrade bundle purchase
TX-RCPT-20260126-00500,RCPT-20260126-00500,2026-01-26T15:58:22,work_setup_upgrade,small_business,in_store_pickup,bank_transfer,1702.00,51.06,165.09,0.00,1816.03,3,USD,receipts/RCPT-20260126-00500.png,work setup upgrade bundle purchase
TX-RCPT-20260126-00501,RCPT-20260126-00501,2026-01-26T22:35:02,work_setup_upgrade,small_business,web,google_pay,59.00,5.90,5.31,7.99,66.40,1,USD,receipts/RCPT-20260126-00501.png,work setup upgrade bundle purchase
TX-RCPT-20260126-00502,RCPT-20260126-00502,2026-01-26T09:20:02,work_setup_upgrade,professional,mobile_app,google_pay,1777.00,88.85,168.82,0.00,1856.97,3,USD,receipts/RCPT-20260126-00502.png,work setup upgrade bundle purchase
TX-RCPT-20260126-00503,RCPT-20260126-00503,2026-01-26T20:09:35,work_setup_upgrade,gamer,web,apple_pay,2697.90,269.79,242.81,0.00,2670.92,4,USD,receipts/RCPT-20260126-00503.png,work setup upgrade bundle purchase
TX-RCPT-20260126-00504,RCPT-20260126-00504,2026-01-26T08:28:22,work_setup_upgrade,small_business,mobile_app,paypal,59.00,5.90,5.31,11.99,70.40,1,USD,receipts/RCPT-20260126-00504.png,work setup upgrade bundle purchase
TX-RCPT-20260126-00505,RCPT-20260126-00505,2026-01-26T10:47:32,work_setup_upgrade,family,in_store_pickup,bank_transfer,158.00,7.90,15.01,0.00,165.11,2,USD,receipts/RCPT-20260126-00505.png,work setup upgrade bundle purchase
TX-RCPT-20260126-00506,RCPT-20260126-00506,2026-01-26T18:06:56,work_setup_upgrade,family,web,google_pay,2937.95,293.80,264.41,0.00,2908.56,3,USD,receipts/RCPT-20260126-00506.png,work setup upgrade bundle purchase
TX-RCPT-20260126-00507,RCPT-20260126-00507,2026-01-26T15:40:17,work_setup_upgrade,small_business,in_store_pickup,card,1827.00,182.70,164.43,0.00,1808.73,3,USD,receipts/RCPT-20260126-00507.png,work setup upgrade bundle purchase
TX-RCPT-20260126-00508,RCPT-20260126-00508,2026-01-26T19:04:35,work_setup_upgrade,small_business,mobile_app,card,2416.00,0.00,241.60,0.00,2657.60,4,USD,receipts/RCPT-20260126-00508.png,work setup upgrade bundle purchase
TX-RCPT-20260126-00509,RCPT-20260126-00509,2026-01-26T20:58:19,work_setup_upgrade,small_business,web,google_pay,1146.00,114.60,103.14,15.99,1150.53,4,USD,receipts/RCPT-20260126-00509.png,work setup upgrade bundle purchase
TX-RCPT-20260126-00510,RCPT-20260126-00510,2026-01-26T14:40:27,work_setup_upgrade,student,web,bank_transfer,1593.00,47.79,154.52,0.00,1699.73,7,USD,receipts/RCPT-20260126-00510.png,work setup upgrade bundle purchase
TX-RCPT-20260126-00511,RCPT-20260126-00511,2026-01-26T12:09:08,work_setup_upgrade,family,web,bank_transfer,3026.00,302.60,272.34,0.00,2995.74,4,USD,receipts/RCPT-20260126-00511.png,work setup upgrade bundle purchase
TX-RCPT-20260127-00512,RCPT-20260127-00512,2026-01-27T09:29:42,work_setup_upgrade,small_business,mobile_app,google_pay,1598.00,159.80,143.82,0.00,1582.02,2,USD,receipts/RCPT-20260127-00512.png,work setup upgrade bundle purchase
TX-RCPT-20260127-00513,RCPT-20260127-00513,2026-01-27T22:45:19,work_setup_upgrade,family,in_store_pickup,paypal,1356.00,135.60,122.04,0.00,1342.44,4,USD,receipts/RCPT-20260127-00513.png,work setup upgrade bundle purchase
TX-RCPT-20260127-00514,RCPT-20260127-00514,2026-01-27T08:25:07,work_setup_upgrade,student,web,paypal,1516.95,0.00,151.70,0.00,1668.65,4,USD,receipts/RCPT-20260127-00514.png,work setup upgrade bundle purchase
TX-RCPT-20260127-00515,RCPT-20260127-00515,2026-01-27T09:08:08,work_setup_upgrade,student,web,card,1829.30,91.47,173.78,0.00,1911.61,5,USD,receipts/RCPT-20260127-00515.png,work setup upgrade bundle purchase
TX-RCPT-20260127-00516,RCPT-20260127-00516,2026-01-27T21:40:54,work_setup_upgrade,small_business,web,card,2847.00,284.70,256.23,0.00,2818.53,3,USD,receipts/RCPT-20260127-00516.png,work setup upgrade bundle purchase
TX-RCPT-20260127-00517,RCPT-20260127-00517,2026-01-27T15:30:01,work_setup_upgrade,gamer,in_store_pickup,apple_pay,1999.15,199.92,179.92,0.00,1979.15,3,USD,receipts/RCPT-20260127-00517.png,work setup upgrade bundle purchase
TX-RCPT-20260127-00518,RCPT-20260127-00518,2026-01-27T19:35:18,work_setup_upgrade,student,mobile_app,paypal,1126.00,112.60,101.34,15.99,1130.73,4,USD,receipts/RCPT-20260127-00518.png,work setup upgrade bundle purchase
TX-RCPT-20260127-00519,RCPT-20260127-00519,2026-01-27T12:57:41,work_setup_upgrade,gamer,mobile_app,card,1626.00,0.00,162.60,0.00,1788.60,4,USD,receipts/RCPT-20260127-00519.png,work setup upgrade bundle purchase
TX-RCPT-20260127-00520,RCPT-20260127-00520,2026-01-27T17:58:43,work_setup_upgrade,family,in_store_pickup,paypal,1726.00,51.78,167.42,0.00,1841.64,4,USD,receipts/RCPT-20260127-00520.png,work setup upgrade bundle purchase
TX-RCPT-20260127-00521,RCPT-20260127-00521,2026-01-27T12:44:47,work_setup_upgrade,student,in_store_pickup,paypal,4626.00,138.78,448.72,0.00,4935.94,4,USD,receipts/RCPT-20260127-00521.png,work setup upgrade bundle purchase
TX-RCPT-20260128-00522,RCPT-20260128-00522,2026-01-28T13:43:10,work_setup_upgrade,professional,in_store_pickup,card,997.00,0.00,99.70,11.99,1108.69,3,USD,receipts/RCPT-20260128-00522.png,work setup upgrade bundle purchase
TX-RCPT-20260128-00523,RCPT-20260128-00523,2026-01-28T20:56:35,work_setup_upgrade,family,web,bank_transfer,678.00,33.90,64.41,7.99,716.50,2,USD,receipts/RCPT-20260128-00523.png,work setup upgrade bundle purchase
TX-RCPT-20260128-00524,RCPT-20260128-00524,2026-01-28T21:35:02,work_setup_upgrade,small_business,web,apple_pay,2737.00,0.00,273.70,0.00,3010.70,3,USD,receipts/RCPT-20260128-00524.png,work setup upgrade bundle purchase
TX-RCPT-20260128-00525,RCPT-20260128-00525,2026-01-28T18:23:21,work_setup_upgrade,professional,web,apple_pay,4446.00,133.38,431.26,0.00,4743.88,4,USD,receipts/RCPT-20260128-00525.png,work setup upgrade bundle purchase
TX-RCPT-20260128-00526,RCPT-20260128-00526,2026-01-28T13:40:42,work_setup_upgrade,professional,web,bank_transfer,1226.00,122.60,110.34,0.00,1213.74,4,USD,receipts/RCPT-20260128-00526.png,work setup upgrade bundle purchase
TX-RCPT-20260128-00527,RCPT-20260128-00527,2026-01-28T19:51:33,work_setup_upgrade,student,web,google_pay,1103.15,0.00,110.32,7.99,1221.46,4,USD,receipts/RCPT-20260128-00527.png,work setup upgrade bundle purchase
TX-RCPT-20260128-00528,RCPT-20260128-00528,2026-01-28T18:45:51,work_setup_upgrade,small_business,mobile_app,paypal,1777.00,0.00,177.70,0.00,1954.70,3,USD,receipts/RCPT-20260128-00528.png,work setup upgrade bundle purchase
TX-RCPT-20260128-00529,RCPT-20260128-00529,2026-01-28T19:25:28,work_setup_upgrade,professional,in_store_pickup,bank_transfer,2715.00,81.45,263.36,0.00,2896.91,5,USD,receipts/RCPT-20260128-00529.png,work setup upgrade bundle purchase
TX-RCPT-20260129-00530,RCPT-20260129-00530,2026-01-29T08:34:21,work_setup_upgrade,gamer,in_store_pickup,apple_pay,3346.00,0.00,334.60,0.00,3680.60,2,USD,receipts/RCPT-20260129-00530.png,work setup upgrade bundle purchase
TX-RCPT-20260129-00531,RCPT-20260129-00531,2026-01-29T19:27:32,work_setup_upgrade,student,in_store_pickup,card,1027.00,30.81,99.62,11.99,1107.80,3,USD,receipts/RCPT-20260129-00531.png,work setup upgrade bundle purchase
TX-RCPT-20260129-00532,RCPT-20260129-00532,2026-01-29T20:47:37,work_setup_upgrade,small_business,in_store_pickup,bank_transfer,738.00,0.00,73.80,7.99,819.79,2,USD,receipts/RCPT-20260129-00532.png,work setup upgrade bundle purchase
TX-RCPT-20260129-00533,RCPT-20260129-00533,2026-01-29T16:37:12,work_setup_upgrade,family,mobile_app,card,1616.00,80.80,153.52,0.00,1688.72,4,USD,receipts/RCPT-20260129-00533.png,work setup upgrade bundle purchase
TX-RCPT-20260129-00534,RCPT-20260129-00534,2026-01-29T15:13:28,work_setup_upgrade,student,mobile_app,bank_transfer,2373.00,71.19,230.18,0.00,2531.99,2,USD,receipts/RCPT-20260129-00534.png,work setup upgrade bundle purchase
TX-RCPT-20260129-00535,RCPT-20260129-00535,2026-01-29T21:10:09,work_setup_upgrade,small_business,web,paypal,2056.00,205.60,185.04,0.00,2035.44,4,USD,receipts/RCPT-20260129-00535.png,work setup upgrade bundle purchase
TX-RCPT-20260129-00536,RCPT-20260129-00536,2026-01-29T13:58:07,work_setup_upgrade,small_business,mobile_app,card,138.00,0.00,13.80,15.99,167.79,2,USD,receipts/RCPT-20260129-00536.png,work setup upgrade bundle purchase
TX-RCPT-20260129-00537,RCPT-20260129-00537,2026-01-29T12:18:31,work_setup_upgrade,student,web,apple_pay,1598.00,79.90,151.81,0.00,1669.91,2,USD,receipts/RCPT-20260129-00537.png,work setup upgrade bundle purchase
TX-RCPT-20260129-00538,RCPT-20260129-00538,2026-01-29T16:22:04,work_setup_upgrade,student,mobile_app,paypal,59.00,5.90,5.31,0.00,58.41,1,USD,receipts/RCPT-20260129-00538.png,work setup upgrade bundle purchase
TX-RCPT-20260129-00539,RCPT-20260129-00539,2026-01-29T20:28:42,work_setup_upgrade,gamer,web,google_pay,2093.15,209.32,188.38,0.00,2072.21,4,USD,receipts/RCPT-20260129-00539.png,work setup upgrade bundle purchase
TX-RCPT-20260129-00540,RCPT-20260129-00540,2026-01-29T18:05:55,work_setup_upgrade,professional,in_store_pickup,card,2105.00,105.25,199.98,0.00,2199.73,5,USD,receipts/RCPT-20260129-00540.png,work setup upgrade bundle purchase
TX-RCPT-20260130-00541,RCPT-20260130-00541,2026-01-30T17:33:12,work_setup_upgrade,gamer,in_store_pickup,card,2573.00,0.00,257.30,0.00,2830.30,2,USD,receipts/RCPT-20260130-00541.png,work setup upgrade bundle purchase
TX-RCPT-20260130-00542,RCPT-20260130-00542,2026-01-30T21:45:53,work_setup_upgrade,small_business,mobile_app,card,2098.00,62.94,203.51,0.00,2238.57,2,USD,receipts/RCPT-20260130-00542.png,work setup upgrade bundle purchase
TX-RCPT-20260130-00543,RCPT-20260130-00543,2026-01-30T14:16:05,work_setup_upgrade,student,web,bank_transfer,1336.00,66.80,126.92,0.00,1396.12,4,USD,receipts/RCPT-20260130-00543.png,work setup upgrade bundle purchase
TX-RCPT-20260130-00544,RCPT-20260130-00544,2026-01-30T09:20:09,work_setup_upgrade,gamer,mobile_app,google_pay,937.90,0.00,93.79,0.00,1031.69,4,USD,receipts/RCPT-20260130-00544.png,work setup upgrade bundle purchase
TX-RCPT-20260130-00545,RCPT-20260130-00545,2026-01-30T08:20:29,work_setup_upgrade,small_business,mobile_app,card,3526.95,176.35,335.06,0.00,3685.66,4,USD,receipts/RCPT-20260130-00545.png,work setup upgrade bundle purchase
TX-RCPT-20260130-00546,RCPT-20260130-00546,2026-01-30T16:41:50,work_setup_upgrade,professional,mobile_app,bank_transfer,59.00,0.00,5.90,0.00,64.90,1,USD,receipts/RCPT-20260130-00546.png,work setup upgrade bundle purchase
TX-RCPT-20260130-00547,RCPT-20260130-00547,2026-01-30T16:10:50,work_setup_upgrade,professional,in_store_pickup,paypal,1558.00,77.90,148.01,0.00,1628.11,2,USD,receipts/RCPT-20260130-00547.png,work setup upgrade bundle purchase
TX-RCPT-20260130-00548,RCPT-20260130-00548,2026-01-30T22:58:30,work_setup_upgrade,family,in_store_pickup,google_pay,59.00,1.77,5.72,0.00,62.95,1,USD,receipts/RCPT-20260130-00548.png,work setup upgrade bundle purchase
TX-RCPT-20260130-00549,RCPT-20260130-00549,2026-01-30T12:05:25,work_setup_upgrade,student,web,bank_transfer,2398.00,0.00,239.80,0.00,2637.80,2,USD,receipts/RCPT-20260130-00549.png,work setup upgrade bundle purchase
TX-RCPT-20260130-00550,RCPT-20260130-00550,2026-01-30T13:13:29,work_setup_upgrade,small_business,mobile_app,card,3209.30,160.47,304.88,0.00,3353.71,5,USD,receipts/RCPT-20260130-00550.png,work setup upgrade bundle purchase
TX-RCPT-20260130-00551,RCPT-20260130-00551,2026-01-30T16:05:50,work_setup_upgrade,student,in_store_pickup,card,1336.00,133.60,120.24,0.00,1322.64,4,USD,receipts/RCPT-20260130-00551.png,work setup upgrade bundle purchase
TX-RCPT-20260130-00552,RCPT-20260130-00552,2026-01-30T08:14:47,work_setup_upgrade,student,mobile_app,google_pay,1094.95,54.75,104.02,11.99,1156.21,6,USD,receipts/RCPT-20260130-00552.png,work setup upgrade bundle purchase
TX-RCPT-20260130-00553,RCPT-20260130-00553,2026-01-30T08:17:31,work_setup_upgrade,small_business,web,card,139.90,4.20,13.57,11.99,161.26,2,USD,receipts/RCPT-20260130-00553.png,work setup upgrade bundle purchase
TX-RCPT-20260130-00554,RCPT-20260130-00554,2026-01-30T09:37:08,work_setup_upgrade,student,web,google_pay,2267.00,68.01,219.90,0.00,2418.89,3,USD,receipts/RCPT-20260130-00554.png,work setup upgrade bundle purchase
TX-RCPT-20260131-00555,RCPT-20260131-00555,2026-01-31T14:41:43,work_setup_upgrade,student,mobile_app,paypal,2425.00,0.00,242.50,0.00,2667.50,5,USD,receipts/RCPT-20260131-00555.png,work setup upgrade bundle purchase
TX-RCPT-20260131-00556,RCPT-20260131-00556,2026-01-31T08:25:12,work_setup_upgrade,family,web,bank_transfer,867.00,86.70,78.03,11.99,870.32,3,USD,receipts/RCPT-20260131-00556.png,work setup upgrade bundle purchase
TX-RCPT-20260131-00557,RCPT-20260131-00557,2026-01-31T18:40:06,work_setup_upgrade,student,mobile_app,paypal,4375.00,0.00,437.50,0.00,4812.50,5,USD,receipts/RCPT-20260131-00557.png,work setup upgrade bundle purchase
TX-RCPT-20260131-00558,RCPT-20260131-00558,2026-01-31T21:03:52,work_setup_upgrade,family,in_store_pickup,apple_pay,2157.00,107.85,204.92,0.00,2254.07,3,USD,receipts/RCPT-20260131-00558.png,work setup upgrade bundle purchase
TX-RCPT-20260131-00559,RCPT-20260131-00559,2026-01-31T22:02:24,work_setup_upgrade,family,in_store_pickup,card,2972.00,0.00,297.20,0.00,3269.20,3,USD,receipts/RCPT-20260131-00559.png,work setup upgrade bundle purchase
TX-RCPT-20260131-00560,RCPT-20260131-00560,2026-01-31T08:18:54,work_setup_upgrade,gamer,mobile_app,card,138.00,0.00,13.80,15.99,167.79,2,USD,receipts/RCPT-20260131-00560.png,work setup upgrade bundle purchase
TX-RCPT-20260131-00561,RCPT-20260131-00561,2026-01-31T18:50:01,work_setup_upgrade,gamer,in_store_pickup,google_pay,767.00,0.00,76.70,0.00,843.70,3,USD,receipts/RCPT-20260131-00561.png,work setup upgrade bundle purchase
TX-RCPT-20260131-00562,RCPT-20260131-00562,2026-01-31T19:39:28,work_setup_upgrade,professional,web,apple_pay,217.00,10.85,20.62,11.99,238.76,3,USD,receipts/RCPT-20260131-00562.png,work setup upgrade bundle purchase
TX-RCPT-20260131-00563,RCPT-20260131-00563,2026-01-31T12:38:21,work_setup_upgrade,family,mobile_app,card,246.95,7.41,23.95,0.00,263.49,4,USD,receipts/RCPT-20260131-00563.png,work setup upgrade bundle purchase
TX-RCPT-20260131-00564,RCPT-20260131-00564,2026-01-31T22:12:50,work_setup_upgrade,student,mobile_app,apple_pay,59.00,1.77,5.72,15.99,78.94,1,USD,receipts/RCPT-20260131-00564.png,work setup upgrade bundle purchase
TX-RCPT-20260131-00565,RCPT-20260131-00565,2026-01-31T15:14:58,work_setup_upgrade,student,in_store_pickup,apple_pay,1736.00,0.00,173.60,0.00,1909.60,4,USD,receipts/RCPT-20260131-00565.png,work setup upgrade bundle purchase
TX-RCPT-20260131-00566,RCPT-20260131-00566,2026-01-31T21:00:23,work_setup_upgrade,student,web,google_pay,1857.00,55.71,180.13,0.00,1981.42,3,USD,receipts/RCPT-20260131-00566.png,work setup upgrade bundle purchase
TX-RCPT-20260131-00567,RCPT-20260131-00567,2026-01-31T10:14:56,work_setup_upgrade,family,in_store_pickup,apple_pay,1885.00,94.25,179.08,0.00,1969.83,5,USD,receipts/RCPT-20260131-00567.png,work setup upgrade bundle purchase
TX-RCPT-20260131-00568,RCPT-20260131-00568,2026-01-31T21:43:08,work_setup_upgrade,gamer,in_store_pickup,card,4256.00,0.00,425.60,0.00,4681.60,4,USD,receipts/RCPT-20260131-00568.png,work setup upgrade bundle purchase
TX-RCPT-20260201-00569,RCPT-20260201-00569,2026-02-01T09:09:56,work_setup_upgrade,professional,web,apple_pay,1107.00,110.70,99.63,7.99,1103.92,3,USD,receipts/RCPT-20260201-00569.png,work setup upgrade bundle purchase
TX-RCPT-20260201-00570,RCPT-20260201-00570,2026-02-01T20:39:37,work_setup_upgrade,professional,in_store_pickup,google_pay,2211.30,0.00,221.13,0.00,2432.43,3,USD,receipts/RCPT-20260201-00570.png,work setup upgrade bundle purchase
TX-RCPT-20260201-00571,RCPT-20260201-00571,2026-02-01T09:50:30,work_setup_upgrade,small_business,web,apple_pay,837.00,83.70,75.33,0.00,828.63,3,USD,receipts/RCPT-20260201-00571.png,work setup upgrade bundle purchase
TX-RCPT-20260201-00572,RCPT-20260201-00572,2026-02-01T14:40:58,work_setup_upgrade,small_business,in_store_pickup,card,1176.00,117.60,105.84,15.99,1180.23,4,USD,receipts/RCPT-20260201-00572.png,work setup upgrade bundle purchase
TX-RCPT-20260201-00573,RCPT-20260201-00573,2026-02-01T12:35:05,work_setup_upgrade,professional,web,google_pay,928.00,92.80,83.52,11.99,930.71,2,USD,receipts/RCPT-20260201-00573.png,work setup upgrade bundle purchase
TX-RCPT-20260201-00574,RCPT-20260201-00574,2026-02-01T14:01:11,work_setup_upgrade,gamer,web,google_pay,1176.00,117.60,105.84,0.00,1164.24,4,USD,receipts/RCPT-20260201-00574.png,work setup upgrade bundle purchase
TX-RCPT-20260201-00575,RCPT-20260201-00575,2026-02-01T09:04:23,work_setup_upgrade,student,in_store_pickup,apple_pay,1946.00,0.00,194.60,0.00,2140.60,4,USD,receipts/RCPT-20260201-00575.png,work setup upgrade bundle purchase
TX-RCPT-20260201-00576,RCPT-20260201-00576,2026-02-01T20:19:18,work_setup_upgrade,family,mobile_app,paypal,1434.00,0.00,143.40,0.00,1577.40,6,USD,receipts/RCPT-20260201-00576.png,work setup upgrade bundle purchase
TX-RCPT-20260201-00577,RCPT-20260201-00577,2026-02-01T11:33:37,work_setup_upgrade,small_business,mobile_app,paypal,1610.30,161.03,144.93,0.00,1594.20,4,USD,receipts/RCPT-20260201-00577.png,work setup upgrade bundle purchase
TX-RCPT-20260202-00578,RCPT-20260202-00578,2026-02-02T21:08:19,work_setup_upgrade,student,mobile_app,google_pay,705.15,0.00,70.52,15.99,791.66,2,USD,receipts/RCPT-20260202-00578.png,work setup upgrade bundle purchase
TX-RCPT-20260202-00579,RCPT-20260202-00579,2026-02-02T17:40:51,work_setup_upgrade,small_business,in_store_pickup,bank_transfer,1043.90,31.32,101.26,11.99,1125.83,8,USD,receipts/RCPT-20260202-00579.png,work setup upgrade bundle purchase
TX-RCPT-20260202-00580,RCPT-20260202-00580,2026-02-02T18:57:19,work_setup_upgrade,student,web,card,2836.00,283.60,255.24,0.00,2807.64,4,USD,receipts/RCPT-20260202-00580.png,work setup upgrade bundle purchase
TX-RCPT-20260202-00581,RCPT-20260202-00581,2026-02-02T14:18:13,work_setup_upgrade,professional,mobile_app,bank_transfer,59.00,1.77,5.72,0.00,62.95,1,USD,receipts/RCPT-20260202-00581.png,work setup upgrade bundle purchase
TX-RCPT-20260202-00582,RCPT-20260202-00582,2026-02-02T15:47:04,work_setup_upgrade,gamer,web,apple_pay,1912.00,191.20,172.08,0.00,1892.88,3,USD,receipts/RCPT-20260202-00582.png,work setup upgrade bundle purchase
TX-RCPT-20260202-00583,RCPT-20260202-00583,2026-02-02T15:17:12,work_setup_upgrade,student,web,paypal,1017.00,30.51,98.65,15.99,1101.13,3,USD,receipts/RCPT-20260202-00583.png,work setup upgrade bundle purchase
TX-RCPT-20260202-00584,RCPT-20260202-00584,2026-02-02T08:47:05,work_setup_upgrade,family,in_store_pickup,paypal,329.00,32.90,29.61,15.99,341.70,1,USD,receipts/RCPT-20260202-00584.png,work setup upgrade bundle purchase
TX-RCPT-20260203-00585,RCPT-20260203-00585,2026-02-03T19:36:06,work_setup_upgrade,gamer,in_store_pickup,card,1556.00,46.68,150.93,0.00,1660.25,4,USD,receipts/RCPT-20260203-00585.png,work setup upgrade bundle purchase
TX-RCPT-20260203-00586,RCPT-20260203-00586,2026-02-03T14:48:35,work_setup_upgrade,student,mobile_app,card,1698.00,169.80,152.82,0.00,1681.02,2,USD,receipts/RCPT-20260203-00586.png,work setup upgrade bundle purchase
TX-RCPT-20260203-00587,RCPT-20260203-00587,2026-02-03T14:21:47,work_setup_upgrade,gamer,web,paypal,2026.95,202.70,182.43,0.00,2006.68,4,USD,receipts/RCPT-20260203-00587.png,work setup upgrade bundle purchase
TX-RCPT-20260203-00588,RCPT-20260203-00588,2026-02-03T09:35:42,work_setup_upgrade,professional,in_store_pickup,paypal,59.00,5.90,5.31,7.99,66.40,1,USD,receipts/RCPT-20260203-00588.png,work setup upgrade bundle purchase
TX-RCPT-20260203-00589,RCPT-20260203-00589,2026-02-03T10:18:07,work_setup_upgrade,small_business,in_store_pickup,paypal,1453.95,0.00,145.40,0.00,1599.35,2,USD,receipts/RCPT-20260203-00589.png,work setup upgrade bundle purchase
TX-RCPT-20260203-00590,RCPT-20260203-00590,2026-02-03T16:13:28,work_setup_upgrade,student,in_store_pickup,bank_transfer,128.95,3.87,12.51,15.99,153.58,2,USD,receipts/RCPT-20260203-00590.png,work setup upgrade bundle purchase
TX-RCPT-20260203-00591,RCPT-20260203-00591,2026-02-03T22:15:23,work_setup_upgrade,professional,web,card,1798.00,53.94,174.41,0.00,1918.47,2,USD,receipts/RCPT-20260203-00591.png,work setup upgrade bundle purchase
TX-RCPT-20260203-00592,RCPT-20260203-00592,2026-02-03T19:10:02,work_setup_upgrade,gamer,in_store_pickup,card,1677.80,50.33,162.75,0.00,1790.22,6,USD,receipts/RCPT-20260203-00592.png,work setup upgrade bundle purchase
TX-RCPT-20260203-00593,RCPT-20260203-00593,2026-02-03T11:06:22,work_setup_upgrade,family,web,card,738.00,73.80,66.42,0.00,730.62,2,USD,receipts/RCPT-20260203-00593.png,work setup upgrade bundle purchase
TX-RCPT-20260203-00594,RCPT-20260203-00594,2026-02-03T08:04:56,work_setup_upgrade,professional,mobile_app,google_pay,2687.00,134.35,255.27,0.00,2807.92,3,USD,receipts/RCPT-20260203-00594.png,work setup upgrade bundle purchase
TX-RCPT-20260204-00595,RCPT-20260204-00595,2026-02-04T17:20:40,work_setup_upgrade,gamer,in_store_pickup,apple_pay,3418.00,0.00,341.80,0.00,3759.80,2,USD,receipts/RCPT-20260204-00595.png,work setup upgrade bundle purchase
TX-RCPT-20260204-00596,RCPT-20260204-00596,2026-02-04T08:14:01,work_setup_upgrade,small_business,web,google_pay,932.15,27.96,90.42,15.99,1010.60,5,USD,receipts/RCPT-20260204-00596.png,work setup upgrade bundle purchase
TX-RCPT-20260204-00597,RCPT-20260204-00597,2026-02-04T12:12:09,work_setup_upgrade,gamer,web,card,2173.00,217.30,195.57,0.00,2151.27,2,USD,receipts/RCPT-20260204-00597.png,work setup upgrade bundle purchase
TX-RCPT-20260204-00598,RCPT-20260204-00598,2026-02-04T16:50:26,work_setup_upgrade,family,web,apple_pay,4136.00,0.00,413.60,0.00,4549.60,4,USD,receipts/RCPT-20260204-00598.png,work setup upgrade bundle purchase
TX-RCPT-20260204-00599,RCPT-20260204-00599,2026-02-04T20:43:44,work_setup_upgrade,professional,in_store_pickup,paypal,1798.00,53.94,174.41,0.00,1918.47,2,USD,receipts/RCPT-20260204-00599.png,work setup upgrade bundle purchase
TX-RCPT-20260204-00600,RCPT-20260204-00600,2026-02-04T09:11:37,work_setup_upgrade,small_business,web,apple_pay,1317.85,39.54,127.83,0.00,1406.14,5,USD,receipts/RCPT-20260204-00600.png,work setup upgrade bundle purchase
TX-RCPT-20260204-00601,RCPT-20260204-00601,2026-02-04T10:38:15,work_setup_upgrade,family,mobile_app,bank_transfer,1643.00,164.30,147.87,0.00,1626.57,2,USD,receipts/RCPT-20260204-00601.png,work setup upgrade bundle purchase
TX-RCPT-20260205-00602,RCPT-20260205-00602,2026-02-05T08:48:24,work_setup_upgrade,gamer,web,google_pay,886.00,88.60,79.74,11.99,889.13,4,USD,receipts/RCPT-20260205-00602.png,work setup upgrade bundle purchase
TX-RCPT-20260205-00603,RCPT-20260205-00603,2026-02-05T11:09:58,work_setup_upgrade,professional,web,card,2206.00,220.60,198.54,0.00,2183.94,4,USD,receipts/RCPT-20260205-00603.png,work setup upgrade bundle purchase
TX-RCPT-20260205-00604,RCPT-20260205-00604,2026-02-05T14:56:02,work_setup_upgrade,student,mobile_app,bank_transfer,1566.00,0.00,156.60,0.00,1722.60,4,USD,receipts/RCPT-20260205-00604.png,work setup upgrade bundle purchase
TX-RCPT-20260205-00605,RCPT-20260205-00605,2026-02-05T14:59:27,work_setup_upgrade,professional,web,paypal,857.00,42.85,81.42,15.99,911.56,3,USD,receipts/RCPT-20260205-00605.png,work setup upgrade bundle purchase
TX-RCPT-20260205-00606,RCPT-20260205-00606,2026-02-05T11:38:37,work_setup_upgrade,professional,web,card,4326.00,216.30,410.97,0.00,4520.67,4,USD,receipts/RCPT-20260205-00606.png,work setup upgrade bundle purchase
TX-RCPT-20260205-00607,RCPT-20260205-00607,2026-02-05T10:53:27,work_setup_upgrade,family,in_store_pickup,google_pay,2451.00,245.10,220.59,0.00,2426.49,4,USD,receipts/RCPT-20260205-00607.png,work setup upgrade bundle purchase
TX-RCPT-20260205-00608,RCPT-20260205-00608,2026-02-05T21:09:17,work_setup_upgrade,professional,in_store_pickup,paypal,2477.00,123.85,235.32,0.00,2588.47,2,USD,receipts/RCPT-20260205-00608.png,work setup upgrade bundle purchase
TX-RCPT-20260205-00609,RCPT-20260205-00609,2026-02-05T16:26:41,work_setup_upgrade,family,in_store_pickup,paypal,59.00,0.00,5.90,11.99,76.89,1,USD,receipts/RCPT-20260205-00609.png,work setup upgrade bundle purchase
TX-RCPT-20260205-00610,RCPT-20260205-00610,2026-02-05T08:47:11,work_setup_upgrade,professional,mobile_app,paypal,747.00,22.41,72.46,0.00,797.05,3,USD,receipts/RCPT-20260205-00610.png,work setup upgrade bundle purchase
TX-RCPT-20260205-00611,RCPT-20260205-00611,2026-02-05T09:17:04,work_setup_upgrade,family,web,bank_transfer,3018.00,301.80,271.62,0.00,2987.82,2,USD,receipts/RCPT-20260205-00611.png,work setup upgrade bundle purchase
TX-RCPT-20260205-00612,RCPT-20260205-00612,2026-02-05T18:37:50,work_setup_upgrade,student,web,apple_pay,1898.00,0.00,189.80,0.00,2087.80,2,USD,receipts/RCPT-20260205-00612.png,work setup upgrade bundle purchase
TX-RCPT-20260205-00613,RCPT-20260205-00613,2026-02-05T13:52:15,work_setup_upgrade,family,in_store_pickup,paypal,1263.15,63.16,120.00,0.00,1319.99,4,USD,receipts/RCPT-20260205-00613.png,work setup upgrade bundle purchase
TX-RCPT-20260205-00614,RCPT-20260205-00614,2026-02-05T08:38:07,work_setup_upgrade,small_business,mobile_app,apple_pay,1886.00,56.58,182.94,0.00,2012.36,4,USD,receipts/RCPT-20260205-00614.png,work setup upgrade bundle purchase
TX-RCPT-20260205-00615,RCPT-20260205-00615,2026-02-05T08:40:23,work_setup_upgrade,student,in_store_pickup,google_pay,1606.00,80.30,152.57,0.00,1678.27,4,USD,receipts/RCPT-20260205-00615.png,work setup upgrade bundle purchase
TX-RCPT-20260205-00616,RCPT-20260205-00616,2026-02-05T10:55:33,work_setup_upgrade,small_business,in_store_pickup,bank_transfer,935.00,46.75,88.83,15.99,993.07,5,USD,receipts/RCPT-20260205-00616.png,work setup upgrade bundle purchase
TX-RCPT-20260205-00617,RCPT-20260205-00617,2026-02-05T15:07:30,work_setup_upgrade,small_business,web,apple_pay,279.80,27.98,25.18,0.00,277.00,4,USD,receipts/RCPT-20260205-00617.png,work setup upgrade bundle purchase
TX-RCPT-20260206-00618,RCPT-20260206-00618,2026-02-06T10:59:59,work_setup_upgrade,family,mobile_app,google_pay,2477.00,0.00,247.70,0.00,2724.70,2,USD,receipts/RCPT-20260206-00618.png,work setup upgrade bundle purchase
TX-RCPT-20260206-00619,RCPT-20260206-00619,2026-02-06T09:50:44,work_setup_upgrade,family,web,bank_transfer,2747.00,274.70,247.23,0.00,2719.53,3,USD,receipts/RCPT-20260206-00619.png,work setup upgrade bundle purchase
TX-RCPT-20260206-00620,RCPT-20260206-00620,2026-02-06T12:05:07,work_setup_upgrade,student,mobile_app,bank_transfer,3126.00,0.00,312.60,0.00,3438.60,4,USD,receipts/RCPT-20260206-00620.png,work setup upgrade bundle purchase
TX-RCPT-20260206-00621,RCPT-20260206-00621,2026-02-06T17:47:00,work_setup_upgrade,family,web,bank_transfer,2048.00,204.80,184.32,0.00,2027.52,2,USD,receipts/RCPT-20260206-00621.png,work setup upgrade bundle purchase
TX-RCPT-20260206-00622,RCPT-20260206-00622,2026-02-06T16:54:29,work_setup_upgrade,family,web,google_pay,2446.00,0.00,244.60,0.00,2690.60,4,USD,receipts/RCPT-20260206-00622.png,work setup upgrade bundle purchase
TX-RCPT-20260206-00623,RCPT-20260206-00623,2026-02-06T21:45:36,work_setup_upgrade,gamer,in_store_pickup,apple_pay,966.00,0.00,96.60,0.00,1062.60,4,USD,receipts/RCPT-20260206-00623.png,work setup upgrade bundle purchase
TX-RCPT-20260206-00624,RCPT-20260206-00624,2026-02-06T10:52:45,work_setup_upgrade,professional,in_store_pickup,apple_pay,1798.00,89.90,170.81,0.00,1878.91,2,USD,receipts/RCPT-20260206-00624.png,work setup upgrade bundle purchase
TX-RCPT-20260206-00625,RCPT-20260206-00625,2026-02-06T14:43:30,work_setup_upgrade,family,mobile_app,paypal,3475.00,173.75,330.12,0.00,3631.37,5,USD,receipts/RCPT-20260206-00625.png,work setup upgrade bundle purchase
TX-RCPT-20260207-00626,RCPT-20260207-00626,2026-02-07T12:29:41,work_setup_upgrade,professional,in_store_pickup,apple_pay,847.75,0.00,84.78,15.99,948.52,7,USD,receipts/RCPT-20260207-00626.png,work setup upgrade bundle purchase
TX-RCPT-20260207-00627,RCPT-20260207-00627,2026-02-07T20:47:12,work_setup_upgrade,student,mobile_app,bank_transfer,2998.00,89.94,290.81,0.00,3198.87,2,USD,receipts/RCPT-20260207-00627.png,work setup upgrade bundle purchase
TX-RCPT-20260207-00628,RCPT-20260207-00628,2026-02-07T22:03:06,work_setup_upgrade,family,mobile_app,apple_pay,2756.00,82.68,267.33,0.00,2940.65,4,USD,receipts/RCPT-20260207-00628.png,work setup upgrade bundle purchase
TX-RCPT-20260207-00629,RCPT-20260207-00629,2026-02-07T09:15:25,work_setup_upgrade,gamer,mobile_app,bank_transfer,148.95,14.89,13.41,0.00,147.47,2,USD,receipts/RCPT-20260207-00629.png,work setup upgrade bundle purchase
TX-RCPT-20260207-00630,RCPT-20260207-00630,2026-02-07T18:41:28,work_setup_upgrade,family,web,card,2313.15,115.66,219.75,0.00,2417.24,3,USD,receipts/RCPT-20260207-00630.png,work setup upgrade bundle purchase
TX-RCPT-20260207-00631,RCPT-20260207-00631,2026-02-07T15:17:44,work_setup_upgrade,student,in_store_pickup,apple_pay,118.00,0.00,11.80,15.99,145.79,2,USD,receipts/RCPT-20260207-00631.png,work setup upgrade bundle purchase
TX-RCPT-20260207-00632,RCPT-20260207-00632,2026-02-07T19:58:55,work_setup_upgrade,small_business,web,paypal,1898.00,0.00,189.80,0.00,2087.80,2,USD,receipts/RCPT-20260207-00632.png,work setup upgrade bundle purchase
TX-RCPT-20260207-00633,RCPT-20260207-00633,2026-02-07T18:57:07,work_setup_upgrade,professional,in_store_pickup,apple_pay,1596.00,47.88,154.81,0.00,1702.93,4,USD,receipts/RCPT-20260207-00633.png,work setup upgrade bundle purchase
TX-RCPT-20260207-00634,RCPT-20260207-00634,2026-02-07T21:48:02,work_setup_upgrade,student,web,bank_transfer,1502.95,75.15,142.78,0.00,1570.58,3,USD,receipts/RCPT-20260207-00634.png,work setup upgrade bundle purchase
TX-RCPT-20260207-00635,RCPT-20260207-00635,2026-02-07T08:33:57,work_setup_upgrade,family,in_store_pickup,bank_transfer,1747.00,87.35,165.97,0.00,1825.62,3,USD,receipts/RCPT-20260207-00635.png,work setup upgrade bundle purchase
TX-RCPT-20260207-00636,RCPT-20260207-00636,2026-02-07T21:02:15,work_setup_upgrade,student,web,apple_pay,139.90,4.20,13.57,15.99,165.26,2,USD,receipts/RCPT-20260207-00636.png,work setup upgrade bundle purchase
TX-RCPT-20260207-00637,RCPT-20260207-00637,2026-02-07T12:24:41,work_setup_upgrade,professional,mobile_app,paypal,3056.00,152.80,290.32,0.00,3193.52,4,USD,receipts/RCPT-20260207-00637.png,work setup upgrade bundle purchase
TX-RCPT-20260207-00638,RCPT-20260207-00638,2026-02-07T17:42:41,work_setup_upgrade,small_business,in_store_pickup,apple_pay,2646.00,132.30,251.37,0.00,2765.07,4,USD,receipts/RCPT-20260207-00638.png,work setup upgrade bundle purchase
TX-RCPT-20260207-00639,RCPT-20260207-00639,2026-02-07T09:21:40,work_setup_upgrade,student,mobile_app,google_pay,2496.00,249.60,224.64,0.00,2471.04,4,USD,receipts/RCPT-20260207-00639.png,work setup upgrade bundle purchase
TX-RCPT-20260208-00640,RCPT-20260208-00640,2026-02-08T09:50:59,work_setup_upgrade,student,web,bank_transfer,4348.00,434.80,391.32,0.00,4304.52,2,USD,receipts/RCPT-20260208-00640.png,work setup upgrade bundle purchase
TX-RCPT-20260208-00641,RCPT-20260208-00641,2026-02-08T16:17:38,work_setup_upgrade,student,web,apple_pay,3145.00,157.25,298.78,0.00,3286.53,3,USD,receipts/RCPT-20260208-00641.png,work setup upgrade bundle purchase
TX-RCPT-20260208-00642,RCPT-20260208-00642,2026-02-08T08:43:32,work_setup_upgrade,professional,in_store_pickup,apple_pay,2536.00,126.80,240.92,0.00,2650.12,4,USD,receipts/RCPT-20260208-00642.png,work setup upgrade bundle purchase
TX-RCPT-20260208-00643,RCPT-20260208-00643,2026-02-08T19:49:15,work_setup_upgrade,small_business,mobile_app,paypal,1798.00,89.90,170.81,0.00,1878.91,2,USD,receipts/RCPT-20260208-00643.png,work setup upgrade bundle purchase
TX-RCPT-20260208-00644,RCPT-20260208-00644,2026-02-08T12:40:54,work_setup_upgrade,student,mobile_app,paypal,1675.00,50.25,162.48,0.00,1787.23,5,USD,receipts/RCPT-20260208-00644.png,work setup upgrade bundle purchase
TX-RCPT-20260208-00645,RCPT-20260208-00645,2026-02-08T20:55:00,work_setup_upgrade,gamer,in_store_pickup,bank_transfer,3221.90,322.19,289.97,0.00,3189.68,5,USD,receipts/RCPT-20260208-00645.png,work setup upgrade bundle purchase
TX-RCPT-20260208-00646,RCPT-20260208-00646,2026-02-08T19:34:47,work_setup_upgrade,family,web,bank_transfer,2146.00,214.60,193.14,0.00,2124.54,4,USD,receipts/RCPT-20260208-00646.png,work setup upgrade bundle purchase
TX-RCPT-20260208-00647,RCPT-20260208-00647,2026-02-08T10:23:07,work_setup_upgrade,family,in_store_pickup,apple_pay,1986.00,198.60,178.74,0.00,1966.14,4,USD,receipts/RCPT-20260208-00647.png,work setup upgrade bundle purchase
TX-RCPT-20260209-00648,RCPT-20260209-00648,2026-02-09T22:29:57,work_setup_upgrade,small_business,mobile_app,card,1686.00,0.00,168.60,0.00,1854.60,4,USD,receipts/RCPT-20260209-00648.png,work setup upgrade bundle purchase
TX-RCPT-20260209-00649,RCPT-20260209-00649,2026-02-09T19:11:25,work_setup_upgrade,family,web,card,59.00,0.00,5.90,0.00,64.90,1,USD,receipts/RCPT-20260209-00649.png,work setup upgrade bundle purchase
TX-RCPT-20260209-00650,RCPT-20260209-00650,2026-02-09T08:09:49,work_setup_upgrade,family,web,paypal,1426.00,142.60,128.34,0.00,1411.74,2,USD,receipts/RCPT-20260209-00650.png,work setup upgrade bundle purchase
TX-RCPT-20260209-00651,RCPT-20260209-00651,2026-02-09T18:53:28,work_setup_upgrade,professional,web,google_pay,1698.00,169.80,152.82,0.00,1681.02,2,USD,receipts/RCPT-20260209-00651.png,work setup upgrade bundle purchase
TX-RCPT-20260209-00652,RCPT-20260209-00652,2026-02-09T14:26:47,work_setup_upgrade,family,web,apple_pay,59.00,2.95,5.61,0.00,61.66,1,USD,receipts/RCPT-20260209-00652.png,work setup upgrade bundle purchase
TX-RCPT-20260209-00653,RCPT-20260209-00653,2026-02-09T16:46:59,work_setup_upgrade,gamer,web,card,1946.95,194.70,175.23,0.00,1927.48,4,USD,receipts/RCPT-20260209-00653.png,work setup upgrade bundle purchase
TX-RCPT-20260209-00654,RCPT-20260209-00654,2026-02-09T14:30:18,work_setup_upgrade,family,mobile_app,card,1316.95,0.00,131.70,0.00,1448.65,4,USD,receipts/RCPT-20260209-00654.png,work setup upgrade bundle purchase
TX-RCPT-20260209-00655,RCPT-20260209-00655,2026-02-09T19:50:51,work_setup_upgrade,student,in_store_pickup,bank_transfer,1195.00,119.50,107.55,0.00,1183.05,5,USD,receipts/RCPT-20260209-00655.png,work setup upgrade bundle purchase
TX-RCPT-20260209-00656,RCPT-20260209-00656,2026-02-09T11:59:09,work_setup_upgrade,gamer,web,bank_transfer,898.00,89.80,80.82,0.00,889.02,2,USD,receipts/RCPT-20260209-00656.png,work setup upgrade bundle purchase
TX-RCPT-20260209-00657,RCPT-20260209-00657,2026-02-09T14:30:03,work_setup_upgrade,small_business,mobile_app,card,128.95,3.87,12.51,0.00,137.59,2,USD,receipts/RCPT-20260209-00657.png,work setup upgrade bundle purchase
TX-RCPT-20260210-00658,RCPT-20260210-00658,2026-02-10T08:03:42,work_setup_upgrade,family,web,google_pay,1078.00,0.00,107.80,0.00,1185.80,2,USD,receipts/RCPT-20260210-00658.png,work setup upgrade bundle purchase
TX-RCPT-20260210-00659,RCPT-20260210-00659,2026-02-10T13:23:47,work_setup_upgrade,family,in_store_pickup,bank_transfer,867.00,0.00,86.70,7.99,961.69,3,USD,receipts/RCPT-20260210-00659.png,work setup upgrade bundle purchase
TX-RCPT-20260210-00660,RCPT-20260210-00660,2026-02-10T15:59:06,work_setup_upgrade,student,in_store_pickup,bank_transfer,737.00,22.11,71.49,0.00,786.38,3,USD,receipts/RCPT-20260210-00660.png,work setup upgrade bundle purchase
TX-RCPT-20260210-00661,RCPT-20260210-00661,2026-02-10T12:57:56,work_setup_upgrade,small_business,mobile_app,google_pay,998.00,29.94,96.81,15.99,1080.86,2,USD,receipts/RCPT-20260210-00661.png,work setup upgrade bundle purchase
TX-RCPT-20260210-00662,RCPT-20260210-00662,2026-02-10T19:08:18,work_setup_upgrade,student,in_store_pickup,card,2081.00,104.05,197.70,0.00,2174.65,4,USD,receipts/RCPT-20260210-00662.png,work setup upgrade bundle purchase
TX-RCPT-20260210-00663,RCPT-20260210-00663,2026-02-10T20:32:24,work_setup_upgrade,small_business,mobile_app,paypal,2533.00,253.30,227.97,0.00,2507.67,2,USD,receipts/RCPT-20260210-00663.png,work setup upgrade bundle purchase
TX-RCPT-20260210-00664,RCPT-20260210-00664,2026-02-10T16:16:19,work_setup_upgrade,professional,mobile_app,google_pay,1128.00,112.80,101.52,15.99,1132.71,2,USD,receipts/RCPT-20260210-00664.png,work setup upgrade bundle purchase
TX-RCPT-20260211-00665,RCPT-20260211-00665,2026-02-11T22:08:17,work_setup_upgrade,student,in_store_pickup,apple_pay,1527.00,76.35,145.07,0.00,1595.72,3,USD,receipts/RCPT-20260211-00665.png,work setup upgrade bundle purchase
TX-RCPT-20260211-00666,RCPT-20260211-00666,2026-02-11T22:39:18,work_setup_upgrade,family,web,card,1206.00,120.60,108.54,0.00,1193.94,4,USD,receipts/RCPT-20260211-00666.png,work setup upgrade bundle purchase
TX-RCPT-20260211-00667,RCPT-20260211-00667,2026-02-11T14:41:16,work_setup_upgrade,small_business,in_store_pickup,apple_pay,838.00,0.00,83.80,15.99,937.79,2,USD,receipts/RCPT-20260211-00667.png,work setup upgrade bundle purchase
TX-RCPT-20260211-00668,RCPT-20260211-00668,2026-02-11T09:31:11,work_setup_upgrade,gamer,web,apple_pay,867.00,86.70,78.03,11.99,870.32,3,USD,receipts/RCPT-20260211-00668.png,work setup upgrade bundle purchase
TX-RCPT-20260211-00669,RCPT-20260211-00669,2026-02-11T10:56:11,work_setup_upgrade,gamer,in_store_pickup,bank_transfer,1957.00,97.85,185.92,0.00,2045.07,2,USD,receipts/RCPT-20260211-00669.png,work setup upgrade bundle purchase
TX-RCPT-20260211-00670,RCPT-20260211-00670,2026-02-11T16:08:46,work_setup_upgrade,student,in_store_pickup,card,79.00,7.90,7.11,0.00,78.21,1,USD,receipts/RCPT-20260211-00670.png,work setup upgrade bundle purchase
TX-RCPT-20260211-00671,RCPT-20260211-00671,2026-02-11T11:49:05,work_setup_upgrade,family,web,bank_transfer,1987.00,59.61,192.74,0.00,2120.13,3,USD,receipts/RCPT-20260211-00671.png,work setup upgrade bundle purchase
TX-RCPT-20260211-00672,RCPT-20260211-00672,2026-02-11T21:45:05,work_setup_upgrade,professional,web,paypal,2498.00,124.90,237.31,0.00,2610.41,2,USD,receipts/RCPT-20260211-00672.png,work setup upgrade bundle purchase
TX-RCPT-20260212-00673,RCPT-20260212-00673,2026-02-12T12:06:32,work_setup_upgrade,gamer,web,card,897.00,0.00,89.70,0.00,986.70,3,USD,receipts/RCPT-20260212-00673.png,work setup upgrade bundle purchase
TX-RCPT-20260212-00674,RCPT-20260212-00674,2026-02-12T22:43:24,work_setup_upgrade,student,mobile_app,apple_pay,59.00,2.95,5.61,0.00,61.66,1,USD,receipts/RCPT-20260212-00674.png,work setup upgrade bundle purchase
TX-RCPT-20260212-00675,RCPT-20260212-00675,2026-02-12T16:21:38,work_setup_upgrade,professional,in_store_pickup,paypal,1047.00,31.41,101.56,0.00,1117.15,3,USD,receipts/RCPT-20260212-00675.png,work setup upgrade bundle purchase
TX-RCPT-20260212-00676,RCPT-20260212-00676,2026-02-12T20:58:45,work_setup_upgrade,student,web,apple_pay,3823.00,191.15,363.19,0.00,3995.04,5,USD,receipts/RCPT-20260212-00676.png,work setup upgrade bundle purchase
TX-RCPT-20260212-00677,RCPT-20260212-00677,2026-02-12T20:24:22,work_setup_upgrade,family,mobile_app,paypal,737.00,36.85,70.02,7.99,778.16,3,USD,receipts/RCPT-20260212-00677.png,work setup upgrade bundle purchase
TX-RCPT-20260212-00678,RCPT-20260212-00678,2026-02-12T14:05:37,work_setup_upgrade,gamer,in_store_pickup,bank_transfer,2286.00,68.58,221.74,0.00,2439.16,4,USD,receipts/RCPT-20260212-00678.png,work setup upgrade bundle purchase
TX-RCPT-20260212-00679,RCPT-20260212-00679,2026-02-12T22:22:23,work_setup_upgrade,professional,mobile_app,paypal,4055.00,0.00,405.50,0.00,4460.50,5,USD,receipts/RCPT-20260212-00679.png,work setup upgrade bundle purchase
TX-RCPT-20260212-00680,RCPT-20260212-00680,2026-02-12T19:45:09,work_setup_upgrade,gamer,in_store_pickup,card,1303.00,0.00,130.30,0.00,1433.30,2,USD,receipts/RCPT-20260212-00680.png,work setup upgrade bundle purchase
